{
	"format_version": "1.12.0",
	"minecraft:geometry": [
		{
			"description": {
				"identifier": "geometry.unknown",
				"texture_width": 64,
				"texture_height": 64,
				"visible_bounds_width": 30,
				"visible_bounds_height": 18,
				"visible_bounds_offset": [0, 3, 0]
			},
			"bones": [
				{
					"name": "root",
					"pivot": [0, 0, 0]
				},
				{
					"name": "m18",
					"parent": "root",
					"pivot": [0, 1, 2.3],
					"rotation": [45, 0, 0]
				},
				{
					"name": "body",
					"parent": "m18",
					"pivot": [-0.0156, 11.95198, 3.31605],
					"cubes": [
						{
							"origin": [-0.19998, 6.32419, 2.04001],
							"size": [0.37855, 0.94023, 0.56817],
							"pivot": [-0.01071, 6.79431, 2.37409],
							"rotation": [90, 45, 0],
							"uv": {
								"north": {"uv": [13, 17], "uv_size": [0.5, 1]},
								"east": {"uv": [17, 13], "uv_size": [0.5, 1]},
								"south": {"uv": [14, 17], "uv_size": [0.5, 1]},
								"west": {"uv": [17, 14], "uv_size": [0.5, 1]},
								"up": {"uv": [21, 18], "uv_size": [0.5, 0.5]},
								"down": {"uv": [19, 21.5], "uv_size": [0.5, -0.5]}
							}
						},
						{
							"origin": [-0.19998, 6.32419, 2.04001],
							"size": [0.37855, 0.94023, 0.56817],
							"pivot": [-0.01071, 6.79431, 2.37409],
							"rotation": [-90, 45, -180],
							"uv": {
								"north": {"uv": [15, 17], "uv_size": [0.5, 1]},
								"east": {"uv": [17, 15], "uv_size": [0.5, 1]},
								"south": {"uv": [16, 17], "uv_size": [0.5, 1]},
								"west": {"uv": [17, 16], "uv_size": [0.5, 1]},
								"up": {"uv": [20, 21], "uv_size": [0.5, 0.5]},
								"down": {"uv": [21, 21.5], "uv_size": [0.5, -0.5]}
							}
						},
						{
							"origin": [-0.20929, 6.32805, 2.04001],
							"size": [0.39717, 0.93252, 0.56817],
							"pivot": [-0.01071, 6.79431, 2.37409],
							"rotation": [0, 90, -90],
							"uv": {
								"north": {"uv": [17, 17], "uv_size": [0.5, 1]},
								"east": {"uv": [0, 18], "uv_size": [0.5, 1]},
								"south": {"uv": [18, 0], "uv_size": [0.5, 1]},
								"west": {"uv": [1, 18], "uv_size": [0.5, 1]},
								"up": {"uv": [0, 22], "uv_size": [0.5, 0.5]},
								"down": {"uv": [22, 0.5], "uv_size": [0.5, -0.5]}
							}
						},
						{
							"origin": [-0.20929, 6.32805, 2.04001],
							"size": [0.39717, 0.93252, 0.56817],
							"pivot": [-0.01071, 6.79431, 2.37409],
							"rotation": [90, 0, 0],
							"uv": {
								"north": {"uv": [2, 18], "uv_size": [0.5, 1]},
								"east": {"uv": [3, 18], "uv_size": [0.5, 1]},
								"south": {"uv": [18, 3], "uv_size": [0.5, 1]},
								"west": {"uv": [4, 18], "uv_size": [0.5, 1]},
								"up": {"uv": [1, 22], "uv_size": [0.5, 0.5]},
								"down": {"uv": [22, 1.5], "uv_size": [0.5, -0.5]}
							}
						},
						{
							"origin": [-0.53929, 2.44397, -0.17591],
							"size": [1.05717, 2.53252, 5.3],
							"pivot": [-0.0107, 3.71023, 2.37409],
							"rotation": [90, 0, 0],
							"uv": {
								"north": {"uv": [12, 7], "uv_size": [1, 2.5]},
								"east": {"uv": [0, 0], "uv_size": [5.25, 2.5]},
								"south": {"uv": [12, 10], "uv_size": [1, 2.5]},
								"west": {"uv": [0, 3], "uv_size": [5.25, 2.5]},
								"up": {"uv": [0, 12], "uv_size": [1, 5.25]},
								"down": {"uv": [12, 5.25], "uv_size": [1, -5.25]}
							}
						},
						{
							"origin": [-0.53929, 2.44397, -0.17591],
							"size": [1.05717, 2.53252, 5.3],
							"pivot": [-0.0107, 3.71023, 2.37409],
							"rotation": [0, 90, -90],
							"uv": {
								"north": {"uv": [11, 12], "uv_size": [1, 2.5]},
								"east": {"uv": [0, 6], "uv_size": [5.25, 2.5]},
								"south": {"uv": [13, 0], "uv_size": [1, 2.5]},
								"west": {"uv": [6, 0], "uv_size": [5.25, 2.5]},
								"up": {"uv": [1, 12], "uv_size": [1, 5.25]},
								"down": {"uv": [2, 17.25], "uv_size": [1, -5.25]}
							}
						},
						{
							"origin": [-0.53232, 2.44108, -0.17591],
							"size": [1.04323, 2.53829, 5.3],
							"pivot": [-0.0107, 3.71023, 2.37409],
							"rotation": [90, 45, 0],
							"uv": {
								"north": {"uv": [13, 3], "uv_size": [1, 2.5]},
								"east": {"uv": [6, 3], "uv_size": [5.25, 2.5]},
								"south": {"uv": [7, 13], "uv_size": [1, 2.5]},
								"west": {"uv": [6, 6], "uv_size": [5.25, 2.5]},
								"up": {"uv": [3, 12], "uv_size": [1, 5.25]},
								"down": {"uv": [4, 17.25], "uv_size": [1, -5.25]}
							}
						},
						{
							"origin": [-0.53232, 2.44108, -0.17591],
							"size": [1.04323, 2.53829, 5.3],
							"pivot": [-0.01071, 3.71023, 2.37409],
							"rotation": [-90, 45, -180],
							"uv": {
								"north": {"uv": [13, 7], "uv_size": [1, 2.5]},
								"east": {"uv": [0, 9], "uv_size": [5.25, 2.5]},
								"south": {"uv": [8, 13], "uv_size": [1, 2.5]},
								"west": {"uv": [6, 9], "uv_size": [5.25, 2.5]},
								"up": {"uv": [5, 12], "uv_size": [1, 5.25]},
								"down": {"uv": [6, 17.25], "uv_size": [1, -5.25]}
							}
						},
						{
							"origin": [-0.57929, 2.34397, 2.22409],
							"size": [1.13717, 0.13252, 0.4],
							"pivot": [-0.0107, 1.11023, 2.37409],
							"rotation": [90, 0, 0],
							"uv": {
								"north": {"uv": [20, 3], "uv_size": [1.25, 0.25]},
								"east": {"uv": [25, 3], "uv_size": [0.5, 0.25]},
								"south": {"uv": [6, 20], "uv_size": [1.25, 0.25]},
								"west": {"uv": [4, 25], "uv_size": [0.5, 0.25]},
								"up": {"uv": [15, 1], "uv_size": [1.25, 0.5]},
								"down": {"uv": [15, 2.5], "uv_size": [1.25, -0.5]}
							}
						},
						{
							"origin": [-0.57929, 2.34397, 2.22409],
							"size": [1.13717, 0.13252, 0.4],
							"pivot": [-0.0107, 1.11023, 2.37409],
							"rotation": [0, -90, 90],
							"uv": {
								"north": {"uv": [8, 20], "uv_size": [1.25, 0.25]},
								"east": {"uv": [25, 4], "uv_size": [0.5, 0.25]},
								"south": {"uv": [10, 20], "uv_size": [1.25, 0.25]},
								"west": {"uv": [5, 25], "uv_size": [0.5, 0.25]},
								"up": {"uv": [15, 8], "uv_size": [1.25, 0.5]},
								"down": {"uv": [9, 15.5], "uv_size": [1.25, -0.5]}
							}
						},
						{
							"origin": [-0.57475, 2.34209, 2.22409],
							"size": [1.12808, 0.13628, 0.4],
							"pivot": [-0.01071, 1.11023, 2.37409],
							"rotation": [90, -45, 0],
							"uv": {
								"north": {"uv": [12, 20], "uv_size": [1.25, 0.25]},
								"east": {"uv": [25, 5], "uv_size": [0.5, 0.25]},
								"south": {"uv": [14, 20], "uv_size": [1.25, 0.25]},
								"west": {"uv": [6, 25], "uv_size": [0.5, 0.25]},
								"up": {"uv": [15, 9], "uv_size": [1.25, 0.5]},
								"down": {"uv": [15, 10.5], "uv_size": [1.25, -0.5]}
							}
						},
						{
							"origin": [-0.57475, 2.34209, 2.22409],
							"size": [1.12808, 0.13628, 0.4],
							"pivot": [-0.0107, 1.11023, 2.37409],
							"rotation": [-90, -45, 180],
							"uv": {
								"north": {"uv": [16, 20], "uv_size": [1.25, 0.25]},
								"east": {"uv": [25, 6], "uv_size": [0.5, 0.25]},
								"south": {"uv": [18, 20], "uv_size": [1.25, 0.25]},
								"west": {"uv": [7, 25], "uv_size": [0.5, 0.25]},
								"up": {"uv": [11, 15], "uv_size": [1.25, 0.5]},
								"down": {"uv": [15, 11.5], "uv_size": [1.25, -0.5]}
							}
						},
						{
							"origin": [-0.63051, 2.01709, 2.41447],
							"size": [1.12808, 0.13628, 0.4],
							"pivot": [-0.66071, 1.11023, 2.56447],
							"rotation": [90, 45, 0],
							"uv": {
								"north": {"uv": [21, 6], "uv_size": [1.25, 0.25]},
								"east": {"uv": [25, 10], "uv_size": [0.5, 0.25]},
								"south": {"uv": [7, 21], "uv_size": [1.25, 0.25]},
								"west": {"uv": [11, 25], "uv_size": [0.5, 0.25]},
								"up": {"uv": [16, 3], "uv_size": [1.25, 0.5]},
								"down": {"uv": [16, 4.5], "uv_size": [1.25, -0.5]}
							}
						},
						{
							"origin": [-1.87929, 2.15359, 2.41447],
							"size": [1.13717, 0.13252, 0.4],
							"pivot": [-0.66071, 1.11023, 2.56447],
							"rotation": [-90, 0, 180],
							"uv": {
								"north": {"uv": [5, 21], "uv_size": [1.25, 0.25]},
								"east": {"uv": [25, 9], "uv_size": [0.5, 0.25]},
								"south": {"uv": [21, 5], "uv_size": [1.25, 0.25]},
								"west": {"uv": [10, 25], "uv_size": [0.5, 0.25]},
								"up": {"uv": [15, 15], "uv_size": [1.25, 0.5]},
								"down": {"uv": [16, 0.5], "uv_size": [1.25, -0.5]}
							}
						},
						{
							"origin": [-1.54975, 1.74785, 2.41447],
							"size": [1.12808, 0.13628, 0.4],
							"pivot": [-0.66071, 1.11023, 2.56447],
							"rotation": [-90, 45, 180],
							"uv": {
								"north": {"uv": [1, 21], "uv_size": [1.25, 0.25]},
								"east": {"uv": [25, 8], "uv_size": [0.5, 0.25]},
								"south": {"uv": [21, 4], "uv_size": [1.25, 0.25]},
								"west": {"uv": [9, 25], "uv_size": [0.5, 0.25]},
								"up": {"uv": [15, 13], "uv_size": [1.25, 0.5]},
								"down": {"uv": [15, 14.5], "uv_size": [1.25, -0.5]}
							}
						},
						{
							"origin": [-1.03891, 1.69397, 2.41447],
							"size": [1.13717, 0.13252, 0.4],
							"pivot": [-0.66071, 1.11023, 2.56447],
							"rotation": [0, 90, -90],
							"uv": {
								"north": {"uv": [20, 19], "uv_size": [1.25, 0.25]},
								"east": {"uv": [25, 7], "uv_size": [0.5, 0.25]},
								"south": {"uv": [20, 20], "uv_size": [1.25, 0.25]},
								"west": {"uv": [8, 25], "uv_size": [0.5, 0.25]},
								"up": {"uv": [15, 12], "uv_size": [1.25, 0.5]},
								"down": {"uv": [13, 15.5], "uv_size": [1.25, -0.5]}
							}
						},
						{
							"origin": [-1.03891, 6.89397, 2.41447],
							"size": [1.13717, 0.13252, 0.4],
							"pivot": [-0.66071, 6.31023, 2.56447],
							"rotation": [0, 90, -90],
							"uv": {
								"north": {"uv": [17, 21], "uv_size": [1.25, 0.25]},
								"east": {"uv": [25, 18], "uv_size": [0.5, 0.25]},
								"south": {"uv": [21, 17], "uv_size": [1.25, 0.25]},
								"west": {"uv": [19, 25], "uv_size": [0.5, 0.25]},
								"up": {"uv": [17, 11], "uv_size": [1.25, 0.5]},
								"down": {"uv": [17, 12.5], "uv_size": [1.25, -0.5]}
							}
						},
						{
							"origin": [-1.54975, 6.94785, 2.41447],
							"size": [1.12808, 0.13628, 0.4],
							"pivot": [-0.66071, 6.31023, 2.56447],
							"rotation": [-90, 45, 180],
							"uv": {
								"north": {"uv": [21, 15], "uv_size": [1.25, 0.25]},
								"east": {"uv": [25, 17], "uv_size": [0.5, 0.25]},
								"south": {"uv": [21, 16], "uv_size": [1.25, 0.25]},
								"west": {"uv": [18, 25], "uv_size": [0.5, 0.25]},
								"up": {"uv": [17, 10], "uv_size": [1.25, 0.5]},
								"down": {"uv": [11, 17.5], "uv_size": [1.25, -0.5]}
							}
						},
						{
							"origin": [-1.87929, 7.35359, 2.41447],
							"size": [1.13717, 0.13252, 0.4],
							"pivot": [-0.66071, 6.31023, 2.56447],
							"rotation": [-90, 0, 180],
							"uv": {
								"north": {"uv": [21, 14], "uv_size": [1.25, 0.25]},
								"east": {"uv": [25, 16], "uv_size": [0.5, 0.25]},
								"south": {"uv": [15, 21], "uv_size": [1.25, 0.25]},
								"west": {"uv": [17, 25], "uv_size": [0.5, 0.25]},
								"up": {"uv": [9, 17], "uv_size": [1.25, 0.5]},
								"down": {"uv": [17, 9.5], "uv_size": [1.25, -0.5]}
							}
						},
						{
							"origin": [-0.57475, 7.54209, 2.22409],
							"size": [1.12808, 0.13628, 0.4],
							"pivot": [-0.0107, 6.31023, 2.37409],
							"rotation": [-90, -45, 180],
							"uv": {
								"north": {"uv": [13, 21], "uv_size": [1.25, 0.25]},
								"east": {"uv": [25, 15], "uv_size": [0.5, 0.25]},
								"south": {"uv": [21, 13], "uv_size": [1.25, 0.25]},
								"west": {"uv": [16, 25], "uv_size": [0.5, 0.25]},
								"up": {"uv": [7, 17], "uv_size": [1.25, 0.5]},
								"down": {"uv": [17, 8.5], "uv_size": [1.25, -0.5]}
							}
						},
						{
							"origin": [-0.57929, 7.54397, 2.22409],
							"size": [1.13717, 0.13252, 0.4],
							"pivot": [-0.0107, 6.31023, 2.37409],
							"rotation": [0, -90, 90],
							"uv": {
								"north": {"uv": [21, 11], "uv_size": [1.25, 0.25]},
								"east": {"uv": [25, 14], "uv_size": [0.5, 0.25]},
								"south": {"uv": [21, 12], "uv_size": [1.25, 0.25]},
								"west": {"uv": [15, 25], "uv_size": [0.5, 0.25]},
								"up": {"uv": [17, 1], "uv_size": [1.25, 0.5]},
								"down": {"uv": [17, 2.5], "uv_size": [1.25, -0.5]}
							}
						},
						{
							"origin": [-0.57475, 7.54209, 2.22409],
							"size": [1.12808, 0.13628, 0.4],
							"pivot": [-0.01071, 6.31023, 2.37409],
							"rotation": [90, -45, 0],
							"uv": {
								"north": {"uv": [21, 10], "uv_size": [1.25, 0.25]},
								"east": {"uv": [25, 13], "uv_size": [0.5, 0.25]},
								"south": {"uv": [11, 21], "uv_size": [1.25, 0.25]},
								"west": {"uv": [14, 25], "uv_size": [0.5, 0.25]},
								"up": {"uv": [13, 16], "uv_size": [1.25, 0.5]},
								"down": {"uv": [15, 16.5], "uv_size": [1.25, -0.5]}
							}
						},
						{
							"origin": [-0.57929, 7.54397, 2.22409],
							"size": [1.13717, 0.13252, 0.4],
							"pivot": [-0.0107, 6.31023, 2.37409],
							"rotation": [90, 0, 0],
							"uv": {
								"north": {"uv": [9, 21], "uv_size": [1.25, 0.25]},
								"east": {"uv": [25, 12], "uv_size": [0.5, 0.25]},
								"south": {"uv": [21, 9], "uv_size": [1.25, 0.25]},
								"west": {"uv": [13, 25], "uv_size": [0.5, 0.25]},
								"up": {"uv": [9, 16], "uv_size": [1.25, 0.5]},
								"down": {"uv": [11, 16.5], "uv_size": [1.25, -0.5]}
							}
						},
						{
							"origin": [-0.63051, 7.21709, 2.41447],
							"size": [1.12808, 0.13628, 0.4],
							"pivot": [-0.66071, 6.31023, 2.56447],
							"rotation": [90, 45, 0],
							"uv": {
								"north": {"uv": [21, 7], "uv_size": [1.25, 0.25]},
								"east": {"uv": [25, 11], "uv_size": [0.5, 0.25]},
								"south": {"uv": [21, 8], "uv_size": [1.25, 0.25]},
								"west": {"uv": [12, 25], "uv_size": [0.5, 0.25]},
								"up": {"uv": [16, 6], "uv_size": [1.25, 0.5]},
								"down": {"uv": [7, 16.5], "uv_size": [1.25, -0.5]}
							}
						},
						{
							"origin": [-0.22929, 6.71213, 2.17409],
							"size": [0.43717, 1.03252, 0.1],
							"pivot": [-0.01071, 7.22839, 2.37409],
							"rotation": [90, 0, 0],
							"uv": {
								"north": {"uv": [18, 4], "uv_size": [0.5, 1]},
								"east": {"uv": [2, 22], "uv_size": [0.25, 1]},
								"south": {"uv": [5, 18], "uv_size": [0.5, 1]},
								"west": {"uv": [22, 2], "uv_size": [0.25, 1]},
								"up": {"uv": [14, 24], "uv_size": [0.5, 0.25]},
								"down": {"uv": [24, 14.25], "uv_size": [0.5, -0.25]}
							}
						},
						{
							"origin": [-0.22929, 6.71213, 2.17409],
							"size": [0.43717, 1.03252, 0.1],
							"pivot": [-0.01071, 7.22839, 2.37409],
							"rotation": [0, 90, -90],
							"uv": {
								"north": {"uv": [18, 5], "uv_size": [0.5, 1]},
								"east": {"uv": [3, 22], "uv_size": [0.25, 1]},
								"south": {"uv": [6, 18], "uv_size": [0.5, 1]},
								"west": {"uv": [22, 3], "uv_size": [0.25, 1]},
								"up": {"uv": [15, 24], "uv_size": [0.5, 0.25]},
								"down": {"uv": [24, 15.25], "uv_size": [0.5, -0.25]}
							}
						},
						{
							"origin": [-0.22119, 6.70878, 2.17409],
							"size": [0.42098, 1.03922, 0.1],
							"pivot": [-0.01071, 7.22839, 2.37409],
							"rotation": [90, 45, 0],
							"uv": {
								"north": {"uv": [18, 6], "uv_size": [0.5, 1]},
								"east": {"uv": [4, 22], "uv_size": [0.25, 1]},
								"south": {"uv": [7, 18], "uv_size": [0.5, 1]},
								"west": {"uv": [5, 22], "uv_size": [0.25, 1]},
								"up": {"uv": [16, 24], "uv_size": [0.5, 0.25]},
								"down": {"uv": [24, 16.25], "uv_size": [0.5, -0.25]}
							}
						},
						{
							"origin": [-0.22119, 6.70878, 2.17409],
							"size": [0.42098, 1.03922, 0.1],
							"pivot": [-0.01071, 7.22839, 2.37409],
							"rotation": [-90, 45, -180],
							"uv": {
								"north": {"uv": [18, 7], "uv_size": [0.5, 1]},
								"east": {"uv": [6, 22], "uv_size": [0.25, 1]},
								"south": {"uv": [8, 18], "uv_size": [0.5, 1]},
								"west": {"uv": [7, 22], "uv_size": [0.25, 1]},
								"up": {"uv": [17, 24], "uv_size": [0.5, 0.25]},
								"down": {"uv": [24, 17.25], "uv_size": [0.5, -0.25]}
							}
						},
						{
							"origin": [-0.22929, 7.41213, 2.17409],
							"size": [0.43717, 0.43252, 0.7],
							"pivot": [-0.01071, 7.32839, 2.37409],
							"rotation": [90, 0, 0],
							"uv": {
								"north": {"uv": [8, 22], "uv_size": [0.5, 0.5]},
								"east": {"uv": [13, 18], "uv_size": [0.75, 0.5]},
								"south": {"uv": [9, 22], "uv_size": [0.5, 0.5]},
								"west": {"uv": [18, 13], "uv_size": [0.75, 0.5]},
								"up": {"uv": [14, 18], "uv_size": [0.5, 0.75]},
								"down": {"uv": [18, 14.75], "uv_size": [0.5, -0.75]}
							}
						},
						{
							"origin": [-0.62929, 6.81213, 2.17409],
							"size": [0.83717, 1.03252, 0.9],
							"pivot": [-0.01071, 7.32839, 2.37409],
							"rotation": [0, 90, -90],
							"uv": {
								"north": {"uv": [14, 8], "uv_size": [0.75, 1]},
								"east": {"uv": [14, 1], "uv_size": [1, 1]},
								"south": {"uv": [9, 14], "uv_size": [0.75, 1]},
								"west": {"uv": [14, 2], "uv_size": [1, 1]},
								"up": {"uv": [14, 9], "uv_size": [0.75, 1]},
								"down": {"uv": [10, 15], "uv_size": [0.75, -1]}
							}
						},
						{
							"origin": [-0.94749, 6.81213, 2.17409],
							"size": [0.3182, 1.03252, 0.1318],
							"pivot": [-0.01071, 7.32839, 2.37409],
							"rotation": [0, 90, -90],
							"uv": {
								"north": {"uv": [23, 8], "uv_size": [0.25, 1]},
								"east": {"uv": [9, 23], "uv_size": [0.25, 1]},
								"south": {"uv": [23, 9], "uv_size": [0.25, 1]},
								"west": {"uv": [10, 23], "uv_size": [0.25, 1]},
								"up": {"uv": [27, 25], "uv_size": [0.25, 0.25]},
								"down": {"uv": [26, 27.25], "uv_size": [0.25, -0.25]}
							}
						},
						{
							"origin": [0.20788, 6.81213, 2.87409],
							"size": [0.4, 1.03252, 0.2],
							"pivot": [-0.01071, 7.32839, 2.37409],
							"rotation": [0, 90, -90],
							"uv": {
								"north": {"uv": [9, 18], "uv_size": [0.5, 1]},
								"east": {"uv": [10, 22], "uv_size": [0.25, 1]},
								"south": {"uv": [10, 18], "uv_size": [0.5, 1]},
								"west": {"uv": [11, 22], "uv_size": [0.25, 1]},
								"up": {"uv": [18, 24], "uv_size": [0.5, 0.25]},
								"down": {"uv": [24, 18.25], "uv_size": [0.5, -0.25]}
							}
						},
						{
							"origin": [-0.11677, 7.36213, 1.47873],
							"size": [0.14142, 1.23252, 0.14142],
							"pivot": [-0.01071, 7.97839, 1.65551],
							"rotation": [180, 45, 90],
							"uv": {
								"north": {"uv": [19, 0], "uv_size": [0.25, 1.25]},
								"east": {"uv": [1, 19], "uv_size": [0.25, 1.25]},
								"south": {"uv": [2, 19], "uv_size": [0.25, 1.25]},
								"west": {"uv": [19, 2], "uv_size": [0.25, 1.25]},
								"up": {"uv": [26, 26], "uv_size": [0.25, 0.25]},
								"down": {"uv": [0, 27.25], "uv_size": [0.25, -0.25]}
							}
						},
						{
							"origin": [-0.32891, 7.09638, 2.30717],
							"size": [0.34442, 1.03252, 0.83149],
							"pivot": [-0.01071, 7.61264, 2.82046],
							"rotation": [180, 67.5, 90],
							"uv": {
								"north": {"uv": [12, 22], "uv_size": [0.25, 1]},
								"east": {"uv": [12, 14], "uv_size": [0.75, 1]},
								"south": {"uv": [13, 22], "uv_size": [0.25, 1]},
								"west": {"uv": [13, 14], "uv_size": [0.75, 1]},
								"up": {"uv": [23, 11], "uv_size": [0.25, 0.75]},
								"down": {"uv": [12, 23.75], "uv_size": [0.25, -0.75]}
							}
						},
						{
							"origin": [-0.22119, 7.40878, 2.17409],
							"size": [0.42098, 0.43922, 0.7],
							"pivot": [-0.01071, 7.32839, 2.37409],
							"rotation": [90, 45, 0],
							"uv": {
								"north": {"uv": [14, 22], "uv_size": [0.5, 0.5]},
								"east": {"uv": [15, 18], "uv_size": [0.75, 0.5]},
								"south": {"uv": [15, 22], "uv_size": [0.5, 0.5]},
								"west": {"uv": [18, 15], "uv_size": [0.75, 0.5]},
								"up": {"uv": [16, 18], "uv_size": [0.5, 0.75]},
								"down": {"uv": [18, 16.75], "uv_size": [0.5, -0.75]}
							}
						},
						{
							"origin": [-0.22119, 6.80878, 2.17409],
							"size": [0.42098, 0.43922, 0.7],
							"pivot": [-0.01071, 7.32839, 2.37409],
							"rotation": [-90, 45, -180],
							"uv": {
								"north": {"uv": [16, 22], "uv_size": [0.5, 0.5]},
								"east": {"uv": [17, 18], "uv_size": [0.75, 0.5]},
								"south": {"uv": [17, 22], "uv_size": [0.5, 0.5]},
								"west": {"uv": [18, 17], "uv_size": [0.75, 0.5]},
								"up": {"uv": [18, 18], "uv_size": [0.5, 0.75]},
								"down": {"uv": [0, 19.75], "uv_size": [0.5, -0.75]}
							}
						}
					]
				}
			]
		}
	]
}