{
	"format_version": "1.12.0",
	"minecraft:geometry": [
		{
			"description": {
				"identifier": "geometry.aa_12",
				"texture_width": 64,
				"texture_height": 64,
				"visible_bounds_width": 4,
				"visible_bounds_height": 2.5,
				"visible_bounds_offset": [0, 0.75, 0]
			},
			"bones": [
				{
					"name": "positioning",
					"pivot": [0, 0, -8]
				},
				{
					"name": "thirdperson_hand",
					"parent": "positioning",
					"pivot": [0, 8.05, 2.425]
				},
				{
					"name": "ground",
					"parent": "positioning",
					"pivot": [0, 0.1, -0.725]
				},
				{
					"name": "fixed",
					"parent": "positioning",
					"pivot": [0.9, 11.025, -0.325],
					"rotation": [0, 90, 0]
				},
				{
					"name": "shell",
					"parent": "positioning",
					"pivot": [-0.475, 11.2, -1.95]
				},
				{
					"name": "muzzle_flash",
					"parent": "positioning",
					"pivot": [0, 10.775, -24.2]
				},
				{
					"name": "lod",
					"pivot": [0, 22, 4],
					"cubes": [
						{
							"origin": [-1, 7.72762, 7.80833],
							"size": [2, 2.5625, 9.625],
							"inflate": 0.003,
							"pivot": [0, 10.47762, 16.43333],
							"rotation": [-15, 0, 0],
							"uv": {
								"north": {"uv": [35, 16], "uv_size": [2, 2.5]},
								"east": {"uv": [16, 10], "uv_size": [9.5, 2.5]},
								"south": {"uv": [17, 35], "uv_size": [2, 2.5]},
								"west": {"uv": [16, 13], "uv_size": [9.5, 2.5]},
								"up": {"uv": [12, 19], "uv_size": [2, 9.5]},
								"down": {"uv": [14, 28.5], "uv_size": [2, -9.5]}
							}
						},
						{
							"origin": [-1, 9.8125, -18.4375],
							"size": [2, 2.6875, 35.125],
							"inflate": 0.002,
							"uv": {
								"north": {"uv": [35, 19], "uv_size": [2, 2.5]},
								"east": {"uv": [0, 0], "uv_size": [35, 2.5]},
								"south": {"uv": [21, 35], "uv_size": [2, 2.5]},
								"west": {"uv": [0, 3], "uv_size": [35, 2.5]},
								"up": {"uv": [0, 6], "uv_size": [2, 35]},
								"down": {"uv": [2, 41], "uv_size": [2, -35]}
							}
						},
						{
							"origin": [-0.625, 9.875, -20.625],
							"size": [1.625, 1.625, 1.875],
							"pivot": [0, 10.5, 13.5],
							"rotation": [0, 0, -45],
							"uv": {
								"north": {"uv": [14, 38], "uv_size": [1.5, 1.5]},
								"east": {"uv": [37, 1], "uv_size": [2, 1.5]},
								"south": {"uv": [38, 14], "uv_size": [1.5, 1.5]},
								"west": {"uv": [37, 3], "uv_size": [2, 1.5]},
								"up": {"uv": [37, 16], "uv_size": [1.5, 2]},
								"down": {"uv": [37, 20], "uv_size": [1.5, -2]}
							}
						},
						{
							"origin": [-0.375, 10.125, -22.9375],
							"size": [1.125, 1.125, 3.125],
							"pivot": [0, 10.5, 11.1875],
							"rotation": [0, 0, -45],
							"uv": {
								"north": {"uv": [31, 30], "uv_size": [1, 1]},
								"east": {"uv": [37, 5], "uv_size": [3, 1]},
								"south": {"uv": [33, 29], "uv_size": [1, 1]},
								"west": {"uv": [37, 20], "uv_size": [3, 1]},
								"up": {"uv": [23, 36], "uv_size": [1, 3]},
								"down": {"uv": [37, 24], "uv_size": [1, -3]}
							}
						},
						{
							"origin": [-0.5, 14.125, -7.4375],
							"size": [1, 0.75, 11.75],
							"uv": {
								"north": {"uv": [37, 39], "uv_size": [1, 1]},
								"east": {"uv": [26, 10], "uv_size": [12, 1]},
								"south": {"uv": [39, 39], "uv_size": [1, 1]},
								"west": {"uv": [26, 11], "uv_size": [12, 1]},
								"up": {"uv": [19, 28], "uv_size": [1, 12]},
								"down": {"uv": [20, 41], "uv_size": [1, -12]}
							}
						},
						{
							"origin": [-0.625, 18.9734, -9.35978],
							"size": [1.25, 0.4375, 2.75],
							"pivot": [0, 15.4109, 2.14022],
							"rotation": [30, 0, 0],
							"uv": {
								"north": {"uv": [40, 15], "uv_size": [1.5, 0.5]},
								"east": {"uv": [39, 18], "uv_size": [3, 0.5]},
								"south": {"uv": [17, 40], "uv_size": [1.5, 0.5]},
								"west": {"uv": [39, 19], "uv_size": [3, 0.5]},
								"up": {"uv": [35, 25], "uv_size": [1.5, 3]},
								"down": {"uv": [26, 38], "uv_size": [1.5, -3]}
							}
						},
						{
							"origin": [-0.625, 13.25, -7.4375],
							"size": [1.25, 1.25, 14.375],
							"uv": {
								"north": {"uv": [17, 38], "uv_size": [1.5, 1.5]},
								"east": {"uv": [20, 16], "uv_size": [14.5, 1.5]},
								"south": {"uv": [21, 38], "uv_size": [1.5, 1.5]},
								"west": {"uv": [20, 18], "uv_size": [14.5, 1.5]},
								"up": {"uv": [8, 19], "uv_size": [1.5, 14.5]},
								"down": {"uv": [10, 33.5], "uv_size": [1.5, -14.5]}
							}
						},
						{
							"origin": [-0.625, 14.1875, 4.875],
							"size": [1.25, 0.875, 1.8125],
							"inflate": -0.001,
							"pivot": [0, 14.78125, 5.65625],
							"rotation": [-13, 0, 0],
							"uv": {
								"north": {"uv": [28, 39], "uv_size": [1.5, 1]},
								"east": {"uv": [38, 23], "uv_size": [2, 1]},
								"south": {"uv": [30, 39], "uv_size": [1.5, 1]},
								"west": {"uv": [38, 35], "uv_size": [2, 1]},
								"up": {"uv": [37, 24], "uv_size": [1.5, 2]},
								"down": {"uv": [37, 28], "uv_size": [1.5, -2]}
							}
						},
						{
							"origin": [-0.625, 13.0625, -6.5],
							"size": [1.25, 0.5625, 1.1875],
							"uv": {
								"north": {"uv": [40, 20], "uv_size": [1.5, 0.5]},
								"east": {"uv": [15, 40], "uv_size": [1, 0.5]},
								"south": {"uv": [21, 40], "uv_size": [1.5, 0.5]},
								"west": {"uv": [19, 40], "uv_size": [1, 0.5]},
								"up": {"uv": [32, 39], "uv_size": [1.5, 1]},
								"down": {"uv": [34, 40], "uv_size": [1.5, -1]}
							}
						},
						{
							"origin": [-1, 13.0625, -7.75],
							"size": [2.0625, 0.5625, 1.25],
							"uv": {
								"north": {"uv": [40, 1], "uv_size": [2, 0.5]},
								"east": {"uv": [40, 21], "uv_size": [1.5, 0.5]},
								"south": {"uv": [40, 2], "uv_size": [2, 0.5]},
								"west": {"uv": [40, 22], "uv_size": [1.5, 0.5]},
								"up": {"uv": [32, 37], "uv_size": [2, 1.5]},
								"down": {"uv": [34, 38.5], "uv_size": [2, -1.5]}
							}
						},
						{
							"origin": [-0.5, 13.0625, -18.25],
							"size": [1.0625, 2, 1.0625],
							"uv": {
								"north": {"uv": [38, 36], "uv_size": [1, 2]},
								"east": {"uv": [38, 38], "uv_size": [1, 2]},
								"south": {"uv": [39, 1], "uv_size": [1, 2]},
								"west": {"uv": [39, 3], "uv_size": [1, 2]},
								"up": {"uv": [40, 3], "uv_size": [1, 1]},
								"down": {"uv": [40, 5], "uv_size": [1, -1]}
							}
						},
						{
							"origin": [-0.1875, 13.0625, 16.75],
							"size": [0.4375, 1, 1.0625],
							"uv": {
								"north": {"uv": [40, 24], "uv_size": [0.5, 1]},
								"east": {"uv": [40, 5], "uv_size": [1, 1]},
								"south": {"uv": [40, 25], "uv_size": [0.5, 1]},
								"west": {"uv": [8, 40], "uv_size": [1, 1]},
								"up": {"uv": [26, 40], "uv_size": [0.5, 1]},
								"down": {"uv": [40, 27], "uv_size": [0.5, -1]}
							}
						},
						{
							"origin": [-0.74031, 14.39396, -18.25],
							"size": [0.7513, 0.7513, 1.0625],
							"pivot": [-0.52026, 15.39396, -17.71875],
							"rotation": [0, 0, -45],
							"uv": {
								"north": {"uv": [9, 40], "uv_size": [1, 1]},
								"east": {"uv": [10, 40], "uv_size": [1, 1]},
								"south": {"uv": [40, 10], "uv_size": [1, 1]},
								"west": {"uv": [11, 40], "uv_size": [1, 1]},
								"up": {"uv": [40, 11], "uv_size": [1, 1]},
								"down": {"uv": [12, 41], "uv_size": [1, -1]}
							}
						},
						{
							"origin": [-0.875, 0.875, -4.25],
							"size": [1.75, 8.875, 3.6875],
							"pivot": [0, 11.15625, -0.875],
							"rotation": [-5, 0, 0],
							"uv": {
								"north": {"uv": [20, 20], "uv_size": [2, 9]},
								"east": {"uv": [8, 10], "uv_size": [3.5, 9]},
								"south": {"uv": [22, 20], "uv_size": [2, 9]},
								"west": {"uv": [12, 10], "uv_size": [3.5, 9]},
								"up": {"uv": [34, 31], "uv_size": [2, 3.5]},
								"down": {"uv": [35, 3.5], "uv_size": [2, -3.5]}
							}
						},
						{
							"origin": [-1, 9.0625, -20.5],
							"size": [2, 0.75, 11.3125],
							"uv": {
								"north": {"uv": [39, 16], "uv_size": [2, 1]},
								"east": {"uv": [26, 12], "uv_size": [11.5, 1]},
								"south": {"uv": [39, 17], "uv_size": [2, 1]},
								"west": {"uv": [26, 13], "uv_size": [11.5, 1]},
								"up": {"uv": [16, 16], "uv_size": [2, 11.5]},
								"down": {"uv": [18, 27.5], "uv_size": [2, -11.5]}
							}
						},
						{
							"origin": [-1, 9.8125, -20.5],
							"size": [2, 0.975, 1.5125],
							"uv": {
								"north": {"uv": [39, 16], "uv_size": [2, 1]},
								"east": {"uv": [43, 20], "uv_size": [11.5, 1]},
								"south": {"uv": [39, 17], "uv_size": [2, 1]},
								"west": {"uv": [44, 11.5], "uv_size": [11.5, 1]}
							}
						},
						{
							"origin": [-1, 8.4375, -1.0625],
							"size": [2, 1.375, 6.1875],
							"inflate": 0.001,
							"uv": {
								"north": {"uv": [36, 37], "uv_size": [2, 1.5]},
								"east": {"uv": [26, 14], "uv_size": [6, 1.5]},
								"south": {"uv": [8, 38], "uv_size": [2, 1.5]},
								"west": {"uv": [32, 14], "uv_size": [6, 1.5]},
								"up": {"uv": [21, 29], "uv_size": [2, 6]},
								"down": {"uv": [31, 30], "uv_size": [2, -6]}
							}
						},
						{
							"origin": [-0.3125, 6.5, -1.0625],
							"size": [0.625, 1.9375, 4.1875],
							"uv": {
								"north": {"uv": [40, 12], "uv_size": [0.5, 2]},
								"east": {"uv": [8, 34], "uv_size": [4, 2]},
								"south": {"uv": [13, 40], "uv_size": [0.5, 2]},
								"west": {"uv": [34, 29], "uv_size": [4, 2]},
								"up": {"uv": [23, 39], "uv_size": [0.5, 4]},
								"down": {"uv": [39, 28], "uv_size": [0.5, -4]}
							}
						},
						{
							"origin": [-0.5625, 1.83093, -1.61366],
							"size": [1.0625, 0.5, 6.5],
							"pivot": [0, 1.89343, 1.57384],
							"rotation": [14.5, 0, 0],
							"uv": {
								"north": {"uv": [27, 40], "uv_size": [1, 0.5]},
								"east": {"uv": [35, 28], "uv_size": [6.5, 0.5]},
								"south": {"uv": [40, 27], "uv_size": [1, 0.5]},
								"west": {"uv": [37, 0], "uv_size": [6.5, 0.5]},
								"up": {"uv": [23, 29], "uv_size": [1, 6.5]},
								"down": {"uv": [16, 41.5], "uv_size": [1, -6.5]}
							}
						},
						{
							"origin": [-1, 1.9375, 2.9375],
							"size": [2, 6.5625, 2.5],
							"pivot": [0, 6.8125, 2.34375],
							"rotation": [22.5, 0, 0],
							"uv": {
								"north": {"uv": [12, 29], "uv_size": [2, 6.5]},
								"east": {"uv": [16, 28], "uv_size": [2.5, 6.5]},
								"south": {"uv": [14, 29], "uv_size": [2, 6.5]},
								"west": {"uv": [28, 24], "uv_size": [2.5, 6.5]},
								"up": {"uv": [35, 22], "uv_size": [2, 2.5]},
								"down": {"uv": [24, 37.5], "uv_size": [2, -2.5]}
							}
						},
						{
							"origin": [-1, 10.42375, 3.73273],
							"size": [2, 1.375, 2],
							"pivot": [0, 11.11125, 6.82648],
							"rotation": [45, 0, 0],
							"uv": {
								"north": {"uv": [10, 38], "uv_size": [2, 1.5]},
								"east": {"uv": [38, 10], "uv_size": [2, 1.5]},
								"south": {"uv": [12, 38], "uv_size": [2, 1.5]},
								"west": {"uv": [38, 12], "uv_size": [2, 1.5]},
								"up": {"uv": [35, 4], "uv_size": [2, 2]},
								"down": {"uv": [32, 37], "uv_size": [2, -2]}
							}
						},
						{
							"origin": [-1, 7.5625, 16.6875],
							"size": [2, 4.9375, 2.125],
							"inflate": 0.001,
							"uv": {
								"north": {"uv": [28, 31], "uv_size": [2, 5]},
								"east": {"uv": [30, 31], "uv_size": [2, 5]},
								"south": {"uv": [32, 30], "uv_size": [2, 5]},
								"west": {"uv": [33, 24], "uv_size": [2, 5]},
								"up": {"uv": [34, 35], "uv_size": [2, 2]},
								"down": {"uv": [8, 38], "uv_size": [2, -2]}
							}
						},
						{
							"origin": [0.12175, 7.27154, 5.54135],
							"size": [1.41421, 1.41421, 10.9375],
							"pivot": [0.53596, 6.92779, 15.3851],
							"rotation": [-10.72858, -10.54529, -44.00703],
							"uv": {
								"north": {"uv": [38, 21], "uv_size": [1.5, 1.5]},
								"east": {"uv": [24, 20], "uv_size": [11, 1.5]},
								"south": {"uv": [24, 38], "uv_size": [1.5, 1.5]},
								"west": {"uv": [24, 22], "uv_size": [11, 1.5]},
								"up": {"uv": [24, 24], "uv_size": [1.5, 11]},
								"down": {"uv": [26, 35], "uv_size": [1.5, -11]}
							}
						},
						{
							"origin": [0.12175, 6.95608, 16.375],
							"size": [1.41421, 1.41421, 2.4375],
							"pivot": [0.53596, 6.61233, 17.71875],
							"rotation": [0, 0, -45],
							"uv": {
								"north": {"uv": [26, 38], "uv_size": [1.5, 1.5]},
								"east": {"uv": [10, 36], "uv_size": [2.5, 1.5]},
								"south": {"uv": [38, 29], "uv_size": [1.5, 1.5]},
								"west": {"uv": [13, 36], "uv_size": [2.5, 1.5]},
								"up": {"uv": [28, 36], "uv_size": [1.5, 2.5]},
								"down": {"uv": [30, 38.5], "uv_size": [1.5, -2.5]}
							}
						},
						{
							"origin": [0.12175, 11.89358, -18.4375],
							"size": [1.41421, 1.41421, 37.25],
							"pivot": [0.53596, 11.54983, 17.71875],
							"rotation": [0, 0, -45],
							"uv": {
								"north": {"uv": [38, 31], "uv_size": [1.5, 1.5]},
								"east": {"uv": [4, 6], "uv_size": [37.5, 1.5]},
								"south": {"uv": [38, 33], "uv_size": [1.5, 1.5]},
								"west": {"uv": [4, 8], "uv_size": [37.5, 1.5]},
								"up": {"uv": [4, 10], "uv_size": [1.5, 37.5]},
								"down": {"uv": [6, 47.5], "uv_size": [1.5, -37.5]}
							}
						},
						{
							"origin": [-0.8125, 9.8125, -18.8125],
							"size": [1.625, 2.5, 0.375],
							"inflate": 0.002,
							"uv": {
								"north": {"uv": [36, 31], "uv_size": [1.5, 2.5]},
								"east": {"uv": [36, 39], "uv_size": [0.5, 2.5]},
								"south": {"uv": [36, 34], "uv_size": [1.5, 2.5]},
								"west": {"uv": [39, 36], "uv_size": [0.5, 2.5]},
								"up": {"uv": [40, 23], "uv_size": [1.5, 0.5]},
								"down": {"uv": [24, 40.5], "uv_size": [1.5, -0.5]}
							}
						},
						{
							"origin": [0.12175, 11.89358, -18.8145],
							"size": [1.15188, 1.15188, 0.377],
							"pivot": [0.53596, 11.54983, 17.71875],
							"rotation": [0, 0, -45],
							"uv": {
								"north": {"uv": [14, 40], "uv_size": [1, 1]},
								"east": {"uv": [28, 40], "uv_size": [0.5, 1]},
								"south": {"uv": [40, 14], "uv_size": [1, 1]},
								"west": {"uv": [29, 40], "uv_size": [0.5, 1]},
								"up": {"uv": [40, 29], "uv_size": [1, 0.5]},
								"down": {"uv": [30, 40.5], "uv_size": [1, -0.5]}
							}
						}
					]
				}
			]
		}
	]
}