{
	"format_version": "1.12.0",
	"minecraft:geometry": [
		{
			"description": {
				"identifier": "geometry.unknown",
				"texture_width": 64,
				"texture_height": 64,
				"visible_bounds_width": 4,
				"visible_bounds_height": 2.5,
				"visible_bounds_offset": [0, 0.75, 0]
			},
			"bones": [
				{
					"name": "ai_awp",
					"pivot": [0, 0, -3],
					"cubes": [
						{
							"origin": [-0.5, 4.35, -15.15],
							"size": [1, 1.8, 1.15],
							"uv": {
								"north": {"uv": [6, 20], "uv_size": [1, 2]},
								"east": {"uv": [19, 20], "uv_size": [1, 2]},
								"south": {"uv": [20, 20], "uv_size": [1, 2]},
								"west": {"uv": [21, 2], "uv_size": [1, 2]},
								"up": {"uv": [14, 22], "uv_size": [1, 1]},
								"down": {"uv": [15, 23], "uv_size": [1, -1]}
							}
						},
						{
							"origin": [-0.5, 4.225, -21.9],
							"size": [0.5, 0.5, 7.9],
							"pivot": [0, 5.125, 0],
							"rotation": [0, 0, 45],
							"uv": {
								"north": {"uv": [9, 24], "uv_size": [0.5, 0.5]},
								"east": {"uv": [18, 8], "uv_size": [8, 0.5]},
								"south": {"uv": [12, 24], "uv_size": [0.5, 0.5]},
								"west": {"uv": [18, 9], "uv_size": [8, 0.5]},
								"up": {"uv": [17, 18], "uv_size": [0.5, 8]},
								"down": {"uv": [18, 26], "uv_size": [0.5, -8]}
							}
						},
						{
							"origin": [0, 4.225, -21.9],
							"size": [0.5, 0.5, 7.9],
							"pivot": [0, 5.125, 0],
							"rotation": [0, 0, -45],
							"uv": {
								"north": {"uv": [13, 24], "uv_size": [0.5, 0.5]},
								"east": {"uv": [18, 10], "uv_size": [8, 0.5]},
								"south": {"uv": [14, 24], "uv_size": [0.5, 0.5]},
								"west": {"uv": [18, 11], "uv_size": [8, 0.5]},
								"up": {"uv": [2, 19], "uv_size": [0.5, 8]},
								"down": {"uv": [3, 27], "uv_size": [0.5, -8]}
							}
						},
						{
							"origin": [-0.25, 3.975, -22],
							"size": [1, 1, 0.5],
							"pivot": [0, 5.125, 0],
							"rotation": [0, 0, -45],
							"uv": {
								"north": {"uv": [19, 22], "uv_size": [1, 1]},
								"east": {"uv": [16, 23], "uv_size": [0.5, 1]},
								"south": {"uv": [20, 22], "uv_size": [1, 1]},
								"west": {"uv": [23, 18], "uv_size": [0.5, 1]},
								"up": {"uv": [19, 23], "uv_size": [1, 0.5]},
								"down": {"uv": [23, 19.5], "uv_size": [1, -0.5]}
							}
						},
						{
							"origin": [-0.75, 3.975, -22],
							"size": [1, 1, 0.5],
							"pivot": [0, 5.125, 0],
							"rotation": [0, 0, 45],
							"uv": {
								"north": {"uv": [22, 20], "uv_size": [1, 1]},
								"east": {"uv": [20, 23], "uv_size": [0.5, 1]},
								"south": {"uv": [22, 21], "uv_size": [1, 1]},
								"west": {"uv": [23, 20], "uv_size": [0.5, 1]},
								"up": {"uv": [21, 23], "uv_size": [1, 0.5]},
								"down": {"uv": [23, 21.5], "uv_size": [1, -0.5]}
							}
						},
						{
							"origin": [-0.25, 3.975, -16.25],
							"size": [1, 1, 0.5],
							"pivot": [0, 5.125, 5.75],
							"rotation": [0, 0, -45],
							"uv": {
								"north": {"uv": [22, 22], "uv_size": [1, 1]},
								"east": {"uv": [22, 23], "uv_size": [0.5, 1]},
								"south": {"uv": [23, 2], "uv_size": [1, 1]},
								"west": {"uv": [23, 22], "uv_size": [0.5, 1]},
								"up": {"uv": [23, 23], "uv_size": [1, 0.5]},
								"down": {"uv": [24, 2.5], "uv_size": [1, -0.5]}
							}
						},
						{
							"origin": [-0.75, 3.975, -16.25],
							"size": [1, 1, 0.5],
							"pivot": [0, 5.125, 5.75],
							"rotation": [0, 0, 45],
							"uv": {
								"north": {"uv": [23, 3], "uv_size": [1, 1]},
								"east": {"uv": [24, 3], "uv_size": [0.5, 1]},
								"south": {"uv": [4, 23], "uv_size": [1, 1]},
								"west": {"uv": [4, 24], "uv_size": [0.5, 1]},
								"up": {"uv": [24, 4], "uv_size": [1, 0.5]},
								"down": {"uv": [5, 24.5], "uv_size": [1, -0.5]}
							}
						},
						{
							"origin": [-0.0125, 3.6, 6],
							"size": [0.025, 1.65, 2.75],
							"uv": {
								"north": {"uv": [23, 14], "uv_size": [0.5, 1.5]},
								"east": {"uv": [4, 18], "uv_size": [3, 1.5]},
								"south": {"uv": [15, 23], "uv_size": [0.5, 1.5]},
								"west": {"uv": [18, 6], "uv_size": [3, 1.5]},
								"up": {"uv": [13, 21], "uv_size": [0.5, 3]},
								"down": {"uv": [21, 23], "uv_size": [0.5, -3]}
							}
						},
						{
							"origin": [-0.725, 6.75, -2.75],
							"size": [1.45, 1.75, 9.25],
							"uv": {
								"north": {"uv": [10, 19], "uv_size": [1.5, 2]},
								"east": {"uv": [2, 2], "uv_size": [9.5, 2]},
								"south": {"uv": [19, 18], "uv_size": [1.5, 2]},
								"west": {"uv": [2, 4], "uv_size": [9.5, 2]},
								"up": {"uv": [8, 6], "uv_size": [1.5, 9.5]},
								"down": {"uv": [10, 15.5], "uv_size": [1.5, -9.5]}
							}
						},
						{
							"origin": [-0.45, 8.4, -5.25],
							"size": [0.9, 0.5, 11.675],
							"uv": {
								"north": {"uv": [24, 5], "uv_size": [1, 0.5]},
								"east": {"uv": [16, 16], "uv_size": [11.5, 0.5]},
								"south": {"uv": [6, 24], "uv_size": [1, 0.5]},
								"west": {"uv": [16, 17], "uv_size": [11.5, 0.5]},
								"up": {"uv": [12, 9], "uv_size": [1, 11.5]},
								"down": {"uv": [13, 20.5], "uv_size": [1, -11.5]}
							}
						},
						{
							"origin": [-0.5, 8.5, 4.5],
							"size": [1, 1, 2],
							"uv": {
								"north": {"uv": [23, 4], "uv_size": [1, 1]},
								"east": {"uv": [21, 4], "uv_size": [2, 1]},
								"south": {"uv": [5, 23], "uv_size": [1, 1]},
								"west": {"uv": [21, 5], "uv_size": [2, 1]},
								"up": {"uv": [21, 6], "uv_size": [1, 2]},
								"down": {"uv": [10, 23], "uv_size": [1, -2]}
							}
						},
						{
							"origin": [-0.45, 7.9, -32.1],
							"size": [0.9, 1.5, 0.85],
							"uv": {
								"north": {"uv": [22, 2], "uv_size": [1, 1.5]},
								"east": {"uv": [6, 22], "uv_size": [1, 1.5]},
								"south": {"uv": [22, 6], "uv_size": [1, 1.5]},
								"west": {"uv": [22, 12], "uv_size": [1, 1.5]},
								"up": {"uv": [23, 5], "uv_size": [1, 1]},
								"down": {"uv": [23, 7], "uv_size": [1, -1]}
							}
						},
						{
							"origin": [-0.22145, 6.975, -33.1],
							"size": [0.9, 1, 30.35],
							"pivot": [0.35355, 7.85, -12.375],
							"rotation": [0, 0, 45],
							"uv": {
								"north": {"uv": [7, 23], "uv_size": [1, 1]},
								"east": {"uv": [0, 0], "uv_size": [30.5, 1]},
								"south": {"uv": [23, 7], "uv_size": [1, 1]},
								"west": {"uv": [0, 1], "uv_size": [30.5, 1]},
								"up": {"uv": [0, 2], "uv_size": [1, 30.5]},
								"down": {"uv": [1, 32.5], "uv_size": [1, -30.5]}
							}
						},
						{
							"origin": [-0.22145, 6.975, 0.25],
							"size": [0.9, 1, 7.775],
							"pivot": [0.35355, 7.85, -12.375],
							"rotation": [0, 0, 45],
							"uv": {
								"north": {"uv": [8, 23], "uv_size": [1, 1]},
								"east": {"uv": [14, 12], "uv_size": [8, 1]},
								"south": {"uv": [9, 23], "uv_size": [1, 1]},
								"west": {"uv": [14, 13], "uv_size": [8, 1]},
								"up": {"uv": [14, 14], "uv_size": [1, 8]},
								"down": {"uv": [15, 22], "uv_size": [1, -8]}
							}
						},
						{
							"origin": [-1.47145, 5.975, 5.5],
							"size": [1.9, 2, 0.5],
							"pivot": [-0.52145, 6.975, 5.75],
							"rotation": [30, 0, 0],
							"uv": {
								"north": {"uv": [19, 2], "uv_size": [2, 2]},
								"east": {"uv": [10, 23], "uv_size": [0.5, 2]},
								"south": {"uv": [19, 4], "uv_size": [2, 2]},
								"west": {"uv": [11, 23], "uv_size": [0.5, 2]},
								"up": {"uv": [23, 12], "uv_size": [2, 0.5]},
								"down": {"uv": [23, 13.5], "uv_size": [2, -0.5]}
							}
						},
						{
							"origin": [-0.6, 3.325, 0.15],
							"size": [1.2, 2.2, 4.3],
							"uv": {
								"north": {"uv": [11, 21], "uv_size": [1, 2]},
								"east": {"uv": [14, 2], "uv_size": [4.5, 2]},
								"south": {"uv": [12, 21], "uv_size": [1, 2]},
								"west": {"uv": [14, 4], "uv_size": [4.5, 2]},
								"up": {"uv": [7, 18], "uv_size": [1, 4.5]},
								"down": {"uv": [16, 22.5], "uv_size": [1, -4.5]}
							}
						},
						{
							"origin": [-0.6, 2.9, 3.4],
							"size": [1.2, 0.425, 1.05],
							"uv": {
								"north": {"uv": [24, 6], "uv_size": [1, 0.5]},
								"east": {"uv": [7, 24], "uv_size": [1, 0.5]},
								"south": {"uv": [24, 7], "uv_size": [1, 0.5]},
								"west": {"uv": [8, 24], "uv_size": [1, 0.5]},
								"up": {"uv": [12, 23], "uv_size": [1, 1]},
								"down": {"uv": [14, 24], "uv_size": [1, -1]}
							}
						},
						{
							"origin": [-0.5875, 2.9, 0.125],
							"size": [1.175, 2.375, 3.275],
							"pivot": [0.5875, 2.9, 3.4],
							"rotation": [-7.5, 0, 0],
							"uv": {
								"north": {"uv": [4, 20], "uv_size": [1, 2.5]},
								"east": {"uv": [14, 6], "uv_size": [3.5, 2.5]},
								"south": {"uv": [5, 20], "uv_size": [1, 2.5]},
								"west": {"uv": [14, 9], "uv_size": [3.5, 2.5]},
								"up": {"uv": [8, 19], "uv_size": [1, 3.5]},
								"down": {"uv": [9, 22.5], "uv_size": [1, -3.5]}
							}
						},
						{
							"origin": [-1, 1.5, 21.25],
							"size": [2, 5.75, 2.75],
							"uv": {
								"north": {"uv": [4, 12], "uv_size": [2, 6]},
								"east": {"uv": [2, 6], "uv_size": [3, 6]},
								"south": {"uv": [6, 12], "uv_size": [2, 6]},
								"west": {"uv": [5, 6], "uv_size": [3, 6]},
								"up": {"uv": [8, 16], "uv_size": [2, 3]},
								"down": {"uv": [10, 19], "uv_size": [2, -3]}
							}
						},
						{
							"origin": [-0.875, 6.75, 14.5],
							"size": [1.75, 0.85, 6.75],
							"uv": {
								"north": {"uv": [21, 18], "uv_size": [2, 1]},
								"east": {"uv": [16, 14], "uv_size": [7, 1]},
								"south": {"uv": [21, 19], "uv_size": [2, 1]},
								"west": {"uv": [16, 15], "uv_size": [7, 1]},
								"up": {"uv": [2, 12], "uv_size": [2, 7]},
								"down": {"uv": [12, 9], "uv_size": [2, -7]}
							}
						},
						{
							"origin": [-0.9, 5.25, -14],
							"size": [1.8, 2.25, 22],
							"uv": {
								"north": {"uv": [53, 3], "uv_size": [2, 2.5]},
								"east": {"uv": [31, 0], "uv_size": [22, 2.5]},
								"south": {"uv": [37, 22], "uv_size": [2, 2.5]},
								"west": {"uv": [31, 3], "uv_size": [22, 2.5]},
								"up": {"uv": [31, 6], "uv_size": [2, 22]},
								"down": {"uv": [33, 28], "uv_size": [2, -22]}
							}
						},
						{
							"origin": [-0.5, 3.1, 5],
							"size": [1, 2.175, 3.85],
							"uv": {
								"north": {"uv": [36, 23], "uv_size": [1, 2]},
								"east": {"uv": [37, 20], "uv_size": [4, 2]},
								"south": {"uv": [42, 25], "uv_size": [1, 2]},
								"west": {"uv": [41, 20], "uv_size": [4, 2]},
								"up": {"uv": [44, 22], "uv_size": [1, 4]},
								"down": {"uv": [35, 27], "uv_size": [1, -4]}
							}
						},
						{
							"origin": [-0.9, 4.2, 0.05],
							"size": [1.8, 1.075, 5.2],
							"uv": {
								"north": {"uv": [41, 19], "uv_size": [2, 1]},
								"east": {"uv": [52, 10], "uv_size": [5, 1]},
								"south": {"uv": [56, 11], "uv_size": [2, 1]},
								"west": {"uv": [39, 22], "uv_size": [5, 1]},
								"up": {"uv": [41, 14], "uv_size": [2, 5]},
								"down": {"uv": [46, 11], "uv_size": [2, -5]}
							}
						},
						{
							"origin": [-0.875, 4.2, -4.45],
							"size": [1.75, 1.075, 4.5],
							"pivot": [0.975, 4.2, 0.05],
							"rotation": [-15.25, 0, 0],
							"uv": {
								"north": {"uv": [56, 12], "uv_size": [2, 1]},
								"east": {"uv": [53, 21], "uv_size": [4.5, 1]},
								"south": {"uv": [56, 13], "uv_size": [2, 1]},
								"west": {"uv": [53, 22], "uv_size": [4.5, 1]},
								"up": {"uv": [45, 16], "uv_size": [2, 4.5]},
								"down": {"uv": [47, 20.5], "uv_size": [2, -4.5]}
							}
						},
						{
							"origin": [-0.9125, 3, 13.5],
							"size": [1.825, 4, 8.5],
							"uv": {
								"north": {"uv": [51, 15], "uv_size": [2, 4]},
								"east": {"uv": [35, 6], "uv_size": [8.5, 4]},
								"south": {"uv": [51, 19], "uv_size": [2, 4]},
								"west": {"uv": [35, 10], "uv_size": [8.5, 4]},
								"up": {"uv": [44, 6], "uv_size": [2, 8.5]},
								"down": {"uv": [35, 22.5], "uv_size": [2, -8.5]}
							}
						},
						{
							"origin": [-0.9, 5.5, 8],
							"size": [1.8, 1.5, 5.5],
							"uv": {
								"north": {"uv": [55, 17], "uv_size": [2, 1.5]},
								"east": {"uv": [50, 11], "uv_size": [5.5, 1.5]},
								"south": {"uv": [55, 19], "uv_size": [2, 1.5]},
								"west": {"uv": [50, 13], "uv_size": [5.5, 1.5]},
								"up": {"uv": [37, 14], "uv_size": [2, 5.5]},
								"down": {"uv": [39, 19.5], "uv_size": [2, -5.5]}
							}
						},
						{
							"origin": [-0.8875, 2.3, 7.55],
							"size": [1.775, 4.45, 2],
							"pivot": [-0.0125, 6.25, 10.75],
							"rotation": [22.5, 0, 0],
							"uv": {
								"north": {"uv": [48, 6], "uv_size": [2, 4.5]},
								"east": {"uv": [48, 11], "uv_size": [2, 4.5]},
								"south": {"uv": [49, 16], "uv_size": [2, 4.5]},
								"west": {"uv": [50, 6], "uv_size": [2, 4.5]},
								"up": {"uv": [39, 23], "uv_size": [2, 2]},
								"down": {"uv": [41, 25], "uv_size": [2, -2]}
							}
						},
						{
							"origin": [-0.9, 0.7, 9.2],
							"size": [1.8, 0.59529, 2.1],
							"uv": {
								"north": {"uv": [47, 26], "uv_size": [2, 0.5]},
								"east": {"uv": [57, 17], "uv_size": [2, 0.5]},
								"south": {"uv": [57, 18], "uv_size": [2, 0.5]},
								"west": {"uv": [57, 19], "uv_size": [2, 0.5]},
								"up": {"uv": [51, 23], "uv_size": [2, 2]},
								"down": {"uv": [53, 25], "uv_size": [2, -2]}
							}
						},
						{
							"origin": [-0.9, 2.95, 9.7],
							"size": [1.8, 0.55, 1.1],
							"pivot": [0, 2.35, 10.25],
							"rotation": [-35, 0, 0],
							"uv": {
								"north": {"uv": [51, 26], "uv_size": [2, 0.5]},
								"east": {"uv": [43, 14], "uv_size": [1, 0.5]},
								"south": {"uv": [57, 20], "uv_size": [2, 0.5]},
								"west": {"uv": [45, 15], "uv_size": [1, 0.5]},
								"up": {"uv": [56, 14], "uv_size": [2, 1]},
								"down": {"uv": [51, 26], "uv_size": [2, -1]}
							}
						},
						{
							"origin": [-0.875, 5.05, 8.6],
							"size": [1.75, 1.35, 1.1],
							"pivot": [-0.025, 4.45, 9.15],
							"rotation": [-35, 0, 0],
							"uv": {
								"north": {"uv": [55, 23], "uv_size": [2, 1.5]},
								"east": {"uv": [57, 4], "uv_size": [1, 1.5]},
								"south": {"uv": [36, 25], "uv_size": [2, 1.5]},
								"west": {"uv": [57, 6], "uv_size": [1, 1.5]},
								"up": {"uv": [53, 25], "uv_size": [2, 1]},
								"down": {"uv": [55, 26], "uv_size": [2, -1]}
							}
						},
						{
							"origin": [-0.875, 5.05, 11.6],
							"size": [1.75, 0.85, 1.85],
							"pivot": [-0.025, 4.45, 12.65],
							"rotation": [-35, 0, 0],
							"uv": {
								"north": {"uv": [57, 0], "uv_size": [2, 1]},
								"east": {"uv": [57, 1], "uv_size": [2, 1]},
								"south": {"uv": [57, 2], "uv_size": [2, 1]},
								"west": {"uv": [57, 3], "uv_size": [2, 1]},
								"up": {"uv": [55, 0], "uv_size": [2, 2]},
								"down": {"uv": [55, 4], "uv_size": [2, -2]}
							}
						},
						{
							"origin": [-0.9, 1.52467, 13.34765],
							"size": [1.8, 2.95, 1.9],
							"pivot": [0, 2.97467, 14.32265],
							"rotation": [-45, 0, 0],
							"uv": {
								"north": {"uv": [45, 21], "uv_size": [2, 3]},
								"east": {"uv": [47, 21], "uv_size": [2, 3]},
								"south": {"uv": [49, 21], "uv_size": [2, 3]},
								"west": {"uv": [53, 0], "uv_size": [2, 3]},
								"up": {"uv": [55, 4], "uv_size": [2, 2]},
								"down": {"uv": [45, 26], "uv_size": [2, -2]}
							}
						},
						{
							"origin": [-0.9125, 1.29529, 9.2],
							"size": [1.825, 1.70471, 4.75142],
							"uv": {
								"north": {"uv": [38, 25], "uv_size": [2, 1.5]},
								"east": {"uv": [52, 6], "uv_size": [5, 1.5]},
								"south": {"uv": [40, 25], "uv_size": [2, 1.5]},
								"west": {"uv": [52, 8], "uv_size": [5, 1.5]},
								"up": {"uv": [46, 11], "uv_size": [2, 5]},
								"down": {"uv": [43, 20], "uv_size": [2, -5]}
							}
						},
						{
							"origin": [-0.875, 0.7, 11.3],
							"size": [1.75, 0.70471, 2.70142],
							"pivot": [0.875, 0.7, 11.3],
							"rotation": [22.5, 0, 0],
							"uv": {
								"north": {"uv": [53, 26], "uv_size": [2, 0.5]},
								"east": {"uv": [57, 10], "uv_size": [2.5, 0.5]},
								"south": {"uv": [57, 23], "uv_size": [2, 0.5]},
								"west": {"uv": [44, 26], "uv_size": [2.5, 0.5]},
								"up": {"uv": [53, 15], "uv_size": [2, 2.5]},
								"down": {"uv": [53, 20.5], "uv_size": [2, -2.5]}
							}
						},
						{
							"origin": [-0.525, 1.65, 19],
							"size": [1.05, 1.4, 2.5],
							"uv": {
								"north": {"uv": [57, 8], "uv_size": [1, 1.5]},
								"east": {"uv": [55, 15], "uv_size": [2.5, 1.5]},
								"south": {"uv": [43, 26], "uv_size": [1, 1.5]},
								"west": {"uv": [47, 24], "uv_size": [2.5, 1.5]},
								"up": {"uv": [43, 23], "uv_size": [1, 2.5]},
								"down": {"uv": [50, 26.5], "uv_size": [1, -2.5]}
							}
						}
					]
				},
				{
					"name": "positioning2",
					"parent": "ai_awp",
					"pivot": [0, 0, 0]
				},
				{
					"name": "scope_pos",
					"parent": "positioning2",
					"pivot": [0, 8.975, 2.275]
				},
				{
					"name": "positioning",
					"pivot": [-3.025, -8.95, -11.225]
				},
				{
					"name": "muzzle_flash",
					"parent": "positioning",
					"pivot": [-0.025, 7.6, -33.475]
				},
				{
					"name": "ground",
					"parent": "positioning",
					"pivot": [0, 0, 0]
				},
				{
					"name": "fixed",
					"parent": "positioning",
					"pivot": [1.575, 6.65, -3.925],
					"rotation": [0, 90, 0]
				},
				{
					"name": "thirdperson_hand",
					"parent": "positioning",
					"pivot": [0.125, 5.05, 7.175]
				}
			]
		}
	]
}