{
	"format_version": "1.12.0",
	"minecraft:geometry": [
		{
			"description": {
				"identifier": "geometry.unknown",
				"texture_width": 64,
				"texture_height": 64,
				"visible_bounds_width": 4,
				"visible_bounds_height": 2.5,
				"visible_bounds_offset": [0, 0.75, 0]
			},
			"bones": [
				{
					"name": "base",
					"pivot": [0, 0.5, 0]
				},
				{
					"name": "Barrels",
					"parent": "base",
					"pivot": [0, -2.26626, -4.09285],
					"cubes": [
						{
							"origin": [-0.25324, 4.40187, -17.9247],
							"size": [0.50647, 0.50647, 16.7769],
							"pivot": [0, 4.6551, 1.83379],
							"rotation": [0, 0, 45],
							"uv": {
								"north": {"uv": [0, 43], "uv_size": [0.5, 0.5]},
								"east": {"uv": [27, 7], "uv_size": [17, 0.5]},
								"south": {"uv": [1, 43], "uv_size": [0.5, 0.5]},
								"west": {"uv": [27, 9], "uv_size": [17, 0.5]},
								"up": {"uv": [12, 27], "uv_size": [0.5, 17]},
								"down": {"uv": [13, 44], "uv_size": [0.5, -17]}
							}
						},
						{
							"origin": [-0.25324, 5.61388, -11.94608],
							"size": [0.60541, 0.60541, 10.79828],
							"pivot": [0, 5.96606, 1.83379],
							"rotation": [0, 0, 45],
							"uv": {
								"north": {"uv": [2, 43], "uv_size": [0.5, 0.5]},
								"east": {"uv": [31, 8], "uv_size": [11, 0.5]},
								"south": {"uv": [3, 43], "uv_size": [0.5, 0.5]},
								"west": {"uv": [31, 20], "uv_size": [11, 0.5]},
								"up": {"uv": [10, 31], "uv_size": [0.5, 11]},
								"down": {"uv": [11, 42], "uv_size": [0.5, -11]}
							}
						},
						{
							"origin": [-0.25279, 4.67395, -12.0482],
							"size": [0.50558, 1.47591, 1.08166],
							"pivot": [-0.25368, 5.89774, -12.24608],
							"rotation": [-42.5, 0, 0],
							"uv": {
								"north": {"uv": [6, 41], "uv_size": [0.5, 1.5]},
								"east": {"uv": [27, 38], "uv_size": [1, 1.5]},
								"south": {"uv": [8, 41], "uv_size": [0.5, 1.5]},
								"west": {"uv": [28, 38], "uv_size": [1, 1.5]},
								"up": {"uv": [7, 42], "uv_size": [0.5, 1]},
								"down": {"uv": [42, 12], "uv_size": [0.5, -1]}
							}
						},
						{
							"origin": [-0.42665, 6.38067, -17.26834],
							"size": [0.85329, 0.80329, 0.76011],
							"uv": {
								"north": {"uv": [28, 29], "uv_size": [1, 1]},
								"east": {"uv": [32, 17], "uv_size": [1, 1]},
								"south": {"uv": [9, 39], "uv_size": [1, 1]},
								"west": {"uv": [29, 39], "uv_size": [1, 1]},
								"up": {"uv": [30, 39], "uv_size": [1, 1]},
								"down": {"uv": [31, 40], "uv_size": [1, -1]}
							}
						},
						{
							"origin": [-0.25322, 4.66101, -17.26832],
							"size": [0.50643, 1.73088, 0.24399],
							"inflate": 0.002,
							"uv": {
								"north": {"uv": [9, 41], "uv_size": [0.5, 1.5]},
								"east": {"uv": [41, 14], "uv_size": [0.5, 1.5]},
								"south": {"uv": [20, 41], "uv_size": [0.5, 1.5]},
								"west": {"uv": [21, 41], "uv_size": [0.5, 1.5]},
								"up": {"uv": [4, 43], "uv_size": [0.5, 0.5]},
								"down": {"uv": [43, 4.5], "uv_size": [0.5, -0.5]}
							}
						},
						{
							"origin": [-0.25324, 4.71046, -17.27232],
							"size": [0.50647, 0.69158, 1.12649],
							"uv": {
								"north": {"uv": [5, 43], "uv_size": [0.5, 0.5]},
								"east": {"uv": [42, 12], "uv_size": [1, 0.5]},
								"south": {"uv": [43, 5], "uv_size": [0.5, 0.5]},
								"west": {"uv": [42, 13], "uv_size": [1, 0.5]},
								"up": {"uv": [14, 42], "uv_size": [0.5, 1]},
								"down": {"uv": [42, 15], "uv_size": [0.5, -1]}
							}
						},
						{
							"origin": [-0.25324, 5.35867, -16.40298],
							"size": [0.50647, 1.10661, 0.24735],
							"pivot": [-0.25324, 5.40814, -16.27371],
							"rotation": [20, 0, 0],
							"uv": {
								"north": {"uv": [15, 42], "uv_size": [0.5, 1]},
								"east": {"uv": [42, 15], "uv_size": [0.5, 1]},
								"south": {"uv": [16, 42], "uv_size": [0.5, 1]},
								"west": {"uv": [42, 16], "uv_size": [0.5, 1]},
								"up": {"uv": [6, 43], "uv_size": [0.5, 0.5]},
								"down": {"uv": [43, 6.5], "uv_size": [0.5, -0.5]}
							}
						},
						{
							"origin": [-0.05536, 6.38067, -17.1694],
							"size": [0.11071, 0.40753, 0.1912],
							"uv": {
								"north": {"uv": [7, 43], "uv_size": [0.5, 0.5]},
								"east": {"uv": [8, 43], "uv_size": [0.5, 0.5]},
								"south": {"uv": [9, 43], "uv_size": [0.5, 0.5]},
								"west": {"uv": [10, 43], "uv_size": [0.5, 0.5]},
								"up": {"uv": [11, 43], "uv_size": [0.5, 0.5]},
								"down": {"uv": [43, 11.5], "uv_size": [0.5, -0.5]}
							}
						},
						{
							"origin": [-0.25324, 4.69869, -12.44608],
							"size": [0.50647, 1.19905, 0.9117],
							"uv": {
								"north": {"uv": [17, 42], "uv_size": [0.5, 1]},
								"east": {"uv": [32, 39], "uv_size": [1, 1]},
								"south": {"uv": [42, 17], "uv_size": [0.5, 1]},
								"west": {"uv": [33, 39], "uv_size": [1, 1]},
								"up": {"uv": [18, 42], "uv_size": [0.5, 1]},
								"down": {"uv": [42, 19], "uv_size": [0.5, -1]}
							}
						},
						{
							"origin": [-0.35218, 4.30293, -23.75933],
							"size": [0.70435, 0.70435, 6.3234],
							"pivot": [0, 4.6551, -15.68559],
							"rotation": [0, 0, -45],
							"uv": {
								"north": {"uv": [43, 12], "uv_size": [0.5, 0.5]},
								"east": {"uv": [33, 29], "uv_size": [6.5, 0.5]},
								"south": {"uv": [43, 13], "uv_size": [0.5, 0.5]},
								"west": {"uv": [33, 30], "uv_size": [6.5, 0.5]},
								"up": {"uv": [30, 32], "uv_size": [0.5, 6.5]},
								"down": {"uv": [8, 40.5], "uv_size": [0.5, -6.5]}
							}
						},
						{
							"origin": [-0.35218, 4.30293, -17.41569],
							"size": [0.70435, 0.70435, 1.37424],
							"pivot": [0, 4.6551, -13.01726],
							"rotation": [0, 0, -45],
							"uv": {
								"north": {"uv": [14, 43], "uv_size": [0.5, 0.5]},
								"east": {"uv": [22, 41], "uv_size": [1.5, 0.5]},
								"south": {"uv": [43, 14], "uv_size": [0.5, 0.5]},
								"west": {"uv": [41, 23], "uv_size": [1.5, 0.5]},
								"up": {"uv": [24, 41], "uv_size": [0.5, 1.5]},
								"down": {"uv": [41, 25.5], "uv_size": [0.5, -1.5]}
							}
						},
						{
							"origin": [-0.35218, 4.30293, -13.31074],
							"size": [0.70435, 0.70435, 1.77424],
							"pivot": [0, 4.6551, -13.26461],
							"rotation": [0, 0, -45],
							"uv": {
								"north": {"uv": [15, 43], "uv_size": [0.5, 0.5]},
								"east": {"uv": [39, 33], "uv_size": [2, 0.5]},
								"south": {"uv": [43, 15], "uv_size": [0.5, 0.5]},
								"west": {"uv": [39, 34], "uv_size": [2, 0.5]},
								"up": {"uv": [37, 39], "uv_size": [0.5, 2]},
								"down": {"uv": [38, 41], "uv_size": [0.5, -2]}
							}
						},
						{
							"origin": [-0.2285, 3.80823, -12.08574],
							"size": [0.457, 0.90223, 0.53749],
							"uv": {
								"north": {"uv": [19, 42], "uv_size": [0.5, 1]},
								"east": {"uv": [42, 19], "uv_size": [0.5, 1]},
								"south": {"uv": [42, 20], "uv_size": [0.5, 1]},
								"west": {"uv": [42, 21], "uv_size": [0.5, 1]},
								"up": {"uv": [16, 43], "uv_size": [0.5, 0.5]},
								"down": {"uv": [43, 16.5], "uv_size": [0.5, -0.5]}
							}
						},
						{
							"origin": [-0.2285, 3.80823, -17.405],
							"size": [0.457, 0.90223, 0.88855],
							"uv": {
								"north": {"uv": [22, 42], "uv_size": [0.5, 1]},
								"east": {"uv": [39, 38], "uv_size": [1, 1]},
								"south": {"uv": [42, 22], "uv_size": [0.5, 1]},
								"west": {"uv": [39, 39], "uv_size": [1, 1]},
								"up": {"uv": [23, 42], "uv_size": [0.5, 1]},
								"down": {"uv": [42, 25], "uv_size": [0.5, -1]}
							}
						},
						{
							"origin": [-0.0785, 3.90823, -17.405],
							"size": [0.157, 0.20223, 9.28855],
							"pivot": [0, 4.00935, -12.76072],
							"rotation": [0, 0, -45],
							"uv": {
								"north": {"uv": [17, 43], "uv_size": [0.5, 0.5]},
								"east": {"uv": [31, 25], "uv_size": [9.5, 0.5]},
								"south": {"uv": [43, 17], "uv_size": [0.5, 0.5]},
								"west": {"uv": [31, 26], "uv_size": [9.5, 0.5]},
								"up": {"uv": [31, 27], "uv_size": [0.5, 9.5]},
								"down": {"uv": [14, 41.5], "uv_size": [0.5, -9.5]}
							}
						},
						{
							"origin": [-0.35218, 4.30293, -8.61109],
							"size": [0.70435, 0.70435, 0.53749],
							"pivot": [0, 4.6551, -10.19747],
							"rotation": [0, 0, -45],
							"uv": {
								"north": {"uv": [18, 43], "uv_size": [0.5, 0.5]},
								"east": {"uv": [43, 18], "uv_size": [0.5, 0.5]},
								"south": {"uv": [19, 43], "uv_size": [0.5, 0.5]},
								"west": {"uv": [43, 19], "uv_size": [0.5, 0.5]},
								"up": {"uv": [20, 43], "uv_size": [0.5, 0.5]},
								"down": {"uv": [43, 20.5], "uv_size": [0.5, -0.5]}
							}
						}
					]
				},
				{
					"name": "Ak74m_base",
					"parent": "base",
					"pivot": [0, -7.21326, 6.69161],
					"cubes": [
						{
							"origin": [-0.5, -3.03031, 1.1926],
							"size": [1, 2.8125, 2.9375],
							"pivot": [0, 0.02169, 1.68243],
							"rotation": [-26, 0, 0],
							"uv": {
								"north": {"uv": [9, 34], "uv_size": [1, 3]},
								"east": {"uv": [26, 20], "uv_size": [3, 3]},
								"south": {"uv": [34, 14], "uv_size": [1, 3]},
								"west": {"uv": [26, 23], "uv_size": [3, 3]}
							}
						},
						{
							"origin": [-0.5, -0.68123, 1.23584],
							"size": [1, 2.9, 2.9375],
							"pivot": [0, 0.27607, 2.12754],
							"rotation": [-18, 0, 0],
							"uv": {
								"north": {"uv": [22, 34], "uv_size": [1, 3]},
								"east": {"uv": [26, 26], "uv_size": [3, 3]},
								"south": {"uv": [23, 34], "uv_size": [1, 3]},
								"west": {"uv": [27, 4], "uv_size": [3, 3]},
								"up": {"uv": [24, 34], "uv_size": [1, 3]}
							}
						},
						{
							"origin": [-0.499, 1.8388, 1.76642],
							"size": [0.998, 2.15, 2.9375],
							"pivot": [-0.001, 1.83884, 2.70392],
							"rotation": [-10, 0, 0],
							"uv": {
								"north": {"uv": [6, 37], "uv_size": [1, 2]},
								"east": {"uv": [30, 5], "uv_size": [3, 2]},
								"south": {"uv": [7, 37], "uv_size": [1, 2]},
								"west": {"uv": [30, 12], "uv_size": [3, 2]},
								"up": {"uv": [25, 34], "uv_size": [1, 3]}
							}
						},
						{
							"origin": [-0.94145, 5.44536, -8.21061],
							"size": [1.8829, 0.79046, 5.5],
							"uv": {
								"north": {"uv": [16, 28], "uv_size": [2, 1]},
								"east": {"uv": [14, 31], "uv_size": [5.5, 1]},
								"south": {"uv": [36, 28], "uv_size": [2, 1]},
								"west": {"uv": [31, 21], "uv_size": [5.5, 1]},
								"up": {"uv": [16, 22], "uv_size": [2, 5.5]},
								"down": {"uv": [22, 26.5], "uv_size": [2, -5.5]}
							}
						},
						{
							"origin": [-0.94145, 5.24536, -8.21061],
							"size": [1.8829, 0.21546, 5.45],
							"uv": {
								"north": {"uv": [0, 40], "uv_size": [2, 0.5]},
								"east": {"uv": [34, 11], "uv_size": [5.5, 0.5]},
								"south": {"uv": [4, 40], "uv_size": [2, 0.5]},
								"west": {"uv": [35, 24], "uv_size": [5.5, 0.5]},
								"up": {"uv": [4, 24], "uv_size": [2, 5.5]},
								"down": {"uv": [6, 29.5], "uv_size": [2, -5.5]}
							}
						},
						{
							"origin": [-0.46937, 6.22481, -8.21061],
							"size": [0.93874, 0.48309, 5.5],
							"uv": {
								"north": {"uv": [42, 25], "uv_size": [1, 0.5]},
								"east": {"uv": [34, 35], "uv_size": [5.5, 0.5]},
								"south": {"uv": [26, 42], "uv_size": [1, 0.5]},
								"west": {"uv": [36, 0], "uv_size": [5.5, 0.5]},
								"up": {"uv": [20, 31], "uv_size": [1, 5.5]},
								"down": {"uv": [21, 36.5], "uv_size": [1, -5.5]}
							}
						},
						{
							"origin": [-0.94145, 3.6397, -8.21061],
							"size": [1.8829, 1.53251, 6.75],
							"uv": {
								"north": {"uv": [34, 0], "uv_size": [2, 1.5]},
								"east": {"uv": [20, 4], "uv_size": [7, 1.5]},
								"south": {"uv": [26, 34], "uv_size": [2, 1.5]},
								"west": {"uv": [20, 6], "uv_size": [7, 1.5]},
								"up": {"uv": [16, 15], "uv_size": [2, 7]},
								"down": {"uv": [18, 9], "uv_size": [2, -7]}
							}
						},
						{
							"origin": [-0.935, 3.1397, -8.16061],
							"size": [1.87, 0.63251, 5.7],
							"pivot": [0.09401, 3.77575, 4.65812],
							"rotation": [-2.5, 0, 0],
							"uv": {
								"north": {"uv": [40, 10], "uv_size": [2, 0.5]},
								"east": {"uv": [36, 1], "uv_size": [5.5, 0.5]},
								"south": {"uv": [40, 11], "uv_size": [2, 0.5]},
								"west": {"uv": [36, 5], "uv_size": [5.5, 0.5]},
								"up": {"uv": [8, 24], "uv_size": [2, 5.5]},
								"down": {"uv": [24, 26.5], "uv_size": [2, -5.5]}
							}
						},
						{
							"origin": [-0.935, 3.13346, -3.28061],
							"size": [1.87, 0.91733, 2.27651],
							"pivot": [0.14338, 6.178, -1.67284],
							"rotation": [-22.5, 0, 0],
							"uv": {
								"north": {"uv": [37, 14], "uv_size": [2, 1]},
								"east": {"uv": [23, 12], "uv_size": [2.5, 1]},
								"south": {"uv": [15, 37], "uv_size": [2, 1]},
								"west": {"uv": [27, 36], "uv_size": [2.5, 1]},
								"up": {"uv": [22, 31], "uv_size": [2, 2.5]},
								"down": {"uv": [31, 24.5], "uv_size": [2, -2.5]}
							}
						},
						{
							"origin": [-0.67938, 5.48374, -8.21061],
							"size": [0.66763, 0.73777, 5.5],
							"pivot": [-0.82769, 5.91232, -4.15195],
							"rotation": [0, 0, -45],
							"uv": {
								"north": {"uv": [21, 43], "uv_size": [0.5, 0.5]},
								"east": {"uv": [36, 6], "uv_size": [5.5, 0.5]},
								"south": {"uv": [43, 21], "uv_size": [0.5, 0.5]},
								"west": {"uv": [36, 12], "uv_size": [5.5, 0.5]},
								"up": {"uv": [2, 36], "uv_size": [0.5, 5.5]},
								"down": {"uv": [3, 41.5], "uv_size": [0.5, -5.5]}
							}
						},
						{
							"origin": [0.01176, 5.48374, -8.21061],
							"size": [0.66763, 0.73777, 5.5],
							"pivot": [0.82769, 5.91232, -4.15195],
							"rotation": [0, 0, 45],
							"uv": {
								"north": {"uv": [22, 43], "uv_size": [0.5, 0.5]},
								"east": {"uv": [36, 13], "uv_size": [5.5, 0.5]},
								"south": {"uv": [43, 22], "uv_size": [0.5, 0.5]},
								"west": {"uv": [36, 27], "uv_size": [5.5, 0.5]},
								"up": {"uv": [17, 36], "uv_size": [0.5, 5.5]},
								"down": {"uv": [18, 41.5], "uv_size": [0.5, -5.5]}
							}
						},
						{
							"origin": [-0.94145, 3.39341, -1.96061],
							"size": [1.8829, 0.24629, 0.5],
							"uv": {
								"north": {"uv": [20, 40], "uv_size": [2, 0.5]},
								"east": {"uv": [23, 43], "uv_size": [0.5, 0.5]},
								"south": {"uv": [22, 40], "uv_size": [2, 0.5]},
								"west": {"uv": [43, 23], "uv_size": [0.5, 0.5]},
								"up": {"uv": [24, 40], "uv_size": [2, 0.5]},
								"down": {"uv": [27, 40.5], "uv_size": [2, -0.5]}
							}
						},
						{
							"origin": [-0.935, 3.1093, -2.22011],
							"size": [1.87, 0.94149, 0.47538],
							"uv": {
								"north": {"uv": [37, 15], "uv_size": [2, 1]},
								"east": {"uv": [27, 42], "uv_size": [0.5, 1]},
								"south": {"uv": [37, 16], "uv_size": [2, 1]},
								"west": {"uv": [42, 27], "uv_size": [0.5, 1]},
								"up": {"uv": [40, 28], "uv_size": [2, 0.5]},
								"down": {"uv": [29, 40.5], "uv_size": [2, -0.5]}
							}
						},
						{
							"origin": [-0.935, 2.59719, -4.0756],
							"size": [1.87, 0.94245, 0.4018],
							"pivot": [0.14338, 5.66686, -3.52833],
							"rotation": [45, 0, 0],
							"uv": {
								"north": {"uv": [37, 17], "uv_size": [2, 1]},
								"east": {"uv": [28, 42], "uv_size": [0.5, 1]},
								"south": {"uv": [37, 18], "uv_size": [2, 1]},
								"west": {"uv": [42, 28], "uv_size": [0.5, 1]},
								"up": {"uv": [40, 29], "uv_size": [2, 0.5]},
								"down": {"uv": [40, 30.5], "uv_size": [2, -0.5]}
							}
						},
						{
							"origin": [-0.7814, 1.87174, 8.48754],
							"size": [1.5628, 1.28622, 2.4735],
							"uv": {
								"north": {"uv": [36, 33], "uv_size": [1.5, 1.5]},
								"east": {"uv": [32, 31], "uv_size": [2.5, 1.5]},
								"south": {"uv": [34, 36], "uv_size": [1.5, 1.5]},
								"west": {"uv": [33, 5], "uv_size": [2.5, 1.5]},
								"up": {"uv": [33, 17], "uv_size": [1.5, 2.5]},
								"down": {"uv": [33, 24.5], "uv_size": [1.5, -2.5]}
							}
						},
						{
							"origin": [-0.50736, 1.87174, 5.04938],
							"size": [1.01473, 1.38516, 0.96467],
							"uv": {
								"north": {"uv": [38, 33], "uv_size": [1, 1.5]},
								"east": {"uv": [34, 38], "uv_size": [1, 1.5]},
								"south": {"uv": [35, 38], "uv_size": [1, 1.5]},
								"west": {"uv": [36, 38], "uv_size": [1, 1.5]},
								"up": {"uv": [9, 40], "uv_size": [1, 1]},
								"down": {"uv": [31, 41], "uv_size": [1, -1]}
							}
						},
						{
							"origin": [-0.78155, 2.71591, 10.93631],
							"size": [1.5628, 0.34311, 0.27209],
							"uv": {
								"north": {"uv": [41, 26], "uv_size": [1.5, 0.5]},
								"east": {"uv": [24, 43], "uv_size": [0.5, 0.5]},
								"south": {"uv": [27, 41], "uv_size": [1.5, 0.5]},
								"west": {"uv": [43, 24], "uv_size": [0.5, 0.5]},
								"up": {"uv": [29, 41], "uv_size": [1.5, 0.5]},
								"down": {"uv": [31, 41.5], "uv_size": [1.5, -0.5]}
							}
						},
						{
							"origin": [-0.66885, -2.04526, 9.76144],
							"size": [1.3377, 0.70738, 0.52502],
							"pivot": [-0.59323, -1.98099, 10.20667],
							"rotation": [-32.5, 0, 0],
							"uv": {
								"north": {"uv": [41, 31], "uv_size": [1.5, 0.5]},
								"east": {"uv": [25, 43], "uv_size": [0.5, 0.5]},
								"south": {"uv": [41, 32], "uv_size": [1.5, 0.5]},
								"west": {"uv": [43, 25], "uv_size": [0.5, 0.5]},
								"up": {"uv": [33, 41], "uv_size": [1.5, 0.5]},
								"down": {"uv": [41, 33.5], "uv_size": [1.5, -0.5]}
							}
						},
						{
							"origin": [-0.66885, -1.62325, 11.13437],
							"size": [1.3377, 0.54417, 0.44523],
							"pivot": [-0.59323, -1.72219, 11.5796],
							"rotation": [-32.5, 0, 0],
							"uv": {
								"north": {"uv": [41, 34], "uv_size": [1.5, 0.5]},
								"east": {"uv": [26, 43], "uv_size": [0.5, 0.5]},
								"south": {"uv": [35, 41], "uv_size": [1.5, 0.5]},
								"west": {"uv": [43, 26], "uv_size": [0.5, 0.5]},
								"up": {"uv": [41, 35], "uv_size": [1.5, 0.5]},
								"down": {"uv": [37, 41.5], "uv_size": [1.5, -0.5]}
							}
						},
						{
							"origin": [-0.78155, 2.0228, 10.71369],
							"size": [1.5628, 0.69311, 0.4947],
							"pivot": [-0.48083, 2.71591, 11.20839],
							"rotation": [-22.5, 0, 0],
							"uv": {
								"north": {"uv": [39, 41], "uv_size": [1.5, 0.5]},
								"east": {"uv": [27, 43], "uv_size": [0.5, 0.5]},
								"south": {"uv": [41, 40], "uv_size": [1.5, 0.5]},
								"west": {"uv": [43, 27], "uv_size": [0.5, 0.5]},
								"up": {"uv": [41, 41], "uv_size": [1.5, 0.5]},
								"down": {"uv": [0, 42.5], "uv_size": [1.5, -0.5]}
							}
						},
						{
							"origin": [-0.66885, -1.99916, 9.56988],
							"size": [1.3377, 4.42757, 1.87986],
							"pivot": [0.08758, -0.0451, 9.02571],
							"rotation": [17.5, 0, 0],
							"uv": {
								"north": {"uv": [29, 25], "uv_size": [1.5, 4.5]},
								"east": {"uv": [0, 26], "uv_size": [2, 4.5]},
								"south": {"uv": [26, 29], "uv_size": [1.5, 4.5]},
								"west": {"uv": [10, 26], "uv_size": [2, 4.5]},
								"up": {"uv": [28, 34], "uv_size": [1.5, 2]},
								"down": {"uv": [34, 35], "uv_size": [1.5, -2]}
							}
						},
						{
							"origin": [-0.66885, -2.34408, 9.59944],
							"size": [1.3377, 0.72792, 1.46095],
							"pivot": [0.08758, -0.13206, 9.05527],
							"rotation": [17.5, 0, 0],
							"uv": {
								"north": {"uv": [42, 0], "uv_size": [1.5, 0.5]},
								"east": {"uv": [42, 1], "uv_size": [1.5, 0.5]},
								"south": {"uv": [2, 42], "uv_size": [1.5, 0.5]},
								"west": {"uv": [42, 2], "uv_size": [1.5, 0.5]},
								"up": {"uv": [36, 36], "uv_size": [1.5, 1.5]},
								"down": {"uv": [0, 38.5], "uv_size": [1.5, -1.5]}
							}
						}
					]
				},
				{
					"name": "Stock",
					"parent": "Ak74m_base",
					"pivot": [0.02721, 3.27575, 13.72372],
					"cubes": [
						{
							"origin": [-0.66784, 2.75996, 11.51747],
							"size": [1.33569, 1.25, 11.5],
							"pivot": [0.02474, 4.37984, 12.12453],
							"rotation": [-17.5, 0, 0],
							"uv": {
								"north": {"uv": [38, 28], "uv_size": [1.5, 1]},
								"east": {"uv": [20, 2], "uv_size": [11.5, 1]},
								"south": {"uv": [38, 36], "uv_size": [1.5, 1]},
								"west": {"uv": [20, 3], "uv_size": [11.5, 1]},
								"up": {"uv": [8, 12], "uv_size": [1.5, 11.5]},
								"down": {"uv": [10, 25.5], "uv_size": [1.5, -11.5]}
							}
						},
						{
							"origin": [-0.66785, 2.55758, 12.41953],
							"size": [1.33569, 4.19308, 1.20127],
							"pivot": [-0.66804, 4.75066, 13.49581],
							"rotation": [79, 0, 0],
							"uv": {
								"north": {"uv": [8, 30], "uv_size": [1.5, 4]},
								"east": {"uv": [17, 32], "uv_size": [1, 4]},
								"south": {"uv": [30, 14], "uv_size": [1.5, 4]},
								"west": {"uv": [18, 32], "uv_size": [1, 4]},
								"up": {"uv": [37, 38], "uv_size": [1.5, 1]},
								"down": {"uv": [38, 38], "uv_size": [1.5, -1]}
							}
						},
						{
							"origin": [-0.67, -0.11054, 14.2494],
							"size": [1.34, 11.5, 4.75],
							"pivot": [0.00216, 4.29292, 18.59876],
							"rotation": [84, 0, 0],
							"uv": {
								"north": {"uv": [12, 15], "uv_size": [1.5, 11.5]},
								"east": {"uv": [0, 0], "uv_size": [5, 11.5]},
								"south": {"uv": [14, 15], "uv_size": [1.5, 11.5]},
								"west": {"uv": [5, 0], "uv_size": [5, 11.5]},
								"up": {"uv": [29, 20], "uv_size": [1.5, 5]},
								"down": {"uv": [24, 34], "uv_size": [1.5, -5]}
							}
						},
						{
							"origin": [-0.66785, 2.77177, 14.97784],
							"size": [1.33569, 2.19308, 1.07627],
							"pivot": [0, 3.86831, 15.51598],
							"rotation": [-52.5, 0, 0],
							"uv": {
								"north": {"uv": [0, 35], "uv_size": [1.5, 2]},
								"east": {"uv": [9, 37], "uv_size": [1, 2]},
								"south": {"uv": [4, 35], "uv_size": [1.5, 2]},
								"west": {"uv": [20, 37], "uv_size": [1, 2]},
								"up": {"uv": [0, 39], "uv_size": [1.5, 1]},
								"down": {"uv": [39, 3], "uv_size": [1.5, -1]}
							}
						}
					]
				},
				{
					"name": "BaseReceiver",
					"parent": "Ak74m_base",
					"pivot": [-0.69258, 0.88882, -0.88229],
					"cubes": [
						{
							"origin": [0, 0.95459, 5.06616],
							"size": [0, 2.4735, 3.95866],
							"uv": {
								"north": {"uv": [0, 0], "uv_size": [0, 2.5]},
								"east": {"uv": [26, 12], "uv_size": [4, 2.5]},
								"south": {"uv": [0, 0], "uv_size": [0, 2.5]},
								"west": {"uv": [26, 17], "uv_size": [4, 2.5]},
								"up": {"uv": [0, 0], "uv_size": [0, 4]},
								"down": {"uv": [0, 4], "uv_size": [0, -4]}
							}
						},
						{
							"origin": [-0.8918, 3.46656, -1.49329],
							"size": [1.7836, 1.4841, 13.33186],
							"uv": {
								"north": {"uv": [6, 35], "uv_size": [2, 1.5]},
								"east": {"uv": [12, 13], "uv_size": [13.5, 1.5]},
								"south": {"uv": [35, 14], "uv_size": [2, 1.5]},
								"west": {"uv": [14, 0], "uv_size": [13.5, 1.5]},
								"up": {"uv": [10, 0], "uv_size": [2, 13.5]},
								"down": {"uv": [0, 25.5], "uv_size": [2, -13.5]}
							}
						},
						{
							"origin": [-0.6621, 4.75278, -2.78141],
							"size": [1.3242, 1.78092, 3.18869],
							"uv": {
								"north": {"uv": [15, 35], "uv_size": [1.5, 2]},
								"east": {"uv": [30, 18], "uv_size": [3, 2]},
								"south": {"uv": [35, 16], "uv_size": [1.5, 2]},
								"west": {"uv": [28, 30], "uv_size": [3, 2]},
								"up": {"uv": [32, 14], "uv_size": [1.5, 3]},
								"down": {"uv": [15, 35], "uv_size": [1.5, -3]}
							}
						},
						{
							"origin": [-0.89, 3.36958, -0.82896],
							"size": [1.78, 0.5233, 12.65669],
							"pivot": [-0.74271, 3.36958, -0.37896],
							"rotation": [-2, 0, 0],
							"uv": {
								"north": {"uv": [32, 40], "uv_size": [2, 0.5]},
								"east": {"uv": [27, 10], "uv_size": [12.5, 0.5]},
								"south": {"uv": [34, 40], "uv_size": [2, 0.5]},
								"west": {"uv": [30, 4], "uv_size": [12.5, 0.5]},
								"up": {"uv": [12, 0], "uv_size": [2, 12.5]},
								"down": {"uv": [2, 24.5], "uv_size": [2, -12.5]}
							}
						},
						{
							"origin": [-0.94205, 3.79822, 3.70644],
							"size": [0.1, 1.45936, 5.66431],
							"pivot": [0.05795, 4.3279, 8.76474],
							"rotation": [22.5, 0, 0],
							"uv": {
								"north": {"uv": [25, 41], "uv_size": [0.5, 1.5]},
								"east": {"uv": [28, 0], "uv_size": [5.5, 1.5]},
								"south": {"uv": [42, 5], "uv_size": [0.5, 1.5]},
								"west": {"uv": [14, 29], "uv_size": [5.5, 1.5]},
								"up": {"uv": [19, 36], "uv_size": [0.5, 5.5]},
								"down": {"uv": [26, 41.5], "uv_size": [0.5, -5.5]}
							}
						}
					]
				},
				{
					"name": "upper",
					"parent": "BaseReceiver",
					"pivot": [-0.76688, 4.74748, 8.64068],
					"cubes": [
						{
							"origin": [-0.56885, 5.61658, -0.0148],
							"size": [1.1377, 0.86572, 10.29358],
							"uv": {
								"north": {"uv": [40, 35], "uv_size": [1, 1]},
								"east": {"uv": [20, 8], "uv_size": [10.5, 1]},
								"south": {"uv": [36, 40], "uv_size": [1, 1]},
								"west": {"uv": [23, 11], "uv_size": [10.5, 1]},
								"up": {"uv": [2, 25], "uv_size": [1, 10.5]},
								"down": {"uv": [3, 35.5], "uv_size": [1, -10.5]}
							}
						},
						{
							"origin": [-0.9302, 4.86898, -0.76692],
							"size": [1.8604, 0.89046, 11.98775],
							"uv": {
								"north": {"uv": [37, 19], "uv_size": [2, 1]},
								"east": {"uv": [18, 15], "uv_size": [12, 1]},
								"south": {"uv": [21, 37], "uv_size": [2, 1]},
								"west": {"uv": [18, 16], "uv_size": [12, 1]},
								"up": {"uv": [4, 12], "uv_size": [2, 12]},
								"down": {"uv": [6, 24], "uv_size": [2, -12]}
							}
						},
						{
							"origin": [-0.9302, 4.85172, 11.17072],
							"size": [1.8604, 0.39576, 0.71731],
							"uv": {
								"north": {"uv": [40, 36], "uv_size": [2, 0.5]},
								"east": {"uv": [28, 43], "uv_size": [0.5, 0.5]},
								"south": {"uv": [40, 37], "uv_size": [2, 0.5]},
								"west": {"uv": [43, 28], "uv_size": [0.5, 0.5]},
								"up": {"uv": [40, 38], "uv_size": [2, 0.5]},
								"down": {"uv": [39, 40.5], "uv_size": [2, -0.5]}
							}
						},
						{
							"origin": [-0.9302, 4.75278, 11.04704],
							"size": [1.8604, 0.4947, 0.84099],
							"pivot": [-0.70251, 5.24748, 11.88803],
							"rotation": [-37.5, 0, 0],
							"uv": {
								"north": {"uv": [40, 39], "uv_size": [2, 0.5]},
								"east": {"uv": [29, 42], "uv_size": [1, 0.5]},
								"south": {"uv": [0, 41], "uv_size": [2, 0.5]},
								"west": {"uv": [42, 29], "uv_size": [1, 0.5]},
								"up": {"uv": [37, 21], "uv_size": [2, 1]},
								"down": {"uv": [37, 23], "uv_size": [2, -1]}
							}
						},
						{
							"origin": [-0.56885, 4.75278, 9.8085],
							"size": [1.1377, 0.64528, 1.18743],
							"pivot": [-0.61757, 5.24748, 11.64068],
							"rotation": [-37.5, 0, 0],
							"uv": {
								"north": {"uv": [30, 42], "uv_size": [1, 0.5]},
								"east": {"uv": [42, 30], "uv_size": [1, 0.5]},
								"south": {"uv": [31, 42], "uv_size": [1, 0.5]},
								"west": {"uv": [32, 42], "uv_size": [1, 0.5]},
								"up": {"uv": [41, 2], "uv_size": [1, 1]},
								"down": {"uv": [41, 4], "uv_size": [1, -1]}
							}
						},
						{
							"origin": [-0.20315, 4.75278, 10.89684],
							"size": [0.4063, 0.84316, 0.69273],
							"pivot": [-0.68751, 5.24748, 11.64068],
							"rotation": [-37.5, 0, 0],
							"uv": {
								"north": {"uv": [33, 42], "uv_size": [0.5, 1]},
								"east": {"uv": [34, 42], "uv_size": [0.5, 1]},
								"south": {"uv": [35, 42], "uv_size": [0.5, 1]},
								"west": {"uv": [36, 42], "uv_size": [0.5, 1]},
								"up": {"uv": [29, 43], "uv_size": [0.5, 0.5]},
								"down": {"uv": [43, 29.5], "uv_size": [0.5, -0.5]}
							}
						}
					]
				},
				{
					"name": "Bolt",
					"parent": "BaseReceiver",
					"pivot": [0.14851, 3.0284, 3.5329],
					"cubes": [
						{
							"origin": [-0.64321, 4.72057, -0.02169],
							"size": [1.28642, 0.9894, 4.31785],
							"uv": {
								"north": {"uv": [39, 3], "uv_size": [1.5, 1]},
								"east": {"uv": [32, 2], "uv_size": [4.5, 1]},
								"south": {"uv": [4, 39], "uv_size": [1.5, 1]},
								"west": {"uv": [32, 3], "uv_size": [4.5, 1]},
								"up": {"uv": [4, 30], "uv_size": [1.5, 4.5]},
								"down": {"uv": [6, 34.5], "uv_size": [1.5, -4.5]}
							}
						},
						{
							"origin": [-1.64321, 5.22057, 0.72831],
							"size": [2.28642, 0.4894, 0.25],
							"inflate": -0.002,
							"uv": {
								"north": {"uv": [39, 16], "uv_size": [2.5, 0.5]},
								"east": {"uv": [30, 43], "uv_size": [0.5, 0.5]},
								"south": {"uv": [39, 17], "uv_size": [2.5, 0.5]},
								"west": {"uv": [43, 30], "uv_size": [0.5, 0.5]},
								"up": {"uv": [39, 18], "uv_size": [2.5, 0.5]},
								"down": {"uv": [39, 19.5], "uv_size": [2.5, -0.5]}
							}
						},
						{
							"origin": [-0.39586, 5.69078, 0.22566],
							"size": [0.79172, 0.74205, 3.82315],
							"uv": {
								"north": {"uv": [42, 36], "uv_size": [1, 0.5]},
								"east": {"uv": [37, 23], "uv_size": [4, 0.5]},
								"south": {"uv": [37, 42], "uv_size": [1, 0.5]},
								"west": {"uv": [37, 31], "uv_size": [4, 0.5]},
								"up": {"uv": [19, 32], "uv_size": [1, 4]},
								"down": {"uv": [32, 31], "uv_size": [1, -4]}
							}
						}
					]
				},
				{
					"name": "rear_sight",
					"parent": "BaseReceiver",
					"pivot": [0.34629, 7.0341, -2.47271],
					"cubes": [
						{
							"origin": [-0.36363, 6.68322, -2.94431],
							"size": [0.72727, 0.21822, 3.58685],
							"inflate": -0.001,
							"pivot": [0, 6.71961, -0.75354],
							"rotation": [1, 0, 0],
							"uv": {
								"north": {"uv": [31, 43], "uv_size": [0.5, 0.5]},
								"east": {"uv": [37, 32], "uv_size": [3.5, 0.5]},
								"south": {"uv": [43, 31], "uv_size": [0.5, 0.5]},
								"west": {"uv": [21, 38], "uv_size": [3.5, 0.5]},
								"up": {"uv": [15, 38], "uv_size": [0.5, 3.5]},
								"down": {"uv": [16, 41.5], "uv_size": [0.5, -3.5]}
							}
						},
						{
							"origin": [-0.43297, 6.09158, -2.72166],
							"size": [0.86594, 0.61367, 2.63637],
							"inflate": -0.001,
							"pivot": [0.3875, 6.59841, -0.86598],
							"rotation": [-12.5, 0, 0],
							"uv": {
								"north": {"uv": [42, 37], "uv_size": [1, 0.5]},
								"east": {"uv": [20, 39], "uv_size": [2.5, 0.5]},
								"south": {"uv": [38, 42], "uv_size": [1, 0.5]},
								"west": {"uv": [39, 21], "uv_size": [2.5, 0.5]},
								"up": {"uv": [32, 36], "uv_size": [1, 2.5]},
								"down": {"uv": [33, 38.5], "uv_size": [1, -2.5]}
							}
						},
						{
							"origin": [-0.61838, 6.51553, -0.22313],
							"size": [1.23675, 0.43538, 0.43534],
							"pivot": [-0.17119, 6.75795, -0.01711],
							"rotation": [45, 0, 0],
							"uv": {
								"north": {"uv": [42, 38], "uv_size": [1, 0.5]},
								"east": {"uv": [32, 43], "uv_size": [0.5, 0.5]},
								"south": {"uv": [39, 42], "uv_size": [1, 0.5]},
								"west": {"uv": [43, 32], "uv_size": [0.5, 0.5]},
								"up": {"uv": [42, 39], "uv_size": [1, 0.5]},
								"down": {"uv": [40, 42.5], "uv_size": [1, -0.5]}
							}
						},
						{
							"origin": [-0.74205, 6.70749, 0.32738],
							"size": [1.4841, 0.48481, 0.31512],
							"uv": {
								"north": {"uv": [42, 3], "uv_size": [1.5, 0.5]},
								"east": {"uv": [33, 43], "uv_size": [0.5, 0.5]},
								"south": {"uv": [42, 8], "uv_size": [1.5, 0.5]},
								"west": {"uv": [43, 33], "uv_size": [0.5, 0.5]},
								"up": {"uv": [10, 42], "uv_size": [1.5, 0.5]},
								"down": {"uv": [42, 10.5], "uv_size": [1.5, -0.5]}
							}
						}
					]
				},
				{
					"name": "positioning2",
					"parent": "Ak74m_base",
					"pivot": [0, 0, 0]
				},
				{
					"name": "scope_pos",
					"parent": "positioning2",
					"pivot": [0, 9, -4.025]
				},
				{
					"name": "elysium",
					"parent": "Ak74m_base",
					"pivot": [0, -0.2, 0],
					"cubes": [
						{
							"origin": [-0.725, 7.3, -18.5],
							"size": [1.45, 1.3, 8],
							"uv": {
								"north": {"uv": [37, 2], "uv_size": [1.5, 1.5]},
								"east": {"uv": [18, 17], "uv_size": [8, 1.5]},
								"west": {"uv": [18, 19], "uv_size": [8, 1.5]},
								"up": {"uv": [18, 21], "uv_size": [1.5, 8]},
								"down": {"uv": [20, 29], "uv_size": [1.5, -8]}
							}
						},
						{
							"origin": [-0.9, 7.3, -10.5],
							"size": [1.8, 1.3, 8.5],
							"uv": {
								"east": {"uv": [14, 11], "uv_size": [8.5, 1.5]},
								"south": {"uv": [35, 18], "uv_size": [2, 1.5]},
								"west": {"uv": [18, 9], "uv_size": [8.5, 1.5]},
								"up": {"uv": [14, 2], "uv_size": [2, 8.5]},
								"down": {"uv": [16, 10.5], "uv_size": [2, -8.5]}
							}
						},
						{
							"origin": [-1.3, 7.1, -4.2],
							"size": [0.4, 0.9, 1.8],
							"uv": {
								"north": {"uv": [41, 42], "uv_size": [0.5, 1]},
								"east": {"uv": [23, 37], "uv_size": [2, 1]},
								"south": {"uv": [42, 42], "uv_size": [0.5, 1]},
								"west": {"uv": [27, 37], "uv_size": [2, 1]},
								"up": {"uv": [4, 41], "uv_size": [0.5, 2]},
								"down": {"uv": [5, 43], "uv_size": [0.5, -2]}
							}
						},
						{
							"origin": [-0.425, 5.5, -10.9],
							"size": [0.85, 1.8, 2.05],
							"uv": {
								"north": {"uv": [25, 37], "uv_size": [1, 2]},
								"east": {"uv": [14, 27], "uv_size": [2, 2]},
								"south": {"uv": [29, 37], "uv_size": [1, 2]},
								"west": {"uv": [28, 32], "uv_size": [2, 2]},
								"down": {"uv": [31, 39], "uv_size": [1, -2]}
							}
						},
						{
							"origin": [-0.325, 6.85, -11.225],
							"size": [0.65, 0.45, 2.7],
							"uv": {
								"north": {"uv": [34, 43], "uv_size": [0.5, 0.5]},
								"east": {"uv": [39, 22], "uv_size": [2.5, 0.5]},
								"south": {"uv": [43, 34], "uv_size": [0.5, 0.5]},
								"west": {"uv": [23, 39], "uv_size": [2.5, 0.5]},
								"down": {"uv": [7, 41.5], "uv_size": [0.5, -2.5]}
							}
						},
						{
							"origin": [-0.7649, 7.3, -11.33135],
							"size": [1.3271, 1.3, 1.21606],
							"pivot": [-0.3378, 7.95, -10.48135],
							"rotation": [0, -42.5, 0],
							"uv": {
								"north": {"uv": [4, 37], "uv_size": [1.5, 1.5]},
								"east": {"uv": [6, 39], "uv_size": [1, 1.5]},
								"up": {"uv": [39, 14], "uv_size": [1.5, 1]},
								"down": {"uv": [39, 16], "uv_size": [1.5, -1]}
							}
						},
						{
							"origin": [-0.725, 5.375, -18.5],
							"size": [1.45, 1.925, 4],
							"uv": {
								"north": {"uv": [35, 22], "uv_size": [1.5, 2]},
								"east": {"uv": [22, 27], "uv_size": [4, 2]},
								"south": {"uv": [35, 31], "uv_size": [1.5, 2]},
								"west": {"uv": [20, 29], "uv_size": [4, 2]},
								"down": {"uv": [0, 35], "uv_size": [1.5, -4]}
							}
						},
						{
							"origin": [-0.72, 6.2492, -15.51449],
							"size": [1.44, 1.575, 2.7],
							"pivot": [0, 7.0367, -13.95199],
							"rotation": [45, 0, 0],
							"uv": {
								"east": {"uv": [33, 12], "uv_size": [2.5, 1.5]},
								"west": {"uv": [33, 27], "uv_size": [2.5, 1.5]},
								"down": {"uv": [32, 35.5], "uv_size": [1.5, -2.5]}
							}
						}
					]
				},
				{
					"name": "positioning",
					"pivot": [-3.025, -8.95, -11.225]
				},
				{
					"name": "ground",
					"parent": "positioning",
					"pivot": [0, -10, 0]
				},
				{
					"name": "fixed",
					"parent": "positioning",
					"pivot": [1.1, 4.425, 2.175],
					"rotation": [0, 90, 0]
				},
				{
					"name": "thirdperson_hand",
					"parent": "positioning",
					"pivot": [0.025, 2.975, 7.15]
				},
				{
					"name": "shell",
					"parent": "positioning",
					"pivot": [-0.625, 4.875, -1.225]
				},
				{
					"name": "muzzle_flash",
					"parent": "positioning",
					"pivot": [-0.025, 4.1, -21.475]
				}
			]
		}
	]
}