{
	"format_version": "1.12.0",
	"minecraft:geometry": [
		{
			"description": {
				"identifier": "geometry.hk_mp5a5 - Converted",
				"texture_width": 32,
				"texture_height": 32,
				"visible_bounds_width": 3,
				"visible_bounds_height": 2.5,
				"visible_bounds_offset": [0, 0.75, 0]
			},
			"bones": [
				{
					"name": "mp5a5",
					"pivot": [0, 9, 7.5],
					"cubes": [
						{
							"origin": [-0.625, 7.875, 2.25],
							"size": [1.25, 2.5, 5.25],
							"uv": {
								"north": {"uv": [22, 14], "uv_size": [1.5, 2.5]},
								"east": {"uv": [4, 8], "uv_size": [5.5, 2.5]},
								"south": {"uv": [16, 22], "uv_size": [1.5, 2.5]},
								"west": {"uv": [9, 0], "uv_size": [5.5, 2.5]},
								"down": {"uv": [0, 22.5], "uv_size": [1.5, -5.5]}
							}
						},
						{
							"origin": [-0.3125, 6.125, 2.75],
							"size": [0.625, 1.75, 3.5],
							"uv": {
								"north": {"uv": [26, 7], "uv_size": [0.5, 2]},
								"down": {"uv": [25, 7.5], "uv_size": [0.5, -3.5]}
							}
						},
						{
							"origin": [0, 6.625, 4.25],
							"size": [0, 1.5, 0.5],
							"pivot": [0, 7.375, 4.5],
							"rotation": [-22.5, 0, 0],
							"uv": {
								"east": {"uv": [13, 27], "uv_size": [0.5, 1.5]},
								"west": {"uv": [27, 13], "uv_size": [0.5, 1.5]}
							}
						},
						{
							"origin": [-0.5, 3.625, 6],
							"size": [1, 4.75, 1.75],
							"pivot": [0, 6.625, 6.5],
							"rotation": [22.5, 0, 0],
							"uv": {
								"north": {"uv": [9, 3], "uv_size": [1, 5]},
								"east": {"uv": [12, 5], "uv_size": [2, 5]},
								"south": {"uv": [17, 12], "uv_size": [1, 5]},
								"west": {"uv": [10, 12], "uv_size": [2, 5]},
								"down": {"uv": [3, 26], "uv_size": [1, -2]}
							}
						},
						{
							"origin": [-0.5, 4.33172, 8.8029],
							"size": [1, 4.75, 0.75],
							"inflate": -0.002,
							"pivot": [0.625, 4.33172, 8.8029],
							"rotation": [32.5, 0, 0],
							"uv": {
								"north": {"uv": [17, 17], "uv_size": [1, 5]},
								"east": {"uv": [18, 12], "uv_size": [1, 5]},
								"south": {"uv": [18, 17], "uv_size": [1, 5]},
								"west": {"uv": [19, 12], "uv_size": [1, 5]},
								"up": {"uv": [16, 21], "uv_size": [1, 1]},
								"down": {"uv": [26, 10], "uv_size": [1, -1]}
							}
						},
						{
							"origin": [-0.375, 7.875, 1.75],
							"size": [0.75, 2, 0.5],
							"uv": {
								"north": {"uv": [4, 24], "uv_size": [1, 2]},
								"east": {"uv": [26, 11], "uv_size": [0.5, 2]},
								"west": {"uv": [12, 26], "uv_size": [0.5, 2]},
								"up": {"uv": [19, 27], "uv_size": [1, 0.5]},
								"down": {"uv": [27, 19.5], "uv_size": [1, -0.5]}
							}
						},
						{
							"origin": [-0.875, 10, 0],
							"size": [1.75, 1.75, 8.5],
							"pivot": [0, 10.875, 4.625],
							"rotation": [0, 0, -45],
							"uv": {
								"north": {"uv": [20, 15], "uv_size": [2, 2]},
								"east": {"uv": [0, 4], "uv_size": [8.5, 2]},
								"west": {"uv": [0, 6], "uv_size": [8.5, 2]},
								"up": {"uv": [0, 8], "uv_size": [2, 8.5]},
								"down": {"uv": [2, 16.5], "uv_size": [2, -8.5]}
							}
						},
						{
							"origin": [-0.625, 8.04068, -0.01282],
							"size": [1.25, 2.75, 2],
							"pivot": [0, 9.04068, 1.11218],
							"rotation": [-12.5, 0, 0],
							"uv": {
								"north": {"uv": [19, 0], "uv_size": [1.5, 3]},
								"east": {"uv": [15, 0], "uv_size": [2, 3]},
								"south": {"uv": [19, 17], "uv_size": [1.5, 3]},
								"west": {"uv": [17, 0], "uv_size": [2, 3]},
								"up": {"uv": [23, 3], "uv_size": [1.5, 2]},
								"down": {"uv": [5, 25], "uv_size": [1.5, -2]}
							}
						},
						{
							"origin": [-0.625, 9.125, 7.5],
							"size": [1.25, 1.25, 1],
							"uv": {
								"east": {"uv": [25, 8], "uv_size": [1, 1.5]},
								"west": {"uv": [17, 25], "uv_size": [1, 1.5]},
								"down": {"uv": [25, 11], "uv_size": [1.5, -1]}
							}
						},
						{
							"origin": [-0.875, 9.125, 8.5],
							"size": [1.75, 1.5, 1.5],
							"uv": {
								"north": {"uv": [23, 5], "uv_size": [2, 1.5]},
								"east": {"uv": [22, 23], "uv_size": [1.5, 1.5]},
								"south": {"uv": [23, 7], "uv_size": [2, 1.5]},
								"west": {"uv": [1, 24], "uv_size": [1.5, 1.5]},
								"down": {"uv": [23, 10.5], "uv_size": [2, -1.5]}
							}
						},
						{
							"origin": [-1, 9.4375, 8.8125],
							"size": [2, 0.75, 0.75],
							"pivot": [0, 9.8125, 9.1875],
							"rotation": [45, 0, 0],
							"uv": {
								"north": {"uv": [8, 24], "uv_size": [2, 1]},
								"east": {"uv": [13, 26], "uv_size": [1, 1]},
								"south": {"uv": [24, 12], "uv_size": [2, 1]},
								"west": {"uv": [26, 13], "uv_size": [1, 1]},
								"up": {"uv": [24, 13], "uv_size": [2, 1]},
								"down": {"uv": [24, 15], "uv_size": [2, -1]}
							}
						},
						{
							"origin": [-0.75, 8.0625, 2.4375],
							"size": [1.5, 0.5, 0.5],
							"pivot": [0, 8.3125, 2.6875],
							"rotation": [45, 0, 0],
							"uv": {
								"north": {"uv": [14, 27], "uv_size": [1.5, 0.5]},
								"east": {"uv": [28, 3], "uv_size": [0.5, 0.5]},
								"south": {"uv": [17, 27], "uv_size": [1.5, 0.5]},
								"west": {"uv": [4, 28], "uv_size": [0.5, 0.5]},
								"up": {"uv": [27, 17], "uv_size": [1.5, 0.5]},
								"down": {"uv": [27, 18.5], "uv_size": [1.5, -0.5]}
							}
						},
						{
							"origin": [-0.875, 10.3125, 8.5],
							"size": [1.75, 1.8125, 2],
							"uv": {
								"north": {"uv": [21, 0], "uv_size": [2, 2]},
								"east": {"uv": [2, 21], "uv_size": [2, 2]},
								"south": {"uv": [10, 21], "uv_size": [2, 2]},
								"west": {"uv": [21, 10], "uv_size": [2, 2]},
								"up": {"uv": [12, 21], "uv_size": [2, 2]}
							}
						},
						{
							"origin": [-0.625, 11.3125, 0],
							"size": [1.25, 0.8125, 8.5],
							"uv": {
								"north": {"uv": [19, 25], "uv_size": [1.5, 1]},
								"east": {"uv": [14, 5], "uv_size": [8.5, 1]},
								"west": {"uv": [14, 6], "uv_size": [8.5, 1]},
								"up": {"uv": [6, 11], "uv_size": [1.5, 8.5]}
							}
						},
						{
							"origin": [-0.5, 11.8125, 6.25],
							"size": [1, 1.0625, 2.25],
							"uv": {
								"north": {"uv": [14, 26], "uv_size": [1, 1]},
								"east": {"uv": [23, 11], "uv_size": [2.5, 1]},
								"south": {"uv": [26, 14], "uv_size": [1, 1]},
								"west": {"uv": [23, 19], "uv_size": [2.5, 1]},
								"up": {"uv": [15, 23], "uv_size": [1, 2.5]}
							}
						},
						{
							"origin": [-0.5, 12.53276, 6.37718],
							"size": [1, 0.51536, 1.84776],
							"pivot": [0, 12.76687, 7.37718],
							"rotation": [22.5, 0, 0],
							"uv": {
								"east": {"uv": [26, 15], "uv_size": [2, 0.5]},
								"south": {"uv": [20, 27], "uv_size": [1, 0.5]},
								"west": {"uv": [26, 16], "uv_size": [2, 0.5]},
								"up": {"uv": [24, 15], "uv_size": [1, 2]}
							}
						},
						{
							"origin": [-0.375, 12.86933, 6.6641],
							"size": [0.75, 0.625, 0.75],
							"pivot": [0, 13.24433, 7.0391],
							"rotation": [30.36119, -40.78947, -20.94102],
							"uv": {
								"north": {"uv": [27, 20], "uv_size": [1, 0.5]},
								"east": {"uv": [21, 27], "uv_size": [1, 0.5]},
								"south": {"uv": [22, 27], "uv_size": [1, 0.5]},
								"west": {"uv": [27, 22], "uv_size": [1, 0.5]},
								"down": {"uv": [15, 27], "uv_size": [1, -1]}
							}
						},
						{
							"origin": [-0.4375, 11.53125, -8.75],
							"size": [0.875, 0.875, 8.75],
							"pivot": [0, 11.96875, -4.25],
							"rotation": [0, 0, 45],
							"uv": {
								"north": {"uv": [26, 17], "uv_size": [1, 1]},
								"east": {"uv": [12, 10], "uv_size": [9, 1]},
								"south": {"uv": [18, 26], "uv_size": [1, 1]},
								"west": {"uv": [12, 11], "uv_size": [9, 1]},
								"up": {"uv": [12, 12], "uv_size": [1, 9]},
								"down": {"uv": [13, 21], "uv_size": [1, -9]}
							}
						},
						{
							"origin": [-0.1875, 12.40625, -5.25],
							"size": [0.375, 1.25, 0.75],
							"pivot": [0, 11.84375, -4],
							"rotation": [0, 0, 67.5],
							"uv": {
								"north": {"uv": [26, 4], "uv_size": [0.5, 2.5]},
								"east": {"uv": [23, 20], "uv_size": [1, 2.5]},
								"south": {"uv": [7, 26], "uv_size": [0.5, 2.5]},
								"west": {"uv": [21, 23], "uv_size": [1, 2.5]},
								"up": {"uv": [23, 27], "uv_size": [0.5, 1]},
								"down": {"uv": [27, 24], "uv_size": [0.5, -1]}
							}
						},
						{
							"origin": [-0.4375, 10.46875, -8.75],
							"size": [0.875, 0.875, 0.75],
							"pivot": [0, 10.90625, -4.25],
							"rotation": [0, 0, 45],
							"uv": {
								"north": {"uv": [26, 18], "uv_size": [1, 1]},
								"east": {"uv": [19, 26], "uv_size": [1, 1]},
								"south": {"uv": [26, 19], "uv_size": [1, 1]},
								"west": {"uv": [20, 26], "uv_size": [1, 1]},
								"up": {"uv": [26, 20], "uv_size": [1, 1]},
								"down": {"uv": [21, 27], "uv_size": [1, -1]}
							}
						},
						{
							"origin": [-1.5625, 11.09375, -8.75],
							"size": [2, 0.625, 0.75],
							"pivot": [0, 11.40625, -8.375],
							"rotation": [0, 0, 90],
							"uv": {
								"north": {"uv": [26, 21], "uv_size": [2, 0.5]},
								"east": {"uv": [24, 27], "uv_size": [1, 0.5]},
								"south": {"uv": [22, 26], "uv_size": [2, 0.5]},
								"west": {"uv": [27, 24], "uv_size": [1, 0.5]},
								"up": {"uv": [24, 20], "uv_size": [2, 1]},
								"down": {"uv": [24, 22], "uv_size": [2, -1]}
							}
						},
						{
							"origin": [-0.5, 12.84375, -8.75],
							"size": [1, 1, 0.75],
							"pivot": [0, 13.34375, -8.375],
							"rotation": [0, 0, 135],
							"uv": {
								"east": {"uv": [26, 22], "uv_size": [1, 1]},
								"west": {"uv": [26, 23], "uv_size": [1, 1]},
								"up": {"uv": [24, 26], "uv_size": [1, 1]},
								"down": {"uv": [26, 25], "uv_size": [1, -1]}
							}
						},
						{
							"origin": [-0.3125, 11.65625, -9],
							"size": [0.625, 0.625, 0.25],
							"pivot": [0, 11.96875, -4.5],
							"rotation": [0, 0, 45],
							"uv": {
								"north": {"uv": [28, 4], "uv_size": [0.5, 0.5]},
								"east": {"uv": [28, 5], "uv_size": [0.5, 0.5]},
								"west": {"uv": [28, 6], "uv_size": [0.5, 0.5]},
								"up": {"uv": [28, 7], "uv_size": [0.5, 0.5]},
								"down": {"uv": [28, 8.5], "uv_size": [0.5, -0.5]}
							}
						},
						{
							"origin": [-0.5, 10.40625, -9.475],
							"size": [1, 1, 9.725],
							"pivot": [0, 10.90625, -4.5],
							"rotation": [0, 0, 45],
							"uv": {
								"north": {"uv": [25, 26], "uv_size": [1, 1]},
								"east": {"uv": [12, 3], "uv_size": [10.5, 1]},
								"south": {"uv": [26, 25], "uv_size": [1, 1]},
								"west": {"uv": [12, 4], "uv_size": [10.5, 1]},
								"up": {"uv": [8, 11], "uv_size": [1, 10.5]},
								"down": {"uv": [9, 21.5], "uv_size": [1, -10.5]}
							}
						},
						{
							"origin": [-0.19887, 11.78374, 0],
							"size": [0.88388, 0.88388, 8.5],
							"pivot": [0, 12.46875, 4.25],
							"rotation": [0, 0, 45],
							"uv": {
								"north": {"uv": [26, 26], "uv_size": [1, 1]},
								"east": {"uv": [14, 7], "uv_size": [8.5, 1]},
								"south": {"uv": [0, 27], "uv_size": [1, 1]},
								"up": {"uv": [14, 12], "uv_size": [1, 8.5]},
								"down": {"uv": [15, 20.5], "uv_size": [1, -8.5]}
							}
						},
						{
							"origin": [-0.48181, 11.35068, 8.5],
							"size": [1.23744, 1.23744, 2],
							"inflate": 0.001,
							"pivot": [-0.11937, 11.88193, 9.5],
							"rotation": [0, 0, -45],
							"uv": {
								"north": {"uv": [27, 0], "uv_size": [1, 1]},
								"east": {"uv": [24, 22], "uv_size": [2, 1]},
								"south": {"uv": [27, 1], "uv_size": [1, 1]},
								"west": {"uv": [24, 23], "uv_size": [2, 1]},
								"up": {"uv": [24, 24], "uv_size": [1, 2]},
								"down": {"uv": [25, 4], "uv_size": [1, -2]}
							}
						},
						{
							"origin": [-1, 9.875, 8.5],
							"size": [2, 2, 2],
							"inflate": -0.001,
							"pivot": [0, 10.875, 9.375],
							"rotation": [0, 0, -45],
							"uv": {
								"north": {"uv": [14, 21], "uv_size": [2, 2]},
								"east": {"uv": [21, 17], "uv_size": [2, 2]},
								"south": {"uv": [21, 19], "uv_size": [2, 2]},
								"west": {"uv": [21, 21], "uv_size": [2, 2]},
								"up": {"uv": [8, 22], "uv_size": [2, 2]},
								"down": {"uv": [22, 14], "uv_size": [2, -2]}
							}
						},
						{
							"origin": [-0.5, 10.375, 10.5],
							"size": [1, 1, 1],
							"pivot": [0, 10.875, 11.375],
							"rotation": [0, 0, -45],
							"uv": {
								"east": {"uv": [27, 2], "uv_size": [1, 1]},
								"south": {"uv": [27, 3], "uv_size": [1, 1]},
								"west": {"uv": [27, 4], "uv_size": [1, 1]},
								"up": {"uv": [27, 5], "uv_size": [1, 1]},
								"down": {"uv": [27, 7], "uv_size": [1, -1]}
							}
						},
						{
							"origin": [0, 9.875, 10.875],
							"size": [1, 2, 0.25],
							"pivot": [0, 10.875, 11.375],
							"rotation": [0, 0, -112.5],
							"uv": {
								"east": {"uv": [27, 7], "uv_size": [0.5, 2]},
								"west": {"uv": [27, 9], "uv_size": [0.5, 2]},
								"up": {"uv": [25, 27], "uv_size": [1, 0.5]},
								"down": {"uv": [27, 25.5], "uv_size": [1, -0.5]}
							}
						},
						{
							"origin": [-0.875, 9.16358, 9.80604],
							"size": [1.75, 1.3125, 0.5],
							"pivot": [0, 9.91358, 10.05604],
							"rotation": [-22.5, 0, 0],
							"uv": {
								"north": {"uv": [10, 23], "uv_size": [2, 1.5]},
								"east": {"uv": [10, 23], "uv_size": [2, 1.5]},
								"south": {"uv": [10, 23], "uv_size": [2, 1.5]},
								"west": {"uv": [10, 23], "uv_size": [2, 1.5]},
								"up": {"uv": [10, 23], "uv_size": [2, 1.5]},
								"down": {"uv": [10, 24.5], "uv_size": [2, -1.5]}
							}
						},
						{
							"origin": [-0.625, 8.625, 7],
							"size": [1.25, 0.75, 1.125],
							"inflate": -0.005,
							"pivot": [0, 9, 7.5],
							"rotation": [45, 0, 0],
							"uv": {
								"east": {"uv": [27, 11], "uv_size": [1, 1]},
								"west": {"uv": [27, 12], "uv_size": [1, 1]},
								"down": {"uv": [22, 26], "uv_size": [1.5, -1]}
							}
						},
						{
							"origin": [-0.5, 4.25, -0.625],
							"size": [1, 2.75, 1.5],
							"inflate": -0.001,
							"pivot": [0, 6, -0.125],
							"rotation": [-20, 0, 0],
							"uv": {
								"north": {"uv": [7, 23], "uv_size": [1, 3]},
								"east": {"uv": [4, 20], "uv_size": [1.5, 3]},
								"south": {"uv": [12, 23], "uv_size": [1, 3]},
								"west": {"uv": [6, 20], "uv_size": [1.5, 3]},
								"up": {"uv": [25, 24], "uv_size": [1, 1.5]},
								"down": {"uv": [1, 27.5], "uv_size": [1, -1.5]}
							}
						},
						{
							"origin": [-0.5, 6.70702, -0.09313],
							"size": [1, 2.75, 1.5],
							"pivot": [0, 8.08202, 0.65687],
							"rotation": [-10, 0, 0],
							"uv": {
								"north": {"uv": [13, 23], "uv_size": [1, 3]},
								"east": {"uv": [20, 12], "uv_size": [1.5, 3]},
								"south": {"uv": [14, 23], "uv_size": [1, 3]},
								"west": {"uv": [19, 20], "uv_size": [1.5, 3]},
								"up": {"uv": [2, 26], "uv_size": [1, 1.5]},
								"down": {"uv": [26, 3.5], "uv_size": [1, -1.5]}
							}
						},
						{
							"origin": [-0.5, 1.32273, -1.87086],
							"size": [1, 3.25, 1.5],
							"pivot": [0, 3.19773, -1.12086],
							"rotation": [-30, 0, 0],
							"uv": {
								"north": {"uv": [18, 22], "uv_size": [1, 3.5]},
								"east": {"uv": [2, 17], "uv_size": [1.5, 3.5]},
								"south": {"uv": [0, 23], "uv_size": [1, 3.5]},
								"west": {"uv": [10, 17], "uv_size": [1.5, 3.5]},
								"up": {"uv": [3, 26], "uv_size": [1, 1.5]},
								"down": {"uv": [4, 27.5], "uv_size": [1, -1.5]}
							}
						},
						{
							"origin": [-1.23744, 10.475, -4.5],
							"size": [0.475, 0.8, 3.35],
							"uv": {
								"north": {"uv": [26, 27], "uv_size": [0.5, 1]},
								"east": {"uv": [21, 2], "uv_size": [3.5, 1]},
								"south": {"uv": [27, 26], "uv_size": [0.5, 1]},
								"up": {"uv": [5, 25], "uv_size": [0.5, 3.5]},
								"down": {"uv": [6, 28.5], "uv_size": [0.5, -3.5]}
							}
						},
						{
							"origin": [0.76244, 10.475, -4.5],
							"size": [0.475, 0.8, 3.35],
							"uv": {
								"north": {"uv": [27, 27], "uv_size": [0.5, 1]},
								"south": {"uv": [0, 28], "uv_size": [0.5, 1]},
								"west": {"uv": [23, 0], "uv_size": [3.5, 1]},
								"up": {"uv": [8, 25], "uv_size": [0.5, 3.5]},
								"down": {"uv": [9, 28.5], "uv_size": [0.5, -3.5]}
							}
						},
						{
							"origin": [0.76244, 10.475, -8.3],
							"size": [0.475, 0.8, 3.35],
							"uv": {
								"north": {"uv": [28, 0], "uv_size": [0.5, 1]},
								"south": {"uv": [1, 28], "uv_size": [0.5, 1]},
								"west": {"uv": [1, 23], "uv_size": [3.5, 1]},
								"up": {"uv": [10, 25], "uv_size": [0.5, 3.5]},
								"down": {"uv": [11, 28.5], "uv_size": [0.5, -3.5]}
							}
						},
						{
							"origin": [-0.4, 9.6, -8.675],
							"size": [0.8, 0.425, 8.6],
							"uv": {
								"north": {"uv": [28, 1], "uv_size": [1, 0.5]},
								"east": {"uv": [14, 8], "uv_size": [8.5, 0.5]},
								"south": {"uv": [2, 28], "uv_size": [1, 0.5]},
								"west": {"uv": [14, 9], "uv_size": [8.5, 0.5]},
								"down": {"uv": [16, 20.5], "uv_size": [1, -8.5]}
							}
						},
						{
							"origin": [-1.23744, 10.475, -8.3],
							"size": [0.475, 0.8, 3.35],
							"uv": {
								"north": {"uv": [28, 2], "uv_size": [0.5, 1]},
								"east": {"uv": [23, 1], "uv_size": [3.5, 1]},
								"south": {"uv": [3, 28], "uv_size": [0.5, 1]},
								"up": {"uv": [25, 15], "uv_size": [0.5, 3.5]},
								"down": {"uv": [16, 28.5], "uv_size": [0.5, -3.5]}
							}
						},
						{
							"origin": [-0.875, 10, -8.825],
							"size": [1.75, 1.75, 8.825],
							"pivot": [0, 10.875, -4.4125],
							"rotation": [0, 0, 45],
							"uv": {
								"north": {"uv": [23, 17], "uv_size": [1.5, 2]},
								"east": {"uv": [0, 0], "uv_size": [9, 1.5]},
								"south": {"uv": [19, 23], "uv_size": [1.5, 2]},
								"west": {"uv": [0, 2.5], "uv_size": [9, 1.5]},
								"up": {"uv": [10, 3], "uv_size": [1.5, 9]},
								"down": {"uv": [4, 20], "uv_size": [1.5, -9]}
							}
						}
					]
				},
				{
					"name": "bone",
					"parent": "mp5a5",
					"pivot": [-2.16244, 9.875, -7.775]
				},
				{
					"name": "positioning",
					"pivot": [0, 0, -8]
				},
				{
					"name": "thirdperson_hand",
					"parent": "positioning",
					"pivot": [0, 7.925, 5.65]
				},
				{
					"name": "ground",
					"parent": "positioning",
					"pivot": [0, -0.9, 2.65]
				},
				{
					"name": "fixed",
					"parent": "positioning",
					"pivot": [1.5, 10.675, 3.45],
					"rotation": [0, 90, 0]
				},
				{
					"name": "muzzle_flash",
					"parent": "positioning",
					"pivot": [0, 10.875, -10.5]
				},
				{
					"name": "laser_pos",
					"parent": "positioning",
					"pivot": [1.46875, 10.875, -6.925],
					"rotation": [0, 0, 90]
				}
			]
		}
	]
}