{
	"format_version": "1.12.0",
	"minecraft:geometry": [
		{
			"description": {
				"identifier": "geometry.unknown",
				"texture_width": 32,
				"texture_height": 32,
				"visible_bounds_width": 4,
				"visible_bounds_height": 2.5,
				"visible_bounds_offset": [0, 0.75, 0]
			},
			"bones": [
				{
					"name": "iso",
					"pivot": [0, 7.51161, 0.13799]
				},
				{
					"name": "body",
					"parent": "iso",
					"pivot": [0, 0, 0],
					"cubes": [
						{
							"origin": [-0.75, 7.14447, -8.68098],
							"size": [1.5, 1.375, 15.60937],
							"uv": {
								"north": {"uv": [13, 23], "uv_size": [1.5, 1.5]},
								"east": {"uv": [0, 0], "uv_size": [15.5, 1.5]},
								"south": {"uv": [24, 0], "uv_size": [1.5, 1.5]},
								"west": {"uv": [0, 2], "uv_size": [15.5, 1.5]}
							}
						},
						{
							"origin": [-0.3, 6.91947, -8.68098],
							"size": [0.6, 0.475, 15.60937],
							"uv": {
								"north": {"uv": [13, 23], "uv_size": [1.5, 1.5]}
							}
						},
						{
							"origin": [-0.4, 7.42564, -10.65598],
							"size": [0.8, 0.8, 1.975],
							"pivot": [0, 7.82564, -10.33098],
							"rotation": [0, 0, 45],
							"uv": {
								"north": {"uv": [20, 21], "uv_size": [1, 1]},
								"east": {"uv": [18, 5], "uv_size": [2, 1]},
								"west": {"uv": [24, 24], "uv_size": [2, 1]},
								"up": {"uv": [0, 24], "uv_size": [1, 2]},
								"down": {"uv": [4, 26], "uv_size": [1, -2]}
							}
						},
						{
							"origin": [-0.6875, 5.77753, -1.64348],
							"size": [1.375, 1.375, 5.80937],
							"uv": {
								"east": {"uv": [13, 14], "uv_size": [6, 1.5]},
								"west": {"uv": [15, 10], "uv_size": [6, 1.5]},
								"down": {"uv": [16, 6], "uv_size": [1.5, -6]}
							}
						},
						{
							"origin": [-0.6875, 3.7659, -4.06749],
							"size": [1.375, 3.875, 2.83437],
							"pivot": [0, 4.9034, -2.6503],
							"rotation": [10, 0, 0],
							"uv": {
								"north": {"uv": [5, 19], "uv_size": [1.5, 4]},
								"east": {"uv": [9, 10], "uv_size": [3, 4]},
								"south": {"uv": [7, 19], "uv_size": [1.5, 4]},
								"west": {"uv": [12, 10], "uv_size": [3, 4]},
								"down": {"uv": [11, 24], "uv_size": [1.5, -3]}
							}
						},
						{
							"origin": [-0.6875, 3.90253, 1.93152],
							"size": [1.375, 1.875, 2.23437],
							"uv": {
								"north": {"uv": [22, 17], "uv_size": [1.5, 2]},
								"east": {"uv": [21, 10], "uv_size": [2, 2]},
								"south": {"uv": [22, 19], "uv_size": [1.5, 2]},
								"west": {"uv": [22, 0], "uv_size": [2, 2]},
								"down": {"uv": [20, 24], "uv_size": [1.5, -2]}
							}
						},
						{
							"origin": [-0.15, 4.00253, -1.75285],
							"size": [0.3, 1.875, 3.68437],
							"uv": {
								"east": {"uv": [16, 6], "uv_size": [3.5, 2]},
								"west": {"uv": [5, 17], "uv_size": [3.5, 2]},
								"down": {"uv": [1, 28.5], "uv_size": [0.5, -3.5]}
							}
						},
						{
							"origin": [-0.6875, 0.83642, 2.27758],
							"size": [1.375, 3.85, 2.13437],
							"pivot": [0, 3.87392, 3.34476],
							"rotation": [25, 0, 0],
							"uv": {
								"north": {"uv": [19, 17], "uv_size": [1.5, 4]},
								"east": {"uv": [13, 16], "uv_size": [2, 4]},
								"south": {"uv": [20, 0], "uv_size": [1.5, 4]},
								"west": {"uv": [15, 16], "uv_size": [2, 4]},
								"down": {"uv": [22, 23], "uv_size": [1.5, -2]}
							}
						},
						{
							"origin": [-0.6875, 5.77753, 4.16589],
							"size": [1.375, 1.375, 2.68437],
							"pivot": [0.6875, 5.77753, 4.16589],
							"rotation": [18, 0, 0],
							"uv": {
								"east": {"uv": [22, 2], "uv_size": [2.5, 1.5]},
								"west": {"uv": [22, 4], "uv_size": [2.5, 1.5]},
								"down": {"uv": [17, 24.5], "uv_size": [1.5, -2.5]}
							}
						},
						{
							"origin": [-0.6875, 6.60705, 6.19388],
							"size": [1.375, 0.53742, 0.73451],
							"uv": {
								"east": {"uv": [8, 29], "uv_size": [0.5, 0.5]},
								"south": {"uv": [5, 27], "uv_size": [1.5, 0.5]},
								"west": {"uv": [29, 9], "uv_size": [0.5, 0.5]},
								"down": {"uv": [27, 5.5], "uv_size": [1.5, -0.5]}
							}
						},
						{
							"origin": [-0.47725, 7.84447, -8.67786],
							"size": [0.9545, 1.4741, 15.60625],
							"uv": {
								"north": {"uv": [3, 25], "uv_size": [1, 1.5]},
								"east": {"uv": [0, 4], "uv_size": [15.5, 1.5]},
								"west": {"uv": [0, 6], "uv_size": [15.5, 1.5]},
								"up": {"uv": [0, 8], "uv_size": [1, 15.5]}
							}
						},
						{
							"origin": [-0.50225, 8.86947, -5.35286],
							"size": [1.0045, 0.4491, 5.55625],
							"uv": {
								"east": {"uv": [22, 6], "uv_size": [5.5, 0.5]},
								"west": {"uv": [23, 10], "uv_size": [5.5, 0.5]}
							}
						},
						{
							"origin": [0.50225, 8.86947, -6.30286],
							"size": [0.4545, 0.4491, 1.43125],
							"uv": {
								"north": {"uv": [29, 10], "uv_size": [0.5, 0.5]},
								"east": {"uv": [7, 27], "uv_size": [1.5, 0.5]},
								"south": {"uv": [11, 29], "uv_size": [0.5, 0.5]},
								"west": {"uv": [27, 11], "uv_size": [1.5, 0.5]},
								"up": {"uv": [17, 27], "uv_size": [0.5, 1.5]},
								"down": {"uv": [18, 28.5], "uv_size": [0.5, -1.5]}
							}
						},
						{
							"origin": [-0.5, 9.31857, -8.42786],
							"size": [1, 0.4741, 15.13125],
							"uv": {
								"north": {"uv": [0, 28], "uv_size": [1, 0.5]},
								"east": {"uv": [15, 12], "uv_size": [15, 0.5]},
								"south": {"uv": [2, 28], "uv_size": [1, 0.5]},
								"west": {"uv": [15, 13], "uv_size": [15, 0.5]},
								"up": {"uv": [3, 10], "uv_size": [1, 15]}
							}
						},
						{
							"origin": [-0.5, 6.5918, -8.689],
							"size": [1, 0.32767, 13.55937],
							"uv": {
								"north": {"uv": [28, 2], "uv_size": [1, 0.5]},
								"east": {"uv": [17, 8], "uv_size": [13.5, 0.5]},
								"west": {"uv": [17, 16], "uv_size": [13.5, 0.5]},
								"down": {"uv": [4, 23.5], "uv_size": [1, -13.5]}
							}
						},
						{
							"origin": [-0.57713, 8.1905, -8.68098],
							"size": [1.06066, 1.06066, 15.60937],
							"pivot": [-0.26647, 8.56366, -0.8763],
							"rotation": [0, 0, 45],
							"uv": {
								"north": {"uv": [2, 26], "uv_size": [1, 1]},
								"east": {"uv": [1, 8], "uv_size": [15.5, 1]},
								"south": {"uv": [4, 26], "uv_size": [1, 1]},
								"up": {"uv": [1, 9], "uv_size": [1, 15.5]}
							}
						},
						{
							"origin": [-0.57713, 6.8155, -8.68098],
							"size": [1.06066, 1.06066, 15.60937],
							"pivot": [-0.26647, 7.18866, -0.8763],
							"rotation": [0, 0, 45],
							"uv": {
								"north": {"uv": [5, 26], "uv_size": [1, 1]},
								"west": {"uv": [2, 9], "uv_size": [15.5, 1]},
								"down": {"uv": [2, 25.5], "uv_size": [1, -15.5]}
							}
						},
						{
							"origin": [-0.75, 7.26947, 6.92839],
							"size": [1.5, 1.05, 1.15],
							"uv": {
								"east": {"uv": [6, 26], "uv_size": [1, 1]},
								"south": {"uv": [13, 25], "uv_size": [1.5, 1]},
								"west": {"uv": [7, 26], "uv_size": [1, 1]},
								"up": {"uv": [17, 25], "uv_size": [1.5, 1]},
								"down": {"uv": [25, 24], "uv_size": [1.5, -1]}
							}
						},
						{
							"origin": [-0.50239, 6.68988, 6.92839],
							"size": [1.06066, 1.06066, 0.65],
							"pivot": [0.07344, 7.27857, 7.50339],
							"rotation": [0, 0, 45],
							"uv": {
								"south": {"uv": [8, 26], "uv_size": [1, 1]},
								"west": {"uv": [3, 28], "uv_size": [0.5, 1]},
								"down": {"uv": [28, 3.5], "uv_size": [1, -0.5]}
							}
						},
						{
							"origin": [0.75, 7.41947, 6.30339],
							"size": [0.25, 0.75, 1.775],
							"uv": {
								"north": {"uv": [4, 28], "uv_size": [0.5, 1]},
								"south": {"uv": [28, 4], "uv_size": [0.5, 1]},
								"west": {"uv": [25, 2], "uv_size": [2, 1]},
								"up": {"uv": [11, 26], "uv_size": [0.5, 2]},
								"down": {"uv": [12, 28], "uv_size": [0.5, -2]}
							}
						},
						{
							"origin": [-1, 7.41947, 6.30339],
							"size": [0.25, 0.75, 1.775],
							"uv": {
								"north": {"uv": [5, 28], "uv_size": [0.5, 1]},
								"east": {"uv": [25, 3], "uv_size": [2, 1]},
								"south": {"uv": [6, 28], "uv_size": [0.5, 1]},
								"up": {"uv": [13, 26], "uv_size": [0.5, 2]},
								"down": {"uv": [14, 28], "uv_size": [0.5, -2]}
							}
						},
						{
							"origin": [-0.47725, 8.79357, 7.37839],
							"size": [0.9545, 0.525, 1.2],
							"pivot": [-0.47725, 9.31857, 7.37839],
							"rotation": [-59, 0, 0],
							"uv": {
								"east": {"uv": [28, 6], "uv_size": [1, 0.5]},
								"west": {"uv": [7, 28], "uv_size": [1, 0.5]},
								"up": {"uv": [26, 11], "uv_size": [1, 1]}
							}
						},
						{
							"origin": [-0.47725, 8.46857, 6.57839],
							"size": [0.9545, 0.45, 1.2],
							"pivot": [0, 8.71857, 7.17839],
							"rotation": [-90, 0, 0],
							"uv": {
								"north": {"uv": [8, 28], "uv_size": [1, 0.5]},
								"east": {"uv": [28, 9], "uv_size": [1, 0.5]},
								"west": {"uv": [11, 28], "uv_size": [1, 0.5]}
							}
						},
						{
							"origin": [-0.95, 8.76857, 6.92839],
							"size": [1.9, 0.55, 0.3],
							"uv": {
								"north": {"uv": [17, 26], "uv_size": [2, 0.5]},
								"east": {"uv": [29, 11], "uv_size": [0.5, 0.5]},
								"south": {"uv": [26, 17], "uv_size": [2, 0.5]},
								"west": {"uv": [12, 29], "uv_size": [0.5, 0.5]},
								"up": {"uv": [26, 18], "uv_size": [2, 0.5]},
								"down": {"uv": [19, 26.5], "uv_size": [2, -0.5]}
							}
						},
						{
							"origin": [-0.50239, 7.73987, 6.87839],
							"size": [1.06066, 1.06066, 0.875],
							"pivot": [0.07344, 8.32856, 7.45339],
							"rotation": [0, 0, 45],
							"uv": {
								"east": {"uv": [26, 19], "uv_size": [1, 1]},
								"south": {"uv": [26, 20], "uv_size": [1, 1]},
								"up": {"uv": [21, 26], "uv_size": [1, 1]}
							}
						},
						{
							"origin": [-1.025, 7.29447, -8.35598],
							"size": [2.05, 1, 2.25],
							"uv": {
								"north": {"uv": [25, 5], "uv_size": [2, 1]},
								"east": {"uv": [23, 11], "uv_size": [2.5, 1]},
								"south": {"uv": [7, 25], "uv_size": [2, 1]},
								"west": {"uv": [22, 23], "uv_size": [2.5, 1]},
								"up": {"uv": [20, 4], "uv_size": [2, 2.5]},
								"down": {"uv": [13, 22.5], "uv_size": [2, -2.5]}
							}
						}
					]
				},
				{
					"name": "mag",
					"parent": "iso",
					"pivot": [0, 4.9034, -2.8503],
					"cubes": [
						{
							"origin": [-0.5625, 1.4659, -3.46749],
							"size": [1.125, 4.575, 1.55937],
							"pivot": [0, 4.9034, -2.8503],
							"rotation": [10, 0, 0],
							"uv": {
								"north": {"uv": [21, 17], "uv_size": [1, 4.5]},
								"east": {"uv": [17, 17], "uv_size": [1.5, 4.5]},
								"south": {"uv": [19, 21], "uv_size": [1, 4.5]},
								"west": {"uv": [18, 0], "uv_size": [1.5, 4.5]}
							}
						},
						{
							"origin": [-0.7625, -4.68841, -3.42026],
							"size": [1.525, 6.375, 1.90937],
							"pivot": [0, 3.79909, -2.49057],
							"rotation": [10, 0, 0],
							"uv": {
								"north": {"uv": [9, 14], "uv_size": [1.5, 6.5]},
								"east": {"uv": [5, 10], "uv_size": [2, 6.5]},
								"south": {"uv": [11, 14], "uv_size": [1.5, 6.5]},
								"west": {"uv": [7, 10], "uv_size": [2, 6.5]},
								"up": {"uv": [5, 23], "uv_size": [1.5, 2]},
								"down": {"uv": [7, 25], "uv_size": [1.5, -2]}
							}
						}
					]
				},
				{
					"name": "stock",
					"parent": "iso",
					"pivot": [0, 0, 0],
					"cubes": [
						{
							"origin": [0.7125, 7.47506, 5.08777],
							"size": [0.17187, 0.60938, 9.69062],
							"uv": {
								"north": {"uv": [13, 29], "uv_size": [0.5, 0.5]},
								"east": {"uv": [18, 9], "uv_size": [9.5, 0.5]},
								"west": {"uv": [19, 14], "uv_size": [9.5, 0.5]},
								"up": {"uv": [15, 20], "uv_size": [0.5, 9.5]},
								"down": {"uv": [16, 29.5], "uv_size": [0.5, -9.5]}
							}
						},
						{
							"origin": [-0.8875, 7.47506, 14.77839],
							"size": [1.77187, 0.60938, 0.675],
							"uv": {
								"north": {"uv": [26, 21], "uv_size": [2, 0.5]},
								"east": {"uv": [14, 29], "uv_size": [0.5, 0.5]},
								"west": {"uv": [29, 14], "uv_size": [0.5, 0.5]},
								"up": {"uv": [22, 26], "uv_size": [2, 0.5]},
								"down": {"uv": [26, 22.5], "uv_size": [2, -0.5]}
							}
						},
						{
							"origin": [-0.4375, 7.97175, 15.02268],
							"size": [0.87187, 0.60938, 1.1],
							"pivot": [-0.00157, 8.27644, 15.44768],
							"rotation": [57.5, 0, 0],
							"uv": {
								"north": {"uv": [12, 28], "uv_size": [1, 0.5]},
								"east": {"uv": [13, 28], "uv_size": [1, 0.5]},
								"west": {"uv": [14, 28], "uv_size": [1, 0.5]},
								"up": {"uv": [26, 24], "uv_size": [1, 1]}
							}
						},
						{
							"origin": [-0.8875, 7.32506, 15.45339],
							"size": [1.77187, 0.75938, 0.7],
							"uv": {
								"north": {"uv": [25, 4], "uv_size": [2, 1]},
								"east": {"uv": [28, 17], "uv_size": [0.5, 1]},
								"south": {"uv": [5, 25], "uv_size": [2, 1]},
								"west": {"uv": [28, 18], "uv_size": [0.5, 1]}
							}
						},
						{
							"origin": [-0.6125, 5.47506, 15.45339],
							"size": [1.22187, 1.60938, 0.7],
							"uv": {
								"north": {"uv": [24, 25], "uv_size": [1, 1.5]},
								"east": {"uv": [19, 27], "uv_size": [0.5, 1.5]},
								"south": {"uv": [25, 25], "uv_size": [1, 1.5]},
								"west": {"uv": [27, 19], "uv_size": [0.5, 1.5]}
							}
						},
						{
							"origin": [-0.6625, 7.40006, 15.45339],
							"size": [1.32187, 1.60938, 0.7],
							"uv": {
								"north": {"uv": [11, 24], "uv_size": [1.5, 1.5]},
								"east": {"uv": [20, 27], "uv_size": [0.5, 1.5]},
								"south": {"uv": [24, 17], "uv_size": [1.5, 1.5]},
								"west": {"uv": [21, 27], "uv_size": [0.5, 1.5]}
							}
						},
						{
							"origin": [-0.3375, 7.72506, 15.45339],
							"size": [0.67187, 1.60938, 0.7],
							"uv": {
								"north": {"uv": [22, 27], "uv_size": [0.5, 1.5]},
								"south": {"uv": [23, 27], "uv_size": [0.5, 1.5]},
								"up": {"uv": [29, 15], "uv_size": [0.5, 0.5]}
							}
						},
						{
							"origin": [-0.37753, 6.80982, 15.45339],
							"size": [1.2529, 1.2529, 0.7],
							"pivot": [-0.01056, 7.68303, 15.96589],
							"rotation": [0, 0, 45],
							"uv": {
								"north": {"uv": [24, 19], "uv_size": [1.5, 1.5]},
								"south": {"uv": [20, 24], "uv_size": [1.5, 1.5]},
								"west": {"uv": [27, 23], "uv_size": [0.5, 1.5]},
								"down": {"uv": [24, 27.5], "uv_size": [1.5, -0.5]}
							}
						},
						{
							"origin": [-0.37753, 7.5692, 15.45339],
							"size": [1.2529, 1.2529, 0.7],
							"pivot": [-0.01056, 8.44241, 15.96589],
							"rotation": [0, 0, 45],
							"uv": {
								"north": {"uv": [24, 21], "uv_size": [1.5, 1.5]},
								"east": {"uv": [27, 25], "uv_size": [0.5, 1.5]},
								"south": {"uv": [22, 24], "uv_size": [1.5, 1.5]},
								"up": {"uv": [26, 27], "uv_size": [1.5, 0.5]}
							}
						},
						{
							"origin": [-0.26362, 5.34873, 15.45339],
							"size": [0.86399, 0.86399, 0.7],
							"pivot": [-0.28556, 5.83303, 15.96589],
							"rotation": [0, 0, 45],
							"uv": {
								"north": {"uv": [26, 25], "uv_size": [1, 1]},
								"south": {"uv": [26, 26], "uv_size": [1, 1]},
								"west": {"uv": [28, 19], "uv_size": [0.5, 1]},
								"down": {"uv": [28, 20.5], "uv_size": [1, -0.5]}
							}
						},
						{
							"origin": [-0.28433, 8.8124, 15.45339],
							"size": [0.9347, 0.9347, 0.7],
							"pivot": [-0.23556, 9.36741, 15.96589],
							"rotation": [0, 0, 45],
							"uv": {
								"north": {"uv": [27, 0], "uv_size": [1, 1]},
								"east": {"uv": [28, 21], "uv_size": [0.5, 1]},
								"south": {"uv": [27, 1], "uv_size": [1, 1]},
								"up": {"uv": [28, 22], "uv_size": [1, 0.5]}
							}
						},
						{
							"origin": [-0.88437, 7.47506, 5.08777],
							"size": [0.17187, 0.60938, 9.69062],
							"uv": {
								"north": {"uv": [17, 29], "uv_size": [0.5, 0.5]},
								"east": {"uv": [19, 15], "uv_size": [9.5, 0.5]},
								"west": {"uv": [20, 7], "uv_size": [9.5, 0.5]},
								"up": {"uv": [9, 21], "uv_size": [0.5, 9.5]},
								"down": {"uv": [10, 30.5], "uv_size": [0.5, -9.5]}
							}
						},
						{
							"origin": [-0.31949, 5.65402, 14.83291],
							"size": [0.63899, 2.26399, 1],
							"pivot": [0, 7.14851, 15.33291],
							"rotation": [90, 72.75, 90],
							"uv": {
								"north": {"uv": [26, 25], "uv_size": [1, 1]},
								"south": {"uv": [26, 26], "uv_size": [1, 1]},
								"west": {"uv": [28, 19], "uv_size": [0.5, 1]},
								"down": {"uv": [29, 20.5], "uv_size": [-1, -0.5]}
							}
						}
					]
				},
				{
					"name": "sight",
					"parent": "iso",
					"pivot": [0, -4.125, 1.725],
					"cubes": [
						{
							"origin": [-0.375, 9.8125, 4.775],
							"size": [0.75, 0.375, 1],
							"uv": {
								"east": {"uv": [28, 23], "uv_size": [1, 0.5]},
								"south": {"uv": [24, 28], "uv_size": [1, 0.5]},
								"west": {"uv": [28, 24], "uv_size": [1, 0.5]},
								"up": {"uv": [2, 27], "uv_size": [1, 1]},
								"down": {"uv": [27, 3], "uv_size": [1, -1]}
							}
						},
						{
							"origin": [-0.5625, 10.53125, 4.74375],
							"size": [1.125, 0.5625, 1.1875],
							"pivot": [0, 10.6875, 5.49375],
							"rotation": [90, 0, 0],
							"uv": {
								"north": {"uv": [25, 28], "uv_size": [1, 0.5]},
								"east": {"uv": [28, 25], "uv_size": [1, 0.5]},
								"west": {"uv": [26, 28], "uv_size": [1, 0.5]}
							}
						},
						{
							"origin": [-0.25, 10.65625, 5.11875],
							"size": [0.5, 0.3125, 0.5],
							"pivot": [0, 10.8125, 5.36875],
							"rotation": [90, 0, 0],
							"uv": {
								"north": {"uv": [29, 17], "uv_size": [0.5, 0.5]},
								"east": {"uv": [18, 29], "uv_size": [0.5, 0.5]},
								"south": {"uv": [29, 18], "uv_size": [0.5, 0.5]},
								"west": {"uv": [19, 29], "uv_size": [0.5, 0.5]}
							}
						},
						{
							"origin": [-0.5, 10.34375, 5.18125],
							"size": [0.5625, 0.3125, 0.375],
							"pivot": [0, 10.5, 5.36875],
							"rotation": [90, 0, -90],
							"uv": {
								"north": {"uv": [29, 19], "uv_size": [0.5, 0.5]},
								"east": {"uv": [20, 29], "uv_size": [0.5, 0.5]},
								"south": {"uv": [29, 20], "uv_size": [0.5, 0.5]},
								"down": {"uv": [21, 29.5], "uv_size": [0.5, -0.5]}
							}
						},
						{
							"origin": [-0.375, 9.77894, 4.29377],
							"size": [0.75, 0.375, 0.5625],
							"pivot": [0, 9.96644, 4.73127],
							"rotation": [22.5, 0, 0],
							"uv": {
								"north": {"uv": [28, 26], "uv_size": [1, 0.5]},
								"east": {"uv": [29, 21], "uv_size": [0.5, 0.5]},
								"west": {"uv": [22, 29], "uv_size": [0.5, 0.5]},
								"up": {"uv": [27, 28], "uv_size": [1, 0.5]}
							}
						},
						{
							"origin": [-0.5625, 9.4375, 4.275],
							"size": [1.125, 0.5, 1.25],
							"uv": {
								"north": {"uv": [28, 27], "uv_size": [1, 0.5]},
								"east": {"uv": [28, 28], "uv_size": [1, 0.5]},
								"south": {"uv": [0, 29], "uv_size": [1, 0.5]},
								"west": {"uv": [1, 29], "uv_size": [1, 0.5]},
								"up": {"uv": [3, 27], "uv_size": [1, 1]},
								"down": {"uv": [27, 4], "uv_size": [1, -1]}
							}
						},
						{
							"origin": [-0.3125, 10.53125, -7.55625],
							"size": [0.625, 0.3125, 0.9375],
							"pivot": [0, 10.6875, -7.05625],
							"rotation": [90, 0, 0],
							"uv": {
								"north": {"uv": [29, 22], "uv_size": [0.5, 0.5]},
								"east": {"uv": [2, 29], "uv_size": [1, 0.5]},
								"south": {"uv": [23, 29], "uv_size": [0.5, 0.5]},
								"west": {"uv": [29, 2], "uv_size": [1, 0.5]},
								"up": {"uv": [3, 29], "uv_size": [0.5, 1]},
								"down": {"uv": [29, 4], "uv_size": [0.5, -1]}
							}
						},
						{
							"origin": [-0.375, 9.8125, -7.775],
							"size": [0.75, 0.375, 1],
							"uv": {
								"east": {"uv": [4, 29], "uv_size": [1, 0.5]},
								"south": {"uv": [29, 4], "uv_size": [1, 0.5]},
								"west": {"uv": [5, 29], "uv_size": [1, 0.5]},
								"up": {"uv": [4, 27], "uv_size": [1, 1]},
								"down": {"uv": [27, 5], "uv_size": [1, -1]}
							}
						},
						{
							"origin": [-0.375, 9.77894, -8.25623],
							"size": [0.75, 0.375, 0.5625],
							"pivot": [0, 9.96644, -7.81873],
							"rotation": [22.5, 0, 0],
							"uv": {
								"north": {"uv": [29, 5], "uv_size": [1, 0.5]},
								"east": {"uv": [29, 23], "uv_size": [0.5, 0.5]},
								"west": {"uv": [24, 29], "uv_size": [0.5, 0.5]},
								"up": {"uv": [6, 29], "uv_size": [1, 0.5]}
							}
						},
						{
							"origin": [-0.5625, 9.4375, -8.275],
							"size": [1.125, 0.5, 1.25],
							"uv": {
								"north": {"uv": [29, 6], "uv_size": [1, 0.5]},
								"east": {"uv": [28, 0], "uv_size": [1.5, 0.5]},
								"south": {"uv": [7, 29], "uv_size": [1, 0.5]},
								"west": {"uv": [28, 1], "uv_size": [1.5, 0.5]},
								"up": {"uv": [0, 26], "uv_size": [1, 1.5]},
								"down": {"uv": [26, 1.5], "uv_size": [1, -1.5]}
							}
						}
					]
				},
				{
					"name": "positioning2",
					"parent": "iso",
					"pivot": [0, 11.25, -13.525]
				},
				{
					"name": "muzzle_flash",
					"parent": "positioning2",
					"pivot": [-0.0047, 7.8125, -9.8625]
				},
				{
					"name": "scope_pos",
					"parent": "positioning2",
					"pivot": [-0.0047, 9.68125, 1.15313]
				},
				{
					"name": "shell",
					"parent": "positioning2",
					"pivot": [-0.1547, 8.14375, -3.125]
				},
				{
					"name": "laser_pos",
					"parent": "positioning2",
					"pivot": [-1.1297, 7.8, -7.225],
					"rotation": [0, 0, -90]
				},
				{
					"name": "positioning",
					"pivot": [0, 0, -8]
				},
				{
					"name": "thirdperson_hand",
					"parent": "positioning",
					"pivot": [0, 4.775, 1.475]
				},
				{
					"name": "ground",
					"parent": "positioning",
					"pivot": [0, -5.1, 0]
				},
				{
					"name": "fixed",
					"parent": "positioning",
					"pivot": [0.95, 6.8, 0.375],
					"rotation": [0, 90, 0]
				}
			]
		}
	]
}