{
	"format_version": "1.12.0",
	"minecraft:geometry": [
		{
			"description": {
				"identifier": "geometry.m4a1_fom - Converted",
				"texture_width": 64,
				"texture_height": 64,
				"visible_bounds_width": 4,
				"visible_bounds_height": 2.5,
				"visible_bounds_offset": [0, 0.75, 0]
			},
			"bones": [
				{
					"name": "lod_m4",
					"pivot": [0, 0, -8]
				},
				{
					"name": "ld_handguard",
					"parent": "lod_m4",
					"pivot": [0.075, 0, -8],
					"cubes": [
						{
							"origin": [-0.82852, 8.7035, -8.62142],
							"size": [1.65704, 1.65704, 0.2701],
							"pivot": [0, 9.53202, -8.504],
							"rotation": [0, 0, -45],
							"uv": {
								"north": {"uv": [30, 6], "uv_size": [1.5, 1.5]},
								"east": {"uv": [18, 36], "uv_size": [0.5, 1.5]},
								"south": {"uv": [12, 30], "uv_size": [1.5, 1.5]},
								"west": {"uv": [21, 36], "uv_size": [0.5, 1.5]},
								"up": {"uv": [36, 21], "uv_size": [1.5, 0.5]},
								"down": {"uv": [36, 22.5], "uv_size": [1.5, -0.5]}
							}
						},
						{
							"origin": [-0.89022, 8.6418, -16.75311],
							"size": [1.78044, 1.78044, 8.16996],
							"pivot": [0, 9.53202, -8.48156],
							"rotation": [0, 0, -45],
							"uv": {
								"north": {"uv": [26, 12], "uv_size": [2, 2]},
								"east": {"uv": [6, 6], "uv_size": [8, 2]},
								"south": {"uv": [10, 27], "uv_size": [2, 2]},
								"west": {"uv": [0, 8], "uv_size": [8, 2]},
								"up": {"uv": [8, 8], "uv_size": [2, 8]},
								"down": {"uv": [0, 18], "uv_size": [2, -8]}
							}
						},
						{
							"origin": [-1.09707, 8.43495, -16.56006],
							"size": [2.19413, 2.19413, 7.47812],
							"pivot": [0, 9.53202, -8.62],
							"rotation": [0, 0, -45],
							"uv": {
								"north": {"uv": [27, 14], "uv_size": [2, 2]},
								"east": {"uv": [10, 12], "uv_size": [7.5, 2]},
								"south": {"uv": [22, 27], "uv_size": [2, 2]},
								"west": {"uv": [14, 0], "uv_size": [7.5, 2]},
								"up": {"uv": [2, 10], "uv_size": [2, 7.5]},
								"down": {"uv": [4, 17.5], "uv_size": [2, -7.5]}
							}
						},
						{
							"origin": [-1.575, 9.15, -16.475],
							"size": [3.15, 0.75, 7.35],
							"uv": {
								"north": {"uv": [23, 20], "uv_size": [3, 1]},
								"east": {"uv": [21, 10], "uv_size": [7.5, 1]},
								"south": {"uv": [29, 9], "uv_size": [3, 1]},
								"west": {"uv": [21, 11], "uv_size": [7.5, 1]},
								"up": {"uv": [0, 0], "uv_size": [3, 7.5]},
								"down": {"uv": [3, 7.5], "uv_size": [3, -7.5]}
							}
						},
						{
							"origin": [-0.375, 7.95, -16.475],
							"size": [0.75, 3.15, 7.35],
							"uv": {
								"north": {"uv": [19, 29], "uv_size": [1, 3]},
								"east": {"uv": [6, 0], "uv_size": [7.5, 3]},
								"south": {"uv": [20, 29], "uv_size": [1, 3]},
								"west": {"uv": [6, 3], "uv_size": [7.5, 3]},
								"up": {"uv": [0, 22], "uv_size": [1, 7.5]},
								"down": {"uv": [1, 29.5], "uv_size": [1, -7.5]}
							}
						}
					]
				},
				{
					"name": "ld_gunbody",
					"parent": "lod_m4",
					"pivot": [0, 0, -8]
				},
				{
					"name": "ld_foresight",
					"parent": "ld_gunbody",
					"pivot": [-0.06171, 9.53202, -16.88079],
					"cubes": [
						{
							"origin": [-0.77579, 7.71872, -17.21144],
							"size": [1.55159, 0.87659, 0.19964],
							"pivot": [0, 8.00702, -17.14912],
							"rotation": [-17.5, 0, 0],
							"uv": {
								"north": {"uv": [33, 14], "uv_size": [1.5, 1]},
								"east": {"uv": [38, 0], "uv_size": [0.5, 1]},
								"south": {"uv": [33, 15], "uv_size": [1.5, 1]},
								"west": {"uv": [1, 38], "uv_size": [0.5, 1]},
								"up": {"uv": [36, 28], "uv_size": [1.5, 0.5]},
								"down": {"uv": [29, 36.5], "uv_size": [1.5, -0.5]}
							}
						},
						{
							"origin": [-0.46329, 9.06872, -17.21144],
							"size": [0.92659, 0.92659, 0.52464],
							"inflate": 0.001,
							"pivot": [0, 9.53202, -17.20616],
							"rotation": [0, 0, -45],
							"uv": {
								"north": {"uv": [30, 20], "uv_size": [1, 1]},
								"east": {"uv": [2, 38], "uv_size": [0.5, 1]},
								"south": {"uv": [22, 31], "uv_size": [1, 1]},
								"west": {"uv": [3, 38], "uv_size": [0.5, 1]},
								"up": {"uv": [4, 38], "uv_size": [1, 0.5]},
								"down": {"uv": [5, 38.5], "uv_size": [1, -0.5]}
							}
						},
						{
							"origin": [-0.18829, 8.41872, -17.21144],
							"size": [0.37659, 0.77659, 0.52464],
							"uv": {
								"north": {"uv": [38, 5], "uv_size": [0.5, 1]},
								"east": {"uv": [6, 38], "uv_size": [0.5, 1]},
								"south": {"uv": [7, 38], "uv_size": [0.5, 1]},
								"west": {"uv": [8, 38], "uv_size": [0.5, 1]},
								"up": {"uv": [39, 2], "uv_size": [0.5, 0.5]},
								"down": {"uv": [3, 39.5], "uv_size": [0.5, -0.5]}
							}
						},
						{
							"origin": [-0.31329, 8.41872, -18.91144],
							"size": [0.62659, 4.32659, 0.47464],
							"uv": {
								"north": {"uv": [14, 30], "uv_size": [0.5, 4.5]},
								"east": {"uv": [30, 28], "uv_size": [0.5, 4.5]},
								"south": {"uv": [31, 18], "uv_size": [0.5, 4.5]},
								"west": {"uv": [21, 31], "uv_size": [0.5, 4.5]},
								"up": {"uv": [39, 3], "uv_size": [0.5, 0.5]},
								"down": {"uv": [4, 39.5], "uv_size": [0.5, -0.5]}
							}
						},
						{
							"origin": [-0.13829, 8.56762, -19.31089],
							"size": [0.27659, 0.32659, 0.49964],
							"pivot": [0, 8.73091, -19.06108],
							"rotation": [10.5, 0, 0],
							"uv": {
								"north": {"uv": [39, 4], "uv_size": [0.5, 0.5]},
								"east": {"uv": [5, 39], "uv_size": [0.5, 0.5]},
								"south": {"uv": [39, 5], "uv_size": [0.5, 0.5]},
								"west": {"uv": [6, 39], "uv_size": [0.5, 0.5]},
								"up": {"uv": [39, 6], "uv_size": [0.5, 0.5]},
								"down": {"uv": [7, 39.5], "uv_size": [0.5, -0.5]}
							}
						},
						{
							"origin": [-0.46329, 9.06872, -18.91144],
							"size": [0.92659, 0.92659, 0.47464],
							"inflate": 0.001,
							"pivot": [0, 9.53202, -17.20616],
							"rotation": [0, 0, -45],
							"uv": {
								"north": {"uv": [8, 35], "uv_size": [1, 1]},
								"east": {"uv": [9, 38], "uv_size": [0.5, 1]},
								"south": {"uv": [9, 35], "uv_size": [1, 1]},
								"west": {"uv": [10, 38], "uv_size": [0.5, 1]},
								"up": {"uv": [11, 38], "uv_size": [1, 0.5]},
								"down": {"uv": [12, 38.5], "uv_size": [1, -0.5]}
							}
						},
						{
							"origin": [-0.20079, 10.21872, -18.43607],
							"size": [0.40159, 0.4016, 1.47464],
							"uv": {
								"north": {"uv": [39, 7], "uv_size": [0.5, 0.5]},
								"east": {"uv": [36, 29], "uv_size": [1.5, 0.5]},
								"south": {"uv": [8, 39], "uv_size": [0.5, 0.5]},
								"west": {"uv": [36, 31], "uv_size": [1.5, 0.5]},
								"up": {"uv": [24, 36], "uv_size": [0.5, 1.5]},
								"down": {"uv": [32, 37.5], "uv_size": [0.5, -1.5]}
							}
						},
						{
							"origin": [0, 9.61872, -18.43607],
							"size": [0, 2.7016, 1.47464],
							"uv": {
								"north": {"uv": [0, 0], "uv_size": [0, 2.5]},
								"east": {"uv": [28, 2], "uv_size": [1.5, 2.5]},
								"south": {"uv": [0, 0], "uv_size": [0, 2.5]},
								"west": {"uv": [28, 18], "uv_size": [1.5, 2.5]},
								"up": {"uv": [0, 0], "uv_size": [0, 1.5]},
								"down": {"uv": [0, 1.5], "uv_size": [0, -1.5]}
							}
						},
						{
							"origin": [-0.31329, 9.44372, -16.96144],
							"size": [0.62659, 1.42659, 0.27464],
							"uv": {
								"north": {"uv": [36, 32], "uv_size": [0.5, 1.5]},
								"east": {"uv": [33, 36], "uv_size": [0.5, 1.5]},
								"south": {"uv": [34, 36], "uv_size": [0.5, 1.5]},
								"west": {"uv": [36, 34], "uv_size": [0.5, 1.5]},
								"up": {"uv": [39, 8], "uv_size": [0.5, 0.5]},
								"down": {"uv": [9, 39.5], "uv_size": [0.5, -0.5]}
							}
						},
						{
							"origin": [-0.31329, 10.42385, -17.82021],
							"size": [0.62659, 2.55159, 0.27464],
							"inflate": -0.001,
							"pivot": [0, 11.73714, -17.68289],
							"rotation": [43, 0, 0],
							"uv": {
								"north": {"uv": [34, 21], "uv_size": [0.5, 2.5]},
								"east": {"uv": [22, 34], "uv_size": [0.5, 2.5]},
								"south": {"uv": [23, 34], "uv_size": [0.5, 2.5]},
								"west": {"uv": [25, 34], "uv_size": [0.5, 2.5]},
								"up": {"uv": [39, 9], "uv_size": [0.5, 0.5]},
								"down": {"uv": [10, 39.5], "uv_size": [0.5, -0.5]}
							}
						}
					]
				},
				{
					"name": "ld_barrel",
					"parent": "ld_gunbody",
					"pivot": [0, 9.53202, -16.98409],
					"cubes": [
						{
							"origin": [-0.31517, 9.21685, -19.18378],
							"size": [0.63033, 0.63033, 8.06931],
							"pivot": [0, 9.53202, -12.28409],
							"rotation": [0, 0, -45],
							"uv": {
								"north": {"uv": [39, 10], "uv_size": [0.5, 0.5]},
								"east": {"uv": [27, 5], "uv_size": [8, 0.5]},
								"south": {"uv": [11, 39], "uv_size": [0.5, 0.5]},
								"west": {"uv": [27, 26], "uv_size": [8, 0.5]},
								"up": {"uv": [17, 27], "uv_size": [0.5, 8]},
								"down": {"uv": [24, 35], "uv_size": [0.5, -8]}
							}
						},
						{
							"origin": [-0.2633, 9.26872, -22.03049],
							"size": [0.52659, 0.52659, 17.66275],
							"pivot": [0, 9.53202, -13.14488],
							"rotation": [0, 0, -45],
							"uv": {
								"north": {"uv": [39, 11], "uv_size": [0.5, 0.5]},
								"east": {"uv": [18, 16], "uv_size": [17.5, 0.5]},
								"south": {"uv": [12, 39], "uv_size": [0.5, 0.5]},
								"west": {"uv": [18, 17], "uv_size": [17.5, 0.5]},
								"up": {"uv": [18, 18], "uv_size": [0.5, 17.5]},
								"down": {"uv": [6, 36.5], "uv_size": [0.5, -17.5]}
							}
						},
						{
							"origin": [-0.31517, 9.21685, -22.43378],
							"size": [0.63033, 0.63033, 2.61931],
							"pivot": [0, 9.53202, -12.48409],
							"rotation": [0, 0, -45],
							"uv": {
								"north": {"uv": [39, 12], "uv_size": [0.5, 0.5]},
								"east": {"uv": [34, 24], "uv_size": [2.5, 0.5]},
								"south": {"uv": [13, 39], "uv_size": [0.5, 0.5]},
								"west": {"uv": [34, 25], "uv_size": [2.5, 0.5]},
								"up": {"uv": [26, 34], "uv_size": [0.5, 2.5]},
								"down": {"uv": [27, 36.5], "uv_size": [0.5, -2.5]}
							}
						}
					]
				},
				{
					"name": "ld_buffer",
					"parent": "ld_gunbody",
					"pivot": [-0.31262, 9.43115, -0.28907],
					"cubes": [
						{
							"origin": [-0.88119, 8.20243, 0.13745],
							"size": [1.72661, 1.72661, 0.96479],
							"pivot": [-0.54585, 9.30971, 0.59636],
							"rotation": [0, 0, -45],
							"uv": {
								"north": {"uv": [30, 23], "uv_size": [1.5, 1.5]},
								"east": {"uv": [33, 22], "uv_size": [1, 1.5]},
								"south": {"uv": [31, 10], "uv_size": [1.5, 1.5]},
								"west": {"uv": [33, 24], "uv_size": [1, 1.5]},
								"up": {"uv": [25, 33], "uv_size": [1.5, 1]},
								"down": {"uv": [27, 34], "uv_size": [1.5, -1]}
							}
						},
						{
							"origin": [-0.88119, 8.20243, -0.40234],
							"size": [1.72661, 0.32661, 0.53979],
							"pivot": [-0.54585, 9.30971, 1.63157],
							"rotation": [0, 0, -45],
							"uv": {
								"north": {"uv": [35, 36], "uv_size": [1.5, 0.5]},
								"east": {"uv": [39, 13], "uv_size": [0.5, 0.5]},
								"south": {"uv": [0, 37], "uv_size": [1.5, 0.5]},
								"west": {"uv": [14, 39], "uv_size": [0.5, 0.5]},
								"up": {"uv": [37, 1], "uv_size": [1.5, 0.5]},
								"down": {"uv": [37, 2.5], "uv_size": [1.5, -0.5]}
							}
						},
						{
							"origin": [-0.84543, 8.20243, -0.40234],
							"size": [1.72661, 0.32661, 0.53979],
							"pivot": [0.54585, 9.30971, 1.63157],
							"rotation": [0, 0, 45],
							"uv": {
								"north": {"uv": [37, 3], "uv_size": [1.5, 0.5]},
								"east": {"uv": [39, 14], "uv_size": [0.5, 0.5]},
								"south": {"uv": [4, 37], "uv_size": [1.5, 0.5]},
								"west": {"uv": [15, 39], "uv_size": [0.5, 0.5]},
								"up": {"uv": [37, 4], "uv_size": [1.5, 0.5]},
								"down": {"uv": [6, 37.5], "uv_size": [1.5, -0.5]}
							}
						},
						{
							"origin": [-0.77207, 8.31151, -0.11783],
							"size": [1.58263, 1.58263, 2.01327],
							"pivot": [-0.46469, 9.32646, 0.14772],
							"rotation": [0, 0, -45],
							"uv": {
								"north": {"uv": [31, 14], "uv_size": [1.5, 1.5]},
								"east": {"uv": [29, 10], "uv_size": [2, 1.5]},
								"south": {"uv": [25, 31], "uv_size": [1.5, 1.5]},
								"west": {"uv": [29, 14], "uv_size": [2, 1.5]},
								"up": {"uv": [21, 29], "uv_size": [1.5, 2]},
								"down": {"uv": [29, 23], "uv_size": [1.5, -2]}
							}
						},
						{
							"origin": [-0.50468, 8.79698, 0.8659],
							"size": [0.98888, 0.98888, 9.23576],
							"pivot": [-0.31262, 9.43115, -1.06407],
							"rotation": [0, 0, -45],
							"uv": {
								"north": {"uv": [14, 35], "uv_size": [1, 1]},
								"east": {"uv": [18, 14], "uv_size": [9, 1]},
								"south": {"uv": [17, 35], "uv_size": [1, 1]},
								"west": {"uv": [18, 15], "uv_size": [9, 1]},
								"up": {"uv": [8, 16], "uv_size": [1, 9]},
								"down": {"uv": [9, 25], "uv_size": [1, -9]}
							}
						},
						{
							"origin": [-0.48065, 8.81851, 2.1992],
							"size": [0.94179, 0.94179, 6.46501],
							"pivot": [-0.29773, 9.42248, -1.96981],
							"rotation": [0, 0, -45],
							"uv": {
								"north": {"uv": [35, 21], "uv_size": [1, 1]},
								"east": {"uv": [22, 21], "uv_size": [6.5, 1]},
								"south": {"uv": [35, 22], "uv_size": [1, 1]},
								"west": {"uv": [22, 22], "uv_size": [6.5, 1]},
								"up": {"uv": [12, 22], "uv_size": [1, 6.5]},
								"down": {"uv": [13, 28.5], "uv_size": [1, -6.5]}
							}
						}
					]
				},
				{
					"name": "sight",
					"parent": "ld_gunbody",
					"pivot": [0.0625, -0.79028, -8.00065],
					"cubes": [
						{
							"origin": [-0.575, 10.65, -3.175],
							"size": [1.15, 0.475, 2.025],
							"uv": {
								"north": {"uv": [38, 12], "uv_size": [1, 0.5]},
								"east": {"uv": [35, 23], "uv_size": [2, 0.5]},
								"south": {"uv": [13, 38], "uv_size": [1, 0.5]},
								"west": {"uv": [35, 26], "uv_size": [2, 0.5]},
								"up": {"uv": [17, 6], "uv_size": [1, 2]},
								"down": {"uv": [30, 20], "uv_size": [1, -2]}
							}
						},
						{
							"origin": [-0.375, 11.1, -3.175],
							"size": [0.75, 0.15, 3.075],
							"uv": {
								"north": {"uv": [38, 13], "uv_size": [1, 0.5]},
								"east": {"uv": [33, 28], "uv_size": [3, 0.5]},
								"south": {"uv": [14, 38], "uv_size": [1, 0.5]},
								"west": {"uv": [33, 29], "uv_size": [3, 0.5]},
								"up": {"uv": [23, 29], "uv_size": [1, 3]},
								"down": {"uv": [29, 31], "uv_size": [1, -3]}
							}
						},
						{
							"origin": [-0.275, 10.43923, -2.68016],
							"size": [0.55, 0.675, 1.075],
							"pivot": [0, 10.77673, -2.94266],
							"rotation": [57.5, 0, 0],
							"uv": {
								"north": {"uv": [39, 15], "uv_size": [0.5, 0.5]},
								"east": {"uv": [38, 14], "uv_size": [1, 0.5]},
								"south": {"uv": [16, 39], "uv_size": [0.5, 0.5]},
								"west": {"uv": [15, 38], "uv_size": [1, 0.5]},
								"up": {"uv": [38, 15], "uv_size": [0.5, 1]},
								"down": {"uv": [16, 39], "uv_size": [0.5, -1]}
							}
						},
						{
							"origin": [-0.375, 11.23472, -2.47565],
							"size": [0.75, 0.675, 2.075],
							"uv": {
								"north": {"uv": [17, 38], "uv_size": [1, 0.5]},
								"east": {"uv": [35, 27], "uv_size": [2, 0.5]},
								"south": {"uv": [18, 38], "uv_size": [1, 0.5]},
								"west": {"uv": [35, 30], "uv_size": [2, 0.5]},
								"up": {"uv": [16, 32], "uv_size": [1, 2]},
								"down": {"uv": [32, 24], "uv_size": [1, -2]}
							}
						},
						{
							"origin": [-0.55757, 11.25985, -1.85053],
							"size": [0.92475, 0.39975, 0.92475],
							"pivot": [0.22981, 11.57222, -1.38815],
							"rotation": [0, 45, 0],
							"uv": {
								"north": {"uv": [38, 18], "uv_size": [1, 0.5]},
								"east": {"uv": [19, 38], "uv_size": [1, 0.5]},
								"south": {"uv": [38, 19], "uv_size": [1, 0.5]},
								"west": {"uv": [20, 38], "uv_size": [1, 0.5]},
								"up": {"uv": [24, 35], "uv_size": [1, 1]},
								"down": {"uv": [30, 36], "uv_size": [1, -1]}
							}
						},
						{
							"origin": [-0.4375, 11.83472, -2.47565],
							"size": [0.875, 0.975, 1.9],
							"uv": {
								"north": {"uv": [35, 31], "uv_size": [1, 1]},
								"east": {"uv": [30, 4], "uv_size": [2, 1]},
								"south": {"uv": [35, 32], "uv_size": [1, 1]},
								"west": {"uv": [30, 25], "uv_size": [2, 1]},
								"up": {"uv": [32, 24], "uv_size": [1, 2]},
								"down": {"uv": [31, 34], "uv_size": [1, -2]}
							}
						},
						{
							"origin": [-0.375, 11.18108, -0.51745],
							"size": [0.75, 0.725, 0.275],
							"inflate": -0.001,
							"pivot": [0, 11.54358, -0.32995],
							"rotation": [24.5, 0, 0],
							"uv": {
								"north": {"uv": [21, 38], "uv_size": [1, 0.5]},
								"east": {"uv": [39, 16], "uv_size": [0.5, 0.5]},
								"south": {"uv": [38, 21], "uv_size": [1, 0.5]},
								"west": {"uv": [17, 39], "uv_size": [0.5, 0.5]},
								"up": {"uv": [22, 38], "uv_size": [1, 0.5]},
								"down": {"uv": [38, 22.5], "uv_size": [1, -0.5]}
							}
						}
					]
				},
				{
					"name": "ld_grip",
					"parent": "ld_gunbody",
					"pivot": [0, 4.58039, 0.23945],
					"cubes": [
						{
							"origin": [-0.625, 5.475, -2],
							"size": [1.25, 1.525, 1.7],
							"uv": {
								"north": {"uv": [27, 31], "uv_size": [1.5, 1.5]},
								"east": {"uv": [31, 28], "uv_size": [1.5, 1.5]},
								"south": {"uv": [31, 30], "uv_size": [1.5, 1.5]},
								"west": {"uv": [2, 32], "uv_size": [1.5, 1.5]},
								"up": {"uv": [32, 2], "uv_size": [1.5, 1.5]},
								"down": {"uv": [32, 7.5], "uv_size": [1.5, -1.5]}
							}
						},
						{
							"origin": [-0.625, 2.68178, -0.8108],
							"size": [1.25, 3.875, 1.625],
							"inflate": 0.001,
							"pivot": [0, 4.46928, 0.0767],
							"rotation": [30.75, 0, 0],
							"uv": {
								"north": {"uv": [14, 22], "uv_size": [1.5, 4]},
								"east": {"uv": [23, 2], "uv_size": [1.5, 4]},
								"south": {"uv": [10, 23], "uv_size": [1.5, 4]},
								"west": {"uv": [22, 23], "uv_size": [1.5, 4]},
								"up": {"uv": [12, 32], "uv_size": [1.5, 1.5]},
								"down": {"uv": [32, 13.5], "uv_size": [1.5, -1.5]}
							}
						},
						{
							"origin": [-0.625, 2.69492, 0.46508],
							"size": [1.25, 3.9, 0.575],
							"pivot": [0, 4.65742, 0.22758],
							"rotation": [39.25, 0, 0],
							"uv": {
								"north": {"uv": [24, 23], "uv_size": [1.5, 4]},
								"east": {"uv": [32, 32], "uv_size": [0.5, 4]},
								"south": {"uv": [25, 2], "uv_size": [1.5, 4]},
								"west": {"uv": [0, 33], "uv_size": [0.5, 4]},
								"up": {"uv": [37, 6], "uv_size": [1.5, 0.5]},
								"down": {"uv": [37, 7.5], "uv_size": [1.5, -0.5]}
							}
						},
						{
							"origin": [-0.625, 2.55539, -0.82305],
							"size": [1.25, 0.6, 2.575],
							"pivot": [0, 4.58039, 0.23945],
							"rotation": [16.75, 0, 0],
							"uv": {
								"north": {"uv": [8, 37], "uv_size": [1.5, 0.5]},
								"east": {"uv": [33, 34], "uv_size": [2.5, 0.5]},
								"south": {"uv": [37, 8], "uv_size": [1.5, 0.5]},
								"west": {"uv": [35, 5], "uv_size": [2.5, 0.5]},
								"up": {"uv": [28, 23], "uv_size": [1.5, 2.5]},
								"down": {"uv": [27, 30.5], "uv_size": [1.5, -2.5]}
							}
						}
					]
				},
				{
					"name": "ld_trigger",
					"parent": "ld_grip",
					"pivot": [0.575, 0, -8],
					"cubes": [
						{
							"origin": [0, 5.575, -4.7],
							"size": [0, 1.425, 2.8],
							"uv": {
								"north": {"uv": [0, 0], "uv_size": [0, 1.5]},
								"east": {"uv": [14, 6], "uv_size": [3, 1.5]},
								"south": {"uv": [0, 0], "uv_size": [0, 1.5]},
								"west": {"uv": [23, 18], "uv_size": [3, 1.5]},
								"up": {"uv": [0, 0], "uv_size": [0, 3]},
								"down": {"uv": [0, 3], "uv_size": [0, -3]}
							}
						}
					]
				},
				{
					"name": "ld_body",
					"parent": "ld_gunbody",
					"pivot": [0, 0, -8]
				},
				{
					"name": "ld_upper",
					"parent": "ld_body",
					"pivot": [-0.0375, 0, -8],
					"cubes": [
						{
							"origin": [-0.69538, 9.20354, -2.55902],
							"size": [1.13196, 0.75696, 3.3878],
							"pivot": [-0.1669, 9.53202, -2.52762],
							"rotation": [0, -22.5, 0],
							"uv": {
								"north": {"uv": [33, 35], "uv_size": [1, 1]},
								"east": {"uv": [28, 12], "uv_size": [3.5, 1]},
								"south": {"uv": [35, 33], "uv_size": [1, 1]},
								"west": {"uv": [28, 13], "uv_size": [3.5, 1]},
								"up": {"uv": [25, 27], "uv_size": [1, 3.5]},
								"down": {"uv": [7, 31.5], "uv_size": [1, -3.5]}
							}
						},
						{
							"origin": [-0.80754, 8.33325, -8.56547],
							"size": [1.58231, 1.58231, 8.88094],
							"pivot": [-0.50023, 9.34799, 0.32905],
							"rotation": [0, 0, -45],
							"uv": {
								"north": {"uv": [32, 18], "uv_size": [1.5, 1.5]},
								"east": {"uv": [14, 2], "uv_size": [9, 1.5]},
								"south": {"uv": [19, 32], "uv_size": [1.5, 1.5]},
								"west": {"uv": [14, 4], "uv_size": [9, 1.5]},
								"up": {"uv": [6, 10], "uv_size": [1.5, 9]},
								"down": {"uv": [10, 23], "uv_size": [1.5, -9]}
							}
						},
						{
							"origin": [0.3875, 10, -7.25],
							"size": [0.3, 0.65, 1.1],
							"uv": {
								"north": {"uv": [39, 17], "uv_size": [0.5, 0.5]},
								"east": {"uv": [23, 38], "uv_size": [1, 0.5]},
								"south": {"uv": [18, 39], "uv_size": [0.5, 0.5]},
								"west": {"uv": [24, 38], "uv_size": [1, 0.5]},
								"up": {"uv": [25, 38], "uv_size": [0.5, 1]},
								"down": {"uv": [26, 39], "uv_size": [0.5, -1]}
							}
						},
						{
							"origin": [-2.02558, 9.26035, 0.56322],
							"size": [0.6003, 0.6003, 0.28014],
							"pivot": [-1.72543, 9.5855, 0.70329],
							"rotation": [16.32495, -15.69986, -47.26579],
							"uv": {
								"north": {"uv": [39, 18], "uv_size": [0.5, 0.5]},
								"east": {"uv": [19, 39], "uv_size": [0.5, 0.5]},
								"south": {"uv": [39, 19], "uv_size": [0.5, 0.5]},
								"west": {"uv": [20, 39], "uv_size": [0.5, 0.5]},
								"up": {"uv": [39, 20], "uv_size": [0.5, 0.5]},
								"down": {"uv": [21, 39.5], "uv_size": [0.5, -0.5]}
							}
						},
						{
							"origin": [-1.88803, 9.36796, 0.41994],
							"size": [0.3902, 0.39019, 0.18209],
							"pivot": [-1.69293, 9.57931, 0.64099],
							"rotation": [16.32495, -15.69986, -47.26579],
							"uv": {
								"north": {"uv": [39, 21], "uv_size": [0.5, 0.5]},
								"east": {"uv": [22, 39], "uv_size": [0.5, 0.5]},
								"south": {"uv": [39, 22], "uv_size": [0.5, 0.5]},
								"west": {"uv": [23, 39], "uv_size": [0.5, 0.5]},
								"up": {"uv": [39, 23], "uv_size": [0.5, 0.5]},
								"down": {"uv": [24, 39.5], "uv_size": [0.5, -0.5]}
							}
						}
					]
				},
				{
					"name": "ld_magwell",
					"parent": "ld_body",
					"pivot": [-0.0375, 0, -8],
					"cubes": [
						{
							"origin": [-0.7125, 8.10865, -7.99315],
							"size": [1.425, 0.675, 0.5],
							"pivot": [0, 8.39615, -7.75565],
							"rotation": [31, 0, 0],
							"uv": {
								"north": {"uv": [37, 9], "uv_size": [1.5, 0.5]},
								"east": {"uv": [39, 24], "uv_size": [0.5, 0.5]},
								"south": {"uv": [10, 37], "uv_size": [1.5, 0.5]},
								"west": {"uv": [25, 39], "uv_size": [0.5, 0.5]},
								"up": {"uv": [37, 10], "uv_size": [1.5, 0.5]},
								"down": {"uv": [37, 11.5], "uv_size": [1.5, -0.5]}
							}
						},
						{
							"origin": [-0.9125, 5.72895, -7.94752],
							"size": [1.825, 0.425, 3.35],
							"pivot": [0, 5.99145, -6.27252],
							"rotation": [-9.75, 0, 0],
							"uv": {
								"north": {"uv": [34, 35], "uv_size": [2, 0.5]},
								"east": {"uv": [33, 10], "uv_size": [3.5, 0.5]},
								"south": {"uv": [36, 0], "uv_size": [2, 0.5]},
								"west": {"uv": [33, 11], "uv_size": [3.5, 0.5]},
								"up": {"uv": [2, 22], "uv_size": [2, 3.5]},
								"down": {"uv": [4, 25.5], "uv_size": [2, -3.5]}
							}
						},
						{
							"origin": [-0.6375, 5.975, -5.925],
							"size": [1.425, 2.9, 0.775],
							"uv": {
								"north": {"uv": [4, 26], "uv_size": [1.5, 3]},
								"east": {"uv": [0, 30], "uv_size": [1, 3]},
								"south": {"uv": [14, 26], "uv_size": [1.5, 3]},
								"west": {"uv": [1, 30], "uv_size": [1, 3]},
								"up": {"uv": [33, 30], "uv_size": [1.5, 1]},
								"down": {"uv": [33, 32], "uv_size": [1.5, -1]}
							}
						},
						{
							"origin": [-0.6375, 7.725, -5.725],
							"size": [1.45, 0.225, 1.475],
							"uv": {
								"north": {"uv": [12, 37], "uv_size": [1.5, 0.5]},
								"east": {"uv": [14, 37], "uv_size": [1.5, 0.5]},
								"south": {"uv": [16, 37], "uv_size": [1.5, 0.5]},
								"west": {"uv": [37, 16], "uv_size": [1.5, 0.5]},
								"up": {"uv": [32, 20], "uv_size": [1.5, 1.5]},
								"down": {"uv": [22, 33.5], "uv_size": [1.5, -1.5]}
							}
						},
						{
							"origin": [-0.7125, 7.1, -4.65],
							"size": [1.425, 2, 0.675],
							"uv": {
								"north": {"uv": [2, 30], "uv_size": [1.5, 2]},
								"east": {"uv": [36, 1], "uv_size": [0.5, 2]},
								"south": {"uv": [30, 2], "uv_size": [1.5, 2]},
								"west": {"uv": [36, 3], "uv_size": [0.5, 2]},
								"up": {"uv": [37, 17], "uv_size": [1.5, 0.5]},
								"down": {"uv": [19, 37.5], "uv_size": [1.5, -0.5]}
							}
						},
						{
							"origin": [-0.5625, 8.075, -4.65],
							"size": [1.425, 0.65, 0.25],
							"uv": {
								"north": {"uv": [37, 20], "uv_size": [1.5, 0.5]},
								"east": {"uv": [39, 25], "uv_size": [0.5, 0.5]},
								"south": {"uv": [22, 37], "uv_size": [1.5, 0.5]},
								"west": {"uv": [26, 39], "uv_size": [0.5, 0.5]},
								"up": {"uv": [37, 23], "uv_size": [1.5, 0.5]},
								"down": {"uv": [37, 24.5], "uv_size": [1.5, -0.5]}
							}
						},
						{
							"origin": [-0.2125, 7.75, -4.9],
							"size": [1.425, 0.6, 0.775],
							"pivot": [0.175, 7.775, -5.5375],
							"rotation": [0, 0, -45],
							"uv": {
								"north": {"uv": [25, 37], "uv_size": [1.5, 0.5]},
								"east": {"uv": [27, 38], "uv_size": [1, 0.5]},
								"south": {"uv": [37, 25], "uv_size": [1.5, 0.5]},
								"west": {"uv": [28, 38], "uv_size": [1, 0.5]},
								"up": {"uv": [33, 32], "uv_size": [1.5, 1]},
								"down": {"uv": [33, 34], "uv_size": [1.5, -1]}
							}
						},
						{
							"origin": [0.78455, 8.70745, -4.775],
							"size": [0.2, 0.625, 0.5],
							"pivot": [0.92205, 8.93245, -4.525],
							"rotation": [0, 0, 10],
							"uv": {
								"north": {"uv": [39, 26], "uv_size": [0.5, 0.5]},
								"east": {"uv": [27, 39], "uv_size": [0.5, 0.5]},
								"south": {"uv": [39, 27], "uv_size": [0.5, 0.5]},
								"west": {"uv": [28, 39], "uv_size": [0.5, 0.5]},
								"up": {"uv": [39, 28], "uv_size": [0.5, 0.5]},
								"down": {"uv": [29, 39.5], "uv_size": [0.5, -0.5]}
							}
						},
						{
							"origin": [-0.8125, 7.275, -4.55],
							"size": [1.425, 0.75, 0.5],
							"uv": {
								"north": {"uv": [2, 34], "uv_size": [1.5, 1]},
								"east": {"uv": [38, 28], "uv_size": [0.5, 1]},
								"south": {"uv": [34, 2], "uv_size": [1.5, 1]},
								"west": {"uv": [29, 38], "uv_size": [0.5, 1]},
								"up": {"uv": [37, 26], "uv_size": [1.5, 0.5]},
								"down": {"uv": [27, 37.5], "uv_size": [1.5, -0.5]}
							}
						},
						{
							"origin": [-0.8125, 8.2, -7.8],
							"size": [0.425, 0.4, 3.825],
							"inflate": 0.01,
							"uv": {
								"north": {"uv": [39, 29], "uv_size": [0.5, 0.5]},
								"east": {"uv": [32, 4], "uv_size": [4, 0.5]},
								"south": {"uv": [30, 39], "uv_size": [0.5, 0.5]},
								"west": {"uv": [32, 9], "uv_size": [4, 0.5]},
								"up": {"uv": [1, 33], "uv_size": [0.5, 4]},
								"down": {"uv": [4, 37], "uv_size": [0.5, -4]}
							}
						},
						{
							"origin": [-0.7125, 5.55, -7.8],
							"size": [1.425, 3.55, 3.15],
							"uv": {
								"north": {"uv": [8, 25], "uv_size": [1.5, 3.5]},
								"east": {"uv": [0, 18], "uv_size": [3, 3.5]},
								"south": {"uv": [2, 26], "uv_size": [1.5, 3.5]},
								"west": {"uv": [3, 18], "uv_size": [3, 3.5]},
								"up": {"uv": [26, 18], "uv_size": [1.5, 3]},
								"down": {"uv": [26, 26], "uv_size": [1.5, -3]}
							}
						}
					]
				},
				{
					"name": "ld_lower",
					"parent": "ld_body",
					"pivot": [0.0125, 7.47633, 0.14778],
					"cubes": [
						{
							"origin": [-0.5625, 7, -8.325],
							"size": [1.125, 2, 8.025],
							"uv": {
								"north": {"uv": [8, 33], "uv_size": [1, 2]},
								"east": {"uv": [10, 8], "uv_size": [8, 2]},
								"south": {"uv": [9, 33], "uv_size": [1, 2]},
								"west": {"uv": [10, 10], "uv_size": [8, 2]},
								"up": {"uv": [17, 19], "uv_size": [1, 8]},
								"down": {"uv": [19, 29], "uv_size": [1, -8]}
							}
						},
						{
							"origin": [-0.5625, 8.025, -0.3],
							"size": [1.125, 0.975, 1.4],
							"uv": {
								"north": {"uv": [5, 36], "uv_size": [1, 1]},
								"east": {"uv": [34, 3], "uv_size": [1.5, 1]},
								"south": {"uv": [36, 6], "uv_size": [1, 1]},
								"west": {"uv": [34, 6], "uv_size": [1.5, 1]},
								"up": {"uv": [30, 33], "uv_size": [1, 1.5]},
								"down": {"uv": [12, 35.5], "uv_size": [1, -1.5]}
							}
						},
						{
							"origin": [-0.55, 7.66383, -0.41472],
							"size": [1.1, 0.575, 1.325],
							"pivot": [0.0125, 7.47633, 0.14778],
							"rotation": [35, 0, 0],
							"uv": {
								"north": {"uv": [38, 29], "uv_size": [1, 0.5]},
								"east": {"uv": [37, 27], "uv_size": [1.5, 0.5]},
								"south": {"uv": [30, 38], "uv_size": [1, 0.5]},
								"west": {"uv": [29, 37], "uv_size": [1.5, 0.5]},
								"up": {"uv": [34, 12], "uv_size": [1, 1.5]},
								"down": {"uv": [13, 35.5], "uv_size": [1, -1.5]}
							}
						}
					]
				},
				{
					"name": "ld_toprails",
					"parent": "ld_body",
					"pivot": [-0.00377, 10.8375, -0.075],
					"cubes": [
						{
							"origin": [-0.375, 10.05, -8.375],
							"size": [0.75, 1.05, 8.3],
							"uv": {
								"north": {"uv": [8, 36], "uv_size": [1, 1]},
								"east": {"uv": [21, 6], "uv_size": [8.5, 1]},
								"south": {"uv": [36, 8], "uv_size": [1, 1]},
								"west": {"uv": [21, 7], "uv_size": [8.5, 1]},
								"up": {"uv": [7, 19], "uv_size": [1, 8.5]},
								"down": {"uv": [16, 27.5], "uv_size": [1, -8.5]}
							}
						},
						{
							"origin": [-0.26627, 10.175, -0.3375],
							"size": [0.525, 0.85, 0.525],
							"pivot": [-0.00377, 10.8375, -0.075],
							"rotation": [0, 45, 0],
							"uv": {
								"north": {"uv": [38, 31], "uv_size": [0.5, 1]},
								"east": {"uv": [32, 38], "uv_size": [0.5, 1]},
								"south": {"uv": [33, 38], "uv_size": [0.5, 1]},
								"west": {"uv": [34, 38], "uv_size": [0.5, 1]},
								"up": {"uv": [39, 30], "uv_size": [0.5, 0.5]},
								"down": {"uv": [31, 39.5], "uv_size": [0.5, -0.5]}
							}
						}
					]
				},
				{
					"name": "ld_portgroup",
					"parent": "ld_body",
					"pivot": [-0.16279, 9.37035, -5.875],
					"cubes": [
						{
							"origin": [-1.0611, 9.6945, -4.09335],
							"size": [0.925, 0.75, 1.1],
							"pivot": [-0.5986, 10.0695, -3.54335],
							"rotation": [170.21055, -56.71942, -163.3335],
							"uv": {
								"north": {"uv": [9, 36], "uv_size": [1, 1]},
								"east": {"uv": [36, 9], "uv_size": [1, 1]},
								"south": {"uv": [12, 36], "uv_size": [1, 1]},
								"west": {"uv": [13, 36], "uv_size": [1, 1]},
								"up": {"uv": [14, 36], "uv_size": [1, 1]},
								"down": {"uv": [15, 37], "uv_size": [1, -1]}
							}
						},
						{
							"origin": [-0.91627, 8.05437, -7.6814],
							"size": [0.23196, 2.33196, 3.6128],
							"pivot": [-0.16279, 9.37035, -5.875],
							"rotation": [0, 0, 26.75],
							"uv": {
								"north": {"uv": [28, 34], "uv_size": [0.5, 2.5]},
								"east": {"uv": [12, 19], "uv_size": [3.5, 2.5]},
								"south": {"uv": [31, 34], "uv_size": [0.5, 2.5]},
								"west": {"uv": [19, 18], "uv_size": [3.5, 2.5]},
								"up": {"uv": [10, 33], "uv_size": [0.5, 3.5]},
								"down": {"uv": [11, 36.5], "uv_size": [0.5, -3.5]}
							}
						}
					]
				},
				{
					"name": "ld_pull",
					"parent": "ld_body",
					"pivot": [0.075, 0, -8],
					"cubes": [
						{
							"origin": [-1.175, 10.55, 0.125],
							"size": [2.35, 0.35, 0.6],
							"uv": {
								"north": {"uv": [35, 12], "uv_size": [2.5, 0.5]},
								"east": {"uv": [39, 31], "uv_size": [0.5, 0.5]},
								"south": {"uv": [35, 13], "uv_size": [2.5, 0.5]},
								"west": {"uv": [32, 39], "uv_size": [0.5, 0.5]},
								"up": {"uv": [35, 14], "uv_size": [2.5, 0.5]},
								"down": {"uv": [35, 15.5], "uv_size": [2.5, -0.5]}
							}
						}
					]
				},
				{
					"name": "ld_switch",
					"parent": "ld_body",
					"pivot": [0.425, 7.925, -1.2],
					"cubes": [
						{
							"origin": [0.575, 6.95, -1.36538],
							"size": [0.25, 0.975, 0.35],
							"uv": {
								"north": {"uv": [35, 38], "uv_size": [0.5, 1]},
								"east": {"uv": [36, 38], "uv_size": [0.5, 1]},
								"south": {"uv": [37, 38], "uv_size": [0.5, 1]},
								"west": {"uv": [38, 38], "uv_size": [0.5, 1]},
								"up": {"uv": [39, 32], "uv_size": [0.5, 0.5]},
								"down": {"uv": [33, 39.5], "uv_size": [0.5, -0.5]}
							}
						},
						{
							"origin": [-0.7, 7.6, -1.525],
							"size": [1.4, 0.65, 0.65],
							"pivot": [0.425, 7.925, -1.2],
							"rotation": [-45, 0, 0],
							"uv": {
								"north": {"uv": [37, 30], "uv_size": [1.5, 0.5]},
								"east": {"uv": [39, 33], "uv_size": [0.5, 0.5]},
								"south": {"uv": [37, 32], "uv_size": [1.5, 0.5]},
								"west": {"uv": [34, 39], "uv_size": [0.5, 0.5]},
								"up": {"uv": [37, 33], "uv_size": [1.5, 0.5]},
								"down": {"uv": [37, 34.5], "uv_size": [1.5, -0.5]}
							}
						}
					]
				},
				{
					"name": "ld_stock",
					"parent": "ld_gunbody",
					"pivot": [0.00121, 8.53694, 5.4513],
					"cubes": [
						{
							"origin": [-0.76553, 9.27082, 3.42004],
							"size": [1.53446, 0.71243, 8.54911],
							"uv": {
								"north": {"uv": [37, 36], "uv_size": [1.5, 0.5]},
								"east": {"uv": [27, 27], "uv_size": [8, 0.5]},
								"south": {"uv": [37, 37], "uv_size": [1.5, 0.5]},
								"west": {"uv": [28, 0], "uv_size": [8, 0.5]}
							}
						},
						{
							"origin": [-0.38179, 6.7205, 5.21082],
							"size": [0.76698, 0.71218, 6.95961],
							"inflate": 0.001,
							"pivot": [0.0017, 8.36444, 7.78639],
							"rotation": [-35, 0, 0],
							"uv": {
								"north": {"uv": [39, 34], "uv_size": [0.5, 0.5]},
								"east": {"uv": [8, 29], "uv_size": [6.5, 0.5]},
								"south": {"uv": [35, 39], "uv_size": [0.5, 0.5]},
								"west": {"uv": [29, 8], "uv_size": [6.5, 0.5]},
								"up": {"uv": [5, 29], "uv_size": [0.5, 6.5]},
								"down": {"uv": [15, 35.5], "uv_size": [0.5, -6.5]}
							}
						},
						{
							"origin": [-0.38167, 8.14548, 3.62168],
							"size": [0.76674, 0.71193, 2.63],
							"inflate": 0.002,
							"uv": {
								"north": {"uv": [39, 35], "uv_size": [0.5, 0.5]},
								"east": {"uv": [35, 18], "uv_size": [2.5, 0.5]},
								"south": {"uv": [36, 39], "uv_size": [0.5, 0.5]},
								"west": {"uv": [35, 19], "uv_size": [2.5, 0.5]},
								"up": {"uv": [2, 35], "uv_size": [0.5, 2.5]},
								"down": {"uv": [3, 37.5], "uv_size": [0.5, -2.5]}
							}
						},
						{
							"origin": [-0.38167, 8.14548, 6.19738],
							"size": [0.76674, 0.54753, 2.95882],
							"inflate": 0.002,
							"pivot": [0.0017, 8.50144, 7.18357],
							"rotation": [-10, 0, 0],
							"uv": {
								"north": {"uv": [39, 36], "uv_size": [0.5, 0.5]},
								"east": {"uv": [34, 7], "uv_size": [3, 0.5]},
								"south": {"uv": [37, 39], "uv_size": [0.5, 0.5]},
								"west": {"uv": [34, 20], "uv_size": [3, 0.5]},
								"up": {"uv": [19, 34], "uv_size": [0.5, 3]},
								"down": {"uv": [20, 37], "uv_size": [0.5, -3]}
							}
						},
						{
							"origin": [-0.38191, 2.69458, 8.62623],
							"size": [0.76723, 1.53446, 4.71297],
							"pivot": [0.0017, 5.27027, 9.39345],
							"rotation": [90, 0, 0],
							"uv": {
								"north": {"uv": [31, 37], "uv_size": [0.5, 1.5]},
								"east": {"uv": [21, 12], "uv_size": [4.5, 1.5]},
								"south": {"uv": [0, 38], "uv_size": [0.5, 1.5]},
								"west": {"uv": [22, 0], "uv_size": [4.5, 1.5]},
								"up": {"uv": [29, 31], "uv_size": [0.5, 4.5]},
								"down": {"uv": [7, 36.5], "uv_size": [0.5, -4.5]}
							}
						},
						{
							"origin": [-1.2539, 8.9592, 3.42004],
							"size": [1.08503, 1.08503, 8.54911],
							"pivot": [-0.9361, 10.60326, 7.69459],
							"rotation": [0, 0, -45],
							"uv": {
								"north": {"uv": [16, 36], "uv_size": [1, 1]},
								"south": {"uv": [36, 16], "uv_size": [1, 1]},
								"west": {"uv": [21, 8], "uv_size": [8, 1]},
								"up": {"uv": [20, 21], "uv_size": [1, 8]}
							}
						},
						{
							"origin": [-0.59218, 9.4476, 3.42004],
							"size": [1.03022, 0.75621, 8.54911],
							"pivot": [-0.04967, 9.87364, 7.69459],
							"rotation": [0, 0, -90],
							"uv": {
								"north": {"uv": [39, 1], "uv_size": [1, 0.5]},
								"south": {"uv": [2, 39], "uv_size": [1, 0.5]},
								"west": {"uv": [28, 1], "uv_size": [8, 0.5]}
							}
						},
						{
							"origin": [-1.2539, 8.24678, 3.42004],
							"size": [1.08503, 1.08503, 8.54911],
							"pivot": [-0.9361, 9.89084, 7.69459],
							"rotation": [0, 0, -45],
							"uv": {
								"north": {"uv": [17, 36], "uv_size": [1, 1]},
								"east": {"uv": [21, 9], "uv_size": [8, 1]},
								"south": {"uv": [36, 17], "uv_size": [1, 1]},
								"down": {"uv": [21, 29], "uv_size": [1, -8]}
							}
						}
					]
				},
				{
					"name": "ld_mag",
					"parent": "lod_m4",
					"pivot": [-0.0375, 0, -8],
					"cubes": [
						{
							"origin": [-0.5125, 1.27099, -8.11686],
							"size": [1.025, 4.525, 2.85],
							"pivot": [0, 3.52099, -6.69186],
							"rotation": [-12, 0, 0],
							"uv": {
								"north": {"uv": [26, 26], "uv_size": [1, 4.5]},
								"east": {"uv": [12, 14], "uv_size": [3, 4.5]},
								"south": {"uv": [27, 0], "uv_size": [1, 4.5]},
								"west": {"uv": [15, 14], "uv_size": [3, 4.5]},
								"up": {"uv": [8, 30], "uv_size": [1, 3]},
								"down": {"uv": [9, 33], "uv_size": [1, -3]}
							}
						},
						{
							"origin": [-0.5125, 5.45, -7.675],
							"size": [1.025, 3.55, 2.85],
							"inflate": 0.001,
							"uv": {
								"north": {"uv": [16, 28], "uv_size": [1, 3.5]},
								"east": {"uv": [18, 6], "uv_size": [3, 3.5]},
								"south": {"uv": [4, 29], "uv_size": [1, 3.5]},
								"west": {"uv": [18, 10], "uv_size": [3, 3.5]},
								"up": {"uv": [10, 30], "uv_size": [1, 3]},
								"down": {"uv": [11, 33], "uv_size": [1, -3]}
							}
						},
						{
							"origin": [-0.5125, 9, -6.475],
							"size": [1.025, 0.3, 1.65],
							"uv": {
								"north": {"uv": [39, 0], "uv_size": [1, 0.5]},
								"east": {"uv": [35, 37], "uv_size": [1.5, 0.5]},
								"south": {"uv": [1, 39], "uv_size": [1, 0.5]},
								"west": {"uv": [37, 35], "uv_size": [1.5, 0.5]},
								"up": {"uv": [16, 34], "uv_size": [1, 1.5]},
								"down": {"uv": [34, 19.5], "uv_size": [1, -1.5]}
							}
						}
					]
				},
				{
					"name": "positioning2",
					"parent": "lod_m4",
					"pivot": [0, 0, 0]
				},
				{
					"name": "scope_pos",
					"parent": "positioning2",
					"pivot": [0, 11.1625, -3.725]
				},
				{
					"name": "positioning",
					"pivot": [0, 0, -8]
				},
				{
					"name": "thirdperson_hand",
					"parent": "positioning",
					"pivot": [0, 6.875, -2.65]
				},
				{
					"name": "ground",
					"parent": "positioning",
					"pivot": [0, -0.9, -7.35]
				},
				{
					"name": "fixed",
					"parent": "positioning",
					"pivot": [1.5, 8, -6.775],
					"rotation": [0, 90, 0]
				},
				{
					"name": "shell",
					"parent": "positioning",
					"pivot": [-0.75, 10, -6]
				},
				{
					"name": "muzzle_flash",
					"parent": "positioning",
					"pivot": [0, 9.5, -27]
				}
			]
		}
	]
}