{
	"format_version": "1.12.0",
	"minecraft:geometry": [
		{
			"description": {
				"identifier": "geometry.hk416d - Converted",
				"texture_width": 64,
				"texture_height": 64,
				"visible_bounds_width": 4,
				"visible_bounds_height": 2.5,
				"visible_bounds_offset": [0, 0.75, 0]
			},
			"bones": [
				{
					"name": "lod",
					"pivot": [-0.00041, 7.56692, 4.77724],
					"cubes": [
						{
							"origin": [-0.5, 3.88589, 0.37548],
							"size": [1, 2, 2.9375],
							"pivot": [0, 4.88589, 1.87548],
							"rotation": [-6, 0, 0],
							"uv": {
								"north": {"uv": [16, 35], "uv_size": [1, 2]},
								"east": {"uv": [27, 26], "uv_size": [3, 2]},
								"south": {"uv": [35, 32], "uv_size": [1, 2]},
								"west": {"uv": [28, 18], "uv_size": [3, 2]},
								"up": {"uv": [33, 31], "uv_size": [1, 3]},
								"down": {"uv": [0, 37], "uv_size": [1, -3]}
							}
						},
						{
							"origin": [-1.00107, 10.06932, -13.37499],
							"size": [1.27279, 0.47279, 13.25],
							"pivot": [-0.36467, 10.30572, -6.87499],
							"rotation": [0, 0, -58.3285],
							"uv": {
								"north": {"uv": [21, 38], "uv_size": [1.5, 0.5]},
								"south": {"uv": [38, 21], "uv_size": [1.5, 0.5]},
								"up": {"uv": [8, 8], "uv_size": [1.5, 13.5]}
							}
						},
						{
							"origin": [-0.88076, 8.33467, -13.37499],
							"size": [1.27279, 1.27279, 13.25],
							"pivot": [0.01924, 8.73467, -6.87499],
							"rotation": [0, 0, 45],
							"uv": {
								"north": {"uv": [18, 35], "uv_size": [1.5, 1.5]},
								"south": {"uv": [35, 19], "uv_size": [1.5, 1.5]},
								"west": {"uv": [6, 6], "uv_size": [13.5, 1.5]},
								"down": {"uv": [6, 21.5], "uv_size": [1.5, -13.5]}
							}
						},
						{
							"origin": [-0.61215, 10.2593, -13.37499],
							"size": [1.27279, 0.47279, 13.25],
							"pivot": [0.02424, 10.0957, -6.87499],
							"rotation": [0, 0, 58.3285],
							"uv": {
								"north": {"uv": [19, 38], "uv_size": [1.5, 0.5]},
								"south": {"uv": [38, 20], "uv_size": [1.5, 0.5]},
								"up": {"uv": [4, 6], "uv_size": [1.5, 13.5]}
							}
						},
						{
							"origin": [-0.9, 9.08822, -13.37499],
							"size": [1.8, 0.8, 13.25],
							"uv": {
								"north": {"uv": [35, 30], "uv_size": [2, 1]},
								"east": {"uv": [14, 18], "uv_size": [13.5, 1]},
								"south": {"uv": [36, 0], "uv_size": [2, 1]},
								"west": {"uv": [14, 19], "uv_size": [13.5, 1]}
							}
						},
						{
							"origin": [-0.925, 9.33822, -12.89999],
							"size": [1.85, 0.3, 14.525],
							"uv": {
								"east": {"uv": [27, 24], "uv_size": [12.5, 0.5]},
								"west": {"uv": [27, 25], "uv_size": [12.5, 0.5]}
							}
						},
						{
							"origin": [-0.675, 8.23822, -1.54999],
							"size": [1.35, 0.85, 1.425],
							"uv": {
								"north": {"uv": [11, 37], "uv_size": [1.5, 1]},
								"east": {"uv": [13, 37], "uv_size": [1.5, 1]},
								"south": {"uv": [37, 13], "uv_size": [1.5, 1]},
								"west": {"uv": [15, 37], "uv_size": [1.5, 1]},
								"up": {"uv": [35, 26], "uv_size": [1.5, 1.5]},
								"down": {"uv": [35, 29.5], "uv_size": [1.5, -1.5]}
							}
						},
						{
							"origin": [-0.375, 8.99839, -16.87452],
							"size": [0.9375, 0.9375, 3],
							"pivot": [0, 9.56089, -15.96827],
							"rotation": [0, 0, 45],
							"uv": {
								"north": {"uv": [30, 17], "uv_size": [1, 1]},
								"east": {"uv": [31, 13], "uv_size": [3, 1]},
								"south": {"uv": [37, 20], "uv_size": [1, 1]},
								"west": {"uv": [32, 21], "uv_size": [3, 1]},
								"up": {"uv": [34, 0], "uv_size": [1, 3]},
								"down": {"uv": [34, 6], "uv_size": [1, -3]}
							}
						},
						{
							"origin": [-0.25, 9.12339, -13.87452],
							"size": [0.6875, 0.6875, 0.5],
							"pivot": [0, 9.56089, -15.96827],
							"rotation": [0, 0, 45],
							"uv": {
								"north": {"uv": [17, 39], "uv_size": [0.5, 0.5]},
								"east": {"uv": [39, 17], "uv_size": [0.5, 0.5]},
								"south": {"uv": [39, 18], "uv_size": [0.5, 0.5]},
								"west": {"uv": [19, 39], "uv_size": [0.5, 0.5]},
								"up": {"uv": [20, 39], "uv_size": [0.5, 0.5]},
								"down": {"uv": [21, 39.5], "uv_size": [0.5, -0.5]}
							}
						},
						{
							"origin": [-0.54982, 9.20397, -0.56202],
							"size": [1.15835, 1.13975, 10.18702],
							"pivot": [-0.20397, 9.82897, 6.3125],
							"rotation": [0, 0, -45],
							"uv": {
								"north": {"uv": [21, 37], "uv_size": [1, 1]},
								"east": {"uv": [20, 15], "uv_size": [10, 1]},
								"south": {"uv": [37, 21], "uv_size": [1, 1]},
								"west": {"uv": [20, 16], "uv_size": [10, 1]},
								"up": {"uv": [4, 20], "uv_size": [1, 10]},
								"down": {"uv": [5, 30], "uv_size": [1, -10]}
							}
						},
						{
							"origin": [-0.54051, 8.50331, -0.12452],
							"size": [1.14905, 1.14905, 9.75],
							"pivot": [-0.20397, 9.12831, 6.56298],
							"rotation": [0, 0, -45],
							"uv": {
								"north": {"uv": [22, 37], "uv_size": [1, 1]},
								"east": {"uv": [20, 17], "uv_size": [10, 1]},
								"south": {"uv": [23, 37], "uv_size": [1, 1]},
								"west": {"uv": [14, 21], "uv_size": [10, 1]},
								"up": {"uv": [6, 22], "uv_size": [1, 10]},
								"down": {"uv": [7, 32], "uv_size": [1, -10]}
							}
						},
						{
							"origin": [-0.8125, 9.26089, -0.12452],
							"size": [1.625, 0.6875, 9.75],
							"uv": {
								"north": {"uv": [38, 3], "uv_size": [1.5, 0.5]},
								"east": {"uv": [30, 9], "uv_size": [10, 0.5]},
								"south": {"uv": [38, 4], "uv_size": [1.5, 0.5]},
								"west": {"uv": [30, 10], "uv_size": [10, 0.5]},
								"up": {"uv": [14, 8], "uv_size": [1.5, 10]},
								"down": {"uv": [16, 18], "uv_size": [1.5, -10]}
							}
						},
						{
							"origin": [0.9375, 9.58589, 4.96298],
							"size": [1.075, 0.7375, 1.6625],
							"pivot": [1.75, 9.60464, 1.75048],
							"rotation": [0, -30, 0],
							"uv": {
								"north": {"uv": [38, 26], "uv_size": [1, 0.5]},
								"east": {"uv": [5, 38], "uv_size": [1.5, 0.5]},
								"south": {"uv": [27, 38], "uv_size": [1, 0.5]},
								"west": {"uv": [38, 5], "uv_size": [1.5, 0.5]},
								"up": {"uv": [36, 7], "uv_size": [1, 1.5]},
								"down": {"uv": [9, 37.5], "uv_size": [1, -1.5]}
							}
						},
						{
							"origin": [-1.41498, 9.25, 5.64021],
							"size": [1.4375, 0.75, 2.75],
							"pivot": [-0.78998, 9.46875, 7.60896],
							"rotation": [0, -22.5, 0],
							"uv": {
								"north": {"uv": [36, 11], "uv_size": [1.5, 1]},
								"east": {"uv": [33, 6], "uv_size": [3, 1]},
								"south": {"uv": [12, 36], "uv_size": [1.5, 1]},
								"west": {"uv": [4, 34], "uv_size": [3, 1]},
								"up": {"uv": [31, 17], "uv_size": [1.5, 3]},
								"down": {"uv": [23, 34], "uv_size": [1.5, -3]}
							}
						},
						{
							"origin": [-0.4375, 8.47339, -13.37452],
							"size": [0.875, 2.4125, 21.5625],
							"uv": {
								"north": {"uv": [1, 35], "uv_size": [1, 2.5]},
								"east": {"uv": [0, 0], "uv_size": [21.5, 2.5]},
								"south": {"uv": [2, 35], "uv_size": [1, 2.5]},
								"west": {"uv": [0, 3], "uv_size": [21.5, 2.5]},
								"up": {"uv": [0, 6], "uv_size": [1, 21.5]},
								"down": {"uv": [1, 27.5], "uv_size": [1, -21.5]}
							}
						},
						{
							"origin": [-0.4375, 10.88589, -13.37452],
							"size": [0.875, 0.3125, 21.125],
							"uv": {
								"north": {"uv": [38, 27], "uv_size": [1, 0.5]},
								"east": {"uv": [14, 20], "uv_size": [21, 0.5]},
								"south": {"uv": [28, 38], "uv_size": [1, 0.5]},
								"west": {"uv": [20, 14], "uv_size": [21, 0.5]},
								"up": {"uv": [2, 6], "uv_size": [1, 21]},
								"down": {"uv": [3, 27], "uv_size": [1, -21]}
							}
						},
						{
							"origin": [-1.3125, 10.63589, 8.18798],
							"size": [2.6875, 0.375, 0.75],
							"uv": {
								"north": {"uv": [18, 37], "uv_size": [2.5, 0.5]},
								"east": {"uv": [38, 28], "uv_size": [1, 0.5]},
								"south": {"uv": [37, 19], "uv_size": [2.5, 0.5]},
								"west": {"uv": [29, 38], "uv_size": [1, 0.5]},
								"up": {"uv": [35, 3], "uv_size": [2.5, 1]},
								"down": {"uv": [4, 36], "uv_size": [2.5, -1]}
							}
						},
						{
							"origin": [-0.4375, 8.16089, -13.37452],
							"size": [0.875, 0.3125, 13.375],
							"uv": {
								"north": {"uv": [38, 29], "uv_size": [1, 0.5]},
								"east": {"uv": [26, 22], "uv_size": [13.5, 0.5]},
								"south": {"uv": [30, 38], "uv_size": [1, 0.5]},
								"west": {"uv": [27, 23], "uv_size": [13.5, 0.5]},
								"up": {"uv": [12, 18], "uv_size": [1, 13.5]},
								"down": {"uv": [13, 31.5], "uv_size": [1, -13.5]}
							}
						},
						{
							"origin": [-0.9375, 5.38589, 0.50048],
							"size": [1.875, 0.3125, 3.75],
							"pivot": [0, 9.38589, 6.50048],
							"rotation": [-5, 0, 0],
							"uv": {
								"north": {"uv": [24, 37], "uv_size": [2, 0.5]},
								"east": {"uv": [36, 1], "uv_size": [3.5, 0.5]},
								"south": {"uv": [26, 37], "uv_size": [2, 0.5]},
								"west": {"uv": [36, 2], "uv_size": [3.5, 0.5]},
								"up": {"uv": [23, 25], "uv_size": [2, 3.5]},
								"down": {"uv": [25, 28.5], "uv_size": [2, -3.5]}
							}
						},
						{
							"origin": [-0.6875, 5.94839, 0.43798],
							"size": [1.375, 2.0625, 3.4375],
							"uv": {
								"north": {"uv": [7, 34], "uv_size": [1.5, 2]},
								"east": {"uv": [26, 7], "uv_size": [3.5, 2]},
								"south": {"uv": [34, 7], "uv_size": [1.5, 2]},
								"west": {"uv": [26, 9], "uv_size": [3.5, 2]},
								"up": {"uv": [10, 28], "uv_size": [1.5, 3.5]},
								"down": {"uv": [4, 33.5], "uv_size": [1.5, -3.5]}
							}
						},
						{
							"origin": [0, 5.76089, 3.93798],
							"size": [0, 1.3125, 2.75],
							"uv": {
								"north": {"uv": [0, 0], "uv_size": [0, 1.5]},
								"east": {"uv": [33, 11], "uv_size": [2.5, 1.5]},
								"south": {"uv": [0, 0], "uv_size": [0, 1.5]},
								"west": {"uv": [14, 33], "uv_size": [2.5, 1.5]},
								"up": {"uv": [0, 0], "uv_size": [0, 2.5]},
								"down": {"uv": [0, 2.5], "uv_size": [0, -2.5]}
							}
						},
						{
							"origin": [-0.6875, 7.01089, 3.87548],
							"size": [1.375, 1, 4.5],
							"uv": {
								"north": {"uv": [36, 12], "uv_size": [1.5, 1]},
								"east": {"uv": [30, 26], "uv_size": [4.5, 1]},
								"south": {"uv": [20, 36], "uv_size": [1.5, 1]},
								"west": {"uv": [30, 27], "uv_size": [4.5, 1]},
								"up": {"uv": [2, 27], "uv_size": [1.5, 4.5]},
								"down": {"uv": [18, 31.5], "uv_size": [1.5, -4.5]}
							}
						},
						{
							"origin": [-0.75, 5.57339, 6.75048],
							"size": [1.5, 1.4375, 2.1875],
							"uv": {
								"north": {"uv": [14, 35], "uv_size": [1.5, 1.5]},
								"east": {"uv": [9, 34], "uv_size": [2, 1.5]},
								"south": {"uv": [35, 17], "uv_size": [1.5, 1.5]},
								"west": {"uv": [23, 34], "uv_size": [2, 1.5]},
								"up": {"uv": [25, 34], "uv_size": [1.5, 2]},
								"down": {"uv": [27, 36], "uv_size": [1.5, -2]}
							}
						},
						{
							"origin": [-0.75, 6.70496, 8.69564],
							"size": [1.5, 1.9375, 0.875],
							"inflate": 0.001,
							"pivot": [0, 8.29871, 8.35189],
							"rotation": [-35, 0, 0],
							"uv": {
								"north": {"uv": [29, 34], "uv_size": [1.5, 2]},
								"east": {"uv": [34, 35], "uv_size": [1, 2]},
								"south": {"uv": [31, 34], "uv_size": [1.5, 2]},
								"west": {"uv": [35, 34], "uv_size": [1, 2]},
								"up": {"uv": [23, 36], "uv_size": [1.5, 1]},
								"down": {"uv": [25, 37], "uv_size": [1.5, -1]}
							}
						},
						{
							"origin": [-0.75, 1.93194, 7.65196],
							"size": [1.5, 1.02397, 2.70862],
							"pivot": [0, 2.44393, 8.75627],
							"rotation": [11, 0, 0],
							"uv": {
								"north": {"uv": [27, 36], "uv_size": [1.5, 1]},
								"east": {"uv": [35, 4], "uv_size": [2.5, 1]},
								"south": {"uv": [29, 36], "uv_size": [1.5, 1]},
								"west": {"uv": [35, 5], "uv_size": [2.5, 1]},
								"up": {"uv": [18, 32], "uv_size": [1.5, 2.5]},
								"down": {"uv": [33, 19.5], "uv_size": [1.5, -2.5]}
							}
						},
						{
							"origin": [-0.75, 2.51089, 6.56582],
							"size": [1.5, 3.57165, 2.30966],
							"inflate": 0.001,
							"pivot": [0, 6.29214, 7.68798],
							"rotation": [22.5, 0, 0],
							"uv": {
								"north": {"uv": [27, 30], "uv_size": [1.5, 3.5]},
								"east": {"uv": [23, 7], "uv_size": [2.5, 3.5]},
								"south": {"uv": [29, 30], "uv_size": [1.5, 3.5]},
								"west": {"uv": [18, 23], "uv_size": [2.5, 3.5]},
								"up": {"uv": [20, 33], "uv_size": [1.5, 2.5]},
								"down": {"uv": [33, 30.5], "uv_size": [1.5, -2.5]}
							}
						},
						{
							"origin": [-0.6875, 8.01089, -0.12452],
							"size": [1.375, 0.6875, 9.6875],
							"uv": {
								"north": {"uv": [38, 7], "uv_size": [1.5, 0.5]},
								"east": {"uv": [30, 15], "uv_size": [9.5, 0.5]},
								"south": {"uv": [38, 8], "uv_size": [1.5, 0.5]},
								"west": {"uv": [30, 16], "uv_size": [9.5, 0.5]},
								"up": {"uv": [18, 8], "uv_size": [1.5, 9.5]},
								"down": {"uv": [10, 27.5], "uv_size": [1.5, -9.5]}
							}
						},
						{
							"origin": [-0.875, 9.19839, 12.37548],
							"size": [1.75, 0.8125, 9.75],
							"uv": {
								"north": {"uv": [14, 32], "uv_size": [2, 1]},
								"east": {"uv": [22, 0], "uv_size": [10, 1]},
								"south": {"uv": [35, 21], "uv_size": [2, 1]},
								"west": {"uv": [22, 1], "uv_size": [10, 1]},
								"up": {"uv": [10, 8], "uv_size": [2, 10]},
								"down": {"uv": [12, 18], "uv_size": [2, -10]}
							}
						},
						{
							"origin": [-0.4375, 6.28969, 14.41767],
							"size": [0.875, 0.8125, 7.9375],
							"inflate": 0.001,
							"pivot": [0, 8.16469, 17.35517],
							"rotation": [-35, 0, 0],
							"uv": {
								"north": {"uv": [37, 26], "uv_size": [1, 1]},
								"east": {"uv": [23, 13], "uv_size": [8, 1]},
								"south": {"uv": [37, 27], "uv_size": [1, 1]},
								"west": {"uv": [24, 21], "uv_size": [8, 1]},
								"up": {"uv": [21, 25], "uv_size": [1, 8]},
								"down": {"uv": [22, 33], "uv_size": [1, -8]}
							}
						},
						{
							"origin": [-0.4375, 7.91469, 12.60517],
							"size": [0.875, 0.8125, 3],
							"inflate": 0.002,
							"uv": {
								"north": {"uv": [28, 37], "uv_size": [1, 1]},
								"east": {"uv": [34, 13], "uv_size": [3, 1]},
								"south": {"uv": [37, 28], "uv_size": [1, 1]},
								"west": {"uv": [34, 31], "uv_size": [3, 1]},
								"up": {"uv": [11, 34], "uv_size": [1, 3]},
								"down": {"uv": [34, 35], "uv_size": [1, -3]}
							}
						},
						{
							"origin": [-0.4375, 7.91469, 15.54267],
							"size": [0.875, 0.625, 3.375],
							"inflate": 0.002,
							"pivot": [0, 8.32094, 16.66767],
							"rotation": [-10, 0, 0],
							"uv": {
								"north": {"uv": [38, 30], "uv_size": [1, 0.5]},
								"east": {"uv": [5, 36], "uv_size": [3.5, 0.5]},
								"south": {"uv": [31, 38], "uv_size": [1, 0.5]},
								"west": {"uv": [36, 6], "uv_size": [3.5, 0.5]},
								"up": {"uv": [17, 33], "uv_size": [1, 3.5]},
								"down": {"uv": [22, 36.5], "uv_size": [1, -3.5]}
							}
						},
						{
							"origin": [-0.4375, 1.69839, 18.31298],
							"size": [0.875, 1.75, 5.375],
							"pivot": [0, 4.63589, 19.18798],
							"rotation": [90, 0, 0],
							"uv": {
								"north": {"uv": [10, 36], "uv_size": [1, 1.5]},
								"east": {"uv": [23, 11], "uv_size": [5.5, 1.5]},
								"south": {"uv": [31, 36], "uv_size": [1, 1.5]},
								"west": {"uv": [21, 23], "uv_size": [5.5, 1.5]},
								"up": {"uv": [20, 27], "uv_size": [1, 5.5]},
								"down": {"uv": [0, 33.5], "uv_size": [1, -5.5]}
							}
						},
						{
							"origin": [-1.43198, 8.843, 12.37548],
							"size": [1.23744, 1.23744, 9.75],
							"pivot": [-1.06954, 10.718, 17.25048],
							"rotation": [0, 0, -45],
							"uv": {
								"north": {"uv": [29, 37], "uv_size": [1, 1]},
								"east": {"uv": [22, 2], "uv_size": [10, 1]},
								"south": {"uv": [37, 29], "uv_size": [1, 1]},
								"west": {"uv": [22, 3], "uv_size": [10, 1]},
								"up": {"uv": [8, 22], "uv_size": [1, 10]},
								"down": {"uv": [9, 32], "uv_size": [1, -10]}
							}
						},
						{
							"origin": [-0.68122, 9.4, 12.37548],
							"size": [1.17494, 0.86244, 9.75],
							"pivot": [-0.0625, 9.88589, 17.25048],
							"rotation": [0, 0, -90],
							"uv": {
								"north": {"uv": [30, 37], "uv_size": [1, 1]},
								"east": {"uv": [22, 4], "uv_size": [10, 1]},
								"south": {"uv": [37, 30], "uv_size": [1, 1]},
								"west": {"uv": [22, 5], "uv_size": [10, 1]},
								"up": {"uv": [14, 22], "uv_size": [1, 10]},
								"down": {"uv": [15, 32], "uv_size": [1, -10]}
							}
						},
						{
							"origin": [-1.43198, 8.0305, 12.37548],
							"size": [1.23744, 1.23744, 9.75],
							"pivot": [-1.06954, 9.9055, 17.25048],
							"rotation": [0, 0, -45],
							"uv": {
								"north": {"uv": [37, 31], "uv_size": [1, 1]},
								"east": {"uv": [16, 22], "uv_size": [10, 1]},
								"south": {"uv": [33, 37], "uv_size": [1, 1]},
								"west": {"uv": [23, 6], "uv_size": [10, 1]},
								"up": {"uv": [16, 23], "uv_size": [1, 10]},
								"down": {"uv": [17, 33], "uv_size": [1, -10]}
							}
						},
						{
							"origin": [-0.66594, 9.31738, 9.62548],
							"size": [1.35225, 0.57452, 2.75],
							"pivot": [0.00509, 9.59235, 11.00048],
							"rotation": [0, 0, -45],
							"uv": {
								"north": {"uv": [9, 38], "uv_size": [1.5, 0.5]},
								"east": {"uv": [36, 32], "uv_size": [3, 0.5]},
								"south": {"uv": [11, 38], "uv_size": [1.5, 0.5]},
								"west": {"uv": [36, 33], "uv_size": [3, 0.5]},
								"up": {"uv": [25, 31], "uv_size": [1.5, 3]},
								"down": {"uv": [31, 31], "uv_size": [1.5, -3]}
							}
						},
						{
							"origin": [-0.67613, 9.31738, 9.62548],
							"size": [1.35225, 0.57452, 2.75],
							"pivot": [0, 9.60464, 11.00048],
							"rotation": [0, 0, -135],
							"uv": {
								"north": {"uv": [38, 11], "uv_size": [1.5, 0.5]},
								"east": {"uv": [36, 34], "uv_size": [3, 0.5]},
								"south": {"uv": [38, 12], "uv_size": [1.5, 0.5]},
								"west": {"uv": [35, 36], "uv_size": [3, 0.5]},
								"up": {"uv": [31, 31], "uv_size": [1.5, 3]},
								"down": {"uv": [32, 3], "uv_size": [1.5, -3]}
							}
						},
						{
							"origin": [-0.68122, 9.32968, 9.62548],
							"size": [1.36244, 0.54994, 2.75],
							"uv": {
								"north": {"uv": [13, 38], "uv_size": [1.5, 0.5]},
								"east": {"uv": [36, 35], "uv_size": [3, 0.5]},
								"south": {"uv": [15, 38], "uv_size": [1.5, 0.5]},
								"west": {"uv": [5, 37], "uv_size": [3, 0.5]},
								"up": {"uv": [1, 32], "uv_size": [1.5, 3]},
								"down": {"uv": [32, 6], "uv_size": [1.5, -3]}
							}
						},
						{
							"origin": [-0.27497, 8.92343, 9.62548],
							"size": [0.54994, 1.36244, 2.75],
							"uv": {
								"north": {"uv": [2, 38], "uv_size": [0.5, 1.5]},
								"east": {"uv": [6, 32], "uv_size": [3, 1.5]},
								"south": {"uv": [7, 38], "uv_size": [0.5, 1.5]},
								"west": {"uv": [9, 32], "uv_size": [3, 1.5]},
								"up": {"uv": [32, 36], "uv_size": [0.5, 3]},
								"down": {"uv": [0, 40], "uv_size": [0.5, -3]}
							}
						},
						{
							"origin": [-0.5, 0.23474, 0.05324],
							"size": [1, 3.9125, 2.9375],
							"pivot": [0, 3.14724, 1.55324],
							"rotation": [-15, 0, 0],
							"uv": {
								"north": {"uv": [1, 28], "uv_size": [1, 4]},
								"east": {"uv": [20, 6], "uv_size": [3, 4]},
								"south": {"uv": [3, 32], "uv_size": [1, 4]},
								"west": {"uv": [20, 10], "uv_size": [3, 4]},
								"up": {"uv": [33, 34], "uv_size": [1, 3]},
								"down": {"uv": [35, 3], "uv_size": [1, -3]}
							}
						},
						{
							"origin": [-0.43791, 9.12942, 0.46474],
							"size": [0.7875, 1.4375, 3.8125],
							"pivot": [-0.00041, 10.56692, 4.77724],
							"rotation": [0, 0, 22.5],
							"uv": {
								"north": {"uv": [37, 7], "uv_size": [1, 1.5]},
								"east": {"uv": [27, 28], "uv_size": [4, 1.5]},
								"south": {"uv": [8, 37], "uv_size": [1, 1.5]},
								"west": {"uv": [29, 11], "uv_size": [4, 1.5]},
								"up": {"uv": [12, 32], "uv_size": [1, 4]},
								"down": {"uv": [13, 36], "uv_size": [1, -4]}
							}
						},
						{
							"origin": [-1.12509, 7.96674, 0.46474],
							"size": [0.1875, 1.4375, 3.8125],
							"pivot": [-1.03134, 8.68549, 2.37099],
							"rotation": [0, 0, 13.5],
							"uv": {
								"north": {"uv": [38, 17], "uv_size": [0.5, 1.5]},
								"east": {"uv": [23, 29], "uv_size": [4, 1.5]},
								"south": {"uv": [18, 38], "uv_size": [0.5, 1.5]},
								"west": {"uv": [30, 7], "uv_size": [4, 1.5]},
								"up": {"uv": [3, 36], "uv_size": [0.5, 4]},
								"down": {"uv": [4, 40], "uv_size": [0.5, -4]}
							}
						}
					]
				},
				{
					"name": "positioning_attachment",
					"parent": "lod",
					"pivot": [0, 7, 6.575]
				},
				{
					"name": "muzzle_flash",
					"parent": "positioning_attachment",
					"pivot": [0, 9.6, -14.375]
				},
				{
					"name": "laser_pos",
					"parent": "positioning_attachment",
					"pivot": [0, 11.19839, -8.49952]
				},
				{
					"name": "scope_pos",
					"parent": "positioning_attachment",
					"pivot": [0, 11.3725, 5.95]
				},
				{
					"name": "shell",
					"parent": "positioning_attachment",
					"pivot": [-0.2, 9.75, 2.2]
				},
				{
					"name": "fixed",
					"parent": "lod",
					"pivot": [0.875, 9.625, 5.1],
					"rotation": [0, 90, 0]
				},
				{
					"name": "ground",
					"parent": "lod",
					"pivot": [0, -0.9, 4.65]
				},
				{
					"name": "thirdperson_hand",
					"parent": "lod",
					"pivot": [0, 7.025, 6.65]
				},
				{
					"name": "sight",
					"parent": "lod",
					"pivot": [0, -2.65, 3.9],
					"cubes": [
						{
							"origin": [-0.5625, 10.9125, -13.1],
							"size": [1.125, 0.5, 1.25],
							"uv": {
								"north": {"uv": [38, 31], "uv_size": [1, 0.5]},
								"east": {"uv": [23, 38], "uv_size": [1.5, 0.5]},
								"south": {"uv": [33, 38], "uv_size": [1, 0.5]},
								"west": {"uv": [25, 38], "uv_size": [1.5, 0.5]},
								"up": {"uv": [17, 37], "uv_size": [1, 1.5]},
								"down": {"uv": [37, 18.5], "uv_size": [1, -1.5]}
							}
						},
						{
							"origin": [-0.375, 11.2875, -12.6],
							"size": [0.75, 0.375, 1],
							"uv": {
								"east": {"uv": [34, 38], "uv_size": [1, 0.5]},
								"south": {"uv": [35, 38], "uv_size": [1, 0.5]},
								"west": {"uv": [36, 38], "uv_size": [1, 0.5]},
								"up": {"uv": [34, 37], "uv_size": [1, 1]},
								"down": {"uv": [35, 38], "uv_size": [1, -1]}
							}
						},
						{
							"origin": [-0.375, 11.25394, -13.08123],
							"size": [0.75, 0.375, 0.5625],
							"pivot": [0, 11.44144, -12.64373],
							"rotation": [22.5, 0, 0],
							"uv": {
								"north": {"uv": [38, 36], "uv_size": [1, 0.5]},
								"east": {"uv": [22, 39], "uv_size": [0.5, 0.5]},
								"west": {"uv": [23, 39], "uv_size": [0.5, 0.5]},
								"up": {"uv": [37, 38], "uv_size": [1, 0.5]}
							}
						},
						{
							"origin": [-0.3125, 12.00625, -12.38125],
							"size": [0.625, 0.3125, 0.9375],
							"pivot": [0, 12.1625, -11.88125],
							"rotation": [90, 0, 0],
							"uv": {
								"north": {"uv": [24, 39], "uv_size": [0.5, 0.5]},
								"east": {"uv": [38, 37], "uv_size": [1, 0.5]},
								"south": {"uv": [25, 39], "uv_size": [0.5, 0.5]},
								"west": {"uv": [38, 38], "uv_size": [1, 0.5]},
								"up": {"uv": [39, 0], "uv_size": [0.5, 1]},
								"down": {"uv": [1, 40], "uv_size": [0.5, -1]}
							}
						},
						{
							"origin": [-0.5625, 10.9125, 5.75],
							"size": [1.125, 0.5, 1.25],
							"uv": {
								"north": {"uv": [5, 39], "uv_size": [1, 0.5]},
								"east": {"uv": [6, 39], "uv_size": [1, 0.5]},
								"south": {"uv": [8, 39], "uv_size": [1, 0.5]},
								"west": {"uv": [9, 39], "uv_size": [1, 0.5]},
								"up": {"uv": [36, 37], "uv_size": [1, 1]},
								"down": {"uv": [37, 38], "uv_size": [1, -1]}
							}
						},
						{
							"origin": [-0.375, 11.2875, 6.25],
							"size": [0.75, 0.375, 1],
							"uv": {
								"east": {"uv": [10, 39], "uv_size": [1, 0.5]},
								"south": {"uv": [11, 39], "uv_size": [1, 0.5]},
								"west": {"uv": [12, 39], "uv_size": [1, 0.5]},
								"up": {"uv": [38, 0], "uv_size": [1, 1]},
								"down": {"uv": [1, 39], "uv_size": [1, -1]}
							}
						},
						{
							"origin": [-0.5625, 12.00625, 6.21875],
							"size": [1.125, 0.5625, 1.1875],
							"pivot": [0, 12.1625, 6.96875],
							"rotation": [90, 0, 0],
							"uv": {
								"north": {"uv": [13, 39], "uv_size": [1, 0.5]},
								"east": {"uv": [39, 13], "uv_size": [1, 0.5]},
								"west": {"uv": [14, 39], "uv_size": [1, 0.5]}
							}
						},
						{
							"origin": [-0.25, 12.06875, 6.59375],
							"size": [0.5, 0.3125, 0.5],
							"pivot": [0, 12.225, 6.84375],
							"rotation": [90, 0, -45],
							"uv": {
								"north": {"uv": [26, 39], "uv_size": [0.5, 0.5]},
								"east": {"uv": [39, 26], "uv_size": [0.5, 0.5]},
								"south": {"uv": [27, 39], "uv_size": [0.5, 0.5]},
								"west": {"uv": [39, 27], "uv_size": [0.5, 0.5]}
							}
						},
						{
							"origin": [-0.5, 11.81875, 6.65625],
							"size": [0.5625, 0.3125, 0.375],
							"pivot": [0, 11.975, 6.84375],
							"rotation": [90, 0, -90],
							"uv": {
								"north": {"uv": [28, 39], "uv_size": [0.5, 0.5]},
								"east": {"uv": [39, 28], "uv_size": [0.5, 0.5]},
								"south": {"uv": [29, 39], "uv_size": [0.5, 0.5]},
								"west": {"uv": [39, 29], "uv_size": [0.5, 0.5]},
								"up": {"uv": [30, 39], "uv_size": [0.5, 0.5]},
								"down": {"uv": [39, 30.5], "uv_size": [0.5, -0.5]}
							}
						},
						{
							"origin": [-0.375, 11.25394, 5.76877],
							"size": [0.75, 0.375, 0.5625],
							"pivot": [0, 11.44144, 6.20627],
							"rotation": [22.5, 0, 0],
							"uv": {
								"north": {"uv": [15, 39], "uv_size": [1, 0.5]},
								"east": {"uv": [31, 39], "uv_size": [0.5, 0.5]},
								"west": {"uv": [39, 31], "uv_size": [0.5, 0.5]},
								"up": {"uv": [16, 39], "uv_size": [1, 0.5]}
							}
						}
					]
				}
			]
		}
	]
}