{
	"format_version": "1.12.0",
	"minecraft:geometry": [
		{
			"description": {
				"identifier": "geometry.p90 - Converted",
				"texture_width": 64,
				"texture_height": 64,
				"visible_bounds_width": 4,
				"visible_bounds_height": 2.5,
				"visible_bounds_offset": [0, 0.75, 0]
			},
			"bones": [
				{
					"name": "positioning",
					"pivot": [0, 0, -8]
				},
				{
					"name": "scope_pos",
					"parent": "positioning",
					"pivot": [0, 10.6625, -1]
				},
				{
					"name": "laser_pos",
					"parent": "positioning",
					"pivot": [1.05, 9.05, -3.09375],
					"rotation": [0, 0, 90]
				},
				{
					"name": "thirdperson_hand",
					"parent": "positioning",
					"pivot": [0, 7.25, 3]
				},
				{
					"name": "ground",
					"parent": "positioning",
					"pivot": [0, 0, 8]
				},
				{
					"name": "fixed",
					"parent": "positioning",
					"pivot": [1.5, 8, 6.375],
					"rotation": [0, 90, 0]
				},
				{
					"name": "muzzle_flash",
					"parent": "positioning",
					"pivot": [0, 8, -10.75]
				},
				{
					"name": "shell",
					"parent": "positioning",
					"pivot": [-0.15, 5.39375, 9.7]
				},
				{
					"name": "lod",
					"pivot": [0, 6, 4],
					"cubes": [
						{
							"origin": [-0.875, 5, 11],
							"size": [1.75, 2.75, 6.5],
							"inflate": 0.001,
							"uv": {
								"north": {"uv": [10, 18], "uv_size": [2, 3]},
								"east": {"uv": [8, 4], "uv_size": [6.5, 3]},
								"south": {"uv": [0, 19], "uv_size": [2, 3]},
								"west": {"uv": [8, 7], "uv_size": [6.5, 3]},
								"up": {"uv": [15, 0], "uv_size": [2, 6.5]},
								"down": {"uv": [4, 21.5], "uv_size": [2, -6.5]}
							}
						},
						{
							"origin": [-0.625, 5, 7.125],
							"size": [1.25, 1.25, 3.5625],
							"pivot": [0, 6.375, 10.25],
							"rotation": [22.5, 0, 0],
							"uv": {
								"north": {"uv": [10, 28], "uv_size": [1.5, 1.5]},
								"east": {"uv": [20, 20], "uv_size": [3.5, 1.5]},
								"south": {"uv": [12, 28], "uv_size": [1.5, 1.5]},
								"west": {"uv": [21, 1], "uv_size": [3.5, 1.5]},
								"up": {"uv": [21, 3], "uv_size": [1.5, 3.5]},
								"down": {"uv": [10, 24.5], "uv_size": [1.5, -3.5]}
							}
						},
						{
							"origin": [-0.625, 3.97154, 3.57356],
							"size": [1.25, 1.375, 3.375],
							"pivot": [0, 5.34654, 6.51106],
							"rotation": [-22.5, 0, 0],
							"uv": {
								"north": {"uv": [14, 28], "uv_size": [1.5, 1.5]},
								"east": {"uv": [4, 22], "uv_size": [3.5, 1.5]},
								"south": {"uv": [28, 18], "uv_size": [1.5, 1.5]},
								"west": {"uv": [22, 7], "uv_size": [3.5, 1.5]},
								"up": {"uv": [0, 22], "uv_size": [1.5, 3.5]},
								"down": {"uv": [20, 25.5], "uv_size": [1.5, -3.5]}
							}
						},
						{
							"origin": [-0.625, 6.96094, 7.48477],
							"size": [1.25, 1.375, 1.375],
							"pivot": [0, 7.64844, 8.20352],
							"rotation": [-35, 0, 0],
							"uv": {
								"north": {"uv": [20, 28], "uv_size": [1.5, 1.5]},
								"east": {"uv": [24, 28], "uv_size": [1.5, 1.5]},
								"south": {"uv": [27, 28], "uv_size": [1.5, 1.5]},
								"west": {"uv": [0, 29], "uv_size": [1.5, 1.5]},
								"up": {"uv": [2, 29], "uv_size": [1.5, 1.5]},
								"down": {"uv": [4, 30.5], "uv_size": [1.5, -1.5]}
							}
						},
						{
							"origin": [-0.625, 6.47886, 0.49042],
							"size": [1.25, 0.625, 1.125],
							"pivot": [0, 7.04136, 0.67792],
							"rotation": [-135.5, 0, 0],
							"uv": {
								"north": {"uv": [33, 10], "uv_size": [1.5, 0.5]},
								"east": {"uv": [30, 33], "uv_size": [1, 0.5]},
								"south": {"uv": [11, 33], "uv_size": [1.5, 0.5]},
								"west": {"uv": [31, 33], "uv_size": [1, 0.5]},
								"up": {"uv": [31, 24], "uv_size": [1.5, 1]},
								"down": {"uv": [31, 26], "uv_size": [1.5, -1]}
							}
						},
						{
							"origin": [-0.625, 4.05286, -1.34086],
							"size": [1.25, 1.3125, 2.625],
							"inflate": -0.002,
							"pivot": [0, 5.42786, 0.84664],
							"rotation": [-67.5, 0, 0],
							"uv": {
								"north": {"uv": [6, 29], "uv_size": [1.5, 1.5]},
								"east": {"uv": [25, 1], "uv_size": [2.5, 1.5]},
								"south": {"uv": [29, 7], "uv_size": [1.5, 1.5]},
								"west": {"uv": [25, 3], "uv_size": [2.5, 1.5]},
								"up": {"uv": [8, 25], "uv_size": [1.5, 2.5]},
								"down": {"uv": [10, 27.5], "uv_size": [1.5, -2.5]}
							}
						},
						{
							"origin": [-0.625, 7.99036, -0.21586],
							"size": [1.25, 0.4375, 1.5],
							"pivot": [0, 5.42786, 0.84664],
							"rotation": [-67.5, 0, 0],
							"uv": {
								"north": {"uv": [33, 11], "uv_size": [1.5, 0.5]},
								"east": {"uv": [33, 12], "uv_size": [1.5, 0.5]},
								"south": {"uv": [13, 33], "uv_size": [1.5, 0.5]},
								"west": {"uv": [33, 13], "uv_size": [1.5, 0.5]},
								"up": {"uv": [29, 11], "uv_size": [1.5, 1.5]},
								"down": {"uv": [29, 14.5], "uv_size": [1.5, -1.5]}
							}
						},
						{
							"origin": [-0.625, 4.03404, 0.19856],
							"size": [1.25, 1.1875, 1.375],
							"pivot": [0, 5.40904, 1.13606],
							"rotation": [-22.5, 0, 0],
							"uv": {
								"north": {"uv": [31, 26], "uv_size": [1.5, 1]},
								"east": {"uv": [31, 27], "uv_size": [1.5, 1]},
								"south": {"uv": [28, 31], "uv_size": [1.5, 1]},
								"west": {"uv": [31, 28], "uv_size": [1.5, 1]},
								"up": {"uv": [16, 29], "uv_size": [1.5, 1.5]},
								"down": {"uv": [29, 17.5], "uv_size": [1.5, -1.5]}
							}
						},
						{
							"origin": [-0.625, 3.90878, 6.38907],
							"size": [1.25, 1.25, 1.5],
							"inflate": 0.002,
							"uv": {
								"north": {"uv": [18, 29], "uv_size": [1.5, 1.5]},
								"east": {"uv": [29, 22], "uv_size": [1.5, 1.5]},
								"south": {"uv": [29, 24], "uv_size": [1.5, 1.5]},
								"west": {"uv": [29, 26], "uv_size": [1.5, 1.5]},
								"up": {"uv": [29, 28], "uv_size": [1.5, 1.5]},
								"down": {"uv": [30, 1.5], "uv_size": [1.5, -1.5]}
							}
						},
						{
							"origin": [-0.625, 5.22128, 3.26407],
							"size": [1.25, 2.375, 1.375],
							"inflate": 0.002,
							"uv": {
								"north": {"uv": [25, 10], "uv_size": [1.5, 2.5]},
								"east": {"uv": [12, 25], "uv_size": [1.5, 2.5]},
								"south": {"uv": [25, 13], "uv_size": [1.5, 2.5]},
								"west": {"uv": [14, 25], "uv_size": [1.5, 2.5]},
								"up": {"uv": [30, 2], "uv_size": [1.5, 1.5]},
								"down": {"uv": [30, 5.5], "uv_size": [1.5, -1.5]}
							}
						},
						{
							"origin": [-0.125, 5.22128, 2.26407],
							"size": [0.25, 2.375, 1.375],
							"inflate": 0.002,
							"pivot": [0, 6.40878, 2.95157],
							"rotation": [22.5, 0, 0],
							"uv": {
								"north": {"uv": [20, 32], "uv_size": [0.5, 2.5]},
								"east": {"uv": [0, 26], "uv_size": [1.5, 2.5]},
								"south": {"uv": [21, 32], "uv_size": [0.5, 2.5]},
								"west": {"uv": [4, 26], "uv_size": [1.5, 2.5]},
								"up": {"uv": [16, 33], "uv_size": [0.5, 1.5]},
								"down": {"uv": [17, 34.5], "uv_size": [0.5, -1.5]}
							}
						},
						{
							"origin": [-0.625, 5.03378, 8.26407],
							"size": [1.25, 2.5625, 3.375],
							"inflate": 0.002,
							"uv": {
								"north": {"uv": [26, 5], "uv_size": [1.5, 2.5]},
								"east": {"uv": [17, 1], "uv_size": [3.5, 2.5]},
								"south": {"uv": [6, 26], "uv_size": [1.5, 2.5]},
								"west": {"uv": [17, 4], "uv_size": [3.5, 2.5]},
								"up": {"uv": [22, 22], "uv_size": [1.5, 3.5]},
								"down": {"uv": [2, 26.5], "uv_size": [1.5, -3.5]}
							}
						},
						{
							"origin": [-0.65, 6.03378, 9.36407],
							"size": [1.3, 1.0625, 1.075],
							"inflate": 0.002,
							"uv": {
								"east": {"uv": [0, 35], "uv_size": [4.5, 4.5]},
								"west": {"uv": [0, 35], "uv_size": [4.5, 4.5]}
							}
						},
						{
							"origin": [-0.625, 6.72128, -2.98593],
							"size": [1.25, 0.875, 3.1875],
							"inflate": 0.002,
							"uv": {
								"north": {"uv": [31, 29], "uv_size": [1.5, 1]},
								"east": {"uv": [23, 6], "uv_size": [3, 1]},
								"south": {"uv": [30, 31], "uv_size": [1.5, 1]},
								"west": {"uv": [27, 10], "uv_size": [3, 1]},
								"up": {"uv": [23, 3], "uv_size": [1.5, 3]},
								"down": {"uv": [23, 13], "uv_size": [1.5, -3]}
							}
						},
						{
							"origin": [-0.625, 7.09628, 0.20157],
							"size": [1.25, 0.5, 3.0625],
							"uv": {
								"north": {"uv": [33, 14], "uv_size": [1.5, 0.5]},
								"east": {"uv": [0, 32], "uv_size": [3, 0.5]},
								"south": {"uv": [33, 17], "uv_size": [1.5, 0.5]},
								"west": {"uv": [32, 0], "uv_size": [3, 0.5]},
								"up": {"uv": [23, 13], "uv_size": [1.5, 3]},
								"down": {"uv": [16, 26], "uv_size": [1.5, -3]}
							}
						},
						{
							"origin": [-0.625, 5.40878, -2.98593],
							"size": [1.25, 1.3125, 0.9375],
							"inflate": 0.001,
							"uv": {
								"north": {"uv": [30, 9], "uv_size": [1.5, 1.5]},
								"east": {"uv": [19, 31], "uv_size": [1, 1.5]},
								"south": {"uv": [10, 30], "uv_size": [1.5, 1.5]},
								"west": {"uv": [32, 1], "uv_size": [1, 1.5]},
								"up": {"uv": [3, 32], "uv_size": [1.5, 1]},
								"down": {"uv": [32, 4], "uv_size": [1.5, -1]}
							}
						},
						{
							"origin": [-0.27773, 5.18651, -2.98593],
							"size": [0.88388, 0.88388, 0.9375],
							"pivot": [0.34727, 5.32039, -2.51718],
							"rotation": [0, 0, -45],
							"uv": {
								"north": {"uv": [25, 5], "uv_size": [1, 1]},
								"east": {"uv": [28, 7], "uv_size": [1, 1]},
								"south": {"uv": [29, 9], "uv_size": [1, 1]},
								"west": {"uv": [26, 29], "uv_size": [1, 1]},
								"up": {"uv": [32, 19], "uv_size": [1, 1]},
								"down": {"uv": [22, 33], "uv_size": [1, -1]}
							}
						},
						{
							"origin": [-0.625, 3.97128, 1.01407],
							"size": [1.25, 1.3125, 2.25],
							"uv": {
								"north": {"uv": [12, 30], "uv_size": [1.5, 1.5]},
								"east": {"uv": [25, 18], "uv_size": [2.5, 1.5]},
								"south": {"uv": [14, 30], "uv_size": [1.5, 1.5]},
								"west": {"uv": [26, 8], "uv_size": [2.5, 1.5]},
								"up": {"uv": [16, 26], "uv_size": [1.5, 2.5]},
								"down": {"uv": [18, 28.5], "uv_size": [1.5, -2.5]}
							}
						},
						{
							"origin": [-1.0625, 8.9375, -1.375],
							"size": [2.125, 0.8125, 10.6875],
							"inflate": 0.001,
							"uv": {
								"north": {"uv": [30, 15], "uv_size": [2, 1]},
								"east": {"uv": [15, 9], "uv_size": [10.5, 1]},
								"south": {"uv": [28, 30], "uv_size": [2, 1]},
								"west": {"uv": [17, 0], "uv_size": [10.5, 1]},
								"up": {"uv": [4, 4], "uv_size": [2, 10.5]},
								"down": {"uv": [6, 14.5], "uv_size": [2, -10.5]}
							}
						},
						{
							"origin": [-1.26256, 8.25, 9.46967],
							"size": [1.76777, 1.5, 1.76777],
							"inflate": -0.001,
							"pivot": [-0.01256, 9.34375, 9.96967],
							"rotation": [0, 45, 0],
							"uv": {
								"north": {"uv": [24, 26], "uv_size": [2, 1.5]},
								"east": {"uv": [2, 27], "uv_size": [2, 1.5]},
								"south": {"uv": [27, 11], "uv_size": [2, 1.5]},
								"west": {"uv": [27, 13], "uv_size": [2, 1.5]},
								"up": {"uv": [4, 24], "uv_size": [2, 2]},
								"down": {"uv": [6, 26], "uv_size": [2, -2]}
							}
						},
						{
							"origin": [-1.26256, 8.25, 8.46967],
							"size": [1.76777, 1.5, 1.76777],
							"pivot": [-0.01256, 9.34375, 8.96967],
							"rotation": [0, 45, 0],
							"uv": {
								"north": {"uv": [27, 22], "uv_size": [2, 1.5]},
								"east": {"uv": [27, 24], "uv_size": [2, 1.5]},
								"south": {"uv": [27, 26], "uv_size": [2, 1.5]},
								"west": {"uv": [28, 0], "uv_size": [2, 1.5]},
								"up": {"uv": [18, 24], "uv_size": [2, 2]},
								"down": {"uv": [24, 22], "uv_size": [2, -2]}
							}
						},
						{
							"origin": [-1.25, 8.25, 9.5],
							"size": [2.5, 1.5, 1],
							"inflate": 0.001,
							"uv": {
								"north": {"uv": [26, 16], "uv_size": [2.5, 1.5]},
								"east": {"uv": [32, 4], "uv_size": [1, 1.5]},
								"south": {"uv": [20, 26], "uv_size": [2.5, 1.5]},
								"west": {"uv": [5, 32], "uv_size": [1, 1.5]},
								"up": {"uv": [27, 15], "uv_size": [2.5, 1]},
								"down": {"uv": [28, 7], "uv_size": [2.5, -1]}
							}
						},
						{
							"origin": [-1.0625, 8.5625, -1.75],
							"size": [2.125, 1.375, 0.375],
							"uv": {
								"north": {"uv": [28, 2], "uv_size": [2, 1.5]},
								"east": {"uv": [18, 33], "uv_size": [0.5, 1.5]},
								"south": {"uv": [28, 4], "uv_size": [2, 1.5]},
								"west": {"uv": [33, 18], "uv_size": [0.5, 1.5]},
								"up": {"uv": [24, 32], "uv_size": [2, 0.5]},
								"down": {"uv": [26, 32.5], "uv_size": [2, -0.5]}
							}
						},
						{
							"origin": [-0.41616, 8.30519, -1.375],
							"size": [1.5026, 1.5026, 10.6875],
							"pivot": [0.02394, 9.40154, 3.96875],
							"rotation": [0, 0, 45],
							"uv": {
								"north": {"uv": [30, 18], "uv_size": [1.5, 1.5]},
								"east": {"uv": [12, 10], "uv_size": [10.5, 1.5]},
								"south": {"uv": [20, 30], "uv_size": [1.5, 1.5]},
								"west": {"uv": [12, 12], "uv_size": [10.5, 1.5]},
								"up": {"uv": [12, 14], "uv_size": [1.5, 10.5]},
								"down": {"uv": [14, 24.5], "uv_size": [1.5, -10.5]}
							}
						},
						{
							"origin": [-1, 7.8125, 11],
							"size": [2, 2, 6.5],
							"inflate": 0.001,
							"uv": {
								"north": {"uv": [24, 22], "uv_size": [2, 2]},
								"east": {"uv": [15, 7], "uv_size": [6.5, 2]},
								"south": {"uv": [24, 24], "uv_size": [2, 2]},
								"west": {"uv": [16, 14], "uv_size": [6.5, 2]},
								"up": {"uv": [6, 15], "uv_size": [2, 6.5]},
								"down": {"uv": [16, 22.5], "uv_size": [2, -6.5]}
							}
						},
						{
							"origin": [-1, 7.8125, 17.5],
							"size": [2, 2, 0.875],
							"inflate": 0.001,
							"uv": {
								"north": {"uv": [24, 22], "uv_size": [2, 2]},
								"east": {"uv": [17, 31], "uv_size": [1, 2]},
								"south": {"uv": [24, 24], "uv_size": [2, 2]},
								"west": {"uv": [18, 31], "uv_size": [1, 2]},
								"up": {"uv": [31, 22], "uv_size": [2, 1]},
								"down": {"uv": [31, 24], "uv_size": [2, -1]}
							}
						},
						{
							"origin": [-0.875, 5, 17.5],
							"size": [1.75, 2.75, 0.875],
							"inflate": 0.001,
							"uv": {
								"north": {"uv": [10, 18], "uv_size": [2, 3]},
								"east": {"uv": [8, 28], "uv_size": [1, 3]},
								"south": {"uv": [0, 19], "uv_size": [2, 3]},
								"west": {"uv": [9, 28], "uv_size": [1, 3]},
								"up": {"uv": [17, 6.5], "uv_size": [-2, -6.5]},
								"down": {"uv": [31, 15], "uv_size": [2, -1]}
							}
						},
						{
							"origin": [-0.5, 7.5625, -3.0625],
							"size": [1, 0.875, 7.0625],
							"uv": {
								"north": {"uv": [28, 32], "uv_size": [1, 1]},
								"east": {"uv": [18, 18], "uv_size": [7, 1]},
								"south": {"uv": [29, 32], "uv_size": [1, 1]},
								"west": {"uv": [18, 19], "uv_size": [7, 1]},
								"up": {"uv": [8, 18], "uv_size": [1, 7]},
								"down": {"uv": [9, 25], "uv_size": [1, -7]}
							}
						},
						{
							"origin": [-0.51831, 7.75, -11.75],
							"size": [0.8125, 0.75, 1.5625],
							"pivot": [0.04419, 8.1875, -12.59375],
							"rotation": [0, 0, -45],
							"uv": {
								"north": {"uv": [30, 32], "uv_size": [1, 1]},
								"east": {"uv": [6, 32], "uv_size": [1.5, 1]},
								"south": {"uv": [32, 30], "uv_size": [1, 1]},
								"west": {"uv": [8, 32], "uv_size": [1.5, 1]},
								"up": {"uv": [32, 9], "uv_size": [1, 1.5]},
								"down": {"uv": [10, 33.5], "uv_size": [1, -1.5]}
							}
						},
						{
							"origin": [-0.45581, 7.8125, -9.5],
							"size": [0.6875, 0.625, 6.4375],
							"pivot": [0.04419, 8.1875, -4.34375],
							"rotation": [0, 0, -45],
							"uv": {
								"north": {"uv": [9, 34], "uv_size": [0.5, 0.5]},
								"east": {"uv": [26, 20], "uv_size": [6.5, 0.5]},
								"south": {"uv": [34, 9], "uv_size": [0.5, 0.5]},
								"west": {"uv": [26, 21], "uv_size": [6.5, 0.5]},
								"up": {"uv": [26, 22], "uv_size": [0.5, 6.5]},
								"down": {"uv": [23, 32.5], "uv_size": [0.5, -6.5]}
							}
						},
						{
							"origin": [-0.64331, 7.625, -10.1875],
							"size": [1.0625, 1, 0.6875],
							"pivot": [0.04419, 8.1875, -11.03125],
							"rotation": [0, 0, -45],
							"uv": {
								"north": {"uv": [31, 32], "uv_size": [1, 1]},
								"east": {"uv": [33, 31], "uv_size": [0.5, 1]},
								"south": {"uv": [32, 31], "uv_size": [1, 1]},
								"west": {"uv": [32, 33], "uv_size": [0.5, 1]},
								"up": {"uv": [33, 32], "uv_size": [1, 0.5]},
								"down": {"uv": [33, 33.5], "uv_size": [1, -0.5]}
							}
						},
						{
							"origin": [-1, 7.8125, 4],
							"size": [2, 0.9375, 7.8125],
							"uv": {
								"north": {"uv": [30, 30], "uv_size": [2, 1]},
								"east": {"uv": [18, 16], "uv_size": [8, 1]},
								"south": {"uv": [0, 31], "uv_size": [2, 1]},
								"west": {"uv": [18, 17], "uv_size": [8, 1]},
								"up": {"uv": [8, 10], "uv_size": [2, 8]},
								"down": {"uv": [10, 18], "uv_size": [2, -8]}
							}
						},
						{
							"origin": [-0.75, 7.875, 0.125],
							"size": [1.5, 0.5, 3.875],
							"uv": {
								"north": {"uv": [33, 20], "uv_size": [1.5, 0.5]},
								"east": {"uv": [2, 31], "uv_size": [4, 0.5]},
								"south": {"uv": [33, 21], "uv_size": [1.5, 0.5]},
								"west": {"uv": [6, 31], "uv_size": [4, 0.5]},
								"up": {"uv": [2, 19], "uv_size": [1.5, 4]},
								"down": {"uv": [18, 24], "uv_size": [1.5, -4]}
							}
						},
						{
							"origin": [-1.0625, 7.625, -0.875],
							"size": [2.125, 1, 1],
							"uv": {
								"north": {"uv": [31, 6], "uv_size": [2, 1]},
								"east": {"uv": [32, 32], "uv_size": [1, 1]},
								"south": {"uv": [31, 7], "uv_size": [2, 1]},
								"west": {"uv": [0, 33], "uv_size": [1, 1]},
								"up": {"uv": [31, 8], "uv_size": [2, 1]},
								"down": {"uv": [31, 12], "uv_size": [2, -1]}
							}
						},
						{
							"origin": [-0.82843, 7.39829, 4],
							"size": [1.41421, 1.41421, 14.325],
							"pivot": [-0.41421, 7.8125, 14.25],
							"rotation": [0, 0, 45],
							"uv": {
								"north": {"uv": [24, 30], "uv_size": [1.5, 1.5]},
								"east": {"uv": [0, 0], "uv_size": [14.5, 1.5]},
								"south": {"uv": [26, 30], "uv_size": [1.5, 1.5]},
								"west": {"uv": [0, 2], "uv_size": [14.5, 1.5]},
								"up": {"uv": [0, 4], "uv_size": [1.5, 14.5]},
								"down": {"uv": [2, 18.5], "uv_size": [1.5, -14.5]}
							}
						},
						{
							"origin": [0.76875, 8.625, -3.93572],
							"size": [0.28125, 0.85, 1.64911],
							"uv": {
								"north": {"uv": [0, 34], "uv_size": [0.5, 1]},
								"west": {"uv": [11, 32], "uv_size": [1.5, 1]},
								"up": {"uv": [19, 33], "uv_size": [0.5, 1.5]},
								"down": {"uv": [22, 34.5], "uv_size": [0.5, -1.5]}
							}
						},
						{
							"origin": [0.53804, 8.625, -3.74327],
							"size": [0.32835, 0.85, 0.5875],
							"pivot": [1.0125, 9.05, -3.40898],
							"rotation": [0, -30, 0],
							"uv": {
								"east": {"uv": [1, 34], "uv_size": [0.5, 1]},
								"up": {"uv": [10, 34], "uv_size": [0.5, 0.5]},
								"down": {"uv": [11, 34.5], "uv_size": [0.5, -0.5]}
							}
						},
						{
							"origin": [0.475, 8.625, -3.42693],
							"size": [0.34375, 0.85, 1.54086],
							"uv": {
								"east": {"uv": [13, 32], "uv_size": [1.5, 1]},
								"up": {"uv": [33, 22], "uv_size": [0.5, 1.5]},
								"down": {"uv": [23, 34.5], "uv_size": [0.5, -1.5]}
							}
						},
						{
							"origin": [1.19612, 8.625, -2.41553],
							"size": [0.26005, 0.85, 0.4625],
							"pivot": [1.0125, 9.05, -3.10898],
							"rotation": [0, -30, 0],
							"uv": {
								"west": {"uv": [2, 34], "uv_size": [0.5, 1]},
								"up": {"uv": [12, 34], "uv_size": [0.5, 0.5]},
								"down": {"uv": [13, 34.5], "uv_size": [0.5, -0.5]}
							}
						},
						{
							"origin": [-1.05, 8.625, -3.93572],
							"size": [0.28125, 0.85, 1.64911],
							"uv": {
								"north": {"uv": [3, 34], "uv_size": [0.5, 1]},
								"east": {"uv": [32, 15], "uv_size": [1.5, 1]},
								"up": {"uv": [24, 33], "uv_size": [0.5, 1.5]},
								"down": {"uv": [33, 25.5], "uv_size": [0.5, -1.5]}
							}
						},
						{
							"origin": [-0.81875, 8.625, -3.42693],
							"size": [0.34375, 0.85, 1.54086],
							"uv": {
								"west": {"uv": [32, 16], "uv_size": [1.5, 1]},
								"up": {"uv": [25, 33], "uv_size": [0.5, 1.5]},
								"down": {"uv": [26, 34.5], "uv_size": [0.5, -1.5]}
							}
						},
						{
							"origin": [-1.30792, 8.625, -2.50141],
							"size": [0.26005, 0.85, 0.4625],
							"pivot": [-0.77813, 9.05, -2.87529],
							"rotation": [0, 30, 0],
							"uv": {
								"east": {"uv": [34, 3], "uv_size": [0.5, 1]},
								"up": {"uv": [14, 34], "uv_size": [0.5, 0.5]},
								"down": {"uv": [15, 34.5], "uv_size": [0.5, -0.5]}
							}
						},
						{
							"origin": [-0.56814, 8.625, -3.78896],
							"size": [0.32835, 0.85, 0.5875],
							"pivot": [-0.77813, 9.05, -2.87529],
							"rotation": [0, 30, 0],
							"uv": {
								"west": {"uv": [4, 34], "uv_size": [0.5, 1]},
								"up": {"uv": [34, 15], "uv_size": [0.5, 0.5]},
								"down": {"uv": [34, 16.5], "uv_size": [0.5, -0.5]}
							}
						},
						{
							"origin": [-0.3735, 9.97598, -3.90269],
							"size": [0.747, 0.30984, 1.13506],
							"pivot": [0, 10.1309, -3.33516],
							"rotation": [-22.5, 0, 0],
							"uv": {
								"east": {"uv": [34, 4], "uv_size": [1, 0.5]},
								"west": {"uv": [5, 34], "uv_size": [1, 0.5]},
								"down": {"uv": [34, 6], "uv_size": [0.5, -1]}
							}
						},
						{
							"origin": [-0.3735, 10.20496, -3.91877],
							"size": [0.747, 0.30998, 1.77863],
							"uv": {
								"north": {"uv": [3, 34], "uv_size": [0.5, 1]},
								"east": {"uv": [34, 4], "uv_size": [1, 0.5]},
								"west": {"uv": [5, 34], "uv_size": [1, 0.5]}
							}
						},
						{
							"origin": [-0.475, 10.28317, -3.94377],
							"size": [0.95, 0.38352, 2],
							"uv": {
								"north": {"uv": [6, 34], "uv_size": [1, 0.5]},
								"east": {"uv": [1, 33], "uv_size": [2, 0.5]},
								"south": {"uv": [7, 34], "uv_size": [1, 0.5]},
								"west": {"uv": [33, 1], "uv_size": [2, 0.5]},
								"up": {"uv": [22, 28], "uv_size": [1, 2]},
								"down": {"uv": [22, 32], "uv_size": [1, -2]}
							}
						},
						{
							"origin": [-0.3735, 10.1418, -2.00136],
							"size": [0.747, 0.37562, 2.67397],
							"pivot": [0, 10.28422, -0.21991],
							"rotation": [9, 0, 0],
							"uv": {
								"east": {"uv": [33, 2], "uv_size": [2, 0.5]},
								"west": {"uv": [3, 33], "uv_size": [2, 0.5]},
								"down": {"uv": [33, 6], "uv_size": [0.5, -2]}
							}
						},
						{
							"origin": [-0.3735, 10.20496, -2.14014],
							"size": [0.747, 0.30998, 1.5252],
							"uv": {
								"east": {"uv": [33, 2], "uv_size": [2, 0.5]},
								"west": {"uv": [3, 33], "uv_size": [2, 0.5]}
							}
						},
						{
							"origin": [-0.475, 10.28317, -1.94377],
							"size": [0.95, 0.38352, 2.62767],
							"uv": {
								"north": {"uv": [34, 18], "uv_size": [0.5, 0.5]},
								"east": {"uv": [6, 33], "uv_size": [2, 0.5]},
								"south": {"uv": [34, 19], "uv_size": [0.5, 0.5]},
								"west": {"uv": [33, 6], "uv_size": [2, 0.5]},
								"up": {"uv": [33, 7], "uv_size": [0.5, 2]},
								"down": {"uv": [8, 35], "uv_size": [0.5, -2]}
							}
						},
						{
							"origin": [-0.375, 9.54684, -3.10994],
							"size": [0.75, 0.65812, 1.375],
							"uv": {
								"north": {"uv": [34, 7], "uv_size": [1, 0.5]},
								"east": {"uv": [33, 26], "uv_size": [1.5, 0.5]},
								"south": {"uv": [34, 8], "uv_size": [1, 0.5]},
								"west": {"uv": [27, 33], "uv_size": [1.5, 0.5]},
								"up": {"uv": [15, 32], "uv_size": [1, 1.5]},
								"down": {"uv": [32, 18.5], "uv_size": [1, -1.5]}
							}
						},
						{
							"origin": [-0.475, 8.44684, -3.10994],
							"size": [0.95, 1.21985, 1.80268],
							"uv": {
								"north": {"uv": [9, 33], "uv_size": [1, 1]},
								"east": {"uv": [31, 12], "uv_size": [2, 1]},
								"south": {"uv": [33, 9], "uv_size": [1, 1]},
								"west": {"uv": [31, 13], "uv_size": [2, 1]},
								"up": {"uv": [16, 31], "uv_size": [1, 2]},
								"down": {"uv": [31, 18], "uv_size": [1, -2]}
							}
						},
						{
							"origin": [-0.12426, 9.15217, -3.10994],
							"size": [0.67175, 0.67175, 1.35268],
							"pivot": [0.32145, 9.83281, -2.2086],
							"rotation": [0, 0, 45],
							"uv": {
								"north": {"uv": [34, 22], "uv_size": [0.5, 0.5]},
								"east": {"uv": [33, 27], "uv_size": [1.5, 0.5]},
								"south": {"uv": [34, 23], "uv_size": [0.5, 0.5]},
								"west": {"uv": [33, 28], "uv_size": [1.5, 0.5]},
								"up": {"uv": [29, 33], "uv_size": [0.5, 1.5]},
								"down": {"uv": [33, 30.5], "uv_size": [0.5, -1.5]}
							}
						}
					]
				}
			]
		}
	]
}