{
	"format_version": "1.12.0",
	"minecraft:geometry": [
		{
			"description": {
				"identifier": "geometry.m4a1_fom - Converted",
				"texture_width": 64,
				"texture_height": 64,
				"visible_bounds_width": 4,
				"visible_bounds_height": 2.5,
				"visible_bounds_offset": [0, 0.75, 0]
			},
			"bones": [
				{
					"name": "lod_m4",
					"pivot": [0, 0, -8]
				},
				{
					"name": "ld_gunbody",
					"parent": "lod_m4",
					"pivot": [0, 0, -8]
				},
				{
					"name": "ld_barrel",
					"parent": "ld_gunbody",
					"pivot": [0, 9.53202, -16.98409],
					"cubes": [
						{
							"origin": [-0.31517, 9.21685, -23.88378],
							"size": [0.63033, 0.63033, 8.06931],
							"pivot": [0, 9.53202, -16.98409],
							"rotation": [0, 0, -45],
							"uv": {
								"north": {"uv": [22, 40], "uv_size": [0.5, 0.5]},
								"east": {"uv": [27, 10], "uv_size": [8, 0.5]},
								"south": {"uv": [40, 22], "uv_size": [0.5, 0.5]},
								"west": {"uv": [27, 20], "uv_size": [8, 0.5]},
								"up": {"uv": [7, 30], "uv_size": [0.5, 8]},
								"down": {"uv": [8, 38], "uv_size": [0.5, -8]}
							}
						},
						{
							"origin": [-0.2633, 9.26872, -26.53049],
							"size": [0.52659, 0.52659, 17.66275],
							"pivot": [0, 9.53202, -17.64488],
							"rotation": [0, 0, -45],
							"uv": {
								"north": {"uv": [23, 40], "uv_size": [0.5, 0.5]},
								"east": {"uv": [21, 0], "uv_size": [17.5, 0.5]},
								"south": {"uv": [40, 23], "uv_size": [0.5, 0.5]},
								"west": {"uv": [21, 1], "uv_size": [17.5, 0.5]},
								"up": {"uv": [13, 21], "uv_size": [0.5, 17.5]},
								"down": {"uv": [14, 38.5], "uv_size": [0.5, -17.5]}
							}
						},
						{
							"origin": [-0.31517, 9.21685, -26.93378],
							"size": [0.63033, 0.63033, 2.61931],
							"pivot": [0, 9.53202, -16.98409],
							"rotation": [0, 0, -45],
							"uv": {
								"north": {"uv": [24, 40], "uv_size": [0.5, 0.5]},
								"east": {"uv": [36, 28], "uv_size": [2.5, 0.5]},
								"south": {"uv": [40, 24], "uv_size": [0.5, 0.5]},
								"west": {"uv": [36, 29], "uv_size": [2.5, 0.5]},
								"up": {"uv": [23, 36], "uv_size": [0.5, 2.5]},
								"down": {"uv": [27, 38.5], "uv_size": [0.5, -2.5]}
							}
						}
					]
				},
				{
					"name": "ld_buffer",
					"parent": "ld_gunbody",
					"pivot": [-0.31262, 9.43115, -0.28907],
					"cubes": [
						{
							"origin": [-0.88119, 8.20243, 0.13745],
							"size": [1.72661, 1.72661, 0.96479],
							"pivot": [-0.54585, 9.30971, 0.59636],
							"rotation": [0, 0, -45],
							"uv": {
								"north": {"uv": [28, 32], "uv_size": [1.5, 1.5]},
								"east": {"uv": [6, 35], "uv_size": [1, 1.5]},
								"south": {"uv": [32, 28], "uv_size": [1.5, 1.5]},
								"west": {"uv": [16, 35], "uv_size": [1, 1.5]},
								"up": {"uv": [21, 35], "uv_size": [1.5, 1]},
								"down": {"uv": [25, 36], "uv_size": [1.5, -1]}
							}
						},
						{
							"origin": [-0.88119, 8.20243, -0.40234],
							"size": [1.72661, 0.32661, 0.53979],
							"pivot": [-0.54585, 9.30971, 1.63157],
							"rotation": [0, 0, -45],
							"uv": {
								"north": {"uv": [37, 26], "uv_size": [1.5, 0.5]},
								"east": {"uv": [25, 40], "uv_size": [0.5, 0.5]},
								"south": {"uv": [37, 27], "uv_size": [1.5, 0.5]},
								"west": {"uv": [40, 25], "uv_size": [0.5, 0.5]},
								"up": {"uv": [31, 37], "uv_size": [1.5, 0.5]},
								"down": {"uv": [37, 34.5], "uv_size": [1.5, -0.5]}
							}
						},
						{
							"origin": [-0.84543, 8.20243, -0.40234],
							"size": [1.72661, 0.32661, 0.53979],
							"pivot": [0.54585, 9.30971, 1.63157],
							"rotation": [0, 0, 45],
							"uv": {
								"north": {"uv": [35, 37], "uv_size": [1.5, 0.5]},
								"east": {"uv": [26, 40], "uv_size": [0.5, 0.5]},
								"south": {"uv": [37, 35], "uv_size": [1.5, 0.5]},
								"west": {"uv": [40, 26], "uv_size": [0.5, 0.5]},
								"up": {"uv": [37, 37], "uv_size": [1.5, 0.5]},
								"down": {"uv": [2, 38.5], "uv_size": [1.5, -0.5]}
							}
						},
						{
							"origin": [-0.77207, 8.31151, -0.11783],
							"size": [1.58263, 1.58263, 2.01327],
							"pivot": [-0.46469, 9.32646, 0.14772],
							"rotation": [0, 0, -45],
							"uv": {
								"north": {"uv": [32, 30], "uv_size": [1.5, 1.5]},
								"east": {"uv": [30, 13], "uv_size": [2, 1.5]},
								"south": {"uv": [32, 32], "uv_size": [1.5, 1.5]},
								"west": {"uv": [30, 22], "uv_size": [2, 1.5]},
								"up": {"uv": [25, 30], "uv_size": [1.5, 2]},
								"down": {"uv": [30, 31], "uv_size": [1.5, -2]}
							}
						},
						{
							"origin": [-0.50468, 8.77198, 1.7409],
							"size": [0.98888, 0.98888, 9.23576],
							"pivot": [-0.31262, 9.40615, -0.18907],
							"rotation": [0, 0, -45],
							"uv": {
								"north": {"uv": [17, 5], "uv_size": [1, 1]},
								"east": {"uv": [20, 11], "uv_size": [9, 1]},
								"south": {"uv": [19, 9], "uv_size": [1, 1]},
								"west": {"uv": [18, 20], "uv_size": [9, 1]},
								"up": {"uv": [11, 21], "uv_size": [1, 9]},
								"down": {"uv": [12, 30], "uv_size": [1, -9]}
							}
						},
						{
							"origin": [-0.48065, 8.81851, 2.9992],
							"size": [0.94179, 0.94179, 6.46501],
							"pivot": [-0.29773, 9.42248, -1.16981],
							"rotation": [0, 0, -45],
							"uv": {
								"north": {"uv": [27, 14], "uv_size": [1, 1]},
								"east": {"uv": [12, 9], "uv_size": [6.5, 1]},
								"south": {"uv": [30, 24], "uv_size": [1, 1]},
								"west": {"uv": [4, 25], "uv_size": [6.5, 1]},
								"up": {"uv": [18, 24], "uv_size": [1, 6.5]},
								"down": {"uv": [0, 32.5], "uv_size": [1, -6.5]}
							}
						}
					]
				},
				{
					"name": "ld_grip",
					"parent": "ld_gunbody",
					"pivot": [0, 4.58039, 0.23945],
					"cubes": [
						{
							"origin": [-0.625, 5.475, -2],
							"size": [1.25, 1.525, 1.7],
							"uv": {
								"north": {"uv": [0, 33], "uv_size": [1.5, 1.5]},
								"east": {"uv": [2, 33], "uv_size": [1.5, 1.5]},
								"south": {"uv": [4, 33], "uv_size": [1.5, 1.5]},
								"west": {"uv": [33, 24], "uv_size": [1.5, 1.5]},
								"up": {"uv": [33, 26], "uv_size": [1.5, 1.5]},
								"down": {"uv": [30, 34.5], "uv_size": [1.5, -1.5]}
							}
						},
						{
							"origin": [-0.625, 2.54138, -1.31339],
							"size": [1.25, 3.875, 1.625],
							"inflate": 0.001,
							"pivot": [0, 3.70828, -0.28439],
							"rotation": [15.75, 0, 0],
							"uv": {
								"north": {"uv": [2, 26], "uv_size": [1.5, 4]},
								"east": {"uv": [4, 26], "uv_size": [1.5, 4]},
								"south": {"uv": [6, 26], "uv_size": [1.5, 4]},
								"west": {"uv": [8, 26], "uv_size": [1.5, 4]},
								"up": {"uv": [34, 2], "uv_size": [1.5, 1.5]},
								"down": {"uv": [34, 5.5], "uv_size": [1.5, -1.5]}
							}
						},
						{
							"origin": [-0.625, 2.43071, -0.05922],
							"size": [1.25, 3.9, 0.575],
							"pivot": [0, 3.70828, -0.48439],
							"rotation": [16.75, 0, 0],
							"uv": {
								"north": {"uv": [26, 22], "uv_size": [1.5, 4]},
								"east": {"uv": [20, 34], "uv_size": [0.5, 4]},
								"south": {"uv": [24, 26], "uv_size": [1.5, 4]},
								"west": {"uv": [24, 34], "uv_size": [0.5, 4]},
								"up": {"uv": [38, 2], "uv_size": [1.5, 0.5]},
								"down": {"uv": [38, 3.5], "uv_size": [1.5, -0.5]}
							}
						},
						{
							"origin": [-0.625, 2.30465, -1.0587],
							"size": [1.25, 0.46851, 1.90023],
							"uv": {
								"north": {"uv": [7, 38], "uv_size": [1.5, 0.5]},
								"east": {"uv": [2, 37], "uv_size": [2, 0.5]},
								"south": {"uv": [38, 7], "uv_size": [1.5, 0.5]},
								"west": {"uv": [37, 4], "uv_size": [2, 0.5]},
								"up": {"uv": [31, 24], "uv_size": [1.5, 2]},
								"down": {"uv": [31, 28], "uv_size": [1.5, -2]}
							}
						}
					]
				},
				{
					"name": "ld_trigger",
					"parent": "ld_grip",
					"pivot": [0.575, 0, -8],
					"cubes": [
						{
							"origin": [0, 5.575, -4.7],
							"size": [0, 1.425, 2.8],
							"uv": {
								"north": {"uv": [0, 0], "uv_size": [0, 1.5]},
								"east": {"uv": [28, 25], "uv_size": [3, 1.5]},
								"south": {"uv": [0, 0], "uv_size": [0, 1.5]},
								"west": {"uv": [28, 27], "uv_size": [3, 1.5]},
								"up": {"uv": [0, 0], "uv_size": [0, 3]},
								"down": {"uv": [0, 3], "uv_size": [0, -3]}
							}
						}
					]
				},
				{
					"name": "ld_body",
					"parent": "ld_gunbody",
					"pivot": [0, 0, -8]
				},
				{
					"name": "ld_upper",
					"parent": "ld_body",
					"pivot": [-0.0375, 0, -8],
					"cubes": [
						{
							"origin": [-0.69538, 9.20354, -2.55902],
							"size": [1.13196, 0.75696, 3.3878],
							"pivot": [-0.1669, 9.53202, -2.52762],
							"rotation": [0, -22.5, 0],
							"uv": {
								"north": {"uv": [31, 28], "uv_size": [1, 1]},
								"east": {"uv": [29, 11], "uv_size": [3.5, 1]},
								"south": {"uv": [33, 11], "uv_size": [1, 1]},
								"west": {"uv": [30, 12], "uv_size": [3.5, 1]},
								"up": {"uv": [12, 30], "uv_size": [1, 3.5]},
								"down": {"uv": [19, 33.5], "uv_size": [1, -3.5]}
							}
						},
						{
							"origin": [-0.80754, 8.33325, -8.46547],
							"size": [1.58231, 1.58231, 8.78094],
							"pivot": [-0.50023, 9.34799, 0.32905],
							"rotation": [0, 0, -45],
							"uv": {
								"north": {"uv": [34, 8], "uv_size": [1.5, 1.5]},
								"east": {"uv": [11, 10], "uv_size": [9, 1.5]},
								"south": {"uv": [9, 34], "uv_size": [1.5, 1.5]},
								"west": {"uv": [12, 6], "uv_size": [9, 1.5]},
								"up": {"uv": [11, 12], "uv_size": [1.5, 9]},
								"down": {"uv": [13, 21], "uv_size": [1.5, -9]}
							}
						},
						{
							"origin": [0.3875, 10, -7.25],
							"size": [0.3, 0.65, 1.1],
							"uv": {
								"north": {"uv": [27, 40], "uv_size": [0.5, 0.5]},
								"east": {"uv": [33, 37], "uv_size": [1, 0.5]},
								"south": {"uv": [40, 27], "uv_size": [0.5, 0.5]},
								"west": {"uv": [20, 38], "uv_size": [1, 0.5]},
								"up": {"uv": [24, 39], "uv_size": [0.5, 1]},
								"down": {"uv": [39, 25], "uv_size": [0.5, -1]}
							}
						},
						{
							"origin": [-2.02558, 9.26035, 0.56322],
							"size": [0.6003, 0.6003, 0.28014],
							"pivot": [-1.72543, 9.5855, 0.70329],
							"rotation": [16.32495, -15.69986, -47.26579],
							"uv": {
								"north": {"uv": [28, 40], "uv_size": [0.5, 0.5]},
								"east": {"uv": [40, 28], "uv_size": [0.5, 0.5]},
								"south": {"uv": [29, 40], "uv_size": [0.5, 0.5]},
								"west": {"uv": [40, 29], "uv_size": [0.5, 0.5]},
								"up": {"uv": [30, 40], "uv_size": [0.5, 0.5]},
								"down": {"uv": [40, 30.5], "uv_size": [0.5, -0.5]}
							}
						},
						{
							"origin": [-1.88803, 9.36796, 0.41994],
							"size": [0.3902, 0.39019, 0.18209],
							"pivot": [-1.69293, 9.57931, 0.64099],
							"rotation": [16.32495, -15.69986, -47.26579],
							"uv": {
								"north": {"uv": [31, 40], "uv_size": [0.5, 0.5]},
								"east": {"uv": [40, 31], "uv_size": [0.5, 0.5]},
								"south": {"uv": [32, 40], "uv_size": [0.5, 0.5]},
								"west": {"uv": [40, 32], "uv_size": [0.5, 0.5]},
								"up": {"uv": [33, 40], "uv_size": [0.5, 0.5]},
								"down": {"uv": [40, 33.5], "uv_size": [0.5, -0.5]}
							}
						}
					]
				},
				{
					"name": "ld_magwell",
					"parent": "ld_body",
					"pivot": [-0.0375, 0, -8],
					"cubes": [
						{
							"origin": [-0.7125, 8.10865, -7.99315],
							"size": [1.425, 0.675, 0.5],
							"pivot": [0, 8.39615, -7.75565],
							"rotation": [31, 0, 0],
							"uv": {
								"north": {"uv": [38, 8], "uv_size": [1.5, 0.5]},
								"east": {"uv": [34, 40], "uv_size": [0.5, 0.5]},
								"south": {"uv": [9, 38], "uv_size": [1.5, 0.5]},
								"west": {"uv": [40, 34], "uv_size": [0.5, 0.5]},
								"up": {"uv": [38, 9], "uv_size": [1.5, 0.5]},
								"down": {"uv": [11, 38.5], "uv_size": [1.5, -0.5]}
							}
						},
						{
							"origin": [-0.9125, 5.72895, -7.94752],
							"size": [1.825, 0.425, 3.35],
							"pivot": [0, 5.99145, -6.27252],
							"rotation": [-9.75, 0, 0],
							"uv": {
								"north": {"uv": [37, 5], "uv_size": [2, 0.5]},
								"east": {"uv": [35, 24], "uv_size": [3.5, 0.5]},
								"south": {"uv": [37, 6], "uv_size": [2, 0.5]},
								"west": {"uv": [35, 25], "uv_size": [3.5, 0.5]},
								"up": {"uv": [16, 24], "uv_size": [2, 3.5]},
								"down": {"uv": [24, 25.5], "uv_size": [2, -3.5]}
							}
						},
						{
							"origin": [-0.6375, 5.975, -5.925],
							"size": [1.425, 2.9, 0.775],
							"uv": {
								"north": {"uv": [21, 29], "uv_size": [1.5, 3]},
								"east": {"uv": [27, 30], "uv_size": [1, 3]},
								"south": {"uv": [28, 29], "uv_size": [1.5, 3]},
								"west": {"uv": [10, 31], "uv_size": [1, 3]},
								"up": {"uv": [35, 26], "uv_size": [1.5, 1]},
								"down": {"uv": [35, 28], "uv_size": [1.5, -1]}
							}
						},
						{
							"origin": [-0.6375, 7.725, -5.725],
							"size": [1.45, 0.225, 1.475],
							"uv": {
								"north": {"uv": [38, 11], "uv_size": [1.5, 0.5]},
								"east": {"uv": [38, 12], "uv_size": [1.5, 0.5]},
								"south": {"uv": [38, 13], "uv_size": [1.5, 0.5]},
								"west": {"uv": [38, 14], "uv_size": [1.5, 0.5]},
								"up": {"uv": [11, 34], "uv_size": [1.5, 1.5]},
								"down": {"uv": [34, 12.5], "uv_size": [1.5, -1.5]}
							}
						},
						{
							"origin": [-0.7125, 7.1, -4.65],
							"size": [1.425, 2, 0.675],
							"uv": {
								"north": {"uv": [30, 31], "uv_size": [1.5, 2]},
								"east": {"uv": [6, 37], "uv_size": [0.5, 2]},
								"south": {"uv": [32, 2], "uv_size": [1.5, 2]},
								"west": {"uv": [37, 7], "uv_size": [0.5, 2]},
								"up": {"uv": [38, 15], "uv_size": [1.5, 0.5]},
								"down": {"uv": [16, 38.5], "uv_size": [1.5, -0.5]}
							}
						},
						{
							"origin": [-0.5625, 8.075, -4.65],
							"size": [1.425, 0.65, 0.25],
							"uv": {
								"north": {"uv": [38, 16], "uv_size": [1.5, 0.5]},
								"east": {"uv": [35, 40], "uv_size": [0.5, 0.5]},
								"south": {"uv": [38, 17], "uv_size": [1.5, 0.5]},
								"west": {"uv": [40, 35], "uv_size": [0.5, 0.5]},
								"up": {"uv": [18, 38], "uv_size": [1.5, 0.5]},
								"down": {"uv": [38, 18.5], "uv_size": [1.5, -0.5]}
							}
						},
						{
							"origin": [-0.2125, 7.75, -4.9],
							"size": [1.425, 0.6, 0.775],
							"pivot": [0.175, 7.775, -5.5375],
							"rotation": [0, 0, -45],
							"uv": {
								"north": {"uv": [38, 19], "uv_size": [1.5, 0.5]},
								"east": {"uv": [25, 39], "uv_size": [1, 0.5]},
								"south": {"uv": [38, 22], "uv_size": [1.5, 0.5]},
								"west": {"uv": [39, 25], "uv_size": [1, 0.5]},
								"up": {"uv": [30, 35], "uv_size": [1.5, 1]},
								"down": {"uv": [35, 35], "uv_size": [1.5, -1]}
							}
						},
						{
							"origin": [0.78455, 8.70745, -4.775],
							"size": [0.2, 0.625, 0.5],
							"pivot": [0.92205, 8.93245, -4.525],
							"rotation": [0, 0, 10],
							"uv": {
								"north": {"uv": [36, 40], "uv_size": [0.5, 0.5]},
								"east": {"uv": [40, 36], "uv_size": [0.5, 0.5]},
								"south": {"uv": [37, 40], "uv_size": [0.5, 0.5]},
								"west": {"uv": [40, 37], "uv_size": [0.5, 0.5]},
								"up": {"uv": [38, 40], "uv_size": [0.5, 0.5]},
								"down": {"uv": [40, 38.5], "uv_size": [0.5, -0.5]}
							}
						},
						{
							"origin": [-0.8125, 7.275, -4.55],
							"size": [1.425, 0.75, 0.5],
							"uv": {
								"north": {"uv": [35, 35], "uv_size": [1.5, 1]},
								"east": {"uv": [39, 26], "uv_size": [0.5, 1]},
								"south": {"uv": [2, 36], "uv_size": [1.5, 1]},
								"west": {"uv": [27, 39], "uv_size": [0.5, 1]},
								"up": {"uv": [38, 23], "uv_size": [1.5, 0.5]},
								"down": {"uv": [24, 38.5], "uv_size": [1.5, -0.5]}
							}
						},
						{
							"origin": [-0.8125, 8.2, -7.8],
							"size": [0.425, 0.4, 3.825],
							"inflate": 0.01,
							"uv": {
								"north": {"uv": [39, 40], "uv_size": [0.5, 0.5]},
								"east": {"uv": [34, 32], "uv_size": [4, 0.5]},
								"south": {"uv": [40, 39], "uv_size": [0.5, 0.5]},
								"west": {"uv": [34, 33], "uv_size": [4, 0.5]},
								"up": {"uv": [29, 34], "uv_size": [0.5, 4]},
								"down": {"uv": [34, 38], "uv_size": [0.5, -4]}
							}
						},
						{
							"origin": [-0.7125, 5.55, -7.8],
							"size": [1.425, 3.55, 3.15],
							"uv": {
								"north": {"uv": [26, 26], "uv_size": [1.5, 3.5]},
								"east": {"uv": [15, 17], "uv_size": [3, 3.5]},
								"south": {"uv": [16, 28], "uv_size": [1.5, 3.5]},
								"west": {"uv": [18, 0], "uv_size": [3, 3.5]},
								"up": {"uv": [2, 30], "uv_size": [1.5, 3]},
								"down": {"uv": [4, 33], "uv_size": [1.5, -3]}
							}
						}
					]
				},
				{
					"name": "ld_lower",
					"parent": "ld_body",
					"pivot": [0.0125, 7.47633, 0.14778],
					"cubes": [
						{
							"origin": [-0.5625, 7, -8.325],
							"size": [1.125, 2, 8.025],
							"uv": {
								"north": {"uv": [0, 35], "uv_size": [1, 2]},
								"east": {"uv": [4, 6], "uv_size": [8, 2]},
								"south": {"uv": [1, 35], "uv_size": [1, 2]},
								"west": {"uv": [4, 8], "uv_size": [8, 2]},
								"up": {"uv": [21, 21], "uv_size": [1, 8]},
								"down": {"uv": [22, 29], "uv_size": [1, -8]}
							}
						},
						{
							"origin": [-0.5625, 8.025, -0.3],
							"size": [1.125, 0.975, 1.4],
							"uv": {
								"north": {"uv": [27, 33], "uv_size": [1, 1]},
								"east": {"uv": [36, 2], "uv_size": [1.5, 1]},
								"south": {"uv": [9, 37], "uv_size": [1, 1]},
								"west": {"uv": [36, 3], "uv_size": [1.5, 1]},
								"up": {"uv": [17, 35], "uv_size": [1, 1.5]},
								"down": {"uv": [36, 5.5], "uv_size": [1, -1.5]}
							}
						},
						{
							"origin": [-0.55, 7.66383, -0.41472],
							"size": [1.1, 0.575, 1.325],
							"pivot": [0.0125, 7.47633, 0.14778],
							"rotation": [35, 0, 0],
							"uv": {
								"north": {"uv": [39, 27], "uv_size": [1, 0.5]},
								"east": {"uv": [31, 38], "uv_size": [1.5, 0.5]},
								"south": {"uv": [28, 39], "uv_size": [1, 0.5]},
								"west": {"uv": [38, 32], "uv_size": [1.5, 0.5]},
								"up": {"uv": [36, 6], "uv_size": [1, 1.5]},
								"down": {"uv": [36, 9.5], "uv_size": [1, -1.5]}
							}
						}
					]
				},
				{
					"name": "ld_toprails",
					"parent": "ld_body",
					"pivot": [-0.00377, 10.8375, -0.075],
					"cubes": [
						{
							"origin": [-0.375, 10.05, -8.375],
							"size": [0.75, 1.05, 8.3],
							"uv": {
								"north": {"uv": [37, 9], "uv_size": [1, 1]},
								"east": {"uv": [21, 2], "uv_size": [8.5, 1]},
								"south": {"uv": [10, 37], "uv_size": [1, 1]},
								"west": {"uv": [21, 3], "uv_size": [8.5, 1]},
								"up": {"uv": [19, 21], "uv_size": [1, 8.5]},
								"down": {"uv": [20, 29.5], "uv_size": [1, -8.5]}
							}
						},
						{
							"origin": [-0.26627, 10.175, -0.3375],
							"size": [0.525, 0.85, 0.525],
							"pivot": [-0.00377, 10.8375, -0.075],
							"rotation": [0, 45, 0],
							"uv": {
								"north": {"uv": [39, 28], "uv_size": [0.5, 1]},
								"east": {"uv": [39, 29], "uv_size": [0.5, 1]},
								"south": {"uv": [30, 39], "uv_size": [0.5, 1]},
								"west": {"uv": [39, 30], "uv_size": [0.5, 1]},
								"up": {"uv": [40, 40], "uv_size": [0.5, 0.5]},
								"down": {"uv": [0, 41.5], "uv_size": [0.5, -0.5]}
							}
						}
					]
				},
				{
					"name": "ld_portgroup",
					"parent": "ld_body",
					"pivot": [-0.16279, 9.37035, -5.875],
					"cubes": [
						{
							"origin": [-1.0611, 9.6945, -4.09335],
							"size": [0.925, 0.75, 1.1],
							"pivot": [-0.5986, 10.0695, -3.54335],
							"rotation": [170.21055, -56.71942, -163.3335],
							"uv": {
								"north": {"uv": [11, 37], "uv_size": [1, 1]},
								"east": {"uv": [37, 11], "uv_size": [1, 1]},
								"south": {"uv": [12, 37], "uv_size": [1, 1]},
								"west": {"uv": [37, 12], "uv_size": [1, 1]},
								"up": {"uv": [37, 13], "uv_size": [1, 1]},
								"down": {"uv": [37, 15], "uv_size": [1, -1]}
							}
						},
						{
							"origin": [-0.91627, 8.05437, -7.6814],
							"size": [0.23196, 2.33196, 3.6128],
							"pivot": [-0.16279, 9.37035, -5.875],
							"rotation": [0, 0, 26.75],
							"uv": {
								"north": {"uv": [28, 36], "uv_size": [0.5, 2.5]},
								"east": {"uv": [21, 12], "uv_size": [3.5, 2.5]},
								"south": {"uv": [30, 36], "uv_size": [0.5, 2.5]},
								"west": {"uv": [15, 21], "uv_size": [3.5, 2.5]},
								"up": {"uv": [4, 35], "uv_size": [0.5, 3.5]},
								"down": {"uv": [5, 38.5], "uv_size": [0.5, -3.5]}
							}
						}
					]
				},
				{
					"name": "ld_pull",
					"parent": "ld_body",
					"pivot": [0.075, 0, -8],
					"cubes": [
						{
							"origin": [-1.175, 10.55, 0.125],
							"size": [2.35, 0.35, 0.6],
							"uv": {
								"north": {"uv": [36, 30], "uv_size": [2.5, 0.5]},
								"east": {"uv": [41, 0], "uv_size": [0.5, 0.5]},
								"south": {"uv": [31, 36], "uv_size": [2.5, 0.5]},
								"west": {"uv": [1, 41], "uv_size": [0.5, 0.5]},
								"up": {"uv": [36, 31], "uv_size": [2.5, 0.5]},
								"down": {"uv": [35, 36.5], "uv_size": [2.5, -0.5]}
							}
						}
					]
				},
				{
					"name": "ld_switch",
					"parent": "ld_body",
					"pivot": [0.425, 7.925, -1.2],
					"cubes": [
						{
							"origin": [0.575, 6.95, -1.36538],
							"size": [0.25, 0.975, 0.35],
							"uv": {
								"north": {"uv": [31, 39], "uv_size": [0.5, 1]},
								"east": {"uv": [39, 31], "uv_size": [0.5, 1]},
								"south": {"uv": [32, 39], "uv_size": [0.5, 1]},
								"west": {"uv": [33, 39], "uv_size": [0.5, 1]},
								"up": {"uv": [41, 1], "uv_size": [0.5, 0.5]},
								"down": {"uv": [2, 41.5], "uv_size": [0.5, -0.5]}
							}
						},
						{
							"origin": [-0.7, 7.6, -1.525],
							"size": [1.4, 0.65, 0.65],
							"pivot": [0.425, 7.925, -1.2],
							"rotation": [-45, 0, 0],
							"uv": {
								"north": {"uv": [33, 38], "uv_size": [1.5, 0.5]},
								"east": {"uv": [41, 2], "uv_size": [0.5, 0.5]},
								"south": {"uv": [38, 33], "uv_size": [1.5, 0.5]},
								"west": {"uv": [3, 41], "uv_size": [0.5, 0.5]},
								"up": {"uv": [35, 38], "uv_size": [1.5, 0.5]},
								"down": {"uv": [38, 36.5], "uv_size": [1.5, -0.5]}
							}
						}
					]
				},
				{
					"name": "ld_handguard",
					"parent": "ld_gunbody",
					"pivot": [0, -0.2, 0],
					"cubes": [
						{
							"origin": [-0.32426, 8.59682, -23.175],
							"size": [0.64853, 2.50318, 14.8],
							"uv": {
								"north": {"uv": [0, 37], "uv_size": [0.5, 2.5]},
								"east": {"uv": [0, 0], "uv_size": [15, 2.5]},
								"south": {"uv": [1, 37], "uv_size": [0.5, 2.5]},
								"west": {"uv": [0, 3], "uv_size": [15, 2.5]},
								"up": {"uv": [23, 21], "uv_size": [0.5, 15]},
								"down": {"uv": [15, 39], "uv_size": [0.5, -15]}
							}
						},
						{
							"origin": [-0.91886, 8.21642, -10.875],
							"size": [1.83772, 1.75702, 2.4],
							"uv": {
								"north": {"uv": [30, 2], "uv_size": [2, 2]},
								"east": {"uv": [25, 12], "uv_size": [2.5, 2]},
								"south": {"uv": [30, 8], "uv_size": [2, 2]},
								"west": {"uv": [27, 8], "uv_size": [2.5, 2]},
								"up": {"uv": [28, 12], "uv_size": [2, 2.5]},
								"down": {"uv": [28, 24.5], "uv_size": [2, -2.5]}
							}
						},
						{
							"origin": [-0.91886, 8.60219, -11.61606],
							"size": [1.83772, 0.83202, 1.375],
							"pivot": [0, 9.0182, -10.92856],
							"rotation": [-55, 0, 0],
							"uv": {
								"north": {"uv": [15, 5], "uv_size": [2, 1]},
								"east": {"uv": [9, 36], "uv_size": [1.5, 1]},
								"south": {"uv": [25, 8], "uv_size": [2, 1]},
								"west": {"uv": [11, 36], "uv_size": [1.5, 1]},
								"up": {"uv": [32, 4], "uv_size": [2, 1.5]},
								"down": {"uv": [32, 9.5], "uv_size": [2, -1.5]}
							}
						},
						{
							"origin": [-0.91886, 9.19142, -23.175],
							"size": [1.83772, 0.78202, 12.3],
							"uv": {
								"north": {"uv": [25, 14], "uv_size": [2, 1]},
								"east": {"uv": [12, 8], "uv_size": [12.5, 1]},
								"south": {"uv": [2, 35], "uv_size": [2, 1]},
								"west": {"uv": [12, 8], "uv_size": [12.5, 1]}
							}
						},
						{
							"origin": [-0.94386, 9.19142, -23.175],
							"size": [1.88772, 0.78202, 13.925],
							"uv": {
								"east": {"uv": [15.5, 57], "uv_size": [-12.5, 1.5]},
								"west": {"uv": [3, 57], "uv_size": [12.5, 1.5]}
							}
						},
						{
							"origin": [0.26373, 8.30474, -23.175],
							"size": [0.84089, 0.52373, 14.6],
							"pivot": [-0.05858, 8.52385, -12.12023],
							"rotation": [0, 0, -45],
							"uv": {
								"north": {"uv": [34, 39], "uv_size": [1, 0.5]},
								"east": {"uv": [21, 6], "uv_size": [14.5, 0.5]},
								"south": {"uv": [39, 34], "uv_size": [1, 0.5]},
								"west": {"uv": [21, 7], "uv_size": [14.5, 0.5]},
								"up": {"uv": [4, 10], "uv_size": [1, 14.5]},
								"down": {"uv": [5, 24.5], "uv_size": [1, -14.5]}
							}
						},
						{
							"origin": [0.26373, 8.27974, -23.175],
							"size": [0.84089, 0.025, 16.075],
							"pivot": [-0.05858, 8.52385, -12.12023],
							"rotation": [0, 0, -45],
							"uv": {
								"down": {"uv": [1.5, 58.5], "uv_size": [1.5, -14.5]}
							}
						},
						{
							"origin": [-1.05085, 8.87278, -23.175],
							"size": [0.84089, 0.025, 16.075],
							"pivot": [-0.6304, 8.88528, -15.1375],
							"rotation": [0, 0, 45],
							"uv": {
								"down": {"uv": [3, 58.5], "uv_size": [-1.5, -14.5]}
							}
						},
						{
							"origin": [-1.10462, 8.30474, -23.175],
							"size": [0.84089, 0.52373, 14.6],
							"pivot": [0.05858, 8.52385, -12.12023],
							"rotation": [0, 0, 45],
							"uv": {
								"north": {"uv": [35, 39], "uv_size": [1, 0.5]},
								"east": {"uv": [21, 15], "uv_size": [14.5, 0.5]},
								"south": {"uv": [39, 35], "uv_size": [1, 0.5]},
								"west": {"uv": [21, 16], "uv_size": [14.5, 0.5]},
								"up": {"uv": [6, 10], "uv_size": [1, 14.5]},
								"down": {"uv": [5, 10], "uv_size": [1, 14.5]}
							}
						},
						{
							"origin": [-0.01187, 9.47371, -23.175],
							"size": [0.84089, 0.52373, 14.7],
							"pivot": [0.05858, 10.08558, -16.225],
							"rotation": [0, 0, 135],
							"uv": {
								"north": {"uv": [36, 39], "uv_size": [1, 0.5]},
								"east": {"uv": [21, 17], "uv_size": [14.5, 0.5]},
								"south": {"uv": [37, 39], "uv_size": [1, 0.5]},
								"west": {"uv": [21, 18], "uv_size": [14.5, 0.5]},
								"up": {"uv": [7, 10], "uv_size": [1, 14.5]},
								"down": {"uv": [8, 24.5], "uv_size": [1, -14.5]}
							}
						},
						{
							"origin": [-0.82902, 9.4737, -23.175],
							"size": [0.84089, 0.52373, 14.7],
							"pivot": [-0.05858, 10.08557, -16.225],
							"rotation": [0, 0, -135],
							"uv": {
								"north": {"uv": [39, 37], "uv_size": [1, 0.5]},
								"east": {"uv": [21, 19], "uv_size": [14.5, 0.5]},
								"south": {"uv": [38, 39], "uv_size": [1, 0.5]},
								"west": {"uv": [24, 21], "uv_size": [14.5, 0.5]},
								"up": {"uv": [9, 10], "uv_size": [1, 14.5]},
								"down": {"uv": [10, 24.5], "uv_size": [1, -14.5]}
							}
						},
						{
							"origin": [-0.82902, 9.44871, -23.175],
							"size": [0.84089, 0.025, 16.175],
							"pivot": [-0.05858, 10.08558, -16.225],
							"rotation": [0, 0, -135],
							"uv": {
								"down": {"uv": [0, 58.5], "uv_size": [1.5, -14.5]}
							}
						},
						{
							"origin": [-1.05085, 10.26709, -23.175],
							"size": [0.84089, 0.025, 16.175],
							"pivot": [-0.6304, 10.27959, -15.0875],
							"rotation": [0, 0, 135],
							"uv": {
								"down": {"uv": [1.5, 58.5], "uv_size": [-1.5, -14.5]}
							}
						}
					]
				},
				{
					"name": "ld_sight",
					"parent": "ld_gunbody",
					"pivot": [0, 11.9125, -15.08125],
					"cubes": [
						{
							"origin": [-0.5625, 10.6625, -2.45],
							"size": [1.125, 0.5, 0.85],
							"uv": {
								"north": {"uv": [39, 38], "uv_size": [1, 0.5]},
								"east": {"uv": [39, 39], "uv_size": [1, 0.5]},
								"south": {"uv": [0, 40], "uv_size": [1, 0.5]},
								"west": {"uv": [1, 40], "uv_size": [1, 0.5]},
								"up": {"uv": [37, 15], "uv_size": [1, 1]},
								"down": {"uv": [16, 38], "uv_size": [1, -1]}
							}
						},
						{
							"origin": [-0.375, 11.00394, -2.43123],
							"size": [0.75, 0.375, 0.5625],
							"pivot": [0, 11.19144, -1.99373],
							"rotation": [22.5, 0, 0],
							"uv": {
								"north": {"uv": [2, 40], "uv_size": [1, 0.5]},
								"east": {"uv": [41, 3], "uv_size": [0.5, 0.5]},
								"west": {"uv": [4, 41], "uv_size": [0.5, 0.5]},
								"up": {"uv": [40, 2], "uv_size": [1, 0.5]}
							}
						},
						{
							"origin": [-0.375, 11.0875, -1.95],
							"size": [0.75, 0.325, 1],
							"uv": {
								"east": {"uv": [3, 40], "uv_size": [1, 0.5]},
								"south": {"uv": [40, 3], "uv_size": [1, 0.5]},
								"west": {"uv": [4, 40], "uv_size": [1, 0.5]},
								"up": {"uv": [37, 16], "uv_size": [1, 1]},
								"down": {"uv": [17, 38], "uv_size": [1, -1]}
							}
						},
						{
							"origin": [-0.25, 11.81875, -1.60625],
							"size": [0.5, 0.3125, 0.5],
							"pivot": [0, 11.975, -1.35625],
							"rotation": [90, 0, -45],
							"uv": {
								"north": {"uv": [41, 4], "uv_size": [0.5, 0.5]},
								"east": {"uv": [5, 41], "uv_size": [0.5, 0.5]},
								"south": {"uv": [41, 5], "uv_size": [0.5, 0.5]},
								"west": {"uv": [6, 41], "uv_size": [0.5, 0.5]}
							}
						},
						{
							"origin": [-0.5, 11.56875, -1.54375],
							"size": [0.5625, 0.3125, 0.375],
							"pivot": [0, 11.725, -1.35625],
							"rotation": [90, 0, -90],
							"uv": {
								"north": {"uv": [41, 6], "uv_size": [0.5, 0.5]},
								"east": {"uv": [7, 41], "uv_size": [0.5, 0.5]},
								"south": {"uv": [41, 7], "uv_size": [0.5, 0.5]},
								"west": {"uv": [8, 41], "uv_size": [0.5, 0.5]},
								"up": {"uv": [41, 8], "uv_size": [0.5, 0.5]},
								"down": {"uv": [9, 41.5], "uv_size": [0.5, -0.5]}
							}
						},
						{
							"origin": [-0.5625, 10.6625, -23],
							"size": [1.125, 0.5, 1.25],
							"uv": {
								"north": {"uv": [5, 40], "uv_size": [1, 0.5]},
								"east": {"uv": [37, 38], "uv_size": [1.5, 0.5]},
								"south": {"uv": [6, 40], "uv_size": [1, 0.5]},
								"west": {"uv": [39, 0], "uv_size": [1.5, 0.5]},
								"up": {"uv": [36, 11], "uv_size": [1, 1.5]},
								"down": {"uv": [36, 14.5], "uv_size": [1, -1.5]}
							}
						},
						{
							"origin": [-0.375, 11.00394, -22.98123],
							"size": [0.75, 0.375, 0.5625],
							"pivot": [0, 11.19144, -22.54373],
							"rotation": [22.5, 0, 0],
							"uv": {
								"north": {"uv": [7, 40], "uv_size": [1, 0.5]},
								"east": {"uv": [41, 9], "uv_size": [0.5, 0.5]},
								"west": {"uv": [10, 41], "uv_size": [0.5, 0.5]},
								"up": {"uv": [40, 7], "uv_size": [1, 0.5]}
							}
						},
						{
							"origin": [-0.375, 11.0375, -22.5],
							"size": [0.75, 0.375, 1],
							"uv": {
								"east": {"uv": [8, 40], "uv_size": [1, 0.5]},
								"south": {"uv": [40, 8], "uv_size": [1, 0.5]},
								"west": {"uv": [9, 40], "uv_size": [1, 0.5]},
								"up": {"uv": [37, 17], "uv_size": [1, 1]},
								"down": {"uv": [18, 38], "uv_size": [1, -1]}
							}
						},
						{
							"origin": [-0.3125, 11.75625, -22.28125],
							"size": [0.625, 0.3125, 0.9375],
							"pivot": [0, 11.9125, -21.78125],
							"rotation": [90, 0, 0],
							"uv": {
								"north": {"uv": [41, 10], "uv_size": [0.5, 0.5]},
								"east": {"uv": [40, 9], "uv_size": [1, 0.5]},
								"south": {"uv": [11, 41], "uv_size": [0.5, 0.5]},
								"west": {"uv": [10, 40], "uv_size": [1, 0.5]},
								"up": {"uv": [11, 40], "uv_size": [0.5, 1]},
								"down": {"uv": [40, 12], "uv_size": [0.5, -1]}
							}
						}
					]
				},
				{
					"name": "ld_stock",
					"parent": "ld_gunbody",
					"pivot": [0.00121, 8.33694, 9.4513],
					"cubes": [
						{
							"origin": [-0.8806, 9.04886, 4.42004],
							"size": [1.76462, 0.81929, 9.83148],
							"uv": {
								"north": {"uv": [52, 0], "uv_size": [2, 1]},
								"east": {"uv": [42, 0], "uv_size": [10, 1]},
								"south": {"uv": [52, 1], "uv_size": [2, 1]},
								"west": {"uv": [42, 1], "uv_size": [10, 1]}
							}
						},
						{
							"origin": [-0.43946, 6.11585, 6.47928],
							"size": [0.88232, 0.8193, 8.00384],
							"inflate": 0.001,
							"pivot": [0.00171, 8.00653, 9.44134],
							"rotation": [-35, 0, 0],
							"uv": {
								"north": {"uv": [53, 10], "uv_size": [1, 1]},
								"east": {"uv": [50, 5], "uv_size": [8, 1]},
								"south": {"uv": [53, 11], "uv_size": [1, 1]},
								"west": {"uv": [50, 6], "uv_size": [8, 1]},
								"up": {"uv": [50, 7], "uv_size": [1, 8]},
								"down": {"uv": [44, 17], "uv_size": [1, -8]}
							}
						},
						{
							"origin": [-0.43947, 7.75442, 4.65162],
							"size": [0.88235, 0.81932, 3.02511],
							"inflate": 0.002,
							"uv": {
								"north": {"uv": [54, 0], "uv_size": [1, 1]},
								"east": {"uv": [51, 7], "uv_size": [3, 1]},
								"south": {"uv": [54, 1], "uv_size": [1, 1]},
								"west": {"uv": [51, 8], "uv_size": [3, 1]},
								"up": {"uv": [49, 9], "uv_size": [1, 3]},
								"down": {"uv": [51, 12], "uv_size": [1, -3]}
							}
						},
						{
							"origin": [-0.43947, 7.75442, 7.61367],
							"size": [0.88235, 0.63026, 3.40324],
							"inflate": 0.002,
							"pivot": [0.00171, 8.16409, 8.7481],
							"rotation": [-10, 0, 0],
							"uv": {
								"north": {"uv": [52, 12], "uv_size": [1, 0.5]},
								"east": {"uv": [52, 2], "uv_size": [3.5, 0.5]},
								"south": {"uv": [54, 10], "uv_size": [1, 0.5]},
								"west": {"uv": [52, 9], "uv_size": [3.5, 0.5]},
								"up": {"uv": [47, 9], "uv_size": [1, 3.5]},
								"down": {"uv": [48, 12.5], "uv_size": [1, -3.5]}
							}
						},
						{
							"origin": [-0.43945, 1.48619, 10.40715],
							"size": [0.88231, 1.76462, 5.41992],
							"pivot": [0.00171, 4.44823, 11.28947],
							"rotation": [90, 0, 0],
							"uv": {
								"north": {"uv": [52, 10], "uv_size": [1, 1.5]},
								"east": {"uv": [44, 5], "uv_size": [5.5, 1.5]},
								"south": {"uv": [53, 3], "uv_size": [1, 1.5]},
								"west": {"uv": [44, 7], "uv_size": [5.5, 1.5]},
								"up": {"uv": [45, 9], "uv_size": [1, 5.5]},
								"down": {"uv": [46, 14.5], "uv_size": [1, -5.5]}
							}
						},
						{
							"origin": [-1.44224, 8.69051, 4.42004],
							"size": [1.24778, 1.24778, 9.83148],
							"pivot": [-1.07678, 10.58118, 9.33578],
							"rotation": [0, 0, -45],
							"uv": {
								"north": {"uv": [54, 3], "uv_size": [1, 1]},
								"south": {"uv": [54, 4], "uv_size": [1, 1]},
								"west": {"uv": [42, 2], "uv_size": [10, 1]},
								"up": {"uv": [42, 3], "uv_size": [1, 10]}
							}
						},
						{
							"origin": [-0.68126, 9.25217, 4.42004],
							"size": [1.18476, 0.86965, 9.83148],
							"pivot": [-0.05736, 9.74211, 9.33578],
							"rotation": [0, 0, -90],
							"uv": {
								"north": {"uv": [49, 12], "uv_size": [1, 1]},
								"south": {"uv": [54, 7], "uv_size": [1, 1]},
								"west": {"uv": [43, 3], "uv_size": [10, 1]}
							}
						},
						{
							"origin": [-1.44224, 7.87122, 4.42004],
							"size": [1.24778, 1.24778, 9.83148],
							"pivot": [-1.07678, 9.76189, 9.33578],
							"rotation": [0, 0, -45],
							"uv": {
								"north": {"uv": [54, 8], "uv_size": [1, 1]},
								"east": {"uv": [43, 4], "uv_size": [10, 1]},
								"south": {"uv": [51, 12], "uv_size": [1, 1]},
								"down": {"uv": [43, 15], "uv_size": [1, -10]}
							}
						}
					]
				},
				{
					"name": "ld_mag",
					"parent": "lod_m4",
					"pivot": [-0.0375, 0, -8],
					"cubes": [
						{
							"origin": [-0.5125, 1.27099, -8.11686],
							"size": [1.025, 4.525, 2.85],
							"pivot": [0, 3.52099, -6.69186],
							"rotation": [-12, 0, 0],
							"uv": {
								"north": {"uv": [10, 26], "uv_size": [1, 4.5]},
								"east": {"uv": [15, 0], "uv_size": [3, 4.5]},
								"south": {"uv": [6, 30], "uv_size": [1, 4.5]},
								"west": {"uv": [15, 12], "uv_size": [3, 4.5]},
								"up": {"uv": [18, 31], "uv_size": [1, 3]},
								"down": {"uv": [16, 35], "uv_size": [1, -3]}
							}
						},
						{
							"origin": [-0.5125, 5.45, -7.675],
							"size": [1.025, 3.55, 2.85],
							"inflate": 0.001,
							"uv": {
								"north": {"uv": [20, 30], "uv_size": [1, 3.5]},
								"east": {"uv": [18, 12], "uv_size": [3, 3.5]},
								"south": {"uv": [24, 30], "uv_size": [1, 3.5]},
								"west": {"uv": [18, 16], "uv_size": [3, 3.5]},
								"up": {"uv": [17, 32], "uv_size": [1, 3]},
								"down": {"uv": [21, 35], "uv_size": [1, -3]}
							}
						},
						{
							"origin": [-0.5125, 9, -6.475],
							"size": [1.025, 0.3, 1.65],
							"uv": {
								"north": {"uv": [12, 40], "uv_size": [1, 0.5]},
								"east": {"uv": [39, 1], "uv_size": [1.5, 0.5]},
								"south": {"uv": [40, 12], "uv_size": [1, 0.5]},
								"west": {"uv": [2, 39], "uv_size": [1.5, 0.5]},
								"up": {"uv": [36, 15], "uv_size": [1, 1.5]},
								"down": {"uv": [36, 18.5], "uv_size": [1, -1.5]}
							}
						}
					]
				},
				{
					"name": "positioning2",
					"parent": "lod_m4",
					"pivot": [0, 0, 0]
				},
				{
					"name": "scope_pos",
					"parent": "positioning2",
					"pivot": [0, 11.1625, -3.725]
				},
				{
					"name": "positioning",
					"pivot": [0, 0, -8]
				},
				{
					"name": "thirdperson_hand",
					"parent": "positioning",
					"pivot": [0, 6.875, -2.65]
				},
				{
					"name": "ground",
					"parent": "positioning",
					"pivot": [0, -0.9, -7.35]
				},
				{
					"name": "fixed",
					"parent": "positioning",
					"pivot": [1.5, 8, -6.775],
					"rotation": [0, 90, 0]
				},
				{
					"name": "shell",
					"parent": "positioning",
					"pivot": [-0.75, 10, -6]
				},
				{
					"name": "muzzle_flash",
					"parent": "positioning",
					"pivot": [0, 9.5, -27]
				}
			]
		}
	]
}