{
	"format_version": "1.12.0",
	"minecraft:geometry": [
		{
			"description": {
				"identifier": "geometry.unknown",
				"texture_width": 64,
				"texture_height": 64,
				"visible_bounds_width": 4,
				"visible_bounds_height": 2.5,
				"visible_bounds_offset": [0, 0.75, 0]
			},
			"bones": [
				{
					"name": "base",
					"pivot": [0, 0.5, 0]
				},
				{
					"name": "Barrels",
					"parent": "base",
					"pivot": [0, -2.26626, -4.09285]
				},
				{
					"name": "velociraptor",
					"parent": "base",
					"pivot": [0, -7.21326, 6.69161],
					"cubes": [
						{
							"origin": [-0.7814, 1.87174, 8.48754],
							"size": [1.5628, 1.28622, 2.4735],
							"uv": {
								"north": {"uv": [2, 34], "uv_size": [1.5, 1.5]},
								"east": {"uv": [32, 13], "uv_size": [2.5, 1.5]},
								"south": {"uv": [14, 34], "uv_size": [1.5, 1.5]},
								"west": {"uv": [24, 32], "uv_size": [2.5, 1.5]},
								"up": {"uv": [32, 30], "uv_size": [1.5, 2.5]},
								"down": {"uv": [4, 35.5], "uv_size": [1.5, -2.5]}
							}
						},
						{
							"origin": [-0.50736, 1.87174, 5.04938],
							"size": [1.01473, 1.38516, 0.96467],
							"uv": {
								"north": {"uv": [34, 34], "uv_size": [1, 1.5]},
								"east": {"uv": [35, 0], "uv_size": [1, 1.5]},
								"south": {"uv": [35, 2], "uv_size": [1, 1.5]},
								"west": {"uv": [35, 4], "uv_size": [1, 1.5]},
								"up": {"uv": [27, 5], "uv_size": [1, 1]},
								"down": {"uv": [7, 28], "uv_size": [1, -1]}
							}
						},
						{
							"origin": [-0.78155, 2.71591, 10.93631],
							"size": [1.5628, 0.34311, 0.27209],
							"uv": {
								"north": {"uv": [4, 36], "uv_size": [1.5, 0.5]},
								"east": {"uv": [13, 37], "uv_size": [0.5, 0.5]},
								"south": {"uv": [36, 4], "uv_size": [1.5, 0.5]},
								"west": {"uv": [37, 13], "uv_size": [0.5, 0.5]},
								"up": {"uv": [36, 5], "uv_size": [1.5, 0.5]},
								"down": {"uv": [6, 36.5], "uv_size": [1.5, -0.5]}
							}
						},
						{
							"origin": [-0.66885, -2.04526, 9.76144],
							"size": [1.3377, 0.70738, 0.52502],
							"pivot": [-0.59323, -1.98099, 10.20667],
							"rotation": [-32.5, 0, 0],
							"uv": {
								"north": {"uv": [8, 36], "uv_size": [1.5, 0.5]},
								"east": {"uv": [14, 37], "uv_size": [0.5, 0.5]},
								"south": {"uv": [10, 36], "uv_size": [1.5, 0.5]},
								"west": {"uv": [37, 14], "uv_size": [0.5, 0.5]},
								"up": {"uv": [12, 36], "uv_size": [1.5, 0.5]},
								"down": {"uv": [14, 36.5], "uv_size": [1.5, -0.5]}
							}
						},
						{
							"origin": [-0.66885, -1.62325, 11.13437],
							"size": [1.3377, 0.54417, 0.44523],
							"pivot": [-0.59323, -1.72219, 11.5796],
							"rotation": [-32.5, 0, 0],
							"uv": {
								"north": {"uv": [18, 36], "uv_size": [1.5, 0.5]},
								"east": {"uv": [15, 37], "uv_size": [0.5, 0.5]},
								"south": {"uv": [36, 18], "uv_size": [1.5, 0.5]},
								"west": {"uv": [37, 15], "uv_size": [0.5, 0.5]},
								"up": {"uv": [36, 19], "uv_size": [1.5, 0.5]},
								"down": {"uv": [20, 36.5], "uv_size": [1.5, -0.5]}
							}
						},
						{
							"origin": [-0.78155, 2.0228, 10.71369],
							"size": [1.5628, 0.69311, 0.4947],
							"pivot": [-0.48083, 2.71591, 11.20839],
							"rotation": [-22.5, 0, 0],
							"uv": {
								"north": {"uv": [36, 20], "uv_size": [1.5, 0.5]},
								"east": {"uv": [18, 37], "uv_size": [0.5, 0.5]},
								"south": {"uv": [36, 21], "uv_size": [1.5, 0.5]},
								"west": {"uv": [19, 37], "uv_size": [0.5, 0.5]},
								"up": {"uv": [22, 36], "uv_size": [1.5, 0.5]},
								"down": {"uv": [24, 36.5], "uv_size": [1.5, -0.5]}
							}
						},
						{
							"origin": [-0.66885, -1.99916, 9.56988],
							"size": [1.3377, 4.42757, 1.87986],
							"pivot": [0.08758, -0.0451, 9.02571],
							"rotation": [17.5, 0, 0],
							"uv": {
								"north": {"uv": [20, 27], "uv_size": [1.5, 4.5]},
								"east": {"uv": [8, 24], "uv_size": [2, 4.5]},
								"south": {"uv": [22, 27], "uv_size": [1.5, 4.5]},
								"west": {"uv": [2, 25], "uv_size": [2, 4.5]},
								"up": {"uv": [6, 33], "uv_size": [1.5, 2]},
								"down": {"uv": [8, 35], "uv_size": [1.5, -2]}
							}
						},
						{
							"origin": [-0.66885, -2.34408, 9.59944],
							"size": [1.3377, 0.72792, 1.46095],
							"pivot": [0.08758, -0.13206, 9.05527],
							"rotation": [17.5, 0, 0],
							"uv": {
								"north": {"uv": [30, 36], "uv_size": [1.5, 0.5]},
								"east": {"uv": [32, 36], "uv_size": [1.5, 0.5]},
								"south": {"uv": [36, 33], "uv_size": [1.5, 0.5]},
								"west": {"uv": [34, 36], "uv_size": [1.5, 0.5]},
								"up": {"uv": [34, 18], "uv_size": [1.5, 1.5]},
								"down": {"uv": [34, 21.5], "uv_size": [1.5, -1.5]}
							}
						},
						{
							"origin": [-0.25324, 4.40187, -13.5247],
							"size": [0.50647, 0.50647, 12.3769],
							"pivot": [0, 4.6551, 1.83379],
							"rotation": [0, 0, 45],
							"uv": {
								"north": {"uv": [30, 37], "uv_size": [0.5, 0.5]},
								"east": {"uv": [28, 9], "uv_size": [12.5, 0.5]},
								"south": {"uv": [31, 37], "uv_size": [0.5, 0.5]},
								"west": {"uv": [28, 22], "uv_size": [12.5, 0.5]},
								"up": {"uv": [16, 28], "uv_size": [0.5, 12.5]},
								"down": {"uv": [17, 40.5], "uv_size": [0.5, -12.5]}
							}
						},
						{
							"origin": [-0.25324, 5.61388, -11.94608],
							"size": [0.60541, 0.60541, 10.79828],
							"pivot": [0, 5.96606, 1.83379],
							"rotation": [0, 0, 45],
							"uv": {
								"north": {"uv": [32, 37], "uv_size": [0.5, 0.5]},
								"east": {"uv": [28, 26], "uv_size": [11, 0.5]},
								"south": {"uv": [33, 37], "uv_size": [0.5, 0.5]},
								"west": {"uv": [28, 27], "uv_size": [11, 0.5]},
								"up": {"uv": [28, 29], "uv_size": [0.5, 11]},
								"down": {"uv": [29, 40], "uv_size": [0.5, -11]}
							}
						},
						{
							"origin": [-1.1621, 2.95278, -7.08141],
							"size": [2.3242, 2.18092, 4.28869],
							"uv": {
								"north": {"uv": [29, 18], "uv_size": [2.5, 2]},
								"east": {"uv": [26, 15], "uv_size": [4, 2]},
								"south": {"uv": [30, 15], "uv_size": [2.5, 2]},
								"west": {"uv": [16, 26], "uv_size": [4, 2]},
								"up": {"uv": [20, 23], "uv_size": [2.5, 4]},
								"down": {"uv": [23, 27], "uv_size": [2.5, -4]}
							}
						},
						{
							"origin": [-0.9621, 3.35278, -13.48141],
							"size": [1.9242, 2.98092, 12.68869],
							"uv": {
								"north": {"uv": [29, 10], "uv_size": [2, 3]},
								"east": {"uv": [10, 0], "uv_size": [12.5, 3]},
								"south": {"uv": [26, 29], "uv_size": [2, 3]},
								"west": {"uv": [10, 3], "uv_size": [12.5, 3]},
								"down": {"uv": [6, 24.5], "uv_size": [2, -12.5]}
							}
						},
						{
							"origin": [-0.11927, 5.18756, -13.48141],
							"size": [0.36061, 0.36062, 12.68869],
							"pivot": [0.84283, 6.77802, -8.03707],
							"rotation": [0, 0, 45],
							"uv": {
								"north": {"uv": [34, 37], "uv_size": [0.5, 0.5]},
								"east": {"uv": [28, 23], "uv_size": [12.5, 0.5]},
								"south": {"uv": [37, 34], "uv_size": [0.5, 0.5]}
							}
						},
						{
							"origin": [-0.70711, 6.3337, -13.48141],
							"size": [1.41421, 0.25499, 12.68869],
							"uv": {
								"north": {"uv": [0, 37], "uv_size": [1.5, 0.5]},
								"east": {"uv": [28, 24], "uv_size": [12.5, 0.5]},
								"south": {"uv": [2, 37], "uv_size": [1.5, 0.5]},
								"west": {"uv": [28, 25], "uv_size": [12.5, 0.5]},
								"up": {"uv": [14, 10], "uv_size": [1.5, 12.5]}
							}
						},
						{
							"origin": [-0.24135, 5.18756, -13.48141],
							"size": [0.36061, 0.36062, 12.68869],
							"pivot": [-0.84283, 6.77802, -8.03707],
							"rotation": [0, 0, -45],
							"uv": {
								"north": {"uv": [35, 37], "uv_size": [0.5, 0.5]},
								"south": {"uv": [37, 35], "uv_size": [0.5, 0.5]},
								"west": {"uv": [26, 28], "uv_size": [12.5, 0.5]}
							}
						},
						{
							"origin": [-0.6371, 4.75278, -0.78141],
							"size": [1.2742, 1.88092, 1.18869],
							"uv": {
								"north": {"uv": [32, 33], "uv_size": [1.5, 2]},
								"east": {"uv": [26, 34], "uv_size": [1, 2]},
								"south": {"uv": [0, 34], "uv_size": [1.5, 2]},
								"west": {"uv": [34, 32], "uv_size": [1, 2]},
								"up": {"uv": [35, 12], "uv_size": [1.5, 1]},
								"down": {"uv": [35, 14], "uv_size": [1.5, -1]}
							}
						},
						{
							"origin": [-0.6371, 6.45278, 0.40728],
							"size": [1.2742, 0.18092, 0.9],
							"uv": {
								"north": {"uv": [37, 2], "uv_size": [1.5, 0.5]},
								"east": {"uv": [12, 37], "uv_size": [1, 0.5]},
								"south": {"uv": [37, 3], "uv_size": [1.5, 0.5]},
								"west": {"uv": [37, 12], "uv_size": [1, 0.5]},
								"up": {"uv": [35, 14], "uv_size": [1.5, 1]},
								"down": {"uv": [35, 16], "uv_size": [1.5, -1]}
							}
						},
						{
							"origin": [-0.63156, 0.10174, 1.15636],
							"size": [1.26312, 4.45234, 3.04245],
							"inflate": -0.002,
							"pivot": [-0.55456, 0.10374, 4.19681],
							"rotation": [-12.5, 0, 0],
							"uv": {
								"north": {"uv": [4, 28], "uv_size": [1.5, 4.5]},
								"east": {"uv": [20, 10], "uv_size": [3, 4.5]},
								"south": {"uv": [6, 28], "uv_size": [1.5, 4.5]},
								"west": {"uv": [20, 15], "uv_size": [3, 4.5]},
								"up": {"uv": [12, 30], "uv_size": [1.5, 3]},
								"down": {"uv": [30, 33], "uv_size": [1.5, -3]}
							}
						},
						{
							"origin": [-0.63154, -3.4581, 1.20387],
							"size": [1.26308, 3.56184, 2.99293],
							"pivot": [-0.55654, 0.10374, 4.19681],
							"rotation": [-34, 0, 0],
							"uv": {
								"north": {"uv": [2, 30], "uv_size": [1.5, 3.5]},
								"east": {"uv": [23, 10], "uv_size": [3, 3.5]},
								"south": {"uv": [30, 3], "uv_size": [1.5, 3.5]},
								"west": {"uv": [23, 14], "uv_size": [3, 3.5]},
								"up": {"uv": [0, 31], "uv_size": [1.5, 3]},
								"down": {"uv": [31, 13], "uv_size": [1.5, -3]}
							}
						},
						{
							"origin": [-0.63104, -5.86259, -0.78788],
							"size": [1.26209, 3.01343, 2.99293],
							"pivot": [-0.55703, -2.84916, 2.20505],
							"rotation": [-49, 0, 0],
							"uv": {
								"north": {"uv": [32, 3], "uv_size": [1.5, 3]},
								"east": {"uv": [4, 25], "uv_size": [3, 3]},
								"south": {"uv": [10, 32], "uv_size": [1.5, 3]},
								"west": {"uv": [26, 10], "uv_size": [3, 3]},
								"up": {"uv": [18, 32], "uv_size": [1.5, 3]},
								"down": {"uv": [32, 21], "uv_size": [1.5, -3]}
							}
						}
					]
				},
				{
					"name": "Stock",
					"parent": "velociraptor",
					"pivot": [0.02721, 3.27575, 13.72372],
					"cubes": [
						{
							"origin": [-0.66784, 2.75996, 11.51747],
							"size": [1.33569, 1.25, 11.5],
							"pivot": [0.02474, 4.37984, 12.12453],
							"rotation": [-17.5, 0, 0],
							"uv": {
								"north": {"uv": [6, 35], "uv_size": [1.5, 1]},
								"east": {"uv": [16, 22], "uv_size": [11.5, 1]},
								"south": {"uv": [35, 6], "uv_size": [1.5, 1]},
								"west": {"uv": [23, 0], "uv_size": [11.5, 1]},
								"up": {"uv": [16, 10], "uv_size": [1.5, 11.5]},
								"down": {"uv": [18, 21.5], "uv_size": [1.5, -11.5]}
							}
						},
						{
							"origin": [-0.66785, 2.55758, 12.41953],
							"size": [1.33569, 4.19308, 1.20127],
							"pivot": [-0.66804, 4.75066, 13.49581],
							"rotation": [79, 0, 0],
							"uv": {
								"north": {"uv": [18, 28], "uv_size": [1.5, 4]},
								"east": {"uv": [20, 32], "uv_size": [1, 4]},
								"south": {"uv": [8, 29], "uv_size": [1.5, 4]},
								"west": {"uv": [21, 32], "uv_size": [1, 4]},
								"up": {"uv": [35, 7], "uv_size": [1.5, 1]},
								"down": {"uv": [8, 36], "uv_size": [1.5, -1]}
							}
						},
						{
							"origin": [-0.67, -0.11054, 14.2494],
							"size": [1.34, 11.5, 4.75],
							"pivot": [0.00216, 4.29292, 18.59876],
							"rotation": [84, 0, 0],
							"uv": {
								"north": {"uv": [12, 18], "uv_size": [1.5, 11.5]},
								"east": {"uv": [0, 0], "uv_size": [5, 11.5]},
								"south": {"uv": [10, 20], "uv_size": [1.5, 11.5]},
								"west": {"uv": [5, 0], "uv_size": [5, 11.5]},
								"up": {"uv": [0, 26], "uv_size": [1.5, 5]},
								"down": {"uv": [26, 28], "uv_size": [1.5, -5]}
							}
						},
						{
							"origin": [-0.66785, 2.77177, 14.97784],
							"size": [1.33569, 2.19308, 1.07627],
							"pivot": [0, 3.86831, 15.51598],
							"rotation": [-52.5, 0, 0],
							"uv": {
								"north": {"uv": [33, 10], "uv_size": [1.5, 2]},
								"east": {"uv": [7, 25], "uv_size": [1, 2]},
								"south": {"uv": [12, 33], "uv_size": [1.5, 2]},
								"west": {"uv": [27, 3], "uv_size": [1, 2]},
								"up": {"uv": [10, 35], "uv_size": [1.5, 1]},
								"down": {"uv": [35, 11], "uv_size": [1.5, -1]}
							}
						}
					]
				},
				{
					"name": "BaseReceiver",
					"parent": "velociraptor",
					"pivot": [-0.69258, 0.88882, -0.88229],
					"cubes": [
						{
							"origin": [0, 0.95459, 5.06616],
							"size": [0, 2.4735, 3.95866],
							"uv": {
								"north": {"uv": [0, 0], "uv_size": [0, 2.5]},
								"east": {"uv": [23, 3], "uv_size": [4, 2.5]},
								"south": {"uv": [0, 0], "uv_size": [0, 2.5]},
								"west": {"uv": [16, 23], "uv_size": [4, 2.5]},
								"up": {"uv": [0, 0], "uv_size": [0, 4]},
								"down": {"uv": [0, 4], "uv_size": [0, -4]}
							}
						},
						{
							"origin": [-0.8918, 3.46656, -1.49329],
							"size": [1.7836, 1.4841, 13.33186],
							"uv": {
								"north": {"uv": [33, 15], "uv_size": [2, 1.5]},
								"east": {"uv": [14, 6], "uv_size": [13.5, 1.5]},
								"south": {"uv": [30, 33], "uv_size": [2, 1.5]},
								"west": {"uv": [14, 8], "uv_size": [13.5, 1.5]},
								"up": {"uv": [10, 6], "uv_size": [2, 13.5]},
								"down": {"uv": [0, 25.5], "uv_size": [2, -13.5]}
							}
						},
						{
							"origin": [-0.89, 3.36958, -0.82896],
							"size": [1.78, 0.5233, 12.65669],
							"pivot": [-0.74271, 3.36958, -0.37896],
							"rotation": [-2, 0, 0],
							"uv": {
								"north": {"uv": [18, 35], "uv_size": [2, 0.5]},
								"east": {"uv": [26, 17], "uv_size": [12.5, 0.5]},
								"south": {"uv": [24, 35], "uv_size": [2, 0.5]},
								"west": {"uv": [28, 8], "uv_size": [12.5, 0.5]},
								"up": {"uv": [2, 12], "uv_size": [2, 12.5]},
								"down": {"uv": [4, 24.5], "uv_size": [2, -12.5]}
							}
						},
						{
							"origin": [-0.94205, 3.79822, 3.70644],
							"size": [0.1, 1.45936, 5.66431],
							"pivot": [0.05795, 4.3279, 8.76474],
							"rotation": [22.5, 0, 0],
							"uv": {
								"north": {"uv": [26, 36], "uv_size": [0.5, 1.5]},
								"east": {"uv": [23, 18], "uv_size": [5.5, 1.5]},
								"south": {"uv": [36, 36], "uv_size": [0.5, 1.5]},
								"west": {"uv": [26, 13], "uv_size": [5.5, 1.5]},
								"up": {"uv": [27, 32], "uv_size": [0.5, 5.5]},
								"down": {"uv": [34, 6.5], "uv_size": [0.5, -5.5]}
							}
						}
					]
				},
				{
					"name": "upper",
					"parent": "BaseReceiver",
					"pivot": [-0.76688, 4.74748, 8.64068],
					"cubes": [
						{
							"origin": [-0.56885, 5.61658, -0.0148],
							"size": [1.1377, 0.86572, 10.29358],
							"uv": {
								"north": {"uv": [33, 35], "uv_size": [1, 1]},
								"east": {"uv": [23, 1], "uv_size": [10.5, 1]},
								"south": {"uv": [35, 33], "uv_size": [1, 1]},
								"west": {"uv": [23, 2], "uv_size": [10.5, 1]},
								"up": {"uv": [14, 23], "uv_size": [1, 10.5]},
								"down": {"uv": [15, 33.5], "uv_size": [1, -10.5]}
							}
						},
						{
							"origin": [-0.9302, 4.86898, -0.76692],
							"size": [1.8604, 0.89046, 11.98775],
							"uv": {
								"north": {"uv": [32, 6], "uv_size": [2, 1]},
								"east": {"uv": [20, 20], "uv_size": [12, 1]},
								"south": {"uv": [32, 21], "uv_size": [2, 1]},
								"west": {"uv": [20, 21], "uv_size": [12, 1]},
								"up": {"uv": [12, 6], "uv_size": [2, 12]},
								"down": {"uv": [8, 24], "uv_size": [2, -12]}
							}
						},
						{
							"origin": [-0.9302, 4.85172, 11.17072],
							"size": [1.8604, 0.39576, 0.71731],
							"uv": {
								"north": {"uv": [35, 34], "uv_size": [2, 0.5]},
								"east": {"uv": [20, 37], "uv_size": [0.5, 0.5]},
								"south": {"uv": [35, 35], "uv_size": [2, 0.5]},
								"west": {"uv": [21, 37], "uv_size": [0.5, 0.5]},
								"up": {"uv": [0, 36], "uv_size": [2, 0.5]},
								"down": {"uv": [36, 0.5], "uv_size": [2, -0.5]}
							}
						},
						{
							"origin": [-0.9302, 4.75278, 11.04704],
							"size": [1.8604, 0.4947, 0.84099],
							"pivot": [-0.70251, 5.24748, 11.88803],
							"rotation": [-37.5, 0, 0],
							"uv": {
								"north": {"uv": [36, 1], "uv_size": [2, 0.5]},
								"east": {"uv": [4, 37], "uv_size": [1, 0.5]},
								"south": {"uv": [2, 36], "uv_size": [2, 0.5]},
								"west": {"uv": [5, 37], "uv_size": [1, 0.5]},
								"up": {"uv": [33, 12], "uv_size": [2, 1]},
								"down": {"uv": [24, 35], "uv_size": [2, -1]}
							}
						},
						{
							"origin": [-0.56885, 4.75278, 9.8085],
							"size": [1.1377, 0.64528, 1.18743],
							"pivot": [-0.61757, 5.24748, 11.64068],
							"rotation": [-37.5, 0, 0],
							"uv": {
								"north": {"uv": [6, 37], "uv_size": [1, 0.5]},
								"east": {"uv": [37, 6], "uv_size": [1, 0.5]},
								"south": {"uv": [7, 37], "uv_size": [1, 0.5]},
								"west": {"uv": [37, 7], "uv_size": [1, 0.5]},
								"up": {"uv": [36, 2], "uv_size": [1, 1]},
								"down": {"uv": [36, 4], "uv_size": [1, -1]}
							}
						},
						{
							"origin": [-0.20315, 4.75278, 10.89684],
							"size": [0.4063, 0.84316, 0.69273],
							"pivot": [-0.68751, 5.24748, 11.64068],
							"rotation": [-37.5, 0, 0],
							"uv": {
								"north": {"uv": [8, 37], "uv_size": [0.5, 1]},
								"east": {"uv": [9, 37], "uv_size": [0.5, 1]},
								"south": {"uv": [10, 37], "uv_size": [0.5, 1]},
								"west": {"uv": [37, 10], "uv_size": [0.5, 1]},
								"up": {"uv": [22, 37], "uv_size": [0.5, 0.5]},
								"down": {"uv": [23, 37.5], "uv_size": [0.5, -0.5]}
							}
						}
					]
				},
				{
					"name": "Bolt",
					"parent": "BaseReceiver",
					"pivot": [0.14851, 3.0284, 3.5329],
					"cubes": [
						{
							"origin": [-0.64321, 4.72057, -0.02169],
							"size": [1.28642, 0.9894, 4.31785],
							"uv": {
								"north": {"uv": [35, 11], "uv_size": [1.5, 1]},
								"east": {"uv": [30, 7], "uv_size": [4.5, 1]},
								"south": {"uv": [12, 35], "uv_size": [1.5, 1]},
								"west": {"uv": [30, 29], "uv_size": [4.5, 1]},
								"up": {"uv": [24, 27], "uv_size": [1.5, 4.5]},
								"down": {"uv": [28, 7.5], "uv_size": [1.5, -4.5]}
							}
						},
						{
							"origin": [-1.64321, 5.22057, 0.72831],
							"size": [2.28642, 0.4894, 0.25],
							"inflate": -0.002,
							"uv": {
								"north": {"uv": [35, 16], "uv_size": [2.5, 0.5]},
								"east": {"uv": [24, 37], "uv_size": [0.5, 0.5]},
								"south": {"uv": [35, 29], "uv_size": [2.5, 0.5]},
								"west": {"uv": [25, 37], "uv_size": [0.5, 0.5]},
								"up": {"uv": [30, 35], "uv_size": [2.5, 0.5]},
								"down": {"uv": [35, 32.5], "uv_size": [2.5, -0.5]}
							}
						},
						{
							"origin": [-0.39586, 5.69078, 0.22566],
							"size": [0.79172, 0.74205, 3.82315],
							"uv": {
								"north": {"uv": [11, 37], "uv_size": [1, 0.5]},
								"east": {"uv": [34, 30], "uv_size": [4, 0.5]},
								"south": {"uv": [37, 11], "uv_size": [1, 0.5]},
								"west": {"uv": [34, 31], "uv_size": [4, 0.5]},
								"up": {"uv": [22, 32], "uv_size": [1, 4]},
								"down": {"uv": [23, 36], "uv_size": [1, -4]}
							}
						}
					]
				},
				{
					"name": "rear_sight",
					"parent": "BaseReceiver",
					"pivot": [0.34629, 7.0341, -2.47271]
				},
				{
					"name": "positioning2",
					"parent": "velociraptor",
					"pivot": [0, 0, 0]
				},
				{
					"name": "scope_pos",
					"parent": "positioning2",
					"pivot": [0, 6.475, 1.175]
				},
				{
					"name": "positioning",
					"pivot": [-3.025, -8.95, -11.225]
				},
				{
					"name": "ground",
					"parent": "positioning",
					"pivot": [0, -10, 0]
				},
				{
					"name": "fixed",
					"parent": "positioning",
					"pivot": [1.1, 4.425, 2.175],
					"rotation": [0, 90, 0]
				},
				{
					"name": "thirdperson_hand",
					"parent": "positioning",
					"pivot": [0.025, 2.975, 7.15]
				},
				{
					"name": "shell",
					"parent": "positioning",
					"pivot": [-0.625, 4.875, -1.225]
				},
				{
					"name": "muzzle_flash",
					"parent": "positioning",
					"pivot": [-0.025, 4.1, -21.475]
				}
			]
		}
	]
}