{
  "ammo": "tacz:9mm",
  "rpm": 400,
  "bullet": {
    "life": 0.8,
    "bullet_amount": 1,
    "damage": 6,
    "tracer_count_interval": 0,
    "extra_damage": {
      "armor_ignore": 0.15,
      "head_shot_multiplier": 1.5,
      "damage_adjust": [
        {"distance": 18, "damage": 7.5},
        {"distance": 45, "damage": 5.5},
        {"distance": "infinite", "damage": 4.5}
      ]
    },
    "speed": 150,
    "gravity": 0.15,
    "knockback": 0,
    "friction": 0.025,
    "ignite": false,
    "pierce": 1
  },
  "ammo_amount": 15,
  "extended_mag_ammo_amount": [
    17,
    20,
    24
  ],
  "bolt": "closed_bolt",
  "reload": {
    "type": "magazine",
    "feed": {
      "empty": 2,
      "tactical": 1.64
    },
    "cooldown": {
      "empty": 2.7,
      "tactical": 2.4
    }
  },
  "draw_time": 0.45,
  "put_away_time": 0.65,
  "aim_time": 0.14,
  "sprint_time": 0.05,
  "weight": 0.78,
  "movement_speed": {
    "base": 0.0,
    "aim": 0,
    "reload": 0.1
  },
  "crawl_recoil_multiplier": 0.75,
  "fire_mode": [
    "semi"
  ],
  "allow_attachment_types": [
    "scope",
    "muzzle",
    "extended_mag",
    "laser"
  ],
  "recoil": {
    "pitch": [
      {"time": 0, "value": [1.4, 1.4]},
      {"time": 0.08, "value": [1, 1]},
      {"time": 0.26, "value": [0.1, 0.1]},
      {"time": 0.3, "value": [0.05, 0.05]},
      {"time": 0.35, "value": [0, 0]}
    ],
    "yaw": [
      {"time": 0, "value": [-0.75, 0.5]},
      {"time": 0.2, "value": [0, 0]}
    ]
  },
  "inaccuracy": {
    "stand": 1.7,
    "move": 2.4,
    "sneak": 1.4,
    "lie": 0.73,
    "aim": 0.17
  }
}