{
  "ammo": "rebel:105ac",
    "can_slide": false,
  "ammo_amount": 1,
  "bolt": "open_bolt",
  "rpm": 130,
  "bullet": {
    "life": 150,
    "bullet_amount": 5,
    "damage": 250,
    "extra_damage": {
      "armor_ignore": 1,
      "head_shot_multiplier": 2,
      "damage_adjust": [
        {"distance": 15, "damage": 242},
        {"distance": 25, "damage": 230},
        {"distance": 35, "damage": 227},
        {"distance": 45, "damage": 224},
        {"distance": 55, "damage": 221},
        {"distance": "infinite", "damage": 218}
      ]
    },
    "speed": 10,
    "gravity": 0,
    "knockback": 0.15,
    "friction": 0,
    "ignite": false,
    "pierce": 0,
    "explosion": {
      "explode":true,
      "damage": 350,
      "radius": 15,
      "delay": 30,
      "destroy_block":true
    }
  },
  "reload": {
    "type": "magazine",
    "feed": {
      "empty": 0.8,
      "tactical": 0.3
    },
    "cooldown": {
      "empty": 1,
      "tactical": 0.5
    }
  },
 "draw_time": 0.9,
  "put_away_time": 0.75,
  "aim_time": 0.1,
  "sprint_time": 0.2,
  "weight": 0.3,
  "fire_mode": [
    "semi"
  ],
  "recoil": {
    "pitch": [
      {"time": 0, "value": [0, 0]},
      {"time": 0.1, "value": [0, 0]},
      {"time": 0.2, "value": [0, 0]},
      {"time": 0.38, "value": [0, 0]}

    ],
    "yaw": [
      {"time": 0, "value": [0, 0]},
      {"time": 0.1, "value": [0, 0]},
      {"time": 0.2, "value": [0, 0]},
      {"time": 0.38, "value": [0, 0]}

    ]
  },

  

  "inaccuracy": {
    "stand": 2,
    "move": 5,
    "sneak": 2,
    "lie": 2,
    "aim": 2
  }

}