{
  "ammo": "rebel:20ap",
    "can_slide": false,
  "rpm": 350,
  "bullet": {
    "life": 1,
    "bullet_amount": 1,
    "damage": 60.5,
    "tracer_count_interval": 0,
    "extra_damage": {
      "armor_ignore": 0.3,
      "head_shot_multiplier": 1.75,
      "damage_adjust": [
        {"distance": 10, "damage": 60.5},
        {"distance": 15, "damage": 59},
        {"distance": 20, "damage": 55},
        {"distance": 30, "damage": 48},
        {"distance": 40, "damage": 30},
        {"distance": 70, "damage": 20},
        {"distance": 101, "damage": 18},
        {"distance": "infinite", "damage": 15}
      ]
    },
    "speed": 190,
    "gravity": 0.2,
    "knockback": 1.5,
    "friction": 0.05,
    "ignite": false,
    "pierce": 1,
    "explosion": {
      "explode": false,
      "damage": 100,
      "radius": 1.5,
      "knockback": true,
      "delay": 1
    }
  },
  "ammo_amount": 5,
  "extended_mag_ammo_amount": [
    7,
    10,
    14
  ],
  "bolt": "closed_bolt",
  "reload": {
    "type": "magazine",
    "feed": {
      "empty": 3.55,
      "tactical": 3.5
    },
    "cooldown": {
      "empty": 5.8,
      "tactical": 5
    }
  },
  "draw_time": 1,
  "put_away_time": 0.7,
  "aim_time": 0.3,
  "sprint_time": 0.2,
  "weight": 12.5,
  "fire_mode": [
    "semi",
    "auto"

  ],
  "allow_attachment_types": [
    "scope",
    "grip",
    "extended_mag"
  ],
  "recoil": {
    "pitch": [
      {"time": 0, "value": [1.55, 1.55]},
      {"time": 0.3, "value": [1.55, 1.55]},
      {"time": 0.5, "value": [-0.125, -0.125]},
      {"time": 0.65, "value": [0, 0]}
    ],
    "yaw": [
      {"time": 0, "value": [-0.95, 0.2]},
      {"time": 0.3, "value": [-0.95, 0.2]},
      {"time": 0.5, "value": [0, 0]}
    ]
  },
  "inaccuracy": {
    "stand": 5,
    "move": 8,
    "sneak": 2,
    "lie": 1.5,
    "aim": 0.3
  }
}