{
  "ammo": "rebel:200rl",
    "can_slide": false,
  "ammo_amount": 150,
  "bolt": "open_bolt",
  "rpm": 1200,
  "bullet": {
    "life": 0.6,
    "bullet_amount": 8,
    "damage": 16,
    "tracer_count_interval": 0,
    "extra_damage": {
      "armor_ignore": 0,
      "head_shot_multiplier": 0.5,
      "damage_adjust": [
        {"distance": 4, "damage": 11.2},
        {"distance": 8, "damage": 8},
        {"distance": 32, "damage": 6.4},
        {"distance": "infinite", "damage": 2}
      ]
    },
    "speed": 80,
    "gravity": 0.05,
    "knockback": 0.05,
    "friction": 0.05,
    "ignite": true,
    "ignite_entity_time": 15,
    "pierce": 2
  },
  "reload": {
    "type": "magazine",
    "feed": {
      "empty": 3.1,
      "tactical":3
    },
    "cooldown": {
      "empty": 5.3,
      "tactical": 5.2
    }
  },
 "draw_time": 0.3,
  "put_away_time": 0.5,
  "aim_time": 0.3,
  "sprint_time": 0.2,
  "weight": 10.5,
  "fire_mode": [
    "auto"
  ],
  "recoil": {
    "pitch": [
      {"time": 0, "value": [0.8, 0.8]},
      {"time": 0.3, "value": [0.8, 0.8]},
      {"time": 0.5, "value": [-0.125, -0.125]},
      {"time": 0.65, "value": [0, 0]}
    ],
    "yaw": [
      {"time": 0, "value": [0.15, 0.25]},
      {"time": 0.3, "value": [0.15, 0.25]},
      {"time": 0.5, "value": [0, 0]}
    ]
  },


  "inaccuracy": {
    "stand": 3,
    "move": 3.5,
    "sneak": 1.5,
    "lie": 1.5,
    "aim": 1.5
  }

}