{
  "ammo": "rebel:56tap",
    "can_slide": false,
  "rpm": 750,
  "bullet": {
    "life": 1,
    "bullet_amount": 1,
    "damage": 8,
    "tracer_count_interval": 0,
    "extra_damage": {
      "armor_ignore": 0.5,
      "head_shot_multiplier": 1.5,
      "damage_adjust": [
        {"distance": 25, "damage": 8},
        {"distance": 50, "damage": 7},
        {"distance": 80, "damage": 6.5},
        {"distance": "infinite", "damage": 6}
      ]
    },
   "speed": 300,
      "gravity": 0.025,
      "knockback": 0,
      "friction": 0.015,
      "ignite": false,
      "pierce": 1
  },
  "ammo_amount": 50,
  "extended_mag_ammo_amount": [
    100,
    145,
    200
  ],
  "bolt": "open_bolt",
  "reload": {
    "type": "magazine",
    "feed": {
      "empty": 4.58,
      "tactical": 4.57
    },
    "cooldown": {
      "empty": 6.29,
      "tactical": 6.28
    }
  },
  "draw_time": 1.1,
  "put_away_time": 0.7,
  "sprint_time": 0.2,
  "aim_time": 0.3,
  "weight": 7.8,
  "fire_mode": [
    "auto"
  ],

  "allow_attachment_types": [
    "scope",
    "muzzle",
    "extended_mag"

  ],
  "recoil": {
   "pitch": [
      {"time": 0, "value": [0.2, 0.2]},
      {"time": 0.25, "value": [0.2, 0.2]},
      {"time": 0.65, "value": [-0.175, -0.175]},
      {"time": 0.7, "value": [0, 0]}
    ],
    "yaw": [
      {"time": 0, "value": [-0.3, 0.15]},
      {"time": 0.25, "value": [-0.3, 0.15]},
      {"time": 0.45, "value": [0, 0]}
    ]
  },
  "inaccuracy": {
    "stand": 1.6,
    "move": 1.8,
    "sneak": 0.5,
    "lie": 0.4,
    "aim": 0.35
  },

  "melee": {

    "distance": 1,

    "cooldown": 0.6,

    "default": {

      "animation_type": "melee_stock",

      "distance": 0,

      "range_angle": 45,

      "damage": 5,

      "knockback": 0.4,

      "prep": 0.1
    }
  }
}