{
  "ammo": "rebel:20sh",
    "can_slide": false,
  "ammo_amount": 4,
  "bolt": "manual_action",
  "rpm": 130,
  "bullet": {
    "life": 0.8,
    "bullet_amount": 14,
    "damage": 42,
    "tracer_count_interval": 0,
    "extra_damage": {
      "armor_ignore": 0.05,
      "head_shot_multiplier": 1.1,
      "damage_adjust": [
        {"distance": 10, "damage": 49},
        {"distance": 20, "damage": 42},
        {"distance": 25, "damage": 35},
        {"distance": 35, "damage": 28},
        {"distance": 45, "damage": 21},
        {"distance": "infinite", "damage": 14}
      ]
    },
    "speed": 160,
    "gravity": 0.098,
    "knockback": 0.15,
    "friction": 0.05,
    "ignite": false,
    "pierce": 1
  },
  "reload": {
    "type": "magazine",
    "feed": {
      "empty": 4.3,
      "tactical": 2.25
    },
    "cooldown": {
      "empty": 5.25,
      "tactical": 3.08
    }
  },
  "script": "rebel:rs1_gun_logic",
  "script_param": {
   "bolt_time": 0.5,
    "bolt_feed_time": 0.3,
    "intro_empty": 2.3,
    "intro": 0.77,
    "loop": 1,
    "ending": 0.95,
    "intro_empty_feed": 1.35,
    "loop_feed": 0.25
  },
 "draw_time": 0.65,
  "put_away_time": 0.58,
  "aim_time": 0.15,
  "sprint_time": 0.2,
  "bolt_action_time": 0.5,
  "weight": 3,
  "fire_mode": [
    "semi"
  ],
  "recoil": {
    "pitch": [
      {"time": 0, "value": [4.5, 4.5]},
      {"time": 0.32, "value": [4.5, 4.5]},
      {"time": 0.57, "value": [-0.5, -0.5]},
      {"time": 0.82, "value": [0.25, 0.25]},
      {"time": 1.17, "value": [0, 0]},
      {"time": 1.47, "value": [0, 0]}
    ],
    "yaw": [
      {"time": 0, "value": [-0.9, -0.75]},
      {"time": 0.32, "value": [-0.9, -0.75]},
      {"time": 0.57, "value": [0, 0]}
    ]
  },

  "melee": {
    "distance": 1,
    "cooldown": 0.7,
    "default": {
      "animation_type": "melee_push",
      "distance": 3,
      "range_angle": 40,
      "cooldown": 0,
      "damage": 4,
      "knockback": 0.5,
      "prep": 0.1
    }
  },
  "allow_attachment_types": [

    "scope",
    "muzzle"

  ],

  "inaccuracy": {
    "stand": 6,
    "move": 6,
    "sneak": 6,
    "lie": 6,
    "aim": 5
  }

}