{
    "model": "lradd:gun/ash12_geo",
    "texture": "lradd:gun/uv/ash12",
    "lod": {
        "model": "lradd:gun/lod/ash12",
        "texture": "lradd:gun/lod/ash12"
    },
    "hud": "lradd:gun/hud/ash12",
    "slot": "lradd:gun/slot/ash12",
    "animation": "lradd:ash12",
    "use_default_animation": "rifle",
    "third_person_animation": "default",
    "transform": {
        "scale": {
            "thirdperson": [0.5, 0.5, 0.5],
            "ground": [0.45, 0.45, 0.45],
            "fixed": [1, 1, 1]
        }
    },
    "muzzle_flash": {
      "texture": "tacz:flash/common_muzzle_flash",
      "scale": 1
    },
    "shell": {
        "initial_velocity": [8.0, 5.0, -0.5],
        "random_velocity": [2.5, 1.5, 0.25],
        "acceleration": [0.0, -20, 0.0],
        "angular_velocity": [720, 720, 90],
        "living_time": 1.0
    },
    "sounds": {
        "shoot": "lradd:oden/ash12_fire",
        "silence": "lradd:oden/ash12_fire_s",
        "reload_empty": "lradd:oden/ash12_reload_empty",
        "reload_tactical": "lradd:oden/ash12_reload_tactical",
        "inspect": "lradd:oden/ash12_inspect",
        "inspect_empty": "lradd:oden/ash12_inspect_empty",
        "draw": "lradd:oden/ash12_draw",
        "put_away": "tacz:m4a1/m4a1_put_away",
        "shoot_3p": "lradd:oden/ash12_fire_3p",
        "silence_3p": "lradd:oden/ash12_fire_s_3p"
    }
}