{
  "ammo": "tacz:556x45",
  "ammo_amount": 30,
  "extended_mag_ammo_amount": [
    45,
    60,
    75
  ],
  "bolt": "closed_bolt",
  "rpm": 800,
  "script": "tacz:xmag_reload_logic",
  "script_param": {
    "reload_feed": 1.4,
    "reload_cooldown": 2.17,
    "empty_feed": 1.83,
    "empty_cooldown": 2.43,
    "reload_xmag_1_feed": 1.6,
    "reload_xmag_1_cooldown": 2.3,
    "empty_xmag_1_feed": 2,
    "empty_xmag_1_cooldown": 2.63,
    "reload_xmag_2_feed": 2.17,
    "reload_xmag_2_cooldown": 2.67,
    "empty_xmag_2_feed": 2.37,
    "empty_xmag_2_cooldown": 2.83,
    "reload_xmag_3_feed": 1.97,
    "reload_xmag_3_cooldown": 2.7,
    "empty_xmag_3_feed": 2.52,
    "empty_xmag_3_cooldown": 3.33
  },
  "bullet": {
    "life": 0.9,
    "bullet_amount": 1,
    "damage": 7.5,
    "tracer_count_interval": 0,
    "extra_damage": {
      "armor_ignore": 0.2,
      "head_shot_multiplier": 1.5,
      "damage_adjust": [
        {"distance": 45, "damage": 7.5},
        {"distance": 80, "damage": 6},
        {"distance": "infinite", "damage": 5.5}
      ]
    },
    "speed": 290,
    "gravity": 0.15,
    "knockback": 0,
    "friction": 0.015,
    "ignite": false,
    "pierce": 1
  },
  "reload": {
    "type": "magazine",
    "feed": {
      "empty": 2.07,
      "tactical": 1.4
    },
    "cooldown": {
      "empty": 2.63,
      "tactical": 2
    }
  },
  "draw_time": 0.47,
  "put_away_time": 0.53,
  "aim_time": 0.16,
  "sprint_time": 0.17,
  "weight": 4.0,
  "movement_speed": {
    "base": 0.0,
    "aim": -0.2,
    "reload": -0.1
  },
  "crawl_recoil_multiplier": 0.5,
  "fire_mode": [
    "auto",
    "semi"
  ],
  "recoil": {
    "pitch": [
      {"time": 0, "value": [0.525, 0.525]},
      {"time": 0.15, "value": [0.525, 0.525]},
      {"time": 0.5, "value": [-0.125, -0.125]},
      {"time": 0.65, "value": [0, 0]}
    ],
    "yaw": [
      {"time": 0, "value": [-0.25, 0.2]},
      {"time": 0.15, "value": [-0.25, 0.2]},
      {"time": 0.5, "value": [0, 0]}
    ]
  },
  "inaccuracy": {
    "stand": 4.75,
    "move": 5,
    "sneak": 4.25,
    "lie": 3.75,
    "aim": 0.1
  },
  "melee": {
    "distance": 1,
    "cooldown": 0.6,
    "default": {
      "animation_type": "melee_stock",
      "distance": 1,
      "range_angle": 30,
      "damage": 2,
      "knockback": 0.5,
      "prep": 0.1
    }
  },
  "allow_attachment_types": [
    "scope",
    "stock",
    "grip",
    "muzzle",
    "extended_mag",
    "laser"
  ],
  "exclusive_attachments": {
  }
}