{
  "ammo": "tacz:9mm",
  "rpm": 882,
  "bullet": {
    "life": 0.8,
    "bullet_amount": 1,
    "damage": 5.6,
    "tracer_count_interval": 0,
    "extra_damage": {
      "armor_ignore": 0.2,
      "head_shot_multiplier": 1.5,
      "damage_adjust": [
        {"distance": 26.7, "damage": 5.6},
        {"distance": 45.7, "damage": 4.4},
        {"distance": "infinite", "damage": 3.6}
      ]
    },
    "speed": 850,
    "gravity": 0.15,
    "knockback": 0,
    "friction": 0.015,
    "ignite": false,
    "pierce": 1
  },
  "ammo_amount": 20,
  "extended_mag_ammo_amount": [
    33,
    45,
    50
  ],
  "bolt": "closed_bolt",
  "reload": {
    "type": "magazine",
    "feed": {
      "empty": 2.03,
      "tactical": 1.67
    },
    "cooldown": {
      "empty": 2.47,
      "tactical": 2.2
    }
  },
  "draw_time": 0.5,
  "put_away_time": 0.5,
  "sprint_time": 0.15,
  "aim_time": 0.2,
  "weight": 3.5,
  "movement_speed": {
    "base": 0.0,
    "aim": -0.3,
    "reload": 0
  },
  "crawl_recoil_multiplier": 0.3,
  "fire_mode": [
    "auto",
    "semi"
  ],
  "burst_data": {
    "continuous_shoot": false,
    "count": 2,
    "bpm": 900,
    "min_interval": 0.3
  },
  "allow_attachment_types": [
    "scope",
    "stock",
    "grip",
    "muzzle",
    "extended_mag",
    "laser"
  ],
  "recoil": {
    "pitch": [
      {"time": 0, "value": [0.55, 0.55]},
      {"time": 0.3, "value": [0.55, 0.55]},
      {"time": 0.5, "value": [-0.125, -0.125]},
      {"time": 0.65, "value": [0, 0]}
    ],
    "yaw": [
      {"time": 0, "value": [-0.35, 0.25]},
      {"time": 0.3, "value": [-0.35, 0.25]},
      {"time": 0.5, "value": [0, 0]}
    ]
  },
  "inaccuracy": {
    "stand": 3.5,
    "move": 4.5,
    "sneak": 2.5,
    "lie": 2,
    "aim": 0.175
  },
  "melee": {
    "distance": 1,
    "cooldown": 0.6,
    "default": {
      "animation_type": "melee_push",
      "distance": 1,
      "range_angle": 40,
      "cooldown": 0.2,
      "damage": 1,
      "knockback": 0.4,
      "prep": 0.1
    }
  }
}