{
  "ammo": "z:300blk",
  "ammo_amount": 30,
  "extended_mag_ammo_amount": [
    30,
    30,
    30
  ],
  "script": "tacz:xmag_reload_logic",
  "script_param": {
    "reload_feed": 1.55,
    "reload_cooldown": 2.0,
    "empty_feed": 2.25,
    "empty_cooldown": 2.6,
    "reload_xmag_1_feed": 1.54,
    "reload_xmag_1_cooldown": 2.29,
    "empty_xmag_1_feed": 2.5,
    "empty_xmag_1_cooldown": 2.85,
    "reload_xmag_2_feed": 1.54,
    "reload_xmag_2_cooldown": 2.29,
    "empty_xmag_2_feed": 2.5,
    "empty_xmag_2_cooldown": 2.85,
    "reload_xmag_3_feed": 1.54,
    "reload_xmag_3_cooldown": 2.29,
    "empty_xmag_3_feed": 2.5,
    "empty_xmag_3_cooldown": 2.85
  },
  "can_crawl": true,
  "can_slide": true,
  "bolt": "closed_bolt",
  "rpm": 585,
  "bullet": {
  "life": 1.2,
  "bullet_amount": 1,
    "damage": 11,
    "tracer_count_interval": 0,
    "extra_damage": {
    "armor_ignore": 0.2,
    "head_shot_multiplier": 1.6,
    "damage_adjust": [
      {"distance": 25, "damage": 10.0},
      {"distance": 50, "damage": 8.2},
      {"distance": 75, "damage": 6.4},
      {"distance": "infinite", "damage": 5.2}
    ]
    },
    "speed": 255,
    "gravity": 0.15,
    "knockback": 0,
    "friction": 0.02,
    "ignite": {
      "entity": false,
      "block": false
    },
    "ignite_entity_time": 2,
    "pierce": 1
  },
  "fire_sound": {
    "fire_multiplier": 1.0,
    "silence_multiplier": 1.0
  },
  "reload": {
    "type": "magazine",
    "infinite": false,
    "feed": {
      "empty": 2.25,
      "tactical": 1.55
    },
    "cooldown": {
      "empty": 2.6,
      "tactical": 2.0
    }
  },
  "draw_time": 0.35,
  "put_away_time": 0.57,
  "aim_time": 0.2,
  "sprint_time": 0.2,
  "weight": 3.5,
  "movement_speed": {
    "base": 0.0,
    "aim": -0.2,
    "reload": -0.15
  },
  "fire_mode": [
    "auto",
    "semi"
  ],
  "burst_data": {
    "continuous_shoot": true,
    "count": 3,
    "bpm": 900,
    "min_interval": 0.3
  },
  "crawl_recoil_multiplier": 0.5,
  "recoil": {
    "pitch": [
      {"time": 0, "value": [0.66, 0.66]},
      {"time": 0.1, "value": [0.66, 0.66]},
      {"time": 0.45, "value": [-0.175, -0.175]},
      {"time": 0.6, "value": [0, 0]}
    ],
    "yaw": [
      {"time": 0, "value": [-0.23, 0.18]},
      {"time": 0.35, "value": [0, 0]}
    ]
  },
  "hurt_bob_tweak_multiplier": 0.05,
  "inaccuracy": {
    "stand": 4.5,
    "move": 5,
    "sneak": 2.5,
    "lie": 1.5,
    "aim": 0.15
  },
  "melee": {
    "distance": 1,
    "cooldown": 0.7,
    "default": {
      "animation_type": "melee_push",
      "distance": 1,
      "range_angle": 40,
      "cooldown": 0,
      "damage": 1,
      "knockback": 0.5,
      "prep": 0.1
    }
  },
  "allow_attachment_types": [
    "scope",
    "stock",
    "extended_mag"
  ],
    "builtin_attachments": {
    "scope": "z:sight_deltapoint_rifle_g"
  }
}
