{
  "materials": [
    {
      "item": {
        "item": "minecraft:repeater"
      },
      "count": 4
    },
    {
      "item": {
        "tag": "minecraft:logs"
      },
      "count": 7
    },
    {
      "item": {
        "tag": "forge:nuggets/iron"
      },
      "count": 11
    },
    {
      "item": {
        "tag": "forge:ingots/iron"
      },
      "count": 24
    },
    {
      "item": {
        "tag": "forge:slimeballs"
      },
      "count": 7
    }
  ],
  "result": {
    "type": "gun",
    "id": "fallout:assault_rifle"
  },
  "type": "tacz:gun_smith_table_crafting"
}