{
  "materials": [
    {
      "item": {
        "tag": "minecraft:logs"
      },
      "count": 11
    },
    {
      "item": {
        "tag": "forge:dusts/redstone"
      },
      "count": 8
    },
    {
      "item": {
        "tag": "forge:nuggets/iron"
      },
      "count": 16
    },
    {
      "item": {
        "tag": "forge:ingots/iron"
      },
      "count": 34
    },
    {
      "item": {
        "tag": "forge:ingots/netherite"
      },
      "count": 4
    }
  ],
  "result": {
    "type": "gun",
    "id": "fallout:gauss_rifle"
  },
  "type": "tacz:gun_smith_table_crafting"
}