{
  "materials": [
    {
      "item": {
        "tag": "forge:glass"
      },
      "count": 7
    },
    {
      "item": {
        "tag": "forge:dusts/glowstone"
      },
      "count": 3
    },
    {
      "item": {
        "tag": "forge:dusts/redstone"
      },
      "count": 4
    },
    {
      "item": {
        "tag": "forge:nuggets/iron"
      },
      "count": 7
    },
    {
      "item": {
        "tag": "forge:ingots/iron"
      },
      "count": 14
    },
    {
      "item": {
        "tag": "forge:slimeballs"
      },
      "count": 4
    }
  ],
  "result": {
    "type": "gun",
    "id": "fallout:laser_pistol"
  },
  "type": "tacz:gun_smith_table_crafting"
}