{
  "materials": [
    {
      "item": {
        "tag": "forge:glass"
      },
      "count": 7
    },
    {
      "item": {
        "tag": "minecraft:logs"
      },
      "count": 6
    },
    {
      "item": {
        "tag": "forge:nuggets/iron"
      },
      "count": 15
    },
    {
      "item": {
        "tag": "forge:ingots/iron"
      },
      "count": 24
    },
    {
      "item": {
        "tag": "forge:slimeballs"
      },
      "count": 6
    }
  ],
  "result": {
    "type": "gun",
    "id": "fallout:laser_rifle"
  },
  "type": "tacz:gun_smith_table_crafting"
}