{
	"format_version": "1.12.0",
	"minecraft:geometry": [
		{
			"description": {
				"identifier": "geometry.unknown",
				"texture_width": 64,
				"texture_height": 64,
				"visible_bounds_width": 21,
				"visible_bounds_height": 17,
				"visible_bounds_offset": [0, 2.5, 0]
			},
			"bones": [
				{
					"name": "root",
					"pivot": [0, 12, 0]
				},
				{
					"name": "mag_and_lh",
					"parent": "root",
					"pivot": [-6, 10, 0]
				},
				{
					"name": "lefthand",
					"parent": "mag_and_lh",
					"pivot": [-6, 19, 0]
				},
				{
					"name": "lefthand_pos",
					"parent": "lefthand",
					"pivot": [0, 8, 0],
					"cubes": [
						{
							"origin": [-8, 8, -2],
							"size": [4, 12, 4],
							"uv": {
								"north": {"uv": [0, 0], "uv_size": [4, 12]},
								"east": {"uv": [4, 0], "uv_size": [4, 12]},
								"south": {"uv": [8, 0], "uv_size": [4, 12]},
								"west": {"uv": [0, 12], "uv_size": [4, 12]},
								"up": {"uv": [3, 24], "uv_size": [4, 4]},
								"down": {"uv": [7, 28], "uv_size": [4, -4]}
							}
						}
					]
				},
				{
					"name": "mag_and_bullet",
					"parent": "mag_and_lh",
					"pivot": [0, 5, 3]
				},
				{
					"name": "magazine",
					"parent": "mag_and_bullet",
					"pivot": [0, 9, -12]
				},
				{
					"name": "mag_standard",
					"parent": "magazine",
					"pivot": [0, 10.53279, -17.44894]
				},
				{
					"name": "barrel3",
					"parent": "mag_standard",
					"pivot": [0, 10.53279, -23.4696],
					"rotation": [0, 0, 90]
				},
				{
					"name": "gun_and_rh",
					"parent": "root",
					"pivot": [6, 10, 0]
				},
				{
					"name": "righthand",
					"parent": "gun_and_rh",
					"pivot": [6, 19, 0]
				},
				{
					"name": "righthand_pos",
					"parent": "righthand",
					"pivot": [0, 8, 0],
					"cubes": [
						{
							"origin": [4, 8, -2],
							"size": [4, 12, 4],
							"uv": {
								"north": {"uv": [12, 0], "uv_size": [4, 12]},
								"east": {"uv": [4, 12], "uv_size": [4, 12]},
								"south": {"uv": [8, 12], "uv_size": [4, 12]},
								"west": {"uv": [12, 12], "uv_size": [4, 12]},
								"up": {"uv": [11, 24], "uv_size": [4, 4]},
								"down": {"uv": [15, 28], "uv_size": [4, -4]}
							}
						}
					]
				},
				{
					"name": "shg43",
					"parent": "gun_and_rh",
					"pivot": [0, 3, 0]
				},
				{
					"name": "additional_magazine",
					"parent": "shg43",
					"pivot": [0.7, -3, 3]
				},
				{
					"name": "default_gun",
					"parent": "shg43",
					"pivot": [0, 3, 0]
				},
				{
					"name": "body",
					"parent": "default_gun",
					"pivot": [-0.0156, 10.75198, 1.01605],
					"cubes": [
						{
							"origin": [-0.39115, 1.07865, -0.51006],
							"size": [0.76, 1.4, 1.8],
							"uv": {
								"north": {"uv": [54, 35], "uv_size": [0.75, 1.375]},
								"east": {"uv": [18, 21], "uv_size": [1.75, 1.375]},
								"south": {"uv": [36, 54], "uv_size": [0.75, 1.375]},
								"west": {"uv": [41, 5], "uv_size": [1.75, 1.375]},
								"up": {"uv": [10, 52], "uv_size": [0.75, 1.75]},
								"down": {"uv": [11, 53.75], "uv_size": [0.75, -1.75]}
							}
						},
						{
							"origin": [-0.34115, 2.47865, -0.41006],
							"size": [0.66, 2.4, 1.6],
							"uv": {
								"north": {"uv": [30, 50], "uv_size": [0.625, 2.375]},
								"east": {"uv": [36, 3], "uv_size": [1.625, 2.375]},
								"south": {"uv": [33, 50], "uv_size": [0.625, 2.375]},
								"west": {"uv": [4, 36], "uv_size": [1.625, 2.375]},
								"up": {"uv": [55, 10], "uv_size": [0.625, 1.625]},
								"down": {"uv": [55, 13.625], "uv_size": [0.625, -1.625]}
							}
						},
						{
							"origin": [-0.34115, 2.47865, -0.41006],
							"size": [0.66, 2.4, 1.6],
							"pivot": [-0.01115, 3.17865, 0.38994],
							"rotation": [0, 90, 0],
							"uv": {
								"north": {"uv": [48, 50], "uv_size": [0.625, 2.375]},
								"east": {"uv": [6, 36], "uv_size": [1.625, 2.375]},
								"south": {"uv": [51, 22], "uv_size": [0.625, 2.375]},
								"west": {"uv": [36, 6], "uv_size": [1.625, 2.375]},
								"up": {"uv": [55, 14], "uv_size": [0.625, 1.625]},
								"down": {"uv": [55, 17.625], "uv_size": [0.625, -1.625]}
							}
						},
						{
							"origin": [-0.34349, 2.47865, -0.40909],
							"size": [0.66468, 2.4, 1.59806],
							"pivot": [-0.01115, 3.17865, 0.38994],
							"rotation": [0, 45, 0],
							"uv": {
								"north": {"uv": [24, 51], "uv_size": [0.625, 2.375]},
								"east": {"uv": [8, 36], "uv_size": [1.625, 2.375]},
								"south": {"uv": [25, 51], "uv_size": [0.625, 2.375]},
								"west": {"uv": [36, 9], "uv_size": [1.625, 2.375]},
								"up": {"uv": [55, 18], "uv_size": [0.625, 1.625]},
								"down": {"uv": [55, 21.625], "uv_size": [0.625, -1.625]}
							}
						},
						{
							"origin": [-0.34349, 2.47865, -0.40909],
							"size": [0.66468, 2.4, 1.59806],
							"pivot": [-0.01115, 3.17865, 0.38994],
							"rotation": [0, 135, 0],
							"uv": {
								"north": {"uv": [51, 25], "uv_size": [0.625, 2.375]},
								"east": {"uv": [10, 36], "uv_size": [1.625, 2.375]},
								"south": {"uv": [26, 51], "uv_size": [0.625, 2.375]},
								"west": {"uv": [12, 36], "uv_size": [1.625, 2.375]},
								"up": {"uv": [55, 22], "uv_size": [0.625, 1.625]},
								"down": {"uv": [55, 25.625], "uv_size": [0.625, -1.625]}
							}
						},
						{
							"origin": [-0.51115, 8.77865, -0.81006],
							"size": [1, 3.5, 2.4],
							"uv": {
								"north": {"uv": [6, 39], "uv_size": [1, 3.5]},
								"east": {"uv": [20, 15], "uv_size": [2.375, 3.5]},
								"south": {"uv": [7, 39], "uv_size": [1, 3.5]},
								"west": {"uv": [20, 19], "uv_size": [2.375, 3.5]},
								"up": {"uv": [28, 12], "uv_size": [1, 2.375]},
								"down": {"uv": [29, 22.375], "uv_size": [1, -2.375]}
							}
						},
						{
							"origin": [-0.50612, 8.77865, -0.81214],
							"size": [0.98995, 3.5, 2.40416],
							"pivot": [-0.01115, 9.27865, 0.38994],
							"rotation": [0, 45, 0],
							"uv": {
								"north": {"uv": [8, 39], "uv_size": [1, 3.5]},
								"east": {"uv": [0, 21], "uv_size": [2.375, 3.5]},
								"south": {"uv": [9, 39], "uv_size": [1, 3.5]},
								"west": {"uv": [3, 21], "uv_size": [2.375, 3.5]},
								"up": {"uv": [33, 41], "uv_size": [1, 2.375]},
								"down": {"uv": [43, 31.375], "uv_size": [1, -2.375]}
							}
						},
						{
							"origin": [-0.50612, 8.77865, -0.81214],
							"size": [0.98995, 3.5, 2.40416],
							"pivot": [-0.01115, 9.27865, 0.38994],
							"rotation": [0, -45, 0],
							"uv": {
								"north": {"uv": [10, 39], "uv_size": [1, 3.5]},
								"east": {"uv": [6, 21], "uv_size": [2.375, 3.5]},
								"south": {"uv": [11, 39], "uv_size": [1, 3.5]},
								"west": {"uv": [9, 21], "uv_size": [2.375, 3.5]},
								"up": {"uv": [31, 43], "uv_size": [1, 2.375]},
								"down": {"uv": [32, 45.375], "uv_size": [1, -2.375]}
							}
						},
						{
							"origin": [-0.51115, 8.77865, -0.81006],
							"size": [1, 3.5, 2.4],
							"pivot": [-0.01115, 9.27865, 0.38994],
							"rotation": [0, 90, 0],
							"uv": {
								"north": {"uv": [12, 39], "uv_size": [1, 3.5]},
								"east": {"uv": [12, 21], "uv_size": [2.375, 3.5]},
								"south": {"uv": [13, 39], "uv_size": [1, 3.5]},
								"west": {"uv": [15, 21], "uv_size": [2.375, 3.5]},
								"up": {"uv": [34, 43], "uv_size": [1, 2.375]},
								"down": {"uv": [35, 45.375], "uv_size": [1, -2.375]}
							}
						},
						{
							"origin": [-0.34115, 7.77865, -0.41006],
							"size": [0.66, 1, 1.6],
							"uv": {
								"north": {"uv": [29, 40], "uv_size": [0.625, 1]},
								"east": {"uv": [41, 31], "uv_size": [1.625, 1]},
								"south": {"uv": [51, 28], "uv_size": [0.625, 1]},
								"west": {"uv": [45, 31], "uv_size": [1.625, 1]},
								"up": {"uv": [55, 26], "uv_size": [0.625, 1.625]},
								"down": {"uv": [55, 29.625], "uv_size": [0.625, -1.625]}
							}
						},
						{
							"origin": [-0.34115, 7.77865, -0.41006],
							"size": [0.66, 1, 1.6],
							"pivot": [-0.01115, 8.47865, 0.38994],
							"rotation": [0, 90, 0],
							"uv": {
								"north": {"uv": [51, 31], "uv_size": [0.625, 1]},
								"east": {"uv": [46, 7], "uv_size": [1.625, 1]},
								"south": {"uv": [53, 7], "uv_size": [0.625, 1]},
								"west": {"uv": [49, 7], "uv_size": [1.625, 1]},
								"up": {"uv": [30, 55], "uv_size": [0.625, 1.625]},
								"down": {"uv": [55, 31.625], "uv_size": [0.625, -1.625]}
							}
						},
						{
							"origin": [-0.34349, 7.77865, -0.40909],
							"size": [0.66468, 1, 1.59806],
							"pivot": [-0.01115, 8.47865, 0.38994],
							"rotation": [0, 45, 0],
							"uv": {
								"north": {"uv": [53, 31], "uv_size": [0.625, 1]},
								"east": {"uv": [49, 31], "uv_size": [1.625, 1]},
								"south": {"uv": [54, 7], "uv_size": [0.625, 1]},
								"west": {"uv": [50, 29], "uv_size": [1.625, 1]},
								"up": {"uv": [55, 32], "uv_size": [0.625, 1.625]},
								"down": {"uv": [33, 56.625], "uv_size": [0.625, -1.625]}
							}
						},
						{
							"origin": [-0.34349, 7.77865, -0.40909],
							"size": [0.66468, 1, 1.59806],
							"pivot": [-0.01115, 8.47865, 0.38994],
							"rotation": [0, 135, 0],
							"uv": {
								"north": {"uv": [30, 57], "uv_size": [0.625, 1]},
								"east": {"uv": [50, 30], "uv_size": [1.625, 1]},
								"south": {"uv": [33, 57], "uv_size": [0.625, 1]},
								"west": {"uv": [50, 41], "uv_size": [1.625, 1]},
								"up": {"uv": [55, 34], "uv_size": [0.625, 1.625]},
								"down": {"uv": [55, 37.625], "uv_size": [0.625, -1.625]}
							}
						},
						{
							"origin": [-0.39115, 1.07865, -0.51006],
							"size": [0.76, 1.4, 1.8],
							"pivot": [-0.01115, 1.27865, 0.38994],
							"rotation": [0, 90, 0],
							"uv": {
								"north": {"uv": [37, 54], "uv_size": [0.75, 1.375]},
								"east": {"uv": [41, 7], "uv_size": [1.75, 1.375]},
								"south": {"uv": [54, 37], "uv_size": [0.75, 1.375]},
								"west": {"uv": [41, 9], "uv_size": [1.75, 1.375]},
								"up": {"uv": [12, 52], "uv_size": [0.75, 1.75]},
								"down": {"uv": [13, 53.75], "uv_size": [0.75, -1.75]}
							}
						},
						{
							"origin": [-0.37885, 1.07865, -0.51516],
							"size": [0.73539, 1.4, 1.81019],
							"pivot": [-0.01115, 1.27865, 0.38994],
							"rotation": [0, 45, 0],
							"uv": {
								"north": {"uv": [38, 54], "uv_size": [0.75, 1.375]},
								"east": {"uv": [41, 11], "uv_size": [1.75, 1.375]},
								"south": {"uv": [39, 54], "uv_size": [0.75, 1.375]},
								"west": {"uv": [41, 13], "uv_size": [1.75, 1.375]},
								"up": {"uv": [14, 52], "uv_size": [0.75, 1.75]},
								"down": {"uv": [15, 53.75], "uv_size": [0.75, -1.75]}
							}
						},
						{
							"origin": [-0.37885, 1.07865, -0.51516],
							"size": [0.73539, 1.4, 1.81019],
							"pivot": [-0.01115, 1.27865, 0.38994],
							"rotation": [0, 135, 0],
							"uv": {
								"north": {"uv": [54, 39], "uv_size": [0.75, 1.375]},
								"east": {"uv": [41, 15], "uv_size": [1.75, 1.375]},
								"south": {"uv": [40, 54], "uv_size": [0.75, 1.375]},
								"west": {"uv": [41, 17], "uv_size": [1.75, 1.375]},
								"up": {"uv": [16, 52], "uv_size": [0.75, 1.75]},
								"down": {"uv": [17, 53.75], "uv_size": [0.75, -1.75]}
							}
						},
						{
							"origin": [-0.39115, 4.87865, -0.51006],
							"size": [0.76, 2.9, 1.8],
							"uv": {
								"north": {"uv": [47, 29], "uv_size": [0.75, 2.875]},
								"east": {"uv": [32, 12], "uv_size": [1.75, 2.875]},
								"south": {"uv": [30, 47], "uv_size": [0.75, 2.875]},
								"west": {"uv": [32, 15], "uv_size": [1.75, 2.875]},
								"up": {"uv": [18, 52], "uv_size": [0.75, 1.75]},
								"down": {"uv": [19, 53.75], "uv_size": [0.75, -1.75]}
							}
						},
						{
							"origin": [-0.39115, 4.87865, -0.51006],
							"size": [0.76, 2.9, 1.8],
							"pivot": [-0.01115, 5.07865, 0.38994],
							"rotation": [0, 90, 0],
							"uv": {
								"north": {"uv": [33, 47], "uv_size": [0.75, 2.875]},
								"east": {"uv": [30, 32], "uv_size": [1.75, 2.875]},
								"south": {"uv": [47, 41], "uv_size": [0.75, 2.875]},
								"west": {"uv": [32, 32], "uv_size": [1.75, 2.875]},
								"up": {"uv": [20, 52], "uv_size": [0.75, 1.75]},
								"down": {"uv": [21, 53.75], "uv_size": [0.75, -1.75]}
							}
						},
						{
							"origin": [-0.37885, 4.87865, -0.51516],
							"size": [0.73539, 2.9, 1.81019],
							"pivot": [-0.01115, 5.07865, 0.38994],
							"rotation": [0, 45, 0],
							"uv": {
								"north": {"uv": [44, 47], "uv_size": [0.75, 2.875]},
								"east": {"uv": [0, 33], "uv_size": [1.75, 2.875]},
								"south": {"uv": [47, 44], "uv_size": [0.75, 2.875]},
								"west": {"uv": [2, 33], "uv_size": [1.75, 2.875]},
								"up": {"uv": [22, 52], "uv_size": [0.75, 1.75]},
								"down": {"uv": [52, 23.75], "uv_size": [0.75, -1.75]}
							}
						},
						{
							"origin": [-0.37885, 4.87865, -0.51516],
							"size": [0.73539, 2.9, 1.81019],
							"pivot": [-0.01115, 5.07865, 0.38994],
							"rotation": [0, 135, 0],
							"uv": {
								"north": {"uv": [45, 47], "uv_size": [0.75, 2.875]},
								"east": {"uv": [4, 33], "uv_size": [1.75, 2.875]},
								"south": {"uv": [46, 47], "uv_size": [0.75, 2.875]},
								"west": {"uv": [6, 33], "uv_size": [1.75, 2.875]},
								"up": {"uv": [23, 52], "uv_size": [0.75, 1.75]},
								"down": {"uv": [52, 25.75], "uv_size": [0.75, -1.75]}
							}
						}
					]
				},
				{
					"name": "cap",
					"parent": "default_gun",
					"pivot": [0, 3, 0],
					"cubes": [
						{
							"origin": [-0.43115, -0.02135, -0.61006],
							"size": [0.84, 1.1, 2],
							"uv": {
								"north": {"uv": [42, 56], "uv_size": [0.875, 1.125]},
								"east": {"uv": [45, 15], "uv_size": [2, 1.125]},
								"south": {"uv": [56, 42], "uv_size": [0.875, 1.125]},
								"west": {"uv": [45, 17], "uv_size": [2, 1.125]},
								"up": {"uv": [32, 18], "uv_size": [0.875, 2]},
								"down": {"uv": [33, 32], "uv_size": [0.875, -2]}
							}
						},
						{
							"origin": [-0.43115, -0.02135, -0.61006],
							"size": [0.84, 1.1, 2],
							"pivot": [-0.01115, 0.97865, 0.38994],
							"rotation": [0, 90, 0],
							"uv": {
								"north": {"uv": [43, 56], "uv_size": [0.875, 1.125]},
								"east": {"uv": [45, 19], "uv_size": [2, 1.125]},
								"south": {"uv": [44, 56], "uv_size": [0.875, 1.125]},
								"west": {"uv": [45, 21], "uv_size": [2, 1.125]},
								"up": {"uv": [2, 49], "uv_size": [0.875, 2]},
								"down": {"uv": [3, 51], "uv_size": [0.875, -2]}
							}
						},
						{
							"origin": [-0.42127, -0.02135, -0.61415],
							"size": [0.82024, 1.1, 2.00818],
							"pivot": [-0.01115, 0.97865, 0.38994],
							"rotation": [0, 45, 0],
							"uv": {
								"north": {"uv": [56, 44], "uv_size": [0.875, 1.125]},
								"east": {"uv": [45, 23], "uv_size": [2, 1.125]},
								"south": {"uv": [45, 56], "uv_size": [0.875, 1.125]},
								"west": {"uv": [45, 25], "uv_size": [2, 1.125]},
								"up": {"uv": [4, 49], "uv_size": [0.875, 2]},
								"down": {"uv": [5, 51], "uv_size": [0.875, -2]}
							}
						},
						{
							"origin": [-0.42127, -0.02135, -0.61415],
							"size": [0.82024, 1.1, 2.00818],
							"pivot": [-0.01115, 0.97865, 0.38994],
							"rotation": [0, 135, 0],
							"uv": {
								"north": {"uv": [46, 56], "uv_size": [0.875, 1.125]},
								"east": {"uv": [45, 27], "uv_size": [2, 1.125]},
								"south": {"uv": [56, 46], "uv_size": [0.875, 1.125]},
								"west": {"uv": [29, 45], "uv_size": [2, 1.125]},
								"up": {"uv": [49, 5], "uv_size": [0.875, 2]},
								"down": {"uv": [49, 17], "uv_size": [0.875, -2]}
							}
						}
					]
				},
				{
					"name": "ammo_box",
					"parent": "gun_and_rh",
					"pivot": [0, 7, 0.2]
				},
				{
					"name": "shg43_1",
					"parent": "ammo_box",
					"pivot": [0.3, 7.118, 0.16],
					"rotation": [0, 0, -88]
				},
				{
					"name": "body2",
					"parent": "shg43_1",
					"pivot": [0.29844, 7.8932, 0.26161],
					"cubes": [
						{
							"origin": [0.26089, 6.92587, 0.10899],
							"size": [0.076, 0.14, 0.18],
							"uv": {
								"north": {"uv": [41, 54], "uv_size": [0.75, 1.375]},
								"east": {"uv": [41, 19], "uv_size": [1.75, 1.375]},
								"south": {"uv": [54, 41], "uv_size": [0.75, 1.375]},
								"west": {"uv": [41, 21], "uv_size": [1.75, 1.375]},
								"up": {"uv": [52, 26], "uv_size": [0.75, 1.75]},
								"down": {"uv": [52, 29.75], "uv_size": [0.75, -1.75]}
							}
						},
						{
							"origin": [0.26589, 7.06587, 0.11899],
							"size": [0.066, 0.24, 0.16],
							"uv": {
								"north": {"uv": [27, 51], "uv_size": [0.625, 2.375]},
								"east": {"uv": [36, 12], "uv_size": [1.625, 2.375]},
								"south": {"uv": [28, 51], "uv_size": [0.625, 2.375]},
								"west": {"uv": [14, 36], "uv_size": [1.625, 2.375]},
								"up": {"uv": [55, 38], "uv_size": [0.625, 1.625]},
								"down": {"uv": [55, 41.625], "uv_size": [0.625, -1.625]}
							}
						},
						{
							"origin": [0.26589, 7.06587, 0.11899],
							"size": [0.066, 0.24, 0.16],
							"pivot": [0.29889, 7.13587, 0.19899],
							"rotation": [0, 90, 0],
							"uv": {
								"north": {"uv": [29, 51], "uv_size": [0.625, 2.375]},
								"east": {"uv": [36, 15], "uv_size": [1.625, 2.375]},
								"south": {"uv": [31, 51], "uv_size": [0.625, 2.375]},
								"west": {"uv": [16, 36], "uv_size": [1.625, 2.375]},
								"up": {"uv": [55, 42], "uv_size": [0.625, 1.625]},
								"down": {"uv": [55, 45.625], "uv_size": [0.625, -1.625]}
							}
						},
						{
							"origin": [0.26565, 7.06587, 0.11909],
							"size": [0.06647, 0.24, 0.15981],
							"pivot": [0.29889, 7.13587, 0.19899],
							"rotation": [0, 45, 0],
							"uv": {
								"north": {"uv": [32, 51], "uv_size": [0.625, 2.375]},
								"east": {"uv": [36, 30], "uv_size": [1.625, 2.375]},
								"south": {"uv": [34, 51], "uv_size": [0.625, 2.375]},
								"west": {"uv": [36, 33], "uv_size": [1.625, 2.375]},
								"up": {"uv": [55, 46], "uv_size": [0.625, 1.625]},
								"down": {"uv": [48, 56.625], "uv_size": [0.625, -1.625]}
							}
						},
						{
							"origin": [0.26565, 7.06587, 0.11909],
							"size": [0.06647, 0.24, 0.15981],
							"pivot": [0.29889, 7.13587, 0.19899],
							"rotation": [0, 135, 0],
							"uv": {
								"north": {"uv": [35, 51], "uv_size": [0.625, 2.375]},
								"east": {"uv": [34, 36], "uv_size": [1.625, 2.375]},
								"south": {"uv": [36, 51], "uv_size": [0.625, 2.375]},
								"west": {"uv": [36, 36], "uv_size": [1.625, 2.375]},
								"up": {"uv": [55, 48], "uv_size": [0.625, 1.625]},
								"down": {"uv": [55, 51.625], "uv_size": [0.625, -1.625]}
							}
						},
						{
							"origin": [0.24889, 7.69587, 0.07899],
							"size": [0.1, 0.35, 0.24],
							"uv": {
								"north": {"uv": [14, 39], "uv_size": [1, 3.5]},
								"east": {"uv": [23, 15], "uv_size": [2.375, 3.5]},
								"south": {"uv": [15, 39], "uv_size": [1, 3.5]},
								"west": {"uv": [18, 23], "uv_size": [2.375, 3.5]},
								"up": {"uv": [36, 43], "uv_size": [1, 2.375]},
								"down": {"uv": [37, 45.375], "uv_size": [1, -2.375]}
							}
						},
						{
							"origin": [0.24939, 7.69587, 0.07879],
							"size": [0.099, 0.35, 0.24042],
							"pivot": [0.29889, 7.74587, 0.19899],
							"rotation": [0, 45, 0],
							"uv": {
								"north": {"uv": [16, 39], "uv_size": [1, 3.5]},
								"east": {"uv": [23, 19], "uv_size": [2.375, 3.5]},
								"south": {"uv": [17, 39], "uv_size": [1, 3.5]},
								"west": {"uv": [21, 23], "uv_size": [2.375, 3.5]},
								"up": {"uv": [38, 43], "uv_size": [1, 2.375]},
								"down": {"uv": [39, 45.375], "uv_size": [1, -2.375]}
							}
						},
						{
							"origin": [0.24939, 7.69587, 0.07879],
							"size": [0.099, 0.35, 0.24042],
							"pivot": [0.29889, 7.74587, 0.19899],
							"rotation": [0, -45, 0],
							"uv": {
								"north": {"uv": [39, 18], "uv_size": [1, 3.5]},
								"east": {"uv": [24, 23], "uv_size": [2.375, 3.5]},
								"south": {"uv": [39, 22], "uv_size": [1, 3.5]},
								"west": {"uv": [0, 25], "uv_size": [2.375, 3.5]},
								"up": {"uv": [40, 43], "uv_size": [1, 2.375]},
								"down": {"uv": [41, 45.375], "uv_size": [1, -2.375]}
							}
						},
						{
							"origin": [0.24889, 7.69587, 0.07899],
							"size": [0.1, 0.35, 0.24],
							"pivot": [0.29889, 7.74587, 0.19899],
							"rotation": [0, 90, 0],
							"uv": {
								"north": {"uv": [39, 26], "uv_size": [1, 3.5]},
								"east": {"uv": [3, 25], "uv_size": [2.375, 3.5]},
								"south": {"uv": [34, 39], "uv_size": [1, 3.5]},
								"west": {"uv": [6, 25], "uv_size": [2.375, 3.5]},
								"up": {"uv": [42, 43], "uv_size": [1, 2.375]},
								"down": {"uv": [43, 45.375], "uv_size": [1, -2.375]}
							}
						},
						{
							"origin": [0.26589, 7.59587, 0.11899],
							"size": [0.066, 0.1, 0.16],
							"uv": {
								"north": {"uv": [57, 46], "uv_size": [0.625, 1]},
								"east": {"uv": [50, 42], "uv_size": [1.625, 1]},
								"south": {"uv": [57, 47], "uv_size": [0.625, 1]},
								"west": {"uv": [50, 43], "uv_size": [1.625, 1]},
								"up": {"uv": [52, 55], "uv_size": [0.625, 1.625]},
								"down": {"uv": [55, 53.625], "uv_size": [0.625, -1.625]}
							}
						},
						{
							"origin": [0.26589, 7.59587, 0.11899],
							"size": [0.066, 0.1, 0.16],
							"pivot": [0.29889, 7.66587, 0.19899],
							"rotation": [0, 90, 0],
							"uv": {
								"north": {"uv": [48, 57], "uv_size": [0.625, 1]},
								"east": {"uv": [44, 50], "uv_size": [1.625, 1]},
								"south": {"uv": [57, 48], "uv_size": [0.625, 1]},
								"west": {"uv": [50, 44], "uv_size": [1.625, 1]},
								"up": {"uv": [53, 55], "uv_size": [0.625, 1.625]},
								"down": {"uv": [54, 56.625], "uv_size": [0.625, -1.625]}
							}
						},
						{
							"origin": [0.26565, 7.59587, 0.11909],
							"size": [0.06647, 0.1, 0.15981],
							"pivot": [0.29889, 7.66587, 0.19899],
							"rotation": [0, 45, 0],
							"uv": {
								"north": {"uv": [57, 49], "uv_size": [0.625, 1]},
								"east": {"uv": [50, 45], "uv_size": [1.625, 1]},
								"south": {"uv": [57, 50], "uv_size": [0.625, 1]},
								"west": {"uv": [46, 50], "uv_size": [1.625, 1]},
								"up": {"uv": [55, 54], "uv_size": [0.625, 1.625]},
								"down": {"uv": [56, 1.625], "uv_size": [0.625, -1.625]}
							}
						},
						{
							"origin": [0.26565, 7.59587, 0.11909],
							"size": [0.06647, 0.1, 0.15981],
							"pivot": [0.29889, 7.66587, 0.19899],
							"rotation": [0, 135, 0],
							"uv": {
								"north": {"uv": [57, 51], "uv_size": [0.625, 1]},
								"east": {"uv": [50, 46], "uv_size": [1.625, 1]},
								"south": {"uv": [52, 57], "uv_size": [0.625, 1]},
								"west": {"uv": [50, 47], "uv_size": [1.625, 1]},
								"up": {"uv": [56, 2], "uv_size": [0.625, 1.625]},
								"down": {"uv": [56, 5.625], "uv_size": [0.625, -1.625]}
							}
						},
						{
							"origin": [0.26089, 6.92587, 0.10899],
							"size": [0.076, 0.14, 0.18],
							"pivot": [0.29889, 6.94587, 0.19899],
							"rotation": [0, 90, 0],
							"uv": {
								"north": {"uv": [42, 54], "uv_size": [0.75, 1.375]},
								"east": {"uv": [41, 23], "uv_size": [1.75, 1.375]},
								"south": {"uv": [43, 54], "uv_size": [0.75, 1.375]},
								"west": {"uv": [41, 25], "uv_size": [1.75, 1.375]},
								"up": {"uv": [52, 30], "uv_size": [0.75, 1.75]},
								"down": {"uv": [52, 42.75], "uv_size": [0.75, -1.75]}
							}
						},
						{
							"origin": [0.26212, 6.92587, 0.10848],
							"size": [0.07354, 0.14, 0.18102],
							"pivot": [0.29889, 6.94587, 0.19899],
							"rotation": [0, 45, 0],
							"uv": {
								"north": {"uv": [54, 43], "uv_size": [0.75, 1.375]},
								"east": {"uv": [41, 27], "uv_size": [1.75, 1.375]},
								"south": {"uv": [44, 54], "uv_size": [0.75, 1.375]},
								"west": {"uv": [29, 41], "uv_size": [1.75, 1.375]},
								"up": {"uv": [52, 43], "uv_size": [0.75, 1.75]},
								"down": {"uv": [52, 46.75], "uv_size": [0.75, -1.75]}
							}
						},
						{
							"origin": [0.26212, 6.92587, 0.10848],
							"size": [0.07354, 0.14, 0.18102],
							"pivot": [0.29889, 6.94587, 0.19899],
							"rotation": [0, 135, 0],
							"uv": {
								"north": {"uv": [45, 54], "uv_size": [0.75, 1.375]},
								"east": {"uv": [41, 29], "uv_size": [1.75, 1.375]},
								"south": {"uv": [54, 45], "uv_size": [0.75, 1.375]},
								"west": {"uv": [31, 41], "uv_size": [1.75, 1.375]},
								"up": {"uv": [52, 47], "uv_size": [0.75, 1.75]},
								"down": {"uv": [52, 50.75], "uv_size": [0.75, -1.75]}
							}
						},
						{
							"origin": [0.26089, 7.30587, 0.10899],
							"size": [0.076, 0.29, 0.18],
							"uv": {
								"north": {"uv": [47, 47], "uv_size": [0.75, 2.875]},
								"east": {"uv": [8, 33], "uv_size": [1.75, 2.875]},
								"south": {"uv": [48, 5], "uv_size": [0.75, 2.875]},
								"west": {"uv": [10, 33], "uv_size": [1.75, 2.875]},
								"up": {"uv": [52, 51], "uv_size": [0.75, 1.75]},
								"down": {"uv": [53, 6.75], "uv_size": [0.75, -1.75]}
							}
						},
						{
							"origin": [0.26089, 7.30587, 0.10899],
							"size": [0.076, 0.29, 0.18],
							"pivot": [0.29889, 7.32587, 0.19899],
							"rotation": [0, 90, 0],
							"uv": {
								"north": {"uv": [6, 48], "uv_size": [0.75, 2.875]},
								"east": {"uv": [12, 33], "uv_size": [1.75, 2.875]},
								"south": {"uv": [7, 48], "uv_size": [0.75, 2.875]},
								"west": {"uv": [14, 33], "uv_size": [1.75, 2.875]},
								"up": {"uv": [53, 15], "uv_size": [0.75, 1.75]},
								"down": {"uv": [53, 18.75], "uv_size": [0.75, -1.75]}
							}
						},
						{
							"origin": [0.26212, 7.30587, 0.10848],
							"size": [0.07354, 0.29, 0.18102],
							"pivot": [0.29889, 7.32587, 0.19899],
							"rotation": [0, 45, 0],
							"uv": {
								"north": {"uv": [8, 48], "uv_size": [0.75, 2.875]},
								"east": {"uv": [16, 33], "uv_size": [1.75, 2.875]},
								"south": {"uv": [9, 48], "uv_size": [0.75, 2.875]},
								"west": {"uv": [33, 18], "uv_size": [1.75, 2.875]},
								"up": {"uv": [53, 19], "uv_size": [0.75, 1.75]},
								"down": {"uv": [53, 22.75], "uv_size": [0.75, -1.75]}
							}
						},
						{
							"origin": [0.26212, 7.30587, 0.10848],
							"size": [0.07354, 0.29, 0.18102],
							"pivot": [0.29889, 7.32587, 0.19899],
							"rotation": [0, 135, 0],
							"uv": {
								"north": {"uv": [10, 48], "uv_size": [0.75, 2.875]},
								"east": {"uv": [33, 21], "uv_size": [1.75, 2.875]},
								"south": {"uv": [11, 48], "uv_size": [0.75, 2.875]},
								"west": {"uv": [33, 24], "uv_size": [1.75, 2.875]},
								"up": {"uv": [53, 23], "uv_size": [0.75, 1.75]},
								"down": {"uv": [53, 26.75], "uv_size": [0.75, -1.75]}
							}
						}
					]
				},
				{
					"name": "cap2",
					"parent": "shg43_1",
					"pivot": [0.3, 7.118, 0.16],
					"cubes": [
						{
							"origin": [0.25688, 6.81587, 0.09899],
							"size": [0.084, 0.11, 0.2],
							"uv": {
								"north": {"uv": [47, 56], "uv_size": [0.875, 1.125]},
								"east": {"uv": [45, 29], "uv_size": [2, 1.125]},
								"south": {"uv": [56, 48], "uv_size": [0.875, 1.125]},
								"west": {"uv": [45, 41], "uv_size": [2, 1.125]},
								"up": {"uv": [49, 17], "uv_size": [0.875, 2]},
								"down": {"uv": [18, 51], "uv_size": [0.875, -2]}
							}
						},
						{
							"origin": [0.25688, 6.81587, 0.09899],
							"size": [0.084, 0.11, 0.2],
							"pivot": [0.29889, 6.91587, 0.19899],
							"rotation": [0, 90, 0],
							"uv": {
								"north": {"uv": [49, 56], "uv_size": [0.875, 1.125]},
								"east": {"uv": [45, 43], "uv_size": [2, 1.125]},
								"south": {"uv": [50, 56], "uv_size": [0.875, 1.125]},
								"west": {"uv": [45, 45], "uv_size": [2, 1.125]},
								"up": {"uv": [19, 49], "uv_size": [0.875, 2]},
								"down": {"uv": [49, 21], "uv_size": [0.875, -2]}
							}
						},
						{
							"origin": [0.25787, 6.81587, 0.09859],
							"size": [0.08202, 0.11, 0.20082],
							"pivot": [0.29889, 6.91587, 0.19899],
							"rotation": [0, 45, 0],
							"uv": {
								"north": {"uv": [56, 50], "uv_size": [0.875, 1.125]},
								"east": {"uv": [46, 5], "uv_size": [2, 1.125]},
								"south": {"uv": [51, 56], "uv_size": [0.875, 1.125]},
								"west": {"uv": [8, 46], "uv_size": [2, 1.125]},
								"up": {"uv": [20, 49], "uv_size": [0.875, 2]},
								"down": {"uv": [21, 51], "uv_size": [0.875, -2]}
							}
						},
						{
							"origin": [0.25787, 6.81587, 0.09859],
							"size": [0.08202, 0.11, 0.20082],
							"pivot": [0.29889, 6.91587, 0.19899],
							"rotation": [0, 135, 0],
							"uv": {
								"north": {"uv": [56, 52], "uv_size": [0.875, 1.125]},
								"east": {"uv": [10, 46], "uv_size": [2, 1.125]},
								"south": {"uv": [56, 54], "uv_size": [0.875, 1.125]},
								"west": {"uv": [12, 46], "uv_size": [2, 1.125]},
								"up": {"uv": [49, 21], "uv_size": [0.875, 2]},
								"down": {"uv": [22, 51], "uv_size": [0.875, -2]}
							}
						}
					]
				},
				{
					"name": "shg43_2",
					"parent": "ammo_box",
					"pivot": [-0.32, 7.118, 0.384],
					"rotation": [0, 0, 88]
				},
				{
					"name": "body3",
					"parent": "shg43_2",
					"pivot": [-0.32156, 7.8932, 0.48561],
					"cubes": [
						{
							"origin": [-0.35911, 6.92587, 0.33299],
							"size": [0.076, 0.14, 0.18],
							"uv": {
								"north": {"uv": [46, 54], "uv_size": [0.75, 1.375]},
								"east": {"uv": [40, 41], "uv_size": [1.75, 1.375]},
								"south": {"uv": [47, 54], "uv_size": [0.75, 1.375]},
								"west": {"uv": [0, 42], "uv_size": [1.75, 1.375]},
								"up": {"uv": [53, 27], "uv_size": [0.75, 1.75]},
								"down": {"uv": [53, 30.75], "uv_size": [0.75, -1.75]}
							}
						},
						{
							"origin": [-0.35411, 7.06587, 0.34299],
							"size": [0.066, 0.24, 0.16],
							"uv": {
								"north": {"uv": [37, 51], "uv_size": [0.625, 2.375]},
								"east": {"uv": [18, 37], "uv_size": [1.625, 2.375]},
								"south": {"uv": [38, 51], "uv_size": [0.625, 2.375]},
								"west": {"uv": [37, 18], "uv_size": [1.625, 2.375]},
								"up": {"uv": [56, 6], "uv_size": [0.625, 1.625]},
								"down": {"uv": [56, 9.625], "uv_size": [0.625, -1.625]}
							}
						},
						{
							"origin": [-0.35411, 7.06587, 0.34299],
							"size": [0.066, 0.24, 0.16],
							"pivot": [-0.32112, 7.13587, 0.42299],
							"rotation": [0, 90, 0],
							"uv": {
								"north": {"uv": [39, 51], "uv_size": [0.625, 2.375]},
								"east": {"uv": [20, 37], "uv_size": [1.625, 2.375]},
								"south": {"uv": [40, 51], "uv_size": [0.625, 2.375]},
								"west": {"uv": [37, 21], "uv_size": [1.625, 2.375]},
								"up": {"uv": [10, 56], "uv_size": [0.625, 1.625]},
								"down": {"uv": [56, 11.625], "uv_size": [0.625, -1.625]}
							}
						},
						{
							"origin": [-0.35435, 7.06587, 0.34309],
							"size": [0.06647, 0.24, 0.15981],
							"pivot": [-0.32112, 7.13587, 0.42299],
							"rotation": [0, 45, 0],
							"uv": {
								"north": {"uv": [41, 51], "uv_size": [0.625, 2.375]},
								"east": {"uv": [22, 37], "uv_size": [1.625, 2.375]},
								"south": {"uv": [42, 51], "uv_size": [0.625, 2.375]},
								"west": {"uv": [24, 37], "uv_size": [1.625, 2.375]},
								"up": {"uv": [11, 56], "uv_size": [0.625, 1.625]},
								"down": {"uv": [12, 57.625], "uv_size": [0.625, -1.625]}
							}
						},
						{
							"origin": [-0.35435, 7.06587, 0.34309],
							"size": [0.06647, 0.24, 0.15981],
							"pivot": [-0.32112, 7.13587, 0.42299],
							"rotation": [0, 135, 0],
							"uv": {
								"north": {"uv": [43, 51], "uv_size": [0.625, 2.375]},
								"east": {"uv": [37, 24], "uv_size": [1.625, 2.375]},
								"south": {"uv": [44, 51], "uv_size": [0.625, 2.375]},
								"west": {"uv": [26, 37], "uv_size": [1.625, 2.375]},
								"up": {"uv": [56, 12], "uv_size": [0.625, 1.625]},
								"down": {"uv": [13, 57.625], "uv_size": [0.625, -1.625]}
							}
						},
						{
							"origin": [-0.37111, 7.69587, 0.30299],
							"size": [0.1, 0.35, 0.24],
							"uv": {
								"north": {"uv": [35, 39], "uv_size": [1, 3.5]},
								"east": {"uv": [9, 25], "uv_size": [2.375, 3.5]},
								"south": {"uv": [36, 39], "uv_size": [1, 3.5]},
								"west": {"uv": [12, 25], "uv_size": [2.375, 3.5]},
								"up": {"uv": [0, 44], "uv_size": [1, 2.375]},
								"down": {"uv": [1, 46.375], "uv_size": [1, -2.375]}
							}
						},
						{
							"origin": [-0.37061, 7.69587, 0.30279],
							"size": [0.099, 0.35, 0.24042],
							"pivot": [-0.32112, 7.74587, 0.42299],
							"rotation": [0, 45, 0],
							"uv": {
								"north": {"uv": [37, 39], "uv_size": [1, 3.5]},
								"east": {"uv": [15, 25], "uv_size": [2.375, 3.5]},
								"south": {"uv": [38, 39], "uv_size": [1, 3.5]},
								"west": {"uv": [26, 15], "uv_size": [2.375, 3.5]},
								"up": {"uv": [2, 44], "uv_size": [1, 2.375]},
								"down": {"uv": [3, 46.375], "uv_size": [1, -2.375]}
							}
						},
						{
							"origin": [-0.37061, 7.69587, 0.30279],
							"size": [0.099, 0.35, 0.24042],
							"pivot": [-0.32112, 7.74587, 0.42299],
							"rotation": [0, -45, 0],
							"uv": {
								"north": {"uv": [39, 39], "uv_size": [1, 3.5]},
								"east": {"uv": [26, 19], "uv_size": [2.375, 3.5]},
								"south": {"uv": [40, 0], "uv_size": [1, 3.5]},
								"west": {"uv": [18, 27], "uv_size": [2.375, 3.5]},
								"up": {"uv": [4, 44], "uv_size": [1, 2.375]},
								"down": {"uv": [5, 46.375], "uv_size": [1, -2.375]}
							}
						},
						{
							"origin": [-0.37111, 7.69587, 0.30299],
							"size": [0.1, 0.35, 0.24],
							"pivot": [-0.32112, 7.74587, 0.42299],
							"rotation": [0, 90, 0],
							"uv": {
								"north": {"uv": [40, 4], "uv_size": [1, 3.5]},
								"east": {"uv": [21, 27], "uv_size": [2.375, 3.5]},
								"south": {"uv": [40, 8], "uv_size": [1, 3.5]},
								"west": {"uv": [27, 23], "uv_size": [2.375, 3.5]},
								"up": {"uv": [18, 44], "uv_size": [1, 2.375]},
								"down": {"uv": [19, 46.375], "uv_size": [1, -2.375]}
							}
						},
						{
							"origin": [-0.35411, 7.59587, 0.34299],
							"size": [0.066, 0.1, 0.16],
							"uv": {
								"north": {"uv": [57, 52], "uv_size": [0.625, 1]},
								"east": {"uv": [50, 48], "uv_size": [1.625, 1]},
								"south": {"uv": [53, 57], "uv_size": [0.625, 1]},
								"west": {"uv": [50, 49], "uv_size": [1.625, 1]},
								"up": {"uv": [14, 56], "uv_size": [0.625, 1.625]},
								"down": {"uv": [56, 15.625], "uv_size": [0.625, -1.625]}
							}
						},
						{
							"origin": [-0.35411, 7.59587, 0.34299],
							"size": [0.066, 0.1, 0.16],
							"pivot": [-0.32112, 7.66587, 0.42299],
							"rotation": [0, 90, 0],
							"uv": {
								"north": {"uv": [57, 53], "uv_size": [0.625, 1]},
								"east": {"uv": [50, 50], "uv_size": [1.625, 1]},
								"south": {"uv": [54, 57], "uv_size": [0.625, 1]},
								"west": {"uv": [2, 51], "uv_size": [1.625, 1]},
								"up": {"uv": [15, 56], "uv_size": [0.625, 1.625]},
								"down": {"uv": [16, 57.625], "uv_size": [0.625, -1.625]}
							}
						},
						{
							"origin": [-0.35435, 7.59587, 0.34309],
							"size": [0.06647, 0.1, 0.15981],
							"pivot": [-0.32112, 7.66587, 0.42299],
							"rotation": [0, 45, 0],
							"uv": {
								"north": {"uv": [57, 54], "uv_size": [0.625, 1]},
								"east": {"uv": [4, 51], "uv_size": [1.625, 1]},
								"south": {"uv": [57, 55], "uv_size": [0.625, 1]},
								"west": {"uv": [51, 5], "uv_size": [1.625, 1]},
								"up": {"uv": [56, 16], "uv_size": [0.625, 1.625]},
								"down": {"uv": [17, 57.625], "uv_size": [0.625, -1.625]}
							}
						},
						{
							"origin": [-0.35435, 7.59587, 0.34309],
							"size": [0.06647, 0.1, 0.15981],
							"pivot": [-0.32112, 7.66587, 0.42299],
							"rotation": [0, 135, 0],
							"uv": {
								"north": {"uv": [57, 56], "uv_size": [0.625, 1]},
								"east": {"uv": [6, 51], "uv_size": [1.625, 1]},
								"south": {"uv": [57, 57], "uv_size": [0.625, 1]},
								"west": {"uv": [51, 6], "uv_size": [1.625, 1]},
								"up": {"uv": [18, 56], "uv_size": [0.625, 1.625]},
								"down": {"uv": [56, 19.625], "uv_size": [0.625, -1.625]}
							}
						},
						{
							"origin": [-0.35911, 6.92587, 0.33299],
							"size": [0.076, 0.14, 0.18],
							"pivot": [-0.32112, 6.94587, 0.42299],
							"rotation": [0, 90, 0],
							"uv": {
								"north": {"uv": [54, 47], "uv_size": [0.75, 1.375]},
								"east": {"uv": [2, 42], "uv_size": [1.75, 1.375]},
								"south": {"uv": [49, 54], "uv_size": [0.75, 1.375]},
								"west": {"uv": [4, 42], "uv_size": [1.75, 1.375]},
								"up": {"uv": [30, 53], "uv_size": [0.75, 1.75]},
								"down": {"uv": [33, 54.75], "uv_size": [0.75, -1.75]}
							}
						},
						{
							"origin": [-0.35788, 6.92587, 0.33248],
							"size": [0.07354, 0.14, 0.18102],
							"pivot": [-0.32112, 6.94587, 0.42299],
							"rotation": [0, 45, 0],
							"uv": {
								"north": {"uv": [54, 49], "uv_size": [0.75, 1.375]},
								"east": {"uv": [42, 41], "uv_size": [1.75, 1.375]},
								"south": {"uv": [50, 54], "uv_size": [0.75, 1.375]},
								"west": {"uv": [43, 5], "uv_size": [1.75, 1.375]},
								"up": {"uv": [53, 41], "uv_size": [0.75, 1.75]},
								"down": {"uv": [53, 44.75], "uv_size": [0.75, -1.75]}
							}
						},
						{
							"origin": [-0.35788, 6.92587, 0.33248],
							"size": [0.07354, 0.14, 0.18102],
							"pivot": [-0.32112, 6.94587, 0.42299],
							"rotation": [0, 135, 0],
							"uv": {
								"north": {"uv": [51, 54], "uv_size": [0.75, 1.375]},
								"east": {"uv": [6, 43], "uv_size": [1.75, 1.375]},
								"south": {"uv": [54, 51], "uv_size": [0.75, 1.375]},
								"west": {"uv": [43, 7], "uv_size": [1.75, 1.375]},
								"up": {"uv": [53, 45], "uv_size": [0.75, 1.75]},
								"down": {"uv": [53, 48.75], "uv_size": [0.75, -1.75]}
							}
						},
						{
							"origin": [-0.35911, 7.30587, 0.33299],
							"size": [0.076, 0.29, 0.18],
							"uv": {
								"north": {"uv": [12, 48], "uv_size": [0.75, 2.875]},
								"east": {"uv": [33, 27], "uv_size": [1.75, 2.875]},
								"south": {"uv": [13, 48], "uv_size": [0.75, 2.875]},
								"west": {"uv": [34, 0], "uv_size": [1.75, 2.875]},
								"up": {"uv": [48, 53], "uv_size": [0.75, 1.75]},
								"down": {"uv": [53, 50.75], "uv_size": [0.75, -1.75]}
							}
						},
						{
							"origin": [-0.35911, 7.30587, 0.33299],
							"size": [0.076, 0.29, 0.18],
							"pivot": [-0.32112, 7.32587, 0.42299],
							"rotation": [0, 90, 0],
							"uv": {
								"north": {"uv": [14, 48], "uv_size": [0.75, 2.875]},
								"east": {"uv": [34, 3], "uv_size": [1.75, 2.875]},
								"south": {"uv": [15, 48], "uv_size": [0.75, 2.875]},
								"west": {"uv": [34, 6], "uv_size": [1.75, 2.875]},
								"up": {"uv": [53, 51], "uv_size": [0.75, 1.75]},
								"down": {"uv": [52, 54.75], "uv_size": [0.75, -1.75]}
							}
						},
						{
							"origin": [-0.35788, 7.30587, 0.33248],
							"size": [0.07354, 0.29, 0.18102],
							"pivot": [-0.32112, 7.32587, 0.42299],
							"rotation": [0, 45, 0],
							"uv": {
								"north": {"uv": [16, 48], "uv_size": [0.75, 2.875]},
								"east": {"uv": [34, 9], "uv_size": [1.75, 2.875]},
								"south": {"uv": [17, 48], "uv_size": [0.75, 2.875]},
								"west": {"uv": [34, 12], "uv_size": [1.75, 2.875]},
								"up": {"uv": [53, 53], "uv_size": [0.75, 1.75]},
								"down": {"uv": [54, 6.75], "uv_size": [0.75, -1.75]}
							}
						},
						{
							"origin": [-0.35788, 7.30587, 0.33248],
							"size": [0.07354, 0.29, 0.18102],
							"pivot": [-0.32112, 7.32587, 0.42299],
							"rotation": [0, 135, 0],
							"uv": {
								"north": {"uv": [48, 29], "uv_size": [0.75, 2.875]},
								"east": {"uv": [34, 15], "uv_size": [1.75, 2.875]},
								"south": {"uv": [31, 48], "uv_size": [0.75, 2.875]},
								"west": {"uv": [18, 34], "uv_size": [1.75, 2.875]},
								"up": {"uv": [10, 54], "uv_size": [0.75, 1.75]},
								"down": {"uv": [11, 55.75], "uv_size": [0.75, -1.75]}
							}
						}
					]
				},
				{
					"name": "cap3",
					"parent": "shg43_2",
					"pivot": [-0.32, 7.118, 0.384],
					"cubes": [
						{
							"origin": [-0.36311, 6.81587, 0.32299],
							"size": [0.084, 0.11, 0.2],
							"uv": {
								"north": {"uv": [55, 56], "uv_size": [0.875, 1.125]},
								"east": {"uv": [14, 46], "uv_size": [2, 1.125]},
								"south": {"uv": [56, 56], "uv_size": [0.875, 1.125]},
								"west": {"uv": [16, 46], "uv_size": [2, 1.125]},
								"up": {"uv": [23, 49], "uv_size": [0.875, 2]},
								"down": {"uv": [49, 25], "uv_size": [0.875, -2]}
							}
						},
						{
							"origin": [-0.36311, 6.81587, 0.32299],
							"size": [0.084, 0.11, 0.2],
							"pivot": [-0.32112, 6.91587, 0.42299],
							"rotation": [0, 90, 0],
							"uv": {
								"north": {"uv": [0, 57], "uv_size": [0.875, 1.125]},
								"east": {"uv": [31, 46], "uv_size": [2, 1.125]},
								"south": {"uv": [57, 0], "uv_size": [0.875, 1.125]},
								"west": {"uv": [34, 46], "uv_size": [2, 1.125]},
								"up": {"uv": [24, 49], "uv_size": [0.875, 2]},
								"down": {"uv": [25, 51], "uv_size": [0.875, -2]}
							}
						},
						{
							"origin": [-0.36213, 6.81587, 0.32259],
							"size": [0.08202, 0.11, 0.20082],
							"pivot": [-0.32112, 6.91587, 0.42299],
							"rotation": [0, 45, 0],
							"uv": {
								"north": {"uv": [1, 57], "uv_size": [0.875, 1.125]},
								"east": {"uv": [36, 46], "uv_size": [2, 1.125]},
								"south": {"uv": [2, 57], "uv_size": [0.875, 1.125]},
								"west": {"uv": [38, 46], "uv_size": [2, 1.125]},
								"up": {"uv": [49, 25], "uv_size": [0.875, 2]},
								"down": {"uv": [26, 51], "uv_size": [0.875, -2]}
							}
						},
						{
							"origin": [-0.36213, 6.81587, 0.32259],
							"size": [0.08202, 0.11, 0.20082],
							"pivot": [-0.32112, 6.91587, 0.42299],
							"rotation": [0, 135, 0],
							"uv": {
								"north": {"uv": [57, 2], "uv_size": [0.875, 1.125]},
								"east": {"uv": [40, 46], "uv_size": [2, 1.125]},
								"south": {"uv": [3, 57], "uv_size": [0.875, 1.125]},
								"west": {"uv": [42, 46], "uv_size": [2, 1.125]},
								"up": {"uv": [27, 49], "uv_size": [0.875, 2]},
								"down": {"uv": [49, 29], "uv_size": [0.875, -2]}
							}
						}
					]
				},
				{
					"name": "shg43_4",
					"parent": "ammo_box",
					"pivot": [-0.32, 7.118, -0.063],
					"rotation": [0, 0, 88]
				},
				{
					"name": "body4",
					"parent": "shg43_4",
					"pivot": [-0.32156, 7.8932, 0.0386],
					"cubes": [
						{
							"origin": [-0.35911, 6.92587, -0.11401],
							"size": [0.076, 0.14, 0.18],
							"uv": {
								"north": {"uv": [54, 53], "uv_size": [0.75, 1.375]},
								"east": {"uv": [8, 43], "uv_size": [1.75, 1.375]},
								"south": {"uv": [0, 55], "uv_size": [0.75, 1.375]},
								"west": {"uv": [43, 9], "uv_size": [1.75, 1.375]},
								"up": {"uv": [12, 54], "uv_size": [0.75, 1.75]},
								"down": {"uv": [13, 55.75], "uv_size": [0.75, -1.75]}
							}
						},
						{
							"origin": [-0.35411, 7.06587, -0.10401],
							"size": [0.066, 0.24, 0.16],
							"uv": {
								"north": {"uv": [45, 51], "uv_size": [0.625, 2.375]},
								"east": {"uv": [37, 27], "uv_size": [1.625, 2.375]},
								"south": {"uv": [46, 51], "uv_size": [0.625, 2.375]},
								"west": {"uv": [28, 37], "uv_size": [1.625, 2.375]},
								"up": {"uv": [19, 56], "uv_size": [0.625, 1.625]},
								"down": {"uv": [20, 57.625], "uv_size": [0.625, -1.625]}
							}
						},
						{
							"origin": [-0.35411, 7.06587, -0.10401],
							"size": [0.066, 0.24, 0.16],
							"pivot": [-0.32112, 7.13587, -0.02401],
							"rotation": [0, 90, 0],
							"uv": {
								"north": {"uv": [47, 51], "uv_size": [0.625, 2.375]},
								"east": {"uv": [38, 0], "uv_size": [1.625, 2.375]},
								"south": {"uv": [49, 51], "uv_size": [0.625, 2.375]},
								"west": {"uv": [38, 3], "uv_size": [1.625, 2.375]},
								"up": {"uv": [56, 20], "uv_size": [0.625, 1.625]},
								"down": {"uv": [21, 57.625], "uv_size": [0.625, -1.625]}
							}
						},
						{
							"origin": [-0.35435, 7.06587, -0.10391],
							"size": [0.06647, 0.24, 0.15981],
							"pivot": [-0.32112, 7.13587, -0.02401],
							"rotation": [0, 45, 0],
							"uv": {
								"north": {"uv": [50, 51], "uv_size": [0.625, 2.375]},
								"east": {"uv": [38, 6], "uv_size": [1.625, 2.375]},
								"south": {"uv": [51, 51], "uv_size": [0.625, 2.375]},
								"west": {"uv": [38, 9], "uv_size": [1.625, 2.375]},
								"up": {"uv": [22, 56], "uv_size": [0.625, 1.625]},
								"down": {"uv": [56, 23.625], "uv_size": [0.625, -1.625]}
							}
						},
						{
							"origin": [-0.35435, 7.06587, -0.10391],
							"size": [0.06647, 0.24, 0.15981],
							"pivot": [-0.32112, 7.13587, -0.02401],
							"rotation": [0, 135, 0],
							"uv": {
								"north": {"uv": [0, 52], "uv_size": [0.625, 2.375]},
								"east": {"uv": [38, 12], "uv_size": [1.625, 2.375]},
								"south": {"uv": [1, 52], "uv_size": [0.625, 2.375]},
								"west": {"uv": [38, 15], "uv_size": [1.625, 2.375]},
								"up": {"uv": [23, 56], "uv_size": [0.625, 1.625]},
								"down": {"uv": [24, 57.625], "uv_size": [0.625, -1.625]}
							}
						},
						{
							"origin": [-0.37111, 7.69587, -0.14401],
							"size": [0.1, 0.35, 0.24],
							"uv": {
								"north": {"uv": [40, 12], "uv_size": [1, 3.5]},
								"east": {"uv": [24, 27], "uv_size": [2.375, 3.5]},
								"south": {"uv": [40, 16], "uv_size": [1, 3.5]},
								"west": {"uv": [27, 27], "uv_size": [2.375, 3.5]},
								"up": {"uv": [20, 44], "uv_size": [1, 2.375]},
								"down": {"uv": [21, 46.375], "uv_size": [1, -2.375]}
							}
						},
						{
							"origin": [-0.37061, 7.69587, -0.14421],
							"size": [0.099, 0.35, 0.24042],
							"pivot": [-0.32112, 7.74587, -0.02401],
							"rotation": [0, 45, 0],
							"uv": {
								"north": {"uv": [18, 40], "uv_size": [1, 3.5]},
								"east": {"uv": [28, 0], "uv_size": [2.375, 3.5]},
								"south": {"uv": [19, 40], "uv_size": [1, 3.5]},
								"west": {"uv": [28, 4], "uv_size": [2.375, 3.5]},
								"up": {"uv": [22, 44], "uv_size": [1, 2.375]},
								"down": {"uv": [23, 46.375], "uv_size": [1, -2.375]}
							}
						},
						{
							"origin": [-0.37061, 7.69587, -0.14421],
							"size": [0.099, 0.35, 0.24042],
							"pivot": [-0.32112, 7.74587, -0.02401],
							"rotation": [0, -45, 0],
							"uv": {
								"north": {"uv": [20, 40], "uv_size": [1, 3.5]},
								"east": {"uv": [28, 8], "uv_size": [2.375, 3.5]},
								"south": {"uv": [40, 20], "uv_size": [1, 3.5]},
								"west": {"uv": [0, 29], "uv_size": [2.375, 3.5]},
								"up": {"uv": [24, 44], "uv_size": [1, 2.375]},
								"down": {"uv": [25, 46.375], "uv_size": [1, -2.375]}
							}
						},
						{
							"origin": [-0.37111, 7.69587, -0.14401],
							"size": [0.1, 0.35, 0.24],
							"pivot": [-0.32112, 7.74587, -0.02401],
							"rotation": [0, 90, 0],
							"uv": {
								"north": {"uv": [21, 40], "uv_size": [1, 3.5]},
								"east": {"uv": [3, 29], "uv_size": [2.375, 3.5]},
								"south": {"uv": [22, 40], "uv_size": [1, 3.5]},
								"west": {"uv": [6, 29], "uv_size": [2.375, 3.5]},
								"up": {"uv": [26, 44], "uv_size": [1, 2.375]},
								"down": {"uv": [27, 46.375], "uv_size": [1, -2.375]}
							}
						},
						{
							"origin": [-0.35411, 7.59587, -0.10401],
							"size": [0.066, 0.1, 0.16],
							"uv": {
								"north": {"uv": [58, 0], "uv_size": [0.625, 1]},
								"east": {"uv": [51, 7], "uv_size": [1.625, 1]},
								"south": {"uv": [58, 1], "uv_size": [0.625, 1]},
								"west": {"uv": [8, 51], "uv_size": [1.625, 1]},
								"up": {"uv": [56, 24], "uv_size": [0.625, 1.625]},
								"down": {"uv": [25, 57.625], "uv_size": [0.625, -1.625]}
							}
						},
						{
							"origin": [-0.35411, 7.59587, -0.10401],
							"size": [0.066, 0.1, 0.16],
							"pivot": [-0.32112, 7.66587, -0.02401],
							"rotation": [0, 90, 0],
							"uv": {
								"north": {"uv": [58, 2], "uv_size": [0.625, 1]},
								"east": {"uv": [10, 51], "uv_size": [1.625, 1]},
								"south": {"uv": [58, 3], "uv_size": [0.625, 1]},
								"west": {"uv": [12, 51], "uv_size": [1.625, 1]},
								"up": {"uv": [26, 56], "uv_size": [0.625, 1.625]},
								"down": {"uv": [56, 27.625], "uv_size": [0.625, -1.625]}
							}
						},
						{
							"origin": [-0.35435, 7.59587, -0.10391],
							"size": [0.06647, 0.1, 0.15981],
							"pivot": [-0.32112, 7.66587, -0.02401],
							"rotation": [0, 45, 0],
							"uv": {
								"north": {"uv": [58, 4], "uv_size": [0.625, 1]},
								"east": {"uv": [14, 51], "uv_size": [1.625, 1]},
								"south": {"uv": [58, 5], "uv_size": [0.625, 1]},
								"west": {"uv": [51, 15], "uv_size": [1.625, 1]},
								"up": {"uv": [27, 56], "uv_size": [0.625, 1.625]},
								"down": {"uv": [28, 57.625], "uv_size": [0.625, -1.625]}
							}
						},
						{
							"origin": [-0.35435, 7.59587, -0.10391],
							"size": [0.06647, 0.1, 0.15981],
							"pivot": [-0.32112, 7.66587, -0.02401],
							"rotation": [0, 135, 0],
							"uv": {
								"north": {"uv": [58, 6], "uv_size": [0.625, 1]},
								"east": {"uv": [16, 51], "uv_size": [1.625, 1]},
								"south": {"uv": [58, 7], "uv_size": [0.625, 1]},
								"west": {"uv": [51, 16], "uv_size": [1.625, 1]},
								"up": {"uv": [56, 28], "uv_size": [0.625, 1.625]},
								"down": {"uv": [29, 57.625], "uv_size": [0.625, -1.625]}
							}
						},
						{
							"origin": [-0.35911, 6.92587, -0.11401],
							"size": [0.076, 0.14, 0.18],
							"pivot": [-0.32112, 6.94587, -0.02401],
							"rotation": [0, 90, 0],
							"uv": {
								"north": {"uv": [55, 0], "uv_size": [0.75, 1.375]},
								"east": {"uv": [10, 43], "uv_size": [1.75, 1.375]},
								"south": {"uv": [1, 55], "uv_size": [0.75, 1.375]},
								"west": {"uv": [43, 11], "uv_size": [1.75, 1.375]},
								"up": {"uv": [14, 54], "uv_size": [0.75, 1.75]},
								"down": {"uv": [15, 55.75], "uv_size": [0.75, -1.75]}
							}
						},
						{
							"origin": [-0.35788, 6.92587, -0.11452],
							"size": [0.07354, 0.14, 0.18102],
							"pivot": [-0.32112, 6.94587, -0.02401],
							"rotation": [0, 45, 0],
							"uv": {
								"north": {"uv": [2, 55], "uv_size": [0.75, 1.375]},
								"east": {"uv": [12, 43], "uv_size": [1.75, 1.375]},
								"south": {"uv": [55, 2], "uv_size": [0.75, 1.375]},
								"west": {"uv": [43, 13], "uv_size": [1.75, 1.375]},
								"up": {"uv": [54, 15], "uv_size": [0.75, 1.75]},
								"down": {"uv": [16, 55.75], "uv_size": [0.75, -1.75]}
							}
						},
						{
							"origin": [-0.35788, 6.92587, -0.11452],
							"size": [0.07354, 0.14, 0.18102],
							"pivot": [-0.32112, 6.94587, -0.02401],
							"rotation": [0, 135, 0],
							"uv": {
								"north": {"uv": [3, 55], "uv_size": [0.75, 1.375]},
								"east": {"uv": [14, 43], "uv_size": [1.75, 1.375]},
								"south": {"uv": [4, 55], "uv_size": [0.75, 1.375]},
								"west": {"uv": [43, 15], "uv_size": [1.75, 1.375]},
								"up": {"uv": [17, 54], "uv_size": [0.75, 1.75]},
								"down": {"uv": [54, 18.75], "uv_size": [0.75, -1.75]}
							}
						},
						{
							"origin": [-0.35911, 7.30587, -0.11401],
							"size": [0.076, 0.29, 0.18],
							"uv": {
								"north": {"uv": [32, 48], "uv_size": [0.75, 2.875]},
								"east": {"uv": [20, 34], "uv_size": [1.75, 2.875]},
								"south": {"uv": [34, 48], "uv_size": [0.75, 2.875]},
								"west": {"uv": [22, 34], "uv_size": [1.75, 2.875]},
								"up": {"uv": [18, 54], "uv_size": [0.75, 1.75]},
								"down": {"uv": [19, 55.75], "uv_size": [0.75, -1.75]}
							}
						},
						{
							"origin": [-0.35911, 7.30587, -0.11401],
							"size": [0.076, 0.29, 0.18],
							"pivot": [-0.32112, 7.32587, -0.02401],
							"rotation": [0, 90, 0],
							"uv": {
								"north": {"uv": [35, 48], "uv_size": [0.75, 2.875]},
								"east": {"uv": [24, 34], "uv_size": [1.75, 2.875]},
								"south": {"uv": [36, 48], "uv_size": [0.75, 2.875]},
								"west": {"uv": [26, 34], "uv_size": [1.75, 2.875]},
								"up": {"uv": [54, 19], "uv_size": [0.75, 1.75]},
								"down": {"uv": [20, 55.75], "uv_size": [0.75, -1.75]}
							}
						},
						{
							"origin": [-0.35788, 7.30587, -0.11452],
							"size": [0.07354, 0.29, 0.18102],
							"pivot": [-0.32112, 7.32587, -0.02401],
							"rotation": [0, 45, 0],
							"uv": {
								"north": {"uv": [37, 48], "uv_size": [0.75, 2.875]},
								"east": {"uv": [28, 34], "uv_size": [1.75, 2.875]},
								"south": {"uv": [38, 48], "uv_size": [0.75, 2.875]},
								"west": {"uv": [34, 30], "uv_size": [1.75, 2.875]},
								"up": {"uv": [21, 54], "uv_size": [0.75, 1.75]},
								"down": {"uv": [54, 22.75], "uv_size": [0.75, -1.75]}
							}
						},
						{
							"origin": [-0.35788, 7.30587, -0.11452],
							"size": [0.07354, 0.29, 0.18102],
							"pivot": [-0.32112, 7.32587, -0.02401],
							"rotation": [0, 135, 0],
							"uv": {
								"north": {"uv": [39, 48], "uv_size": [0.75, 2.875]},
								"east": {"uv": [34, 33], "uv_size": [1.75, 2.875]},
								"south": {"uv": [40, 48], "uv_size": [0.75, 2.875]},
								"west": {"uv": [35, 18], "uv_size": [1.75, 2.875]},
								"up": {"uv": [22, 54], "uv_size": [0.75, 1.75]},
								"down": {"uv": [23, 55.75], "uv_size": [0.75, -1.75]}
							}
						}
					]
				},
				{
					"name": "cap4",
					"parent": "shg43_4",
					"pivot": [-0.32, 7.118, -0.063],
					"cubes": [
						{
							"origin": [-0.36311, 6.81587, -0.12401],
							"size": [0.084, 0.11, 0.2],
							"uv": {
								"north": {"uv": [4, 57], "uv_size": [0.875, 1.125]},
								"east": {"uv": [0, 47], "uv_size": [2, 1.125]},
								"south": {"uv": [57, 4], "uv_size": [0.875, 1.125]},
								"west": {"uv": [2, 47], "uv_size": [2, 1.125]},
								"up": {"uv": [28, 49], "uv_size": [0.875, 2]},
								"down": {"uv": [29, 51], "uv_size": [0.875, -2]}
							}
						},
						{
							"origin": [-0.36311, 6.81587, -0.12401],
							"size": [0.084, 0.11, 0.2],
							"pivot": [-0.32112, 6.91587, -0.02401],
							"rotation": [0, 90, 0],
							"uv": {
								"north": {"uv": [5, 57], "uv_size": [0.875, 1.125]},
								"east": {"uv": [4, 47], "uv_size": [2, 1.125]},
								"south": {"uv": [6, 57], "uv_size": [0.875, 1.125]},
								"west": {"uv": [47, 15], "uv_size": [2, 1.125]},
								"up": {"uv": [49, 29], "uv_size": [0.875, 2]},
								"down": {"uv": [49, 43], "uv_size": [0.875, -2]}
							}
						},
						{
							"origin": [-0.36213, 6.81587, -0.12442],
							"size": [0.08202, 0.11, 0.20082],
							"pivot": [-0.32112, 6.91587, -0.02401],
							"rotation": [0, 45, 0],
							"uv": {
								"north": {"uv": [57, 6], "uv_size": [0.875, 1.125]},
								"east": {"uv": [47, 17], "uv_size": [2, 1.125]},
								"south": {"uv": [7, 57], "uv_size": [0.875, 1.125]},
								"west": {"uv": [18, 47], "uv_size": [2, 1.125]},
								"up": {"uv": [49, 43], "uv_size": [0.875, 2]},
								"down": {"uv": [49, 47], "uv_size": [0.875, -2]}
							}
						},
						{
							"origin": [-0.36213, 6.81587, -0.12442],
							"size": [0.08202, 0.11, 0.20082],
							"pivot": [-0.32112, 6.91587, -0.02401],
							"rotation": [0, 135, 0],
							"uv": {
								"north": {"uv": [8, 57], "uv_size": [0.875, 1.125]},
								"east": {"uv": [47, 19], "uv_size": [2, 1.125]},
								"south": {"uv": [57, 8], "uv_size": [0.875, 1.125]},
								"west": {"uv": [20, 47], "uv_size": [2, 1.125]},
								"up": {"uv": [49, 47], "uv_size": [0.875, 2]},
								"down": {"uv": [49, 51], "uv_size": [0.875, -2]}
							}
						}
					]
				},
				{
					"name": "shg43_3",
					"parent": "ammo_box",
					"pivot": [0.3, 7.118, 0.61],
					"rotation": [0, 0, -88]
				},
				{
					"name": "body5",
					"parent": "shg43_3",
					"pivot": [0.29844, 7.8932, 0.7116],
					"cubes": [
						{
							"origin": [0.26089, 6.92587, 0.55899],
							"size": [0.076, 0.14, 0.18],
							"uv": {
								"north": {"uv": [55, 4], "uv_size": [0.75, 1.375]},
								"east": {"uv": [16, 43], "uv_size": [1.75, 1.375]},
								"south": {"uv": [5, 55], "uv_size": [0.75, 1.375]},
								"west": {"uv": [43, 17], "uv_size": [1.75, 1.375]},
								"up": {"uv": [54, 23], "uv_size": [0.75, 1.75]},
								"down": {"uv": [24, 55.75], "uv_size": [0.75, -1.75]}
							}
						},
						{
							"origin": [0.26589, 7.06587, 0.56899],
							"size": [0.066, 0.24, 0.16],
							"uv": {
								"north": {"uv": [2, 52], "uv_size": [0.625, 2.375]},
								"east": {"uv": [30, 38], "uv_size": [1.625, 2.375]},
								"south": {"uv": [3, 52], "uv_size": [0.625, 2.375]},
								"west": {"uv": [38, 30], "uv_size": [1.625, 2.375]},
								"up": {"uv": [56, 30], "uv_size": [0.625, 1.625]},
								"down": {"uv": [31, 57.625], "uv_size": [0.625, -1.625]}
							}
						},
						{
							"origin": [0.26589, 7.06587, 0.56899],
							"size": [0.066, 0.24, 0.16],
							"pivot": [0.29889, 7.13587, 0.64899],
							"rotation": [0, 90, 0],
							"uv": {
								"north": {"uv": [4, 52], "uv_size": [0.625, 2.375]},
								"east": {"uv": [32, 38], "uv_size": [1.625, 2.375]},
								"south": {"uv": [5, 52], "uv_size": [0.625, 2.375]},
								"west": {"uv": [38, 33], "uv_size": [1.625, 2.375]},
								"up": {"uv": [32, 56], "uv_size": [0.625, 1.625]},
								"down": {"uv": [56, 33.625], "uv_size": [0.625, -1.625]}
							}
						},
						{
							"origin": [0.26565, 7.06587, 0.56909],
							"size": [0.06647, 0.24, 0.15981],
							"pivot": [0.29889, 7.13587, 0.64899],
							"rotation": [0, 45, 0],
							"uv": {
								"north": {"uv": [6, 52], "uv_size": [0.625, 2.375]},
								"east": {"uv": [38, 36], "uv_size": [1.625, 2.375]},
								"south": {"uv": [7, 52], "uv_size": [0.625, 2.375]},
								"west": {"uv": [0, 39], "uv_size": [1.625, 2.375]},
								"up": {"uv": [34, 56], "uv_size": [0.625, 1.625]},
								"down": {"uv": [56, 35.625], "uv_size": [0.625, -1.625]}
							}
						},
						{
							"origin": [0.26565, 7.06587, 0.56909],
							"size": [0.06647, 0.24, 0.15981],
							"pivot": [0.29889, 7.13587, 0.64899],
							"rotation": [0, 135, 0],
							"uv": {
								"north": {"uv": [8, 52], "uv_size": [0.625, 2.375]},
								"east": {"uv": [2, 39], "uv_size": [1.625, 2.375]},
								"south": {"uv": [9, 52], "uv_size": [0.625, 2.375]},
								"west": {"uv": [4, 39], "uv_size": [1.625, 2.375]},
								"up": {"uv": [35, 56], "uv_size": [0.625, 1.625]},
								"down": {"uv": [36, 57.625], "uv_size": [0.625, -1.625]}
							}
						},
						{
							"origin": [0.24889, 7.69587, 0.52899],
							"size": [0.1, 0.35, 0.24],
							"uv": {
								"north": {"uv": [23, 40], "uv_size": [1, 3.5]},
								"east": {"uv": [9, 29], "uv_size": [2.375, 3.5]},
								"south": {"uv": [24, 40], "uv_size": [1, 3.5]},
								"west": {"uv": [12, 29], "uv_size": [2.375, 3.5]},
								"up": {"uv": [28, 44], "uv_size": [1, 2.375]},
								"down": {"uv": [44, 31.375], "uv_size": [1, -2.375]}
							}
						},
						{
							"origin": [0.24939, 7.69587, 0.52879],
							"size": [0.099, 0.35, 0.24042],
							"pivot": [0.29889, 7.74587, 0.64899],
							"rotation": [0, 45, 0],
							"uv": {
								"north": {"uv": [40, 24], "uv_size": [1, 3.5]},
								"east": {"uv": [29, 12], "uv_size": [2.375, 3.5]},
								"south": {"uv": [25, 40], "uv_size": [1, 3.5]},
								"west": {"uv": [15, 29], "uv_size": [2.375, 3.5]},
								"up": {"uv": [33, 44], "uv_size": [1, 2.375]},
								"down": {"uv": [44, 43.375], "uv_size": [1, -2.375]}
							}
						},
						{
							"origin": [0.24939, 7.69587, 0.52879],
							"size": [0.099, 0.35, 0.24042],
							"pivot": [0.29889, 7.74587, 0.64899],
							"rotation": [0, -45, 0],
							"uv": {
								"north": {"uv": [26, 40], "uv_size": [1, 3.5]},
								"east": {"uv": [29, 16], "uv_size": [2.375, 3.5]},
								"south": {"uv": [27, 40], "uv_size": [1, 3.5]},
								"west": {"uv": [30, 20], "uv_size": [2.375, 3.5]},
								"up": {"uv": [44, 44], "uv_size": [1, 2.375]},
								"down": {"uv": [45, 7.375], "uv_size": [1, -2.375]}
							}
						},
						{
							"origin": [0.24889, 7.69587, 0.52899],
							"size": [0.1, 0.35, 0.24],
							"pivot": [0.29889, 7.74587, 0.64899],
							"rotation": [0, 90, 0],
							"uv": {
								"north": {"uv": [28, 40], "uv_size": [1, 3.5]},
								"east": {"uv": [30, 24], "uv_size": [2.375, 3.5]},
								"south": {"uv": [40, 28], "uv_size": [1, 3.5]},
								"west": {"uv": [30, 28], "uv_size": [2.375, 3.5]},
								"up": {"uv": [6, 45], "uv_size": [1, 2.375]},
								"down": {"uv": [7, 47.375], "uv_size": [1, -2.375]}
							}
						},
						{
							"origin": [0.26589, 7.59587, 0.56899],
							"size": [0.066, 0.1, 0.16],
							"uv": {
								"north": {"uv": [58, 8], "uv_size": [0.625, 1]},
								"east": {"uv": [51, 17], "uv_size": [1.625, 1]},
								"south": {"uv": [58, 9], "uv_size": [0.625, 1]},
								"west": {"uv": [18, 51], "uv_size": [1.625, 1]},
								"up": {"uv": [56, 36], "uv_size": [0.625, 1.625]},
								"down": {"uv": [37, 57.625], "uv_size": [0.625, -1.625]}
							}
						},
						{
							"origin": [0.26589, 7.59587, 0.56899],
							"size": [0.066, 0.1, 0.16],
							"pivot": [0.29889, 7.66587, 0.64899],
							"rotation": [0, 90, 0],
							"uv": {
								"north": {"uv": [10, 58], "uv_size": [0.625, 1]},
								"east": {"uv": [51, 18], "uv_size": [1.625, 1]},
								"south": {"uv": [58, 10], "uv_size": [0.625, 1]},
								"west": {"uv": [51, 19], "uv_size": [1.625, 1]},
								"up": {"uv": [38, 56], "uv_size": [0.625, 1.625]},
								"down": {"uv": [56, 39.625], "uv_size": [0.625, -1.625]}
							}
						},
						{
							"origin": [0.26565, 7.59587, 0.56909],
							"size": [0.06647, 0.1, 0.15981],
							"pivot": [0.29889, 7.66587, 0.64899],
							"rotation": [0, 45, 0],
							"uv": {
								"north": {"uv": [11, 58], "uv_size": [0.625, 1]},
								"east": {"uv": [20, 51], "uv_size": [1.625, 1]},
								"south": {"uv": [58, 11], "uv_size": [0.625, 1]},
								"west": {"uv": [51, 20], "uv_size": [1.625, 1]},
								"up": {"uv": [39, 56], "uv_size": [0.625, 1.625]},
								"down": {"uv": [40, 57.625], "uv_size": [0.625, -1.625]}
							}
						},
						{
							"origin": [0.26565, 7.59587, 0.56909],
							"size": [0.06647, 0.1, 0.15981],
							"pivot": [0.29889, 7.66587, 0.64899],
							"rotation": [0, 135, 0],
							"uv": {
								"north": {"uv": [12, 58], "uv_size": [0.625, 1]},
								"east": {"uv": [51, 21], "uv_size": [1.625, 1]},
								"south": {"uv": [58, 12], "uv_size": [0.625, 1]},
								"west": {"uv": [22, 51], "uv_size": [1.625, 1]},
								"up": {"uv": [56, 40], "uv_size": [0.625, 1.625]},
								"down": {"uv": [41, 57.625], "uv_size": [0.625, -1.625]}
							}
						},
						{
							"origin": [0.26089, 6.92587, 0.55899],
							"size": [0.076, 0.14, 0.18],
							"pivot": [0.29889, 6.94587, 0.64899],
							"rotation": [0, 90, 0],
							"uv": {
								"north": {"uv": [6, 55], "uv_size": [0.75, 1.375]},
								"east": {"uv": [43, 19], "uv_size": [1.75, 1.375]},
								"south": {"uv": [55, 6], "uv_size": [0.75, 1.375]},
								"west": {"uv": [43, 21], "uv_size": [1.75, 1.375]},
								"up": {"uv": [25, 54], "uv_size": [0.75, 1.75]},
								"down": {"uv": [54, 26.75], "uv_size": [0.75, -1.75]}
							}
						},
						{
							"origin": [0.26212, 6.92587, 0.55848],
							"size": [0.07354, 0.14, 0.18102],
							"pivot": [0.29889, 6.94587, 0.64899],
							"rotation": [0, 45, 0],
							"uv": {
								"north": {"uv": [7, 55], "uv_size": [0.75, 1.375]},
								"east": {"uv": [43, 23], "uv_size": [1.75, 1.375]},
								"south": {"uv": [8, 55], "uv_size": [0.75, 1.375]},
								"west": {"uv": [43, 25], "uv_size": [1.75, 1.375]},
								"up": {"uv": [26, 54], "uv_size": [0.75, 1.75]},
								"down": {"uv": [27, 55.75], "uv_size": [0.75, -1.75]}
							}
						},
						{
							"origin": [0.26212, 6.92587, 0.55848],
							"size": [0.07354, 0.14, 0.18102],
							"pivot": [0.29889, 6.94587, 0.64899],
							"rotation": [0, 135, 0],
							"uv": {
								"north": {"uv": [55, 8], "uv_size": [0.75, 1.375]},
								"east": {"uv": [43, 27], "uv_size": [1.75, 1.375]},
								"south": {"uv": [9, 55], "uv_size": [0.75, 1.375]},
								"west": {"uv": [29, 43], "uv_size": [1.75, 1.375]},
								"up": {"uv": [54, 27], "uv_size": [0.75, 1.75]},
								"down": {"uv": [28, 55.75], "uv_size": [0.75, -1.75]}
							}
						},
						{
							"origin": [0.26089, 7.30587, 0.55899],
							"size": [0.076, 0.29, 0.18],
							"uv": {
								"north": {"uv": [41, 48], "uv_size": [0.75, 2.875]},
								"east": {"uv": [35, 21], "uv_size": [1.75, 2.875]},
								"south": {"uv": [48, 41], "uv_size": [0.75, 2.875]},
								"west": {"uv": [35, 24], "uv_size": [1.75, 2.875]},
								"up": {"uv": [29, 54], "uv_size": [0.75, 1.75]},
								"down": {"uv": [54, 30.75], "uv_size": [0.75, -1.75]}
							}
						},
						{
							"origin": [0.26089, 7.30587, 0.55899],
							"size": [0.076, 0.29, 0.18],
							"pivot": [0.29889, 7.32587, 0.64899],
							"rotation": [0, 90, 0],
							"uv": {
								"north": {"uv": [42, 48], "uv_size": [0.75, 2.875]},
								"east": {"uv": [35, 27], "uv_size": [1.75, 2.875]},
								"south": {"uv": [43, 48], "uv_size": [0.75, 2.875]},
								"west": {"uv": [30, 35], "uv_size": [1.75, 2.875]},
								"up": {"uv": [31, 54], "uv_size": [0.75, 1.75]},
								"down": {"uv": [54, 32.75], "uv_size": [0.75, -1.75]}
							}
						},
						{
							"origin": [0.26212, 7.30587, 0.55848],
							"size": [0.07354, 0.29, 0.18102],
							"pivot": [0.29889, 7.32587, 0.64899],
							"rotation": [0, 45, 0],
							"uv": {
								"north": {"uv": [48, 44], "uv_size": [0.75, 2.875]},
								"east": {"uv": [32, 35], "uv_size": [1.75, 2.875]},
								"south": {"uv": [48, 47], "uv_size": [0.75, 2.875]},
								"west": {"uv": [0, 36], "uv_size": [1.75, 2.875]},
								"up": {"uv": [32, 54], "uv_size": [0.75, 1.75]},
								"down": {"uv": [54, 34.75], "uv_size": [0.75, -1.75]}
							}
						},
						{
							"origin": [0.26212, 7.30587, 0.55848],
							"size": [0.07354, 0.29, 0.18102],
							"pivot": [0.29889, 7.32587, 0.64899],
							"rotation": [0, 135, 0],
							"uv": {
								"north": {"uv": [0, 49], "uv_size": [0.75, 2.875]},
								"east": {"uv": [36, 0], "uv_size": [1.75, 2.875]},
								"south": {"uv": [1, 49], "uv_size": [0.75, 2.875]},
								"west": {"uv": [2, 36], "uv_size": [1.75, 2.875]},
								"up": {"uv": [34, 54], "uv_size": [0.75, 1.75]},
								"down": {"uv": [35, 55.75], "uv_size": [0.75, -1.75]}
							}
						}
					]
				},
				{
					"name": "cap5",
					"parent": "shg43_3",
					"pivot": [0.3, 7.118, 0.61],
					"cubes": [
						{
							"origin": [0.25688, 6.81587, 0.54899],
							"size": [0.084, 0.11, 0.2],
							"uv": {
								"north": {"uv": [9, 57], "uv_size": [0.875, 1.125]},
								"east": {"uv": [47, 21], "uv_size": [2, 1.125]},
								"south": {"uv": [57, 10], "uv_size": [0.875, 1.125]},
								"west": {"uv": [22, 47], "uv_size": [2, 1.125]},
								"up": {"uv": [50, 5], "uv_size": [0.875, 2]},
								"down": {"uv": [50, 17], "uv_size": [0.875, -2]}
							}
						},
						{
							"origin": [0.25688, 6.81587, 0.54899],
							"size": [0.084, 0.11, 0.2],
							"pivot": [0.29889, 6.91587, 0.64899],
							"rotation": [0, 90, 0],
							"uv": {
								"north": {"uv": [57, 12], "uv_size": [0.875, 1.125]},
								"east": {"uv": [47, 23], "uv_size": [2, 1.125]},
								"south": {"uv": [57, 14], "uv_size": [0.875, 1.125]},
								"west": {"uv": [24, 47], "uv_size": [2, 1.125]},
								"up": {"uv": [50, 17], "uv_size": [0.875, 2]},
								"down": {"uv": [50, 21], "uv_size": [0.875, -2]}
							}
						},
						{
							"origin": [0.25787, 6.81587, 0.54858],
							"size": [0.08202, 0.11, 0.20082],
							"pivot": [0.29889, 6.91587, 0.64899],
							"rotation": [0, 45, 0],
							"uv": {
								"north": {"uv": [57, 16], "uv_size": [0.875, 1.125]},
								"east": {"uv": [47, 25], "uv_size": [2, 1.125]},
								"south": {"uv": [57, 18], "uv_size": [0.875, 1.125]},
								"west": {"uv": [26, 47], "uv_size": [2, 1.125]},
								"up": {"uv": [50, 21], "uv_size": [0.875, 2]},
								"down": {"uv": [50, 25], "uv_size": [0.875, -2]}
							}
						},
						{
							"origin": [0.25787, 6.81587, 0.54858],
							"size": [0.08202, 0.11, 0.20082],
							"pivot": [0.29889, 6.91587, 0.64899],
							"rotation": [0, 135, 0],
							"uv": {
								"north": {"uv": [57, 20], "uv_size": [0.875, 1.125]},
								"east": {"uv": [47, 27], "uv_size": [2, 1.125]},
								"south": {"uv": [57, 22], "uv_size": [0.875, 1.125]},
								"west": {"uv": [28, 47], "uv_size": [2, 1.125]},
								"up": {"uv": [50, 25], "uv_size": [0.875, 2]},
								"down": {"uv": [50, 29], "uv_size": [0.875, -2]}
							}
						}
					]
				},
				{
					"name": "box",
					"parent": "ammo_box",
					"pivot": [0, 7.11167, 0.31],
					"cubes": [
						{
							"origin": [-0.66, 6.99, 0.16],
							"size": [1.32, 0.03, 0.3],
							"uv": {
								"north": {"uv": [40, 32], "uv_size": [13.25, 0.25]},
								"east": {"uv": [57, 24], "uv_size": [3, 0.25]},
								"south": {"uv": [40, 33], "uv_size": [13.25, 0.25]},
								"west": {"uv": [57, 25], "uv_size": [3, 0.25]},
								"up": {"uv": [0, 0], "uv_size": [13.25, 3]},
								"down": {"uv": [0, 6], "uv_size": [13.25, -3]}
							}
						},
						{
							"origin": [-0.66, 6.99, -0.18],
							"size": [1.32, 0.03, 0.3],
							"uv": {
								"north": {"uv": [40, 34], "uv_size": [13.25, 0.25]},
								"east": {"uv": [57, 26], "uv_size": [3, 0.25]},
								"south": {"uv": [40, 35], "uv_size": [13.25, 0.25]},
								"west": {"uv": [57, 27], "uv_size": [3, 0.25]},
								"up": {"uv": [0, 6], "uv_size": [13.25, 3]},
								"down": {"uv": [0, 12], "uv_size": [13.25, -3]}
							}
						},
						{
							"origin": [-0.285, 7.635, -0.16],
							"size": [0.27, 0.03, 0.26],
							"pivot": [-0.675, 7.65, -0.03],
							"rotation": [0, 0, 90],
							"uv": {
								"north": {"uv": [57, 30], "uv_size": [2.75, 0.25]},
								"east": {"uv": [57, 38], "uv_size": [2.625, 0.25]},
								"south": {"uv": [57, 31], "uv_size": [2.75, 0.25]},
								"west": {"uv": [57, 39], "uv_size": [2.625, 0.25]},
								"up": {"uv": [31, 0], "uv_size": [2.75, 2.625]},
								"down": {"uv": [31, 5.625], "uv_size": [2.75, -2.625]}
							}
						},
						{
							"origin": [-0.285, 7.635, 0.52],
							"size": [0.27, 0.03, 0.26],
							"pivot": [-0.675, 7.65, 0.65],
							"rotation": [0, 0, 90],
							"uv": {
								"north": {"uv": [57, 32], "uv_size": [2.75, 0.25]},
								"east": {"uv": [57, 40], "uv_size": [2.625, 0.25]},
								"south": {"uv": [57, 33], "uv_size": [2.75, 0.25]},
								"west": {"uv": [57, 41], "uv_size": [2.625, 0.25]},
								"up": {"uv": [31, 6], "uv_size": [2.75, 2.625]},
								"down": {"uv": [31, 11.625], "uv_size": [2.75, -2.625]}
							}
						},
						{
							"origin": [1.065, 7.635, -0.16],
							"size": [0.27, 0.03, 0.26],
							"pivot": [0.675, 7.65, -0.03],
							"rotation": [0, 0, 90],
							"uv": {
								"north": {"uv": [57, 34], "uv_size": [2.75, 0.25]},
								"east": {"uv": [57, 42], "uv_size": [2.625, 0.25]},
								"south": {"uv": [57, 35], "uv_size": [2.75, 0.25]},
								"west": {"uv": [57, 43], "uv_size": [2.625, 0.25]},
								"up": {"uv": [18, 31], "uv_size": [2.75, 2.625]},
								"down": {"uv": [21, 33.625], "uv_size": [2.75, -2.625]}
							}
						},
						{
							"origin": [1.065, 7.635, 0.52],
							"size": [0.27, 0.03, 0.26],
							"pivot": [0.675, 7.65, 0.65],
							"rotation": [0, 0, 90],
							"uv": {
								"north": {"uv": [57, 36], "uv_size": [2.75, 0.25]},
								"east": {"uv": [57, 44], "uv_size": [2.625, 0.25]},
								"south": {"uv": [57, 37], "uv_size": [2.75, 0.25]},
								"west": {"uv": [57, 45], "uv_size": [2.625, 0.25]},
								"up": {"uv": [24, 31], "uv_size": [2.75, 2.625]},
								"down": {"uv": [27, 33.625], "uv_size": [2.75, -2.625]}
							}
						},
						{
							"origin": [-0.66, 6.99, 0.5],
							"size": [1.32, 0.03, 0.3],
							"uv": {
								"north": {"uv": [40, 36], "uv_size": [13.25, 0.25]},
								"east": {"uv": [57, 28], "uv_size": [3, 0.25]},
								"south": {"uv": [40, 37], "uv_size": [13.25, 0.25]},
								"west": {"uv": [57, 29], "uv_size": [3, 0.25]},
								"up": {"uv": [0, 12], "uv_size": [13.25, 3]},
								"down": {"uv": [14, 3], "uv_size": [13.25, -3]}
							}
						},
						{
							"origin": [-0.66, 7.155, 0.635],
							"size": [1.32, 0.03, 0.1],
							"pivot": [0, 7.17, 0.785],
							"rotation": [90, 0, 0],
							"uv": {
								"north": {"uv": [40, 38], "uv_size": [13.25, 0.25]},
								"east": {"uv": [58, 18], "uv_size": [1, 0.25]},
								"south": {"uv": [40, 39], "uv_size": [13.25, 0.25]},
								"west": {"uv": [19, 58], "uv_size": [1, 0.25]},
								"up": {"uv": [14, 11], "uv_size": [13.25, 1]},
								"down": {"uv": [14, 13], "uv_size": [13.25, -1]}
							}
						},
						{
							"origin": [-0.075, 7.055, 0],
							"size": [0.92, 0.03, 0.1],
							"pivot": [0.645, 7.07, 0.05],
							"rotation": [0, 90, -90],
							"uv": {
								"north": {"uv": [8, 45], "uv_size": [9.25, 0.25]},
								"east": {"uv": [58, 19], "uv_size": [1, 0.25]},
								"south": {"uv": [45, 8], "uv_size": [9.25, 0.25]},
								"west": {"uv": [20, 58], "uv_size": [1, 0.25]},
								"up": {"uv": [0, 19], "uv_size": [9.25, 1]},
								"down": {"uv": [10, 20], "uv_size": [9.25, -1]}
							}
						},
						{
							"origin": [-1.365, 7.055, 0],
							"size": [0.92, 0.03, 0.1],
							"pivot": [-0.645, 7.07, 0.05],
							"rotation": [0, 90, -90],
							"uv": {
								"north": {"uv": [45, 9], "uv_size": [9.25, 0.25]},
								"east": {"uv": [58, 20], "uv_size": [1, 0.25]},
								"south": {"uv": [45, 10], "uv_size": [9.25, 0.25]},
								"west": {"uv": [21, 58], "uv_size": [1, 0.25]},
								"up": {"uv": [0, 20], "uv_size": [9.25, 1]},
								"down": {"uv": [10, 21], "uv_size": [9.25, -1]}
							}
						},
						{
							"origin": [-0.66, 7.155, -0.315],
							"size": [1.32, 0.03, 0.1],
							"pivot": [0, 7.17, -0.165],
							"rotation": [90, 0, 0],
							"uv": {
								"north": {"uv": [40, 40], "uv_size": [13.25, 0.25]},
								"east": {"uv": [58, 21], "uv_size": [1, 0.25]},
								"south": {"uv": [41, 0], "uv_size": [13.25, 0.25]},
								"west": {"uv": [22, 58], "uv_size": [1, 0.25]},
								"up": {"uv": [14, 13], "uv_size": [13.25, 1]},
								"down": {"uv": [14, 15], "uv_size": [13.25, -1]}
							}
						},
						{
							"origin": [-0.66, 7.295, -0.315],
							"size": [1.32, 0.03, 0.12],
							"pivot": [0, 7.31, -0.165],
							"rotation": [90, 0, 0],
							"uv": {
								"north": {"uv": [41, 1], "uv_size": [13.25, 0.25]},
								"east": {"uv": [13, 58], "uv_size": [1.25, 0.25]},
								"south": {"uv": [41, 2], "uv_size": [13.25, 0.25]},
								"west": {"uv": [58, 13], "uv_size": [1.25, 0.25]},
								"up": {"uv": [14, 3], "uv_size": [13.25, 1.25]},
								"down": {"uv": [14, 6.25], "uv_size": [13.25, -1.25]}
							}
						},
						{
							"origin": [-0.075, 7.195, 0],
							"size": [0.92, 0.03, 0.12],
							"pivot": [0.645, 7.21, 0.05],
							"rotation": [0, 90, -90],
							"uv": {
								"north": {"uv": [45, 11], "uv_size": [9.25, 0.25]},
								"east": {"uv": [58, 14], "uv_size": [1.25, 0.25]},
								"south": {"uv": [45, 12], "uv_size": [9.25, 0.25]},
								"west": {"uv": [15, 58], "uv_size": [1.25, 0.25]},
								"up": {"uv": [0, 15], "uv_size": [9.25, 1.25]},
								"down": {"uv": [10, 16.25], "uv_size": [9.25, -1.25]}
							}
						},
						{
							"origin": [-1.365, 7.195, 0],
							"size": [0.92, 0.03, 0.12],
							"pivot": [-0.645, 7.21, 0.05],
							"rotation": [0, 90, -90],
							"uv": {
								"north": {"uv": [45, 13], "uv_size": [9.25, 0.25]},
								"east": {"uv": [58, 15], "uv_size": [1.25, 0.25]},
								"south": {"uv": [45, 14], "uv_size": [9.25, 0.25]},
								"west": {"uv": [58, 16], "uv_size": [1.25, 0.25]},
								"up": {"uv": [0, 17], "uv_size": [9.25, 1.25]},
								"down": {"uv": [10, 18.25], "uv_size": [9.25, -1.25]}
							}
						},
						{
							"origin": [-0.66, 7.295, 0.635],
							"size": [1.32, 0.03, 0.12],
							"pivot": [0, 7.31, 0.785],
							"rotation": [90, 0, 0],
							"uv": {
								"north": {"uv": [41, 3], "uv_size": [13.25, 0.25]},
								"east": {"uv": [17, 58], "uv_size": [1.25, 0.25]},
								"south": {"uv": [41, 4], "uv_size": [13.25, 0.25]},
								"west": {"uv": [58, 17], "uv_size": [1.25, 0.25]},
								"up": {"uv": [14, 7], "uv_size": [13.25, 1.25]},
								"down": {"uv": [14, 10.25], "uv_size": [13.25, -1.25]}
							}
						}
					]
				},
				{
					"name": "positioning2",
					"parent": "root",
					"pivot": [0, 0, 1]
				},
				{
					"name": "shell",
					"parent": "positioning2",
					"pivot": [0.02, 9.1, 6.44]
				},
				{
					"name": "muzzle_flash",
					"parent": "positioning2",
					"pivot": [0, 20000, 0.28]
				},
				{
					"name": "muzzle_pos",
					"parent": "positioning2",
					"pivot": [0, 16.57, 0.11]
				},
				{
					"name": "laser_pos",
					"parent": "positioning2",
					"pivot": [8.8, 13.2, -21.5]
				},
				{
					"name": "scope_pos",
					"parent": "positioning2",
					"pivot": [7.59, 5.33, -11.3]
				},
				{
					"name": "stock_pos",
					"parent": "positioning2",
					"pivot": [0, 9.45, 14.15]
				},
				{
					"name": "grip_pos",
					"parent": "positioning2",
					"pivot": [0, 7.82, -2.5]
				},
				{
					"name": "constraint",
					"parent": "root",
					"pivot": [0, 12.275, -7]
				},
				{
					"name": "camera",
					"pivot": [0, 0, 0]
				},
				{
					"name": "positioning",
					"pivot": [0, 4, 4]
				},
				{
					"name": "ground",
					"parent": "positioning",
					"pivot": [0, 0, 0]
				},
				{
					"name": "thirdperson_hand",
					"parent": "positioning",
					"pivot": [0, 4, 0.4]
				},
				{
					"name": "fixed",
					"parent": "positioning",
					"pivot": [0, 6, 0.4],
					"rotation": [0, 90, 0]
				},
				{
					"name": "view",
					"pivot": [0, 4, 5]
				},
				{
					"name": "idle_view",
					"parent": "view",
					"pivot": [0, 10, 10]
				},
				{
					"name": "iron_view",
					"parent": "view",
					"pivot": [0, 10, 10]
				},
				{
					"name": "refit_view",
					"parent": "view",
					"pivot": [8, 14, 13],
					"rotation": [0, 90, 0]
				},
				{
					"name": "refit_muzzle_view",
					"parent": "view",
					"pivot": [7.16, 8.91, -8.53],
					"rotation": [0, 90, 0]
				},
				{
					"name": "refit_stock_view",
					"parent": "view",
					"pivot": [10.52, 8.89, 15.36],
					"rotation": [0, 90, 0]
				},
				{
					"name": "refit_scope_view",
					"parent": "view",
					"pivot": [13.7, 6.36, -4.84],
					"rotation": [0, 45, 0]
				},
				{
					"name": "refit_extended_mag_view",
					"parent": "view",
					"pivot": [23.41, 29.5, 30.52],
					"rotation": [30, 45, 0]
				},
				{
					"name": "refit_laser_view",
					"parent": "view",
					"pivot": [6.34, 9.38, -1.37]
				},
				{
					"name": "refit_grip_view",
					"parent": "view",
					"pivot": [6.45, 5.2, -2.03],
					"rotation": [0, 90, 0]
				}
			]
		}
	]
}