{
  "model": "cyber_armorer:gun/mantis_blade_geo",
  "texture": "cyber_armorer:gun/uv/mantis_blade",
  "lod": {
    "model": "cyber_armorer:gun/lod/mantis_blade",
    "texture": "cyber_armorer:gun/lod/mantis_blade"
  },
  "hud": "cyber_armorer:gun/hud/mantis_blade",
  "slot": "cyber_armorer:gun/slot/mantis_blade",
  "animation": "cyber_armorer:mantis_blade",
  "show_crosshair": true,
  "ammo_count_style": "percent",
  "damage_style": "total",
  "third_person_animation": "default",
  "state_machine": "cyber_armorer:mantis_blade_state_machine",
  "iron_zoom": 1,
  "transform": {
    "scale": {
      "thirdperson": [0.6, 0.6, 0.6],
      "ground": [0.6, 0.6, 0.6],
      "fixed": [1.2, 1.2, 1.2]
    }
  },
  "sounds": {
    "shoot": "cyber_armorer:mantis_blade/mantis_blade_shoot",
    "shoot_3p": "cyber_armorer:mantis_blade/mantis_blade_shoot_3p",
    "silence": "cyber_armorer:mantis_blade/mantis_blade_silence",
    "silence_3p": "cyber_armorer:mantis_blade/mantis_blade_silence_3p",
    "draw": "cyber_armorer:mantis_blade/mantis_blade_draw",
    "put_away": "cyber_armorer:mantis_blade/mantis_blade_put_away",
    "dry_fire": "cyber_armorer:mantis_blade/empty",
    "melee_stock": "cyber_armorer:mantis_blade/empty_sound",
    "kill": "cyber_armorer:misc/kill",
    "head_hit": "cyber_armorer:misc/headshot"
  },
  "offhand_show": {
    "pos": [1, 19, 4],
    "rotate": [0, 0, 50],
    "scale": [0.5, 0.5, 0.5]
  },
  "hotbar_show": {
    "0": {
      "pos": [-1, 19, 3],
      "rotate": [-180, 0, 130],
      "scale": [0.5, 0.5, 0.5]
    }
  }
}