{
	"format_version": "1.8.0",
	"animations": {
		"static_idle": {
			"animation_length": 0.1,
			"bones": {
				"lefthand": {
					"rotation": [91.47237, -398.26212, -126.75784],
					"position": [7.75, -13, -7.5],
					"scale": [1, 1.5, 1]
				},
				"righthand": {
					"rotation": [100.21875, 11.81504, -177.88617],
					"position": [-6.6, -14.2, 2.2],
					"scale": [1, 1.5, 1]
				},
				"constraint": {
					"rotation": [0.05, 0.2, 0.1],
					"position": [0.15, 0.2, 0.35]
				}
			}
		},
		"draw": {
			"animation_length": 0.6,
			"bones": {
				"root": {
					"rotation": {
						"0.0": [0.81, -32.64, 33.95],
						"0.0333": [0.27, -29.86, 31.4],
						"0.0667": [-0.53, -25.86, 27.73],
						"0.1": [-1.28, -21.36, 23.7],
						"0.1333": [-1.65, -17.06, 20.1],
						"0.1667": [-1.47, -12.69, 17.07],
						"0.2": [-0.93, -8.04, 14.24],
						"0.2333": [-0.31, -3.86, 11.52],
						"0.2667": [0.1, -0.92, 8.88],
						"0.3": [0.23, 0.25, 6.05],
						"0.3333": [0.22, 0.18, 3.17],
						"0.3667": [0.16, -0.37, 0.67],
						"0.4": [0.11, -0.62, -0.98],
						"0.4333": [0.05, -0.14, -0.96],
						"0.4667": [-0.01, 0.27, 0.27],
						"0.5": [-0.02, 0.27, 0.3],
						"0.5333": [-0.01, 0.19, 0.21],
						"0.5667": [0, 0.07, 0.08],
						"0.6": [0, 0, 0]
					},
					"position": {
						"0.0": [-3.18, -5.58, 24],
						"0.0333": [-2.73, -4.99, 20.05],
						"0.0667": [-2.08, -4.13, 14.3],
						"0.1": [-1.41, -3.22, 8.44],
						"0.1333": [-0.9, -2.45, 4.15],
						"0.1667": [-0.45, -1.32, 1.17],
						"0.2": [-0.25, -0.53, 0.54],
						"0.2333": [-0.14, -0.24, -0.06],
						"0.2667": [-0.07, -0.1, -0.38],
						"0.3": [-0.03, -0.04, -0.5],
						"0.3333": [-0.01, -0.05, -0.36],
						"0.3667": [-0.02, -0.14, -0.04],
						"0.4": [-0.03, -0.19, 0.17],
						"0.4333": [-0.02, -0.13, 0.02],
						"0.4667": [-0.01, -0.05, -0.18],
						"0.5": [-0.01, -0.02, -0.16],
						"0.5333": [0, -0.01, -0.07],
						"0.5667": [0, 0, 0]
					}
				},
				"lefthand": {
					"rotation": [91.47237, -398.26212, -126.75784],
					"position": [7.75, -13, -7.5],
					"scale": [1, 1.5, 1]
				},
				"righthand": {
					"rotation": {
						"0.0333": [125.83218, -9.9242, -160.40804],
						"0.1667": [100.21875, 11.81504, -177.88617],
						"0.3": [100.21875, 11.81504, -177.88617]
					},
					"position": {
						"0.0333": [-14, -15.4, 3.5],
						"0.1667": [-7.9, -14.2, 2.4],
						"0.3": [-6.6, -14.2, 2.2]
					},
					"scale": [1, 1.5, 1]
				},
				"camera": {
					"rotation": {
						"0.0": [0, 0, 0],
						"0.0333": [0.01, 0.01, 0.02],
						"0.0667": [0.03, 0.03, 0.06],
						"0.1": [0.11, 0.06, 0.13],
						"0.1333": [0.43, 0.14, 0.35],
						"0.1667": [0.76, 0.22, 0.53],
						"0.2": [0.91, 0.23, 0.52],
						"0.2333": [1.01, 0.22, 0.45],
						"0.2667": [1.02, 0.19, 0.35],
						"0.3": [0.79, 0.09, 0.05],
						"0.3333": [0.48, 0, -0.17],
						"0.3667": [0.31, -0.02, -0.02],
						"0.4": [0.17, -0.01, 0.19],
						"0.4333": [-0.17, -0.01, 0.09],
						"0.4667": [-0.11, 0, 0.01],
						"0.5": [0, 0, -0.05],
						"0.5333": [0.01, 0, -0.05],
						"0.5667": [0.01, 0, -0.02],
						"0.6": [0, 0, 0]
					}
				}
			},
			"sound_effects": {
				"0.0": {
					"effect": "wfoly_plr_sm_uzulu_raise_up"
				}
			}
		},
		"put_away": {
			"animation_length": 0.4333,
			"bones": {
				"root": {
					"rotation": {
						"0.0": [0, 0, 0],
						"0.0333": [-0.73, -0.37, 2.96],
						"0.0667": [-1.62, -0.81, 7.37],
						"0.1": [-3.72, -1.98, 11.25],
						"0.1333": [-8.1, -4.56, 12.61],
						"0.1667": [-16.37, -9.07, 10.1],
						"0.2": [-27.52, -15.04, 5.05],
						"0.2333": [-38.69, -21.66, -0.49],
						"0.2667": [-46.98, -28.1, -4.48],
						"0.3": [-51.39, -34.85, -6.32],
						"0.3333": [-53.55, -42.12, -7.11],
						"0.3667": [-54.49, -48.64, -7.37],
						"0.4": [-55.27, -53.19, -7.61],
						"0.4333": [-55.27, -53.19, -7.61]
					},
					"position": {
						"0.0": [0, 0, 0],
						"0.0333": [0.17, -0.22, 0],
						"0.0667": [0.4, -0.52, 0],
						"0.1": [0.69, -0.93, 0],
						"0.1333": [1.05, -1.48, 0],
						"0.1667": [1.62, -2.08, 0],
						"0.2": [2.3, -2.9, 0],
						"0.2333": [3.05, -5, 0],
						"0.2667": [3.49, -7.03, 0],
						"0.3": [3.99, -9.74, 0],
						"0.3333": [4.51, -12.77, 0],
						"0.3667": [5.01, -15.76, 0],
						"0.4": [5.43, -18.32, 0],
						"0.4333": [5.73, -20.1, 0]
					}
				},
				"lefthand": {
					"rotation": [91.47237, -398.26212, -126.75784],
					"position": [7.75, -13, -7.5],
					"scale": [1, 1.5, 1]
				},
				"righthand": {
					"rotation": {
						"0.0": [100.21875, 11.81504, -177.88617],
						"0.1": [105.94152, 22.99469, -163.42299],
						"0.2": [71.66157, 23.27575, -132.82994]
					},
					"position": {
						"0.0": [-6.6, -14.2, 2.2],
						"0.1": [-7.95823, -15.99396, 1.84695],
						"0.1333": [-8.89145, -16.58212, 3.16495],
						"0.2": [-12.4662, -13.51428, 7.08287],
						"0.3333": [-16.28427, -3.9932, 5.33164],
						"0.4333": [-16.28, -3.99, 5.33]
					},
					"scale": [1, 1.5, 1]
				},
				"camera": {
					"rotation": {
						"0.0": [0, 0, 0],
						"0.0333": [0.05, 0, -0.02],
						"0.0667": [0.12, 0, -0.04],
						"0.1": [0.18, 0, -0.07],
						"0.1333": [0.18, 0, -0.1],
						"0.1667": [0.07, 0, -0.14],
						"0.2": [-0.1, 0, -0.2],
						"0.2333": [-0.26, 0, -0.24],
						"0.2667": [-0.35, 0, -0.25],
						"0.3": [-0.32, 0, -0.21],
						"0.3333": [-0.21, 0, -0.13],
						"0.3667": [-0.08, 0, -0.05],
						"0.4": [0, 0, 0]
					}
				}
			},
			"sound_effects": {
				"0.0": {
					"effect": "wfoly_plr_sm_uzulu_drop_quick_down"
				}
			}
		},
		"reload_tactical": {
			"animation_length": 2.1333,
			"bones": {
				"9mm2": {
					"position": {
						"0.0": [0, 1, 0],
						"1.9": [0, 1, 0]
					}
				},
				"root": {
					"rotation": {
						"0.0": {
							"post": [0, 0, 0],
							"lerp_mode": "catmullrom"
						},
						"0.1": {
							"post": [-6.0138, -4.32632, -1.32223],
							"lerp_mode": "catmullrom"
						},
						"0.2": {
							"post": [-12.12464, -6.97892, -12.11251],
							"lerp_mode": "catmullrom"
						},
						"0.2667": {
							"post": [-15.76216, -11.2285, -22.20705],
							"lerp_mode": "catmullrom"
						},
						"0.3667": {
							"post": [-19.26364, -12.64972, -25.48627],
							"lerp_mode": "catmullrom"
						},
						"0.5": {
							"post": [-20.14, -12.66, -25.87],
							"lerp_mode": "catmullrom"
						},
						"0.6": {
							"post": [-19.40168, -11.75024, -18.39142],
							"lerp_mode": "catmullrom"
						},
						"0.6667": {
							"post": [-22.27673, -13.93474, -29.1944],
							"lerp_mode": "catmullrom"
						},
						"0.7333": {
							"post": [-24.41942, -11.65156, -23.96836],
							"lerp_mode": "catmullrom"
						},
						"0.8333": {
							"post": [-19.42993, -16.93624, -30.78823],
							"lerp_mode": "catmullrom"
						},
						"0.9333": {
							"post": [-18.49657, -19.78822, -32.86998],
							"lerp_mode": "catmullrom"
						},
						"1.0": {
							"post": [-14.47847, -20.52419, -34.82557],
							"lerp_mode": "catmullrom"
						},
						"1.1": [-14.96726, -19.85815, -33.26856],
						"1.1667": [-17.23187, -19.07921, -32.38322],
						"1.2": [-14.09241, -19.3756, -25.95664],
						"1.2333": [-12.50012, -19.21131, -30.14353],
						"1.3": {
							"pre": [-7.31013, -16.97711, -23.25199],
							"post": [-7.31013, -16.97711, -23.25199],
							"lerp_mode": "catmullrom"
						},
						"1.4": {
							"post": [-3.18201, -9.46254, -25.94723],
							"lerp_mode": "catmullrom"
						},
						"1.5333": {
							"post": [-1.72689, -3.60464, -2.98213],
							"lerp_mode": "catmullrom"
						},
						"1.6333": {
							"post": [-0.63203, -0.3656, 2.89976],
							"lerp_mode": "catmullrom"
						},
						"1.7": {
							"post": [-0.62874, -0.45928, -0.97511],
							"lerp_mode": "catmullrom"
						},
						"1.8333": {
							"post": [0, 0, 0.05],
							"lerp_mode": "catmullrom"
						},
						"1.9667": {
							"post": [0, 0, 0],
							"lerp_mode": "catmullrom"
						}
					},
					"position": {
						"0.0": {
							"post": [0, 0, 0],
							"lerp_mode": "catmullrom"
						},
						"0.1": {
							"post": [-0.32, -0.795, 0.1],
							"lerp_mode": "catmullrom"
						},
						"0.2": [-1.315, -0.145, 0.3],
						"0.2667": {
							"pre": [-1.445, 0.95, 0.3],
							"post": [-1.445, 0.95, 0.3],
							"lerp_mode": "catmullrom"
						},
						"0.3667": {
							"post": [-1.365, 1.26, 0.35],
							"lerp_mode": "catmullrom"
						},
						"0.4667": {
							"post": [-1.24, 0.79, 0.38],
							"lerp_mode": "catmullrom"
						},
						"0.6": {
							"post": [-1.17, 0.5, 0.4],
							"lerp_mode": "catmullrom"
						},
						"0.6667": {
							"post": [-1.865, 1.6, 0.35],
							"lerp_mode": "catmullrom"
						},
						"0.7667": {
							"post": [-2.02, 1.8, 0.4],
							"lerp_mode": "catmullrom"
						},
						"0.8667": {
							"post": [-1.9, 0.98, 0.61],
							"lerp_mode": "catmullrom"
						},
						"1.0333": {
							"post": [-1.43, 1.335, 1.03],
							"lerp_mode": "catmullrom"
						},
						"1.1": {
							"post": [-0.98, 1.195, 1.35],
							"lerp_mode": "catmullrom"
						},
						"1.1667": {
							"post": [-0.52, -0.215, 1.35],
							"lerp_mode": "catmullrom"
						},
						"1.2333": {
							"post": [-0.705, 0.16, 1.35],
							"lerp_mode": "catmullrom"
						},
						"1.3": {
							"post": [-0.72, 0.265, 0.5],
							"lerp_mode": "catmullrom"
						},
						"1.4": {
							"post": [-0.445, -0.3, 0.075],
							"lerp_mode": "catmullrom"
						},
						"1.5333": {
							"post": [-0.31, -0.9, -1.705],
							"lerp_mode": "catmullrom"
						},
						"1.6333": {
							"post": [-0.06, -0.65, -0.425],
							"lerp_mode": "catmullrom"
						},
						"1.7": {
							"post": [-0.02, -0.315, 0.37],
							"lerp_mode": "catmullrom"
						},
						"1.7667": {
							"post": [0, -0.05, 0.25],
							"lerp_mode": "catmullrom"
						},
						"1.8333": {
							"post": [0, -0.11, -0.09],
							"lerp_mode": "catmullrom"
						},
						"1.9333": {
							"post": [0, 0, 0.025],
							"lerp_mode": "catmullrom"
						},
						"2.0333": {
							"post": [0, 0, 0],
							"lerp_mode": "catmullrom"
						}
					}
				},
				"mag_and_lefthand": {
					"rotation": {
						"0.0": [0, 0, 0],
						"0.0333": [-0.08, -0.4, -2.51],
						"0.0667": [-0.15, -0.8, -5.03],
						"0.1": [-0.23, -1.2, -7.54],
						"0.1333": [-0.3, -1.6, -10.05],
						"0.1667": [-0.38, -2, -12.56],
						"0.2": [-0.46, -2.4, -15.08],
						"0.2333": [-0.53, -2.8, -17.59],
						"0.2667": [-0.61, -3.2, -20.1],
						"0.3": [-0.68, -3.6, -22.62],
						"0.3333": [-0.76, -4, -25.13],
						"0.3667": [-0.84, -4.4, -27.64],
						"0.4": [-0.91, -4.8, -30.16],
						"0.4333": [-0.99, -5.2, -32.67],
						"0.4667": [-1.06, -5.6, -35.18],
						"0.5": [-1.06, -5.6, -35.18],
						"0.5333": [-1.06, -5.6, -35.18],
						"0.5667": [-1.06, -5.6, -35.18],
						"0.6": [-1.06, -5.6, -35.18],
						"0.6333": [2.93, -7.12, -31.32],
						"0.6667": [6.92, -8.65, -27.47],
						"0.7": [10.92, -10.18, -23.61],
						"0.7333": [14.91, -11.71, -19.75],
						"0.7667": [13.85, -10.65, -16.48],
						"0.8": [11.18, -8.69, -12.76],
						"0.8333": [7.62, -6.24, -8.91],
						"0.8667": [3.87, -3.69, -5.28],
						"0.9": [0.63, -1.48, -2.2],
						"0.9333": [-1.37, 0, 0],
						"0.9667": [-1.14, 0.73, 1.23],
						"1.0": [1, 0, 0],
						"1.0333": [0.65, 0, 0],
						"1.0667": [0, 0, 0]
					},
					"position": {
						"0.0": [0, 0, 0],
						"0.0333": [0.36, -1.43, 1.52],
						"0.0667": [0.71, -2.86, 3.04],
						"0.1": [1.07, -4.29, 4.56],
						"0.1333": [1.43, -5.73, 6.08],
						"0.1667": [1.78, -7.16, 7.6],
						"0.2": [2.14, -8.59, 9.11],
						"0.2333": [2.5, -10.02, 10.63],
						"0.2667": [2.85, -11.45, 12.15],
						"0.3": [3.21, -12.88, 13.67],
						"0.3333": [2.78, -10.88, 9.65],
						"0.3667": [2.35, -8.88, 5.62],
						"0.4": [0.61, -6.26, 3.57],
						"0.4333": [-1.13, -3.63, 1.52],
						"0.4667": [-2.87, -1, -0.52],
						"0.5": [-2.87, -1, -0.52],
						"0.5333": [-2.87, -1, -0.52],
						"0.5667": [-2.87, -1, -0.52],
						"0.6": [-2.87, -1, -0.52],
						"0.6333": [-2.92, -2.22, 0.645],
						"0.7333": [-3.07, -3.5, 1.79],
						"0.8333": [-1.58, -5.725, 2.07],
						"0.9333": [0.11, -4.685, 1.585],
						"1.1": [0, -4.575, 1.395],
						"1.1333": [0, -2.99, 0.995],
						"1.1667": [0, 0, 0]
					}
				},
				"lefthand": {
					"rotation": {
						"0.0": [91.47237, -398.26212, -126.75784],
						"0.1333": [93.37169, -418.30627, -140.58333],
						"0.3333": [109.48767, -416.18218, -86.28955],
						"0.6": [88.50165, -416.2867, -79.09184],
						"0.7333": [66.00165, -416.2867, -79.09184],
						"0.8667": [88.5, -416.29, -79.09],
						"1.3": [88.50165, -416.2867, -79.09184],
						"1.4333": [114.26, -415.57, -164.59],
						"1.5333": [114.26, -415.57, -164.59],
						"1.6333": [105.98075, -404.16166, -134.24557],
						"1.7": [91.47237, -398.26212, -126.75784]
					},
					"position": {
						"0.0": [7.75, -13, -7.5],
						"0.0667": [11.085, -12.51, -2.52],
						"0.2": [15.105, -15.78, -0.57],
						"0.3333": [8.775, -19.05, 5.375],
						"0.6": [8.775, -19.05, 5.375],
						"0.7333": [8.95139, -19.51628, 5.375],
						"0.8667": [8.95139, -19.52, 5.5],
						"1.1": [8.95139, -19.52, 5.5],
						"1.3": [8.95139, -19.52, 5.5],
						"1.4333": [11.91, -26.01, 6.77],
						"1.5333": [11.91, -26.01, 6.77],
						"1.5667": [13.16, -18.805, 0.89],
						"1.6333": [9.1, -13.875, -7.7],
						"1.7": [7.75, -13, -7.5]
					},
					"scale": [1, 1.5, 1]
				},
				"mag_and_bullet": {
					"scale": {
						"0.0": [0, 0, 0],
						"0.3": {"pre": [0, 0, 0], "post": [1, 1, 1]}
					}
				},
				"bullet": {
					"scale": {
						"0.0": [0, 0, 0],
						"0.3": {"pre": [0, 0, 0], "post": [1, 1, 1]}
					}
				},
				"righthand": {
					"rotation": [100.21875, 11.81504, -177.88617],
					"position": {
						"0.0": [-6.6, -14.2, 2.2],
						"0.1": [-8.05, -14.2, 2.2],
						"1.4333": [-8.05, -14.2, 2.2],
						"1.5333": [-6.6, -14.2, 2.2]
					},
					"scale": [1, 1.5, 1]
				},
				"constraint": {
					"rotation": {
						"1.7": [0.05, 0.05, 0.08],
						"1.8667": [0.05, 0.2, 0.1]
					},
					"position": {
						"1.7": [0.06, 0.06, 0.06],
						"1.8667": [0.15, 0.2, 0.35]
					}
				},
				"camera": {
					"rotation": {
						"0.0": [0, 0, 0],
						"0.0333": [-0.01, 0, -0.02],
						"0.0667": [-0.01, 0.01, -0.06],
						"0.1": [0.19, 0.04, -0.2],
						"0.1333": [0.58, 0.07, -0.43],
						"0.1667": [1.13, 0.12, -0.75],
						"0.2": [1.68, 0.17, -1.06],
						"0.2333": [2.09, 0.21, -1.27],
						"0.2667": [2.31, 0.23, -1.35],
						"0.3": [2.43, 0.24, -1.35],
						"0.3333": [2.47, 0.25, -1.31],
						"0.3667": [2.46, 0.25, -1.28],
						"0.4": [2.4, 0.23, -1.27],
						"0.4333": [2.3, 0.21, -1.24],
						"0.4667": [2.17, 0.19, -1.21],
						"0.5": [2.03, 0.16, -1.18],
						"0.5333": [1.92, 0.14, -1.17],
						"0.5667": [1.84, 0.12, -1.17],
						"0.6": [1.83, 0.1, -1.2],
						"0.6333": [2.31, 0.08, -1.6],
						"0.6667": [2.8, 0.08, -1.91],
						"0.7": [2.73, 0.05, -1.71],
						"0.7333": [2.49, 0.01, -1.34],
						"0.7667": [2.21, -0.02, -1.13],
						"0.8": [1.89, -0.07, -1.29],
						"0.8333": [1.52, -0.11, -1.61],
						"0.8667": [1.26, -0.15, -1.8],
						"0.9": [1.16, -0.17, -1.75],
						"0.9333": [1.12, -0.19, -1.61],
						"0.9667": [1.14, -0.2, -1.45],
						"1.0": [1.2, -0.2, -1.33],
						"1.0333": [1.28, -0.19, -1.29],
						"1.0667": [1.4, -0.18, -1.3],
						"1.1": [1.55, -0.16, -1.31],
						"1.1333": [1.72, -0.14, -1.28],
						"1.1667": [1.93, -0.12, -1.2],
						"1.2": [2.74, -0.1, -0.52],
						"1.2333": [3.33, -0.07, -0.07],
						"1.2667": [2.87, -0.04, -0.9],
						"1.3": [2.23, 0, -1.8],
						"1.3333": [2.15, 0.01, -1.76],
						"1.3667": [2.18, 0.01, -1.48],
						"1.4": [2.15, 0.02, -1.25],
						"1.4333": [2, 0.03, -1.21],
						"1.4667": [1.79, 0.05, -1.23],
						"1.5": [1.53, 0.05, -1.2],
						"1.5333": [0.96, 0.03, -0.99],
						"1.5667": [0.41, 0.01, -0.72],
						"1.6": [0.23, 0, -0.59],
						"1.6333": [0.09, 0, -0.45],
						"1.6667": [-0.02, 0, -0.31],
						"1.7": [-0.07, 0, -0.17],
						"1.7333": [0.01, 0.01, 0.18],
						"1.7667": [0.12, 0.03, 0.35],
						"1.8": [0.02, 0.03, 0.11],
						"1.8333": [-0.12, 0.03, -0.29],
						"1.8667": [-0.2, 0.03, -0.52],
						"1.9": [-0.16, 0.01, -0.47],
						"1.9333": [-0.06, 0, -0.3],
						"1.9667": [0.04, -0.02, -0.11],
						"2.0": [0.1, -0.02, 0.03],
						"2.0333": [0.1, -0.02, 0.06],
						"2.0667": [0.07, -0.02, 0.05],
						"2.1": [0.03, -0.01, 0.02],
						"2.1333": [0, 0, 0]
					}
				},
				"additional_magazine": {
					"rotation": {
						"0.6": [0, 0, 0],
						"0.6333": [0.19, 0.25, 0.02],
						"0.6667": [0.52, 0.67, 0.05],
						"0.7": [0.58, 0.75, 0.05],
						"0.7333": [0, 0, 0],
						"0.7667": [-0.99, -1.36, -0.15],
						"0.8": [-2.45, -3.41, -0.42],
						"0.8333": [-4.13, -5.75, -0.71],
						"0.8667": [-5.81, -8, -0.93],
						"0.9": [-7.26, -9.79, -0.98],
						"0.9333": [-8.25, -10.71, -0.76],
						"1.1": [-8.20196, -4.47988, 4.51548],
						"1.1667": [13.91882, -6.63254, 11.33053],
						"1.2333": [12.00046, -14.65229, 8.58624],
						"1.3": [12.24504, -15.44694, 9.9186],
						"1.6": [-95.60794, -26.88896, 2.54272]
					},
					"position": {
						"0.3667": [0, 0, 0],
						"0.4": [0, 0, 0],
						"0.4333": [0, 0, 0],
						"0.4667": [0, 0, 0],
						"0.5": [0, 0, 0],
						"0.5333": [0, 0, 0],
						"0.5667": [0, 0, 0],
						"0.6": [0, 0, 0],
						"0.7333": [0, -6.1, 2.4],
						"0.8333": [1.64, -7.3, 2.4],
						"0.8667": [2.19, -7.17, 2.4],
						"0.9": [2.73, -7.05, 2.4],
						"0.9333": [3.28, -6.92, 2.4],
						"1.1": [2.575, -6.925, 2.4],
						"1.1667": [2.35, -0.5, 0],
						"1.3": [2.35, -0.5, 0],
						"1.4333": [5.26609, -6.16381, 1.35757],
						"1.5667": [6.54181, -11.93369, 7.00118]
					},
					"scale": {
						"0.0": [1, 1, 1],
						"1.5": {"pre": [1, 1, 1], "post": [0, 0, 0]}
					}
				}
			},
			"sound_effects": {
				"0.0333": {
					"effect": "wfoly_plr_sm_uzulu_raise_quick_up"
				},
				"0.2333": {
					"effect": "wfoly_plr_sm_uzulu_reload_empty_fast_tilt"
				},
				"0.5": {
					"effect": "wfoly_plr_sm_uzulu_reload_magout_01"
				},
				"0.9333": {
					"effect": "wfoly_plr_sm_uzulu_reload_magin_01"
				},
				"1.3333": {
					"effect": "wfoly_plr_sm_uzulu_reload_end"
				}
			}
		},
		"reload_empty": {
			"animation_length": 2.5,
			"bones": {
				"9mm2": {
					"position": {
						"0.0": [0, 1, 0],
						"1.9": [0, 1, 0]
					}
				},
				"root": {
					"rotation": {
						"0.0": {
							"post": [0, 0, 0],
							"lerp_mode": "catmullrom"
						},
						"0.1": {
							"post": [-6.0138, -4.32632, -1.32223],
							"lerp_mode": "catmullrom"
						},
						"0.2": {
							"post": [-12.12464, -6.97892, -12.11251],
							"lerp_mode": "catmullrom"
						},
						"0.2667": {
							"post": [-15.76216, -11.2285, -22.20705],
							"lerp_mode": "catmullrom"
						},
						"0.3667": {
							"post": [-19.26364, -12.64972, -25.48627],
							"lerp_mode": "catmullrom"
						},
						"0.5": {
							"post": [-20.14, -12.66, -25.87],
							"lerp_mode": "catmullrom"
						},
						"0.6": {
							"post": [-19.40168, -11.75024, -18.39142],
							"lerp_mode": "catmullrom"
						},
						"0.6667": {
							"post": [-22.27673, -13.93474, -29.1944],
							"lerp_mode": "catmullrom"
						},
						"0.7333": {
							"post": [-24.41942, -11.65156, -23.96836],
							"lerp_mode": "catmullrom"
						},
						"0.8333": {
							"post": [-19.42993, -16.93624, -30.78823],
							"lerp_mode": "catmullrom"
						},
						"0.9333": {
							"post": [-18.49657, -19.78822, -32.86998],
							"lerp_mode": "catmullrom"
						},
						"1.0": {
							"post": [-14.47847, -20.52419, -34.82557],
							"lerp_mode": "catmullrom"
						},
						"1.1": [-14.96726, -19.85815, -33.26856],
						"1.1667": [-17.23187, -19.07921, -32.38322],
						"1.2": [-14.09241, -19.3756, -25.95664],
						"1.2333": [-12.50012, -19.21131, -30.14353],
						"1.3": {
							"pre": [-7.31013, -16.97711, -23.25199],
							"post": [-7.31013, -16.97711, -23.25199],
							"lerp_mode": "catmullrom"
						},
						"1.4": {
							"post": [-3.18201, -9.46254, -25.94723],
							"lerp_mode": "catmullrom"
						},
						"1.5333": {
							"post": [-1.72689, -3.60464, -2.98213],
							"lerp_mode": "catmullrom"
						},
						"1.6333": {
							"post": [0, 0, 0],
							"lerp_mode": "catmullrom"
						},
						"1.7333": {
							"post": [-0.66146, 0.09724, 2.9697],
							"lerp_mode": "catmullrom"
						},
						"1.8": {
							"post": [1.20864, -0.15998, -5.55692],
							"lerp_mode": "catmullrom"
						},
						"1.9": {
							"post": [0.98181, -0.6625, 1.91405],
							"lerp_mode": "catmullrom"
						},
						"2.0": {
							"post": [-1.71, -0.37, 1.88],
							"lerp_mode": "catmullrom"
						},
						"2.0333": {
							"post": [-1.55, -0.09, 1.15],
							"lerp_mode": "catmullrom"
						},
						"2.1": {
							"post": [0.03185, -0.00802, -0.23047],
							"lerp_mode": "catmullrom"
						},
						"2.1667": {
							"post": [0.40114, 0.01284, 1.88038],
							"lerp_mode": "catmullrom"
						},
						"2.2667": {
							"post": [0.02586, -0.00005, -2.13929],
							"lerp_mode": "catmullrom"
						},
						"2.4": {
							"post": [0, 0, 0],
							"lerp_mode": "catmullrom"
						}
					},
					"position": {
						"0.0": {
							"post": [0, 0, 0],
							"lerp_mode": "catmullrom"
						},
						"0.1": {
							"post": [-0.32, -0.795, 0.1],
							"lerp_mode": "catmullrom"
						},
						"0.2": [-1.315, -0.145, 0.3],
						"0.2667": {
							"pre": [-1.445, 0.95, 0.3],
							"post": [-1.445, 0.95, 0.3],
							"lerp_mode": "catmullrom"
						},
						"0.3667": {
							"post": [-1.365, 1.26, 0.35],
							"lerp_mode": "catmullrom"
						},
						"0.4667": {
							"post": [-1.24, 0.79, 0.38],
							"lerp_mode": "catmullrom"
						},
						"0.6": {
							"post": [-1.17, 0.5, 0.4],
							"lerp_mode": "catmullrom"
						},
						"0.6667": {
							"post": [-1.865, 1.6, 0.35],
							"lerp_mode": "catmullrom"
						},
						"0.7667": {
							"post": [-2.02, 1.8, 0.4],
							"lerp_mode": "catmullrom"
						},
						"0.8667": {
							"post": [-1.9, 0.98, 0.61],
							"lerp_mode": "catmullrom"
						},
						"1.0333": {
							"post": [-1.43, 1.335, 1.03],
							"lerp_mode": "catmullrom"
						},
						"1.1": {
							"post": [-0.98, 1.195, 1.35],
							"lerp_mode": "catmullrom"
						},
						"1.1667": {
							"post": [-0.52, -0.215, 1.35],
							"lerp_mode": "catmullrom"
						},
						"1.2333": {
							"post": [-0.705, 0.16, 1.35],
							"lerp_mode": "catmullrom"
						},
						"1.3": {
							"post": [-0.72, 0.265, 0.5],
							"lerp_mode": "catmullrom"
						},
						"1.4": {
							"post": [-0.445, -0.3, 0.075],
							"lerp_mode": "catmullrom"
						},
						"1.5333": {
							"post": [-0.31, -0.9, -1.705],
							"lerp_mode": "catmullrom"
						},
						"1.6333": {
							"post": [0, 0, 0],
							"lerp_mode": "catmullrom"
						},
						"1.7333": {
							"post": [0, -0.125, 0],
							"lerp_mode": "catmullrom"
						},
						"1.8": [-0.05757, -0.39924, 0.1],
						"1.9": [-0.15, -0.445, -0.11],
						"1.9333": {
							"pre": [-0.15, -0.34, -0.185],
							"post": [-0.15, -0.34, -0.185],
							"lerp_mode": "catmullrom"
						},
						"2.0333": {
							"post": [-0.15, -0.35, -0.25],
							"lerp_mode": "catmullrom"
						},
						"2.1333": {
							"post": [-0.08, -0.25, -0.045],
							"lerp_mode": "catmullrom"
						},
						"2.2333": {
							"post": [0, -0.125, 0.075],
							"lerp_mode": "catmullrom"
						},
						"2.3667": {
							"post": [0, 0, 0.025],
							"lerp_mode": "catmullrom"
						},
						"2.4667": {
							"post": [0, 0, 0],
							"lerp_mode": "catmullrom"
						}
					}
				},
				"mag_and_lefthand": {
					"rotation": {
						"0.0": [0, 0, 0],
						"0.0333": [-0.08, -0.4, -2.51],
						"0.0667": [-0.15, -0.8, -5.03],
						"0.1": [-0.23, -1.2, -7.54],
						"0.1333": [-0.3, -1.6, -10.05],
						"0.1667": [-0.38, -2, -12.56],
						"0.2": [-0.46, -2.4, -15.08],
						"0.2333": [-0.53, -2.8, -17.59],
						"0.2667": [-0.61, -3.2, -20.1],
						"0.3": [-0.68, -3.6, -22.62],
						"0.3333": [-0.76, -4, -25.13],
						"0.3667": [-0.84, -4.4, -27.64],
						"0.4": [-0.91, -4.8, -30.16],
						"0.4333": [-0.99, -5.2, -32.67],
						"0.4667": [-1.06, -5.6, -35.18],
						"0.5": [-1.06, -5.6, -35.18],
						"0.5333": [-1.06, -5.6, -35.18],
						"0.5667": [-1.06, -5.6, -35.18],
						"0.6": [-1.06, -5.6, -35.18],
						"0.6333": [2.93, -7.12, -31.32],
						"0.6667": [6.92, -8.65, -27.47],
						"0.7": [10.92, -10.18, -23.61],
						"0.7333": [14.91, -11.71, -19.75],
						"0.7667": [13.85, -10.65, -16.48],
						"0.8": [11.18, -8.69, -12.76],
						"0.8333": [7.62, -6.24, -8.91],
						"0.8667": [3.87, -3.69, -5.28],
						"0.9": [0.63, -1.48, -2.2],
						"0.9333": [-1.37, 0, 0],
						"0.9667": [-1.14, 0.73, 1.23],
						"1.0": [1, 0, 0],
						"1.0333": [0.65, 0, 0],
						"1.0667": [0, 0, 0]
					},
					"position": {
						"0.0": [0, 0, 0],
						"0.0333": [0.36, -1.43, 1.52],
						"0.0667": [0.71, -2.86, 3.04],
						"0.1": [1.07, -4.29, 4.56],
						"0.1333": [1.43, -5.73, 6.08],
						"0.1667": [1.78, -7.16, 7.6],
						"0.2": [2.14, -8.59, 9.11],
						"0.2333": [2.5, -10.02, 10.63],
						"0.2667": [2.85, -11.45, 12.15],
						"0.3": [3.21, -12.88, 13.67],
						"0.3333": [2.78, -10.88, 9.65],
						"0.3667": [2.35, -8.88, 5.62],
						"0.4": [0.61, -6.26, 3.57],
						"0.4333": [-1.13, -3.63, 1.52],
						"0.4667": [-2.87, -1, -0.52],
						"0.5": [-2.87, -1, -0.52],
						"0.5333": [-2.87, -1, -0.52],
						"0.5667": [-2.87, -1, -0.52],
						"0.6": [-2.87, -1, -0.52],
						"0.6333": [-2.92, -2.22, 0.645],
						"0.7333": [-3.07, -3.5, 1.79],
						"0.8333": [-1.58, -5.725, 2.07],
						"0.9333": [0.11, -4.685, 1.585],
						"1.1": [0, -4.575, 1.395],
						"1.1333": [0, -2.99, 0.995],
						"1.1667": [0, 0, 0]
					}
				},
				"lefthand": {
					"rotation": {
						"0.0": [91.47237, -398.26212, -126.75784],
						"0.1333": [93.37169, -418.30627, -140.58333],
						"0.3333": [109.48767, -416.18218, -86.28955],
						"0.6": [88.50165, -416.2867, -79.09184],
						"0.7333": [66.00165, -416.2867, -79.09184],
						"0.8667": [88.5, -416.29, -79.09],
						"1.3": [88.50165, -416.2867, -79.09184],
						"1.4333": [114.26, -415.57, -164.59],
						"1.6333": [91.47237, -398.26212, -126.75784],
						"2.1": [91.47237, -398.26212, -126.75784]
					},
					"position": {
						"0.0": [7.75, -13, -7.5],
						"0.0667": [11.085, -12.51, -2.52],
						"0.2": [15.105, -15.78, -0.57],
						"0.3333": [8.775, -19.05, 5.375],
						"0.6": [8.775, -19.05, 5.375],
						"0.7333": [8.95139, -19.51628, 5.375],
						"0.8667": [8.95139, -19.52, 5.5],
						"1.1": [8.95139, -19.52, 5.5],
						"1.3": [8.95139, -19.52, 5.5],
						"1.4333": [11.91, -26.01, 6.77],
						"1.6333": [7.75, -13, -7.5],
						"1.7333": [7.75, -13, -7.5],
						"1.8": [7.35, -13.52, -4.5],
						"2.0333": [7.35, -13.52, -4.5],
						"2.1": [7.75, -13, -7.5]
					},
					"scale": [1, 1.5, 1]
				},
				"mag_and_bullet": {
					"scale": {
						"0.0": [0, 0, 0],
						"0.3": {"pre": [0, 0, 0], "post": [1, 1, 1]}
					}
				},
				"bullet": {
					"scale": {
						"0.0": [0, 0, 0],
						"0.3": {"pre": [0, 0, 0], "post": [1, 1, 1]}
					}
				},
				"righthand": {
					"rotation": [100.21875, 11.81504, -177.88617],
					"position": {
						"0.0": [-6.6, -14.2, 2.2],
						"0.1": [-8.05, -14.2, 2.2],
						"1.4333": [-8.05, -14.2, 2.2],
						"1.5333": [-6.6, -14.2, 2.2]
					},
					"scale": [1, 1.5, 1]
				},
				"constraint": {
					"rotation": {
						"1.7": [0.05, 0.05, 0.08],
						"1.8667": [0.05, 0.2, 0.1]
					},
					"position": {
						"1.7": [0.06, 0.06, 0.06],
						"1.8667": [0.15, 0.2, 0.35]
					}
				},
				"camera": {
					"rotation": {
						"0.0": [0, 0, 0],
						"0.0333": [-0.01, 0, -0.02],
						"0.0667": [-0.01, 0.01, -0.06],
						"0.1": [0.19, 0.04, -0.2],
						"0.1333": [0.58, 0.07, -0.43],
						"0.1667": [1.13, 0.12, -0.75],
						"0.2": [1.68, 0.17, -1.06],
						"0.2333": [2.09, 0.21, -1.27],
						"0.2667": [2.31, 0.23, -1.35],
						"0.3": [2.43, 0.24, -1.35],
						"0.3333": [2.47, 0.25, -1.31],
						"0.3667": [2.46, 0.25, -1.28],
						"0.4": [2.4, 0.23, -1.27],
						"0.4333": [2.3, 0.21, -1.24],
						"0.4667": [2.17, 0.19, -1.21],
						"0.5": [2.03, 0.16, -1.18],
						"0.5333": [1.92, 0.14, -1.17],
						"0.5667": [1.84, 0.12, -1.17],
						"0.6": [1.83, 0.1, -1.2],
						"0.6333": [2.31, 0.08, -1.6],
						"0.6667": [2.8, 0.08, -1.91],
						"0.7": [2.73, 0.05, -1.71],
						"0.7333": [2.49, 0.01, -1.34],
						"0.7667": [2.21, -0.02, -1.13],
						"0.8": [1.89, -0.07, -1.29],
						"0.8333": [1.52, -0.11, -1.61],
						"0.8667": [1.26, -0.15, -1.8],
						"0.9": [1.16, -0.17, -1.75],
						"0.9333": [1.12, -0.19, -1.61],
						"0.9667": [1.14, -0.2, -1.45],
						"1.0": [1.2, -0.2, -1.33],
						"1.0333": [1.28, -0.19, -1.29],
						"1.0667": [1.4, -0.18, -1.3],
						"1.1": [1.55, -0.16, -1.31],
						"1.1333": [1.72, -0.14, -1.28],
						"1.1667": [1.93, -0.12, -1.2],
						"1.2": [2.74, -0.1, -0.52],
						"1.2333": [3.33, -0.07, -0.07],
						"1.2667": [2.87, -0.04, -0.9],
						"1.3": [2.23, 0, -1.8],
						"1.3333": [2.15, 0.01, -1.76],
						"1.3667": [2.18, 0.01, -1.48],
						"1.4": [2.15, 0.02, -1.25],
						"1.4333": [2, 0.03, -1.21],
						"1.4667": [1.79, 0.05, -1.23],
						"1.5": [1.53, 0.05, -1.2],
						"1.5333": [0.96, 0.03, -0.99],
						"1.5667": [0.41, 0.01, -0.72],
						"1.6": [0.23, 0, -0.59],
						"1.6333": [0.09, 0, -0.45],
						"1.6667": [-0.02, 0, -0.31],
						"1.7": [-0.07, 0, -0.17],
						"1.7333": [0.01, 0.01, 0.18],
						"1.7667": [0.12, 0.03, 0.35],
						"1.8": [0.02, 0.03, 0.11],
						"1.8333": [-0.12, 0.03, -0.29],
						"1.8667": [-0.2, 0.03, -0.52],
						"1.9": [-0.16, 0.01, -0.47],
						"1.9333": [-0.06, 0, -0.3],
						"1.9667": [0.04, -0.02, -0.11],
						"2.0": [0.1, -0.02, 0.03],
						"2.0333": [0.1, -0.02, 0.06],
						"2.0667": [0.07, -0.02, 0.05],
						"2.1": [0.03, -0.01, 0.02],
						"2.1333": [0, 0, 0]
					}
				},
				"pump": {
					"position": {
						"1.7333": [0, 0, 0],
						"1.8": [0, 0, 3],
						"2.0333": [0, 0, 3],
						"2.0667": [0, 0, 0]
					}
				},
				"additional_magazine": {
					"rotation": {
						"0.6": [0, 0, 0],
						"0.6333": [0.19, 0.25, 0.02],
						"0.6667": [0.52, 0.67, 0.05],
						"0.7": [0.58, 0.75, 0.05],
						"0.7333": [0, 0, 0],
						"0.7667": [-0.99, -1.36, -0.15],
						"0.8": [-2.45, -3.41, -0.42],
						"0.8333": [-4.13, -5.75, -0.71],
						"0.8667": [-5.81, -8, -0.93],
						"0.9": [-7.26, -9.79, -0.98],
						"0.9333": [-8.25, -10.71, -0.76],
						"1.1": [-8.20196, -4.47988, 4.51548],
						"1.1667": [13.91882, -6.63254, 11.33053],
						"1.2333": [12.00046, -14.65229, 8.58624],
						"1.3": [12.24504, -15.44694, 9.9186],
						"1.6": [-95.60794, -26.88896, 2.54272]
					},
					"position": {
						"0.3667": [0, 0, 0],
						"0.4": [0, 0, 0],
						"0.4333": [0, 0, 0],
						"0.4667": [0, 0, 0],
						"0.5": [0, 0, 0],
						"0.5333": [0, 0, 0],
						"0.5667": [0, 0, 0],
						"0.6": [0, 0, 0],
						"0.7333": [0, -6.1, 2.4],
						"0.8333": [1.64, -7.3, 2.4],
						"0.8667": [2.19, -7.17, 2.4],
						"0.9": [2.73, -7.05, 2.4],
						"0.9333": [3.28, -6.92, 2.4],
						"1.1": [2.575, -6.925, 2.4],
						"1.1667": [2.35, -0.5, 0],
						"1.3": [2.35, -0.5, 0],
						"1.4333": [5.26609, -6.16381, 1.35757],
						"1.5667": [6.54181, -11.93369, 7.00118]
					},
					"scale": {
						"0.0": [1, 1, 1],
						"1.5": {"pre": [1, 1, 1], "post": [0, 0, 0]}
					}
				}
			},
			"sound_effects": {
				"0.0333": {
					"effect": "wfoly_plr_sm_uzulu_raise_quick_up"
				},
				"0.2333": {
					"effect": "wfoly_plr_sm_uzulu_reload_empty_fast_tilt"
				},
				"0.5": {
					"effect": "wfoly_plr_sm_uzulu_reload_magout_01"
				},
				"0.9333": {
					"effect": "wfoly_plr_sm_uzulu_reload_magin_01"
				},
				"1.3333": {
					"effect": "wfoly_plr_sm_uzulu_reload_end"
				}
			}
		},
		"bolt": {
			"animation_length": 0.75,
			"bones": {
				"lefthand": {
					"rotation": {
						"0.0": [91.47237, -398.26212, -126.75784],
						"0.4583": [91.47237, -398.26212, -126.75784]
					},
					"position": {
						"0.0": [7.75, -13, -7.5],
						"0.0833": [7.75, -13, -7.5],
						"0.1667": [7.35, -13.52, -4.5],
						"0.4167": [7.35, -13.52, -4.5],
						"0.4583": [7.75, -13, -7.5]
					},
					"scale": [1, 1.5, 1]
				},
				"righthand": {
					"rotation": [100.21875, 11.81504, -177.88617],
					"position": [-6.6, -14.2, 2.2],
					"scale": [1, 1.5, 1]
				},
				"constraint": {
					"rotation": [0.05, 0.2, 0.1],
					"position": [0.15, 0.2, 0.35]
				},
				"root": {
					"rotation": {
						"0.0": {
							"post": [0, 0, 0],
							"lerp_mode": "catmullrom"
						},
						"0.0833": {
							"post": [-0.66146, 0.09724, 2.9697],
							"lerp_mode": "catmullrom"
						},
						"0.1667": {
							"post": [1.20864, -0.15998, -5.55692],
							"lerp_mode": "catmullrom"
						},
						"0.25": {
							"post": [0.98181, -0.6625, 1.91405],
							"lerp_mode": "catmullrom"
						},
						"0.375": {
							"post": [-1.71, -0.37, 1.88],
							"lerp_mode": "catmullrom"
						},
						"0.4167": {
							"post": [-1.55, -0.09, 1.15],
							"lerp_mode": "catmullrom"
						},
						"0.4583": {
							"post": [0.03185, -0.00802, -0.23047],
							"lerp_mode": "catmullrom"
						},
						"0.5417": {
							"post": [0.40114, 0.01284, 1.88038],
							"lerp_mode": "catmullrom"
						},
						"0.625": {
							"post": [0.02586, -0.00005, -2.13929],
							"lerp_mode": "catmullrom"
						},
						"0.75": {
							"post": [0, 0, 0],
							"lerp_mode": "catmullrom"
						}
					},
					"position": {
						"0.0": {
							"post": [0, 0, 0],
							"lerp_mode": "catmullrom"
						},
						"0.0833": {
							"post": [0, -0.125, 0],
							"lerp_mode": "catmullrom"
						},
						"0.1667": [-0.05757, -0.39924, 0.1],
						"0.25": [-0.15, -0.445, -0.11],
						"0.2917": {
							"pre": [-0.15, -0.34, -0.185],
							"post": [-0.15, -0.34, -0.185],
							"lerp_mode": "catmullrom"
						},
						"0.4167": {
							"post": [-0.15, -0.35, -0.25],
							"lerp_mode": "catmullrom"
						},
						"0.5": {
							"post": [-0.08, -0.25, -0.045],
							"lerp_mode": "catmullrom"
						},
						"0.5833": {
							"post": [0, -0.125, 0.075],
							"lerp_mode": "catmullrom"
						},
						"0.75": {
							"post": [0, 0, 0],
							"lerp_mode": "catmullrom"
						}
					}
				},
				"pump": {
					"position": {
						"0.0833": [0, 0, 0],
						"0.1667": [0, 0, 3],
						"0.4167": [0, 0, 3],
						"0.4583": [0, 0, 0]
					}
				},
				"camera": {
					"rotation": {
						"0.0": {
							"post": [0, 0, 0],
							"lerp_mode": "catmullrom"
						},
						"0.0833": {
							"post": [0.4375, -0.03, 0],
							"lerp_mode": "catmullrom"
						},
						"0.1667": {
							"post": [0.4375, 0, 0],
							"lerp_mode": "catmullrom"
						},
						"0.2083": {
							"post": [0.4375, 0.0275, -0.375],
							"lerp_mode": "catmullrom"
						},
						"0.25": {
							"post": [0.4375, 0.0375, 0.5825],
							"lerp_mode": "catmullrom"
						},
						"0.375": {
							"post": [0.4375, 0.0675, -0.46],
							"lerp_mode": "catmullrom"
						},
						"0.4583": {
							"post": [0.4375, 0.0875, 0.5475],
							"lerp_mode": "catmullrom"
						},
						"0.5833": {
							"post": [-0.0625, 0, -0.1875],
							"lerp_mode": "catmullrom"
						},
						"0.6667": {
							"post": [-0.1875, -0.0925, 0],
							"lerp_mode": "catmullrom"
						},
						"0.75": {
							"post": [0, 0, 0],
							"lerp_mode": "catmullrom"
						}
					}
				}
			}
		},
		"inspect": {
			"animation_length": 3.7333,
			"bones": {
				"lefthand": {
					"rotation": [91.47237, -398.26212, -126.75784],
					"position": {
						"0.0": [7.75, -13, -7.5],
						"0.1333": [12.75, -24, 11.5],
						"1.1667": [12.75, -24, 11.5],
						"1.4": [6.5, -13.03, -7.4],
						"1.9333": [6.5, -13.03, -7.4],
						"2.1": [6.5, -13.03, -5.7],
						"2.7": [6.5, -13.03, -5.7],
						"2.7333": [6.5, -13.03, -7.4],
						"3.2": [7.75, -13, -7.5]
					},
					"scale": [1, 1.5, 1]
				},
				"righthand": {
					"rotation": [100.21875, 11.81504, -177.88617],
					"position": {
						"0.0": [-6.6, -14.2, 2.2],
						"0.2": [-7.6, -14.2, 2.2],
						"1.0667": [-7.6, -14.2, 2.2],
						"1.3": [-6.6, -14.2, 2.2]
					},
					"scale": [1, 1.5, 1]
				},
				"constraint": {
					"rotation": [0.05, 0.2, 0.1],
					"position": [0.15, 0.2, 0.35]
				},
				"root": {
					"rotation": {
						"0.0": {
							"post": [0, 0, 0],
							"lerp_mode": "catmullrom"
						},
						"0.1667": {
							"post": [-16.47921, -9.81655, -15.02475],
							"lerp_mode": "catmullrom"
						},
						"0.2667": {
							"post": [-18.40736, -26.44069, -37.68703],
							"lerp_mode": "catmullrom"
						},
						"0.4": {
							"post": [-15.96715, -36.09364, -52.92512],
							"lerp_mode": "catmullrom"
						},
						"0.5333": {
							"post": [-17.36928, -38.19063, -51.80192],
							"lerp_mode": "catmullrom"
						},
						"0.7": {
							"post": [-16.11701, -39.38218, -53.47447],
							"lerp_mode": "catmullrom"
						},
						"1.0333": {
							"post": [-18.99466, -38.25032, -48.88535],
							"lerp_mode": "catmullrom"
						},
						"1.2333": {
							"post": [-22.69787, -19.70601, -35.21184],
							"lerp_mode": "catmullrom"
						},
						"1.4": {
							"post": [-20.58, -5.66, -11.65],
							"lerp_mode": "catmullrom"
						},
						"1.6": {
							"post": [-27.50449, 20.26323, 17.53224],
							"lerp_mode": "catmullrom"
						},
						"1.7667": {
							"post": [-29.845, 29.5325, 29.3125],
							"lerp_mode": "catmullrom"
						},
						"1.9": {
							"post": [-30.9525, 30.24, 29.36375],
							"lerp_mode": "catmullrom"
						},
						"2.0333": {
							"post": [-29.02324, 30.06323, 31.64474],
							"lerp_mode": "catmullrom"
						},
						"2.1333": {
							"post": [-27.4675, 31.795, 33.36125],
							"lerp_mode": "catmullrom"
						},
						"2.2333": {
							"post": [-29.76875, 30.67875, 29.32],
							"lerp_mode": "catmullrom"
						},
						"2.3667": {
							"post": [-29.56373, 29.96896, 30.37586],
							"lerp_mode": "catmullrom"
						},
						"2.7": {
							"post": [-29.225, 29.555, 28.43],
							"lerp_mode": "catmullrom"
						},
						"2.7333": {
							"post": [-32.11369, 26.47641, 23.25753],
							"lerp_mode": "catmullrom"
						},
						"2.7667": {
							"post": [-29.9871, 29.19678, 29.03653],
							"lerp_mode": "catmullrom"
						},
						"2.8333": {
							"post": [-31.2741, 26.7239, 23.10799],
							"lerp_mode": "catmullrom"
						},
						"2.8667": {
							"post": [-25.24, 23.75, 21.28],
							"lerp_mode": "catmullrom"
						},
						"3.0667": {
							"post": [-9.2, 3.79, 8.05],
							"lerp_mode": "catmullrom"
						},
						"3.1333": {
							"post": [-5.15505, -0.93208, 3.01761],
							"lerp_mode": "catmullrom"
						},
						"3.2667": {
							"post": [-3.63, 2.24125, -3.92],
							"lerp_mode": "catmullrom"
						},
						"3.3667": {
							"post": [-0.79712, 1.52875, -1.1995],
							"lerp_mode": "catmullrom"
						},
						"3.4333": {
							"post": [0.595, 0.64, 2.28],
							"lerp_mode": "catmullrom"
						},
						"3.4667": {
							"post": [0.835, 0.19, -0.9525],
							"lerp_mode": "catmullrom"
						},
						"3.5667": {
							"post": [0, 0, 0.73125],
							"lerp_mode": "catmullrom"
						},
						"3.7": {
							"post": [0, 0, 0],
							"lerp_mode": "catmullrom"
						}
					},
					"position": {
						"0.0": {
							"post": [0, 0, 0],
							"lerp_mode": "catmullrom"
						},
						"0.1": {
							"post": [-0.13, -0.34125, 0.285],
							"lerp_mode": "catmullrom"
						},
						"0.2333": {
							"post": [-0.315, 0.6675, 0.6875],
							"lerp_mode": "catmullrom"
						},
						"0.3667": {
							"post": [-0.6, -0.04375, 0.75625],
							"lerp_mode": "catmullrom"
						},
						"0.5": {
							"post": [-0.6, 0.38125, 0.97],
							"lerp_mode": "catmullrom"
						},
						"0.7333": {
							"post": [-0.7, 0.33, 0.965],
							"lerp_mode": "catmullrom"
						},
						"1.0": {
							"post": [-0.725, 0.33, 0.965],
							"lerp_mode": "catmullrom"
						},
						"1.2": {
							"post": [-0.68, -0.245, 0.79],
							"lerp_mode": "catmullrom"
						},
						"1.5": {
							"post": [-0.61, -1.28, 0.69],
							"lerp_mode": "catmullrom"
						},
						"1.6667": {
							"post": [-0.31, 0.9375, 1.19],
							"lerp_mode": "catmullrom"
						},
						"1.7667": {
							"post": [-0.19, 1.37, 1.22],
							"lerp_mode": "catmullrom"
						},
						"1.8667": {
							"post": [-0.11, 1.3, 1.19],
							"lerp_mode": "catmullrom"
						},
						"1.9667": {
							"post": [-0.11, 1.2875, 1.19],
							"lerp_mode": "catmullrom"
						},
						"2.0333": {
							"post": [-0.09, 1.165, 1.32],
							"lerp_mode": "catmullrom"
						},
						"2.1333": {
							"post": [-0.06, 1.55, 1.515],
							"lerp_mode": "catmullrom"
						},
						"2.2667": {
							"post": [-0.06, 1.61, 1.48],
							"lerp_mode": "catmullrom"
						},
						"2.4": {
							"post": [-0.06, 1.53625, 1.42875],
							"lerp_mode": "catmullrom"
						},
						"2.6667": {
							"post": [-0.06, 1.51, 1.43],
							"lerp_mode": "catmullrom"
						},
						"2.7": {
							"post": [-0.06, 1.54125, 1.58],
							"lerp_mode": "catmullrom"
						},
						"2.7333": {
							"post": [-0.06, 1.37875, 1.705],
							"lerp_mode": "catmullrom"
						},
						"2.8333": {
							"post": [-0.06, 1.13, 1.42875],
							"lerp_mode": "catmullrom"
						},
						"3.1333": {
							"post": [-0.07, -1.21, 1.71],
							"lerp_mode": "catmullrom"
						},
						"3.3": {
							"post": [0, -0.5, 1.75],
							"lerp_mode": "catmullrom"
						},
						"3.4333": {
							"post": [0, 0, -0.5],
							"lerp_mode": "catmullrom"
						},
						"3.5333": {
							"post": [0, 0, 0.10625],
							"lerp_mode": "catmullrom"
						},
						"3.6667": {
							"post": [0, 0, -0.025],
							"lerp_mode": "catmullrom"
						},
						"3.8": {
							"post": [0, 0, 0],
							"lerp_mode": "catmullrom"
						}
					}
				},
				"pump": {
					"position": {
						"1.9333": [0, 0, 0],
						"2.1": [0, 0, 2],
						"2.7": [0, 0, 2],
						"2.7333": [0, 0, 0]
					}
				},
				"camera": {
					"rotation": {
						"0.0": {
							"post": [0, 0, 0],
							"lerp_mode": "catmullrom"
						},
						"0.1333": {
							"post": [0.42, 0.12, -0.16],
							"lerp_mode": "catmullrom"
						},
						"0.3": {
							"post": [2, 0.275, -0.375],
							"lerp_mode": "catmullrom"
						},
						"0.4333": {
							"post": [2.7, 0.33, -0.2],
							"lerp_mode": "catmullrom"
						},
						"0.5667": {
							"post": [2.345, 0.37, -0.695],
							"lerp_mode": "catmullrom"
						},
						"0.7333": {
							"post": [2.23, 0.4, -0.575],
							"lerp_mode": "catmullrom"
						},
						"1.0667": {
							"post": [2.4, 0.49, -0.79],
							"lerp_mode": "catmullrom"
						},
						"1.4": {
							"post": [2.16, 0.35, -0.925],
							"lerp_mode": "catmullrom"
						},
						"1.8667": {
							"post": [3.265, 2.9, 0.575],
							"lerp_mode": "catmullrom"
						},
						"1.9667": {
							"post": [3.3, 2.96, 0.66],
							"lerp_mode": "catmullrom"
						},
						"2.0667": {
							"post": [3.37, 2.97, 1.205],
							"lerp_mode": "catmullrom"
						},
						"2.1667": {
							"post": [4.16, 2.96, 0.27],
							"lerp_mode": "catmullrom"
						},
						"2.5": {
							"post": [3.66, 2.96, 0.82],
							"lerp_mode": "catmullrom"
						},
						"2.7": {
							"post": [3.535, 2.85, 0.975],
							"lerp_mode": "catmullrom"
						},
						"2.7667": {
							"post": [4.09, 2.75, 1.895],
							"lerp_mode": "catmullrom"
						},
						"2.8667": {
							"post": [2.74, 2.27, 0.1],
							"lerp_mode": "catmullrom"
						},
						"3.0667": {
							"post": [2.405, 0.185, 1.37],
							"lerp_mode": "catmullrom"
						},
						"3.3": {
							"post": [-0.33, -0.04, 0.51],
							"lerp_mode": "catmullrom"
						},
						"3.5": {
							"post": [-0.125, 0, -0.275],
							"lerp_mode": "catmullrom"
						},
						"3.6": {
							"post": [0.44, 0.04, 0.25],
							"lerp_mode": "catmullrom"
						},
						"3.7333": {
							"post": [-0.065, 0.02, -0.095],
							"lerp_mode": "catmullrom"
						},
						"3.8667": {
							"post": [0, 0, 0],
							"lerp_mode": "catmullrom"
						}
					}
				}
			}
		},
		"inspect_empty": {
			"animation_length": 3.7333,
			"bones": {
				"lefthand": {
					"rotation": [91.47237, -398.26212, -126.75784],
					"position": {
						"0.0": [7.75, -13, -7.5],
						"0.1333": [12.75, -24, 11.5],
						"1.1667": [12.75, -24, 11.5],
						"1.4": [6.5, -13.03, -7.4],
						"1.9333": [6.5, -13.03, -7.4],
						"2.1": [6.5, -13.03, -5.7],
						"2.7": [6.5, -13.03, -5.7],
						"2.7333": [6.5, -13.03, -7.4],
						"3.2": [7.75, -13, -7.5]
					},
					"scale": [1, 1.5, 1]
				},
				"righthand": {
					"rotation": [100.21875, 11.81504, -177.88617],
					"position": {
						"0.0": [-6.6, -14.2, 2.2],
						"0.2": [-7.6, -14.2, 2.2],
						"1.0667": [-7.6, -14.2, 2.2],
						"1.3": [-6.6, -14.2, 2.2]
					},
					"scale": [1, 1.5, 1]
				},
				"constraint": {
					"rotation": [0.05, 0.2, 0.1],
					"position": [0.15, 0.2, 0.35]
				},
				"root": {
					"rotation": {
						"0.0": {
							"post": [0, 0, 0],
							"lerp_mode": "catmullrom"
						},
						"0.1667": {
							"post": [-16.47921, -9.81655, -15.02475],
							"lerp_mode": "catmullrom"
						},
						"0.2667": {
							"post": [-18.40736, -26.44069, -37.68703],
							"lerp_mode": "catmullrom"
						},
						"0.4": {
							"post": [-15.96715, -36.09364, -52.92512],
							"lerp_mode": "catmullrom"
						},
						"0.5333": {
							"post": [-17.36928, -38.19063, -51.80192],
							"lerp_mode": "catmullrom"
						},
						"0.7": {
							"post": [-16.11701, -39.38218, -53.47447],
							"lerp_mode": "catmullrom"
						},
						"1.0333": {
							"post": [-18.99466, -38.25032, -48.88535],
							"lerp_mode": "catmullrom"
						},
						"1.2333": {
							"post": [-22.69787, -19.70601, -35.21184],
							"lerp_mode": "catmullrom"
						},
						"1.4": {
							"post": [-20.58, -5.66, -11.65],
							"lerp_mode": "catmullrom"
						},
						"1.6": {
							"post": [-27.50449, 20.26323, 17.53224],
							"lerp_mode": "catmullrom"
						},
						"1.7667": {
							"post": [-29.845, 29.5325, 29.3125],
							"lerp_mode": "catmullrom"
						},
						"1.9": {
							"post": [-30.9525, 30.24, 29.36375],
							"lerp_mode": "catmullrom"
						},
						"2.0333": {
							"post": [-29.02324, 30.06323, 31.64474],
							"lerp_mode": "catmullrom"
						},
						"2.1333": {
							"post": [-27.4675, 31.795, 33.36125],
							"lerp_mode": "catmullrom"
						},
						"2.2333": {
							"post": [-29.76875, 30.67875, 29.32],
							"lerp_mode": "catmullrom"
						},
						"2.3667": {
							"post": [-29.56373, 29.96896, 30.37586],
							"lerp_mode": "catmullrom"
						},
						"2.7": {
							"post": [-29.225, 29.555, 28.43],
							"lerp_mode": "catmullrom"
						},
						"2.7333": {
							"post": [-32.11369, 26.47641, 23.25753],
							"lerp_mode": "catmullrom"
						},
						"2.7667": {
							"post": [-29.9871, 29.19678, 29.03653],
							"lerp_mode": "catmullrom"
						},
						"2.8333": {
							"post": [-31.2741, 26.7239, 23.10799],
							"lerp_mode": "catmullrom"
						},
						"2.8667": {
							"post": [-25.24, 23.75, 21.28],
							"lerp_mode": "catmullrom"
						},
						"3.0667": {
							"post": [-9.2, 3.79, 8.05],
							"lerp_mode": "catmullrom"
						},
						"3.1333": {
							"post": [-5.15505, -0.93208, 3.01761],
							"lerp_mode": "catmullrom"
						},
						"3.2667": {
							"post": [-3.63, 2.24125, -3.92],
							"lerp_mode": "catmullrom"
						},
						"3.3667": {
							"post": [-0.79712, 1.52875, -1.1995],
							"lerp_mode": "catmullrom"
						},
						"3.4333": {
							"post": [0.595, 0.64, 2.28],
							"lerp_mode": "catmullrom"
						},
						"3.4667": {
							"post": [0.835, 0.19, -0.9525],
							"lerp_mode": "catmullrom"
						},
						"3.5667": {
							"post": [0, 0, 0.73125],
							"lerp_mode": "catmullrom"
						},
						"3.7": {
							"post": [0, 0, 0],
							"lerp_mode": "catmullrom"
						}
					},
					"position": {
						"0.0": {
							"post": [0, 0, 0],
							"lerp_mode": "catmullrom"
						},
						"0.1": {
							"post": [-0.13, -0.34125, 0.285],
							"lerp_mode": "catmullrom"
						},
						"0.2333": {
							"post": [-0.315, 0.6675, 0.6875],
							"lerp_mode": "catmullrom"
						},
						"0.3667": {
							"post": [-0.6, -0.04375, 0.75625],
							"lerp_mode": "catmullrom"
						},
						"0.5": {
							"post": [-0.6, 0.38125, 0.97],
							"lerp_mode": "catmullrom"
						},
						"0.7333": {
							"post": [-0.7, 0.33, 0.965],
							"lerp_mode": "catmullrom"
						},
						"1.0": {
							"post": [-0.725, 0.33, 0.965],
							"lerp_mode": "catmullrom"
						},
						"1.2": {
							"post": [-0.68, -0.245, 0.79],
							"lerp_mode": "catmullrom"
						},
						"1.5": {
							"post": [-0.61, -1.28, 0.69],
							"lerp_mode": "catmullrom"
						},
						"1.6667": {
							"post": [-0.31, 0.9375, 1.19],
							"lerp_mode": "catmullrom"
						},
						"1.7667": {
							"post": [-0.19, 1.37, 1.22],
							"lerp_mode": "catmullrom"
						},
						"1.8667": {
							"post": [-0.11, 1.3, 1.19],
							"lerp_mode": "catmullrom"
						},
						"1.9667": {
							"post": [-0.11, 1.2875, 1.19],
							"lerp_mode": "catmullrom"
						},
						"2.0333": {
							"post": [-0.09, 1.165, 1.32],
							"lerp_mode": "catmullrom"
						},
						"2.1333": {
							"post": [-0.06, 1.55, 1.515],
							"lerp_mode": "catmullrom"
						},
						"2.2667": {
							"post": [-0.06, 1.61, 1.48],
							"lerp_mode": "catmullrom"
						},
						"2.4": {
							"post": [-0.06, 1.53625, 1.42875],
							"lerp_mode": "catmullrom"
						},
						"2.6667": {
							"post": [-0.06, 1.51, 1.43],
							"lerp_mode": "catmullrom"
						},
						"2.7": {
							"post": [-0.06, 1.54125, 1.58],
							"lerp_mode": "catmullrom"
						},
						"2.7333": {
							"post": [-0.06, 1.37875, 1.705],
							"lerp_mode": "catmullrom"
						},
						"2.8333": {
							"post": [-0.06, 1.13, 1.42875],
							"lerp_mode": "catmullrom"
						},
						"3.1333": {
							"post": [-0.07, -1.21, 1.71],
							"lerp_mode": "catmullrom"
						},
						"3.3": {
							"post": [0, -0.5, 1.75],
							"lerp_mode": "catmullrom"
						},
						"3.4333": {
							"post": [0, 0, -0.5],
							"lerp_mode": "catmullrom"
						},
						"3.5333": {
							"post": [0, 0, 0.10625],
							"lerp_mode": "catmullrom"
						},
						"3.6667": {
							"post": [0, 0, -0.025],
							"lerp_mode": "catmullrom"
						},
						"3.8": {
							"post": [0, 0, 0],
							"lerp_mode": "catmullrom"
						}
					}
				},
				"pump": {
					"position": {
						"1.9333": [0, 0, 0],
						"2.1": [0, 0, 2],
						"2.7": [0, 0, 2],
						"2.7333": [0, 0, 0]
					}
				},
				"camera": {
					"rotation": {
						"0.0": {
							"post": [0, 0, 0],
							"lerp_mode": "catmullrom"
						},
						"0.1333": {
							"post": [0.42, 0.12, -0.16],
							"lerp_mode": "catmullrom"
						},
						"0.3": {
							"post": [2, 0.275, -0.375],
							"lerp_mode": "catmullrom"
						},
						"0.4333": {
							"post": [2.7, 0.33, -0.2],
							"lerp_mode": "catmullrom"
						},
						"0.5667": {
							"post": [2.345, 0.37, -0.695],
							"lerp_mode": "catmullrom"
						},
						"0.7333": {
							"post": [2.23, 0.4, -0.575],
							"lerp_mode": "catmullrom"
						},
						"1.0667": {
							"post": [2.4, 0.49, -0.79],
							"lerp_mode": "catmullrom"
						},
						"1.4": {
							"post": [2.16, 0.35, -0.925],
							"lerp_mode": "catmullrom"
						},
						"1.8667": {
							"post": [3.265, 2.9, 0.575],
							"lerp_mode": "catmullrom"
						},
						"1.9667": {
							"post": [3.3, 2.96, 0.66],
							"lerp_mode": "catmullrom"
						},
						"2.0667": {
							"post": [3.37, 2.97, 1.205],
							"lerp_mode": "catmullrom"
						},
						"2.1667": {
							"post": [4.16, 2.96, 0.27],
							"lerp_mode": "catmullrom"
						},
						"2.5": {
							"post": [3.66, 2.96, 0.82],
							"lerp_mode": "catmullrom"
						},
						"2.7": {
							"post": [3.535, 2.85, 0.975],
							"lerp_mode": "catmullrom"
						},
						"2.7667": {
							"post": [4.09, 2.75, 1.895],
							"lerp_mode": "catmullrom"
						},
						"2.8667": {
							"post": [2.74, 2.27, 0.1],
							"lerp_mode": "catmullrom"
						},
						"3.0667": {
							"post": [2.405, 0.185, 1.37],
							"lerp_mode": "catmullrom"
						},
						"3.3": {
							"post": [-0.33, -0.04, 0.51],
							"lerp_mode": "catmullrom"
						},
						"3.5": {
							"post": [-0.125, 0, -0.275],
							"lerp_mode": "catmullrom"
						},
						"3.6": {
							"post": [0.44, 0.04, 0.25],
							"lerp_mode": "catmullrom"
						},
						"3.7333": {
							"post": [-0.065, 0.02, -0.095],
							"lerp_mode": "catmullrom"
						},
						"3.8667": {
							"post": [0, 0, 0],
							"lerp_mode": "catmullrom"
						}
					}
				}
			}
		},
		"shoot": {
			"animation_length": 1.0417,
			"bones": {
				"constraint": {
					"rotation": {
						"0.0833": [0.05, 0.2, 0.1],
						"0.5833": [0, 0, 0]
					},
					"position": {
						"0.0833": [0.15, 0.2, 0.35],
						"0.5833": [0, 0, 0]
					}
				},
				"root": {
					"rotation": {
						"0.0": {
							"post": [0, 0, 0],
							"lerp_mode": "catmullrom"
						},
						"0.0417": {
							"post": [1.24069, 3.15232, -6.99835],
							"lerp_mode": "catmullrom"
						},
						"0.0833": {
							"post": [-10.42024, 5.33042, 10.36888],
							"lerp_mode": "catmullrom"
						},
						"0.125": {
							"post": [-12.03564, 3.13711, -1.91761],
							"lerp_mode": "catmullrom"
						},
						"0.2083": {
							"post": [-9.8638, 2.35138, -3.1926],
							"lerp_mode": "catmullrom"
						},
						"0.2917": {
							"post": [-7.37698, 2.04951, -4.95354],
							"lerp_mode": "catmullrom"
						},
						"0.4583": {
							"post": [0.92575, -0.17214, -0.01451],
							"lerp_mode": "catmullrom"
						},
						"0.6667": {
							"post": [0.25012, 0.226, 0.49879],
							"lerp_mode": "catmullrom"
						},
						"0.875": {
							"post": [0.04509, 0.01634, -0.42105],
							"lerp_mode": "catmullrom"
						},
						"1.0417": {
							"post": [0, 0, 0],
							"lerp_mode": "catmullrom"
						}
					},
					"position": {
						"0.0": {
							"post": [0, 0, 0],
							"lerp_mode": "catmullrom"
						},
						"0.0417": {
							"post": [0, -0.75, 4],
							"lerp_mode": "catmullrom"
						},
						"0.0833": {
							"post": [0, 0.3, 0.23],
							"lerp_mode": "catmullrom"
						},
						"0.1667": {
							"post": [-0.125, 0.83, 0.925],
							"lerp_mode": "catmullrom"
						},
						"0.2917": {
							"post": [-0.075, 0.735, 0.92],
							"lerp_mode": "catmullrom"
						},
						"0.4167": {
							"post": [0, 0.03, 0.79],
							"lerp_mode": "catmullrom"
						},
						"0.5417": {
							"post": [0, -0.28, 0.48],
							"lerp_mode": "catmullrom"
						},
						"0.6667": {
							"post": [0, -0.15, 0.025],
							"lerp_mode": "catmullrom"
						},
						"0.8333": {
							"post": [0.03125, -0.01375, 0.095],
							"lerp_mode": "catmullrom"
						},
						"1.0417": {
							"post": [0, 0, 0],
							"lerp_mode": "catmullrom"
						}
					}
				},
				"camera": {
					"rotation": {
						"0.0": {
							"post": [0, 0, 2.125],
							"lerp_mode": "catmullrom"
						},
						"0.0417": {
							"post": [0, 0, -1.85],
							"lerp_mode": "catmullrom"
						},
						"0.125": {
							"post": [0, 0, 1.42],
							"lerp_mode": "catmullrom"
						},
						"0.2083": {
							"post": [0, 0, -0.98],
							"lerp_mode": "catmullrom"
						},
						"0.25": {
							"post": [0, 0, 0.545],
							"lerp_mode": "catmullrom"
						},
						"0.3333": {
							"post": [0, 0, -0.35],
							"lerp_mode": "catmullrom"
						},
						"0.4167": {
							"post": [0, 0, 0.175],
							"lerp_mode": "catmullrom"
						},
						"0.5833": {
							"post": [0, 0, 0],
							"lerp_mode": "catmullrom"
						}
					}
				}
			}
		}
	}
}