{
	"format_version": "1.8.0",
	"animations": {
		"static_idle": {
			"loop": true,
			"bones": {
				"leftHand": {
					"rotation": [65.73299, 13.34855, 27.11771],
					"position": [6.4, -15.65, -5],
					"scale": [1, 1.5, 1]
				},
				"rightHand": {
					"rotation": [74.41387, -12.75867, 0.96272],
					"position": [-5.625, -14.55, -4.925],
					"scale": [1, 1.5, 1]
				},
				"constraint": {
					"rotation": [0.2, 0.2, 0.2],
					"position": [0.2, 0.2, 0.35]
				},
				"righthand_pos2": {
					"rotation": [0, 180, 0]
				},
				"lefthand_pos2": {
					"rotation": [0, 180, 0]
				},
				"mag3": {
					"scale": 0
				}
			}
		},
		"static_burst": {
			"loop": true,
			"bones": {
				"suppressor60": {
					"scale": 0.001
				}
			}
		},
		"static_semi": {
			"loop": true
		},
		"put_away": {
			"animation_length": 0.75,
			"bones": {
				"leftHand": {
					"rotation": [65.73299, 13.34855, 27.11771],
					"position": [6.4, -15.65, -5],
					"scale": [1, 1.5, 1]
				},
				"rightHand": {
					"rotation": [74.41387, -12.75867, 0.96272],
					"position": [-5.625, -14.55, -4.925],
					"scale": [1, 1.5, 1]
				},
				"root": {
					"rotation": {
						"0.0": {
							"post": [0, 0, 0],
							"lerp_mode": "catmullrom"
						},
						"0.2083": {
							"post": [-0.5, -11.2, 14.1],
							"lerp_mode": "catmullrom"
						},
						"0.5": [1.29911, -43.24994, 48.4915]
					},
					"position": {
						"0.0": [0, 0, 0],
						"0.0417": [0, -0.075, 0],
						"0.125": [-0.75, -1.72, 1.25],
						"0.4167": [0, -3.07, 15]
					}
				},
				"camera": {
					"rotation": {
						"0.0": {
							"post": [0, 0, 0],
							"lerp_mode": "catmullrom"
						},
						"0.125": {
							"post": [0.3, 0, 0.225],
							"lerp_mode": "catmullrom"
						},
						"0.2917": {
							"post": [2.9, 0, -1.65],
							"lerp_mode": "catmullrom"
						},
						"0.4583": {
							"post": [1.2, 0, 0.4],
							"lerp_mode": "catmullrom"
						},
						"0.625": {
							"post": [0, 0, 0],
							"lerp_mode": "catmullrom"
						},
						"0.75": {
							"post": [0, 0, 0],
							"lerp_mode": "catmullrom"
						}
					}
				},
				"constraint": {
					"rotation": [0.2, 0.2, 0.2],
					"position": [0.2, 0.2, 0.35]
				},
				"righthand_pos2": {
					"rotation": [0, 180, 0]
				},
				"lefthand_pos2": {
					"rotation": [0, 180, 0]
				}
			},
			"sound_effects": {
				"0.0": {
					"effect": "wsp:p60/put_away"
				}
			}
		},
		"inspect": {
			"animation_length": 5.375,
			"bones": {
				"leftHand": {
					"rotation": {
						"0.0": [65.73299, 13.34855, 27.11771],
						"2.8333": [-9.03316, 13.46915, -62.9258],
						"3.0": [-9.03316, 13.46915, -62.9258],
						"3.125": [-10.6345, 34.16929, -66.8252],
						"3.7917": [-10.6345, 34.16929, -66.8252],
						"3.875": [-9.03316, 13.46915, -62.9258],
						"4.4583": [126.91972, 19.66031, 22.89457],
						"4.7083": [65.73299, 13.34855, 27.11771]
					},
					"position": {
						"0.0": [6.4, -15.65, -5],
						"0.5": [13.4, -26.65, 0],
						"2.1667": [13.4, -19.65, 0],
						"2.7083": [6.8, -9.65, -5],
						"3.0": [6.8, -9.65, -5],
						"3.125": [6.8, -9.55, -3.4],
						"3.7917": [6.8, -9.55, -3.4],
						"3.875": [8.8, -11.65, -2],
						"4.375": [13.4, -19.65, 0],
						"4.625": [6.4, -15.65, -5]
					},
					"scale": [1, 1.5, 1]
				},
				"rightHand": {
					"rotation": {
						"0.0": [74.41387, -12.75867, 0.96272],
						"1.7083": [74.41387, -12.75867, 0.96272]
					},
					"position": {
						"0.0": [-5.625, -14.55, -4.925],
						"0.1667": [-7.12, -14.55, -4.92],
						"0.3333": [-7.12, -13.55, -5.92],
						"0.5": [-7.12, -14.55, -6.92],
						"0.6667": [-7.12, -15.55, -5.92],
						"0.875": [-7.12, -14.55, -4.92],
						"1.5": [-7.12, -14.55, -4.92],
						"1.7083": [-5.625, -14.55, -4.925]
					},
					"scale": [1, 1.5, 1]
				},
				"root": {
					"rotation": {
						"0.0": {
							"post": [0, 0, 0],
							"lerp_mode": "catmullrom"
						},
						"0.3333": {
							"post": [-1.6115, -8.40642, 15.78758],
							"lerp_mode": "catmullrom"
						},
						"0.6667": {
							"post": [-12.54732, -28.85465, -46.43432],
							"lerp_mode": "catmullrom"
						},
						"1.0": {
							"post": [-12.54732, -28.85465, -20.18432],
							"lerp_mode": "catmullrom"
						},
						"1.375": {
							"post": [-12.54732, -28.85465, -21.18432],
							"lerp_mode": "catmullrom"
						},
						"1.5417": {
							"post": [-12.54732, -28.85465, -30.68432],
							"lerp_mode": "catmullrom"
						},
						"1.875": {
							"post": [-38.4941, 18.25933, 50.80551],
							"lerp_mode": "catmullrom"
						},
						"2.2917": {
							"post": [-38.4941, 18.25933, 45.05551],
							"lerp_mode": "catmullrom"
						},
						"2.7083": {
							"post": [-38.4941, 18.25933, 44.06351],
							"lerp_mode": "catmullrom"
						},
						"3.0": {
							"post": [-38.4941, 18.25933, 45.55551],
							"lerp_mode": "catmullrom"
						},
						"3.125": {
							"post": [-45.9941, 18.25933, 45.55551],
							"lerp_mode": "catmullrom"
						},
						"3.375": {
							"post": [-43.4941, 18.25933, 44.30551],
							"lerp_mode": "catmullrom"
						},
						"3.7917": {
							"post": [-43.4941, 18.25933, 43.05551],
							"lerp_mode": "catmullrom"
						},
						"3.8333": {
							"post": [-37.54001, 14.45711, 46.44035],
							"lerp_mode": "catmullrom"
						},
						"4.0": {
							"post": [-40.04001, 14.45711, 46.44035],
							"lerp_mode": "catmullrom"
						},
						"4.2917": {
							"post": [-16.00342, -9.56587, 9.98569],
							"lerp_mode": "catmullrom"
						},
						"4.5417": {
							"post": [-2.65, -1.9, -2.275],
							"lerp_mode": "catmullrom"
						},
						"4.8333": {
							"post": [0.75003, -0.49996, -0.00654],
							"lerp_mode": "catmullrom"
						},
						"5.0417": {
							"post": [0, 0, 0],
							"lerp_mode": "catmullrom"
						},
						"5.3333": [0, 0, 0]
					},
					"position": {
						"0.0": {
							"post": [0, 0, 0],
							"lerp_mode": "catmullrom"
						},
						"0.2083": {
							"post": [0, -1.8, 0],
							"lerp_mode": "catmullrom"
						},
						"0.5417": {
							"post": [-0.8, 0.555, 0],
							"lerp_mode": "catmullrom"
						},
						"0.8333": {
							"post": [-0.65, 0.185, 0],
							"lerp_mode": "catmullrom"
						},
						"1.2083": {
							"post": [-0.65, 0.185, 0],
							"lerp_mode": "catmullrom"
						},
						"1.4583": {
							"post": [-0.65, -1.015, 0],
							"lerp_mode": "catmullrom"
						},
						"1.7083": {
							"post": [0.15, -1.535, 0],
							"lerp_mode": "catmullrom"
						},
						"2.125": {
							"post": [0.15, 0.52, 0],
							"lerp_mode": "catmullrom"
						},
						"2.5": {
							"post": [0.075, 0.545, 0],
							"lerp_mode": "catmullrom"
						},
						"2.875": {
							"post": [-0.095, 0.15, 0],
							"lerp_mode": "catmullrom"
						},
						"3.0": {
							"post": [-0.095, 0.15, 0],
							"lerp_mode": "catmullrom"
						},
						"3.125": {
							"post": [-0.39, 0.15, 0],
							"lerp_mode": "catmullrom"
						},
						"3.2917": {
							"post": [-0.365, 0.2, 0],
							"lerp_mode": "catmullrom"
						},
						"3.6667": {
							"post": [-0.485, 0.2, 0],
							"lerp_mode": "catmullrom"
						},
						"3.7917": {
							"post": [-0.485, 0.2, 0],
							"lerp_mode": "catmullrom"
						},
						"3.8333": {
							"post": [-0.38, 0.3, 0],
							"lerp_mode": "catmullrom"
						},
						"3.9583": {
							"post": [-0.455, 0.25, 0],
							"lerp_mode": "catmullrom"
						},
						"4.1667": {
							"post": [0.75, -1.15, 0],
							"lerp_mode": "catmullrom"
						},
						"4.4583": {
							"post": [0.4, -0.6, -1.6],
							"lerp_mode": "catmullrom"
						},
						"4.6667": {
							"post": [-0.075, 0.075, 0.325],
							"lerp_mode": "catmullrom"
						},
						"4.9583": {
							"post": [0, 0, 0],
							"lerp_mode": "catmullrom"
						},
						"5.2083": [0, 0, 0]
					}
				},
				"mag": {
					"scale": 0
				},
				"gun": {
					"rotation": {
						"0.0": {
							"post": [0, 0, 0],
							"lerp_mode": "catmullrom"
						},
						"0.2083": {
							"post": [0, 0, 0],
							"lerp_mode": "catmullrom"
						},
						"0.7083": {
							"post": [330, 0, 0],
							"lerp_mode": "catmullrom"
						},
						"1.3333": {
							"post": [360.25, 0, 0],
							"lerp_mode": "catmullrom"
						},
						"1.9167": {
							"post": [357.75, 0, 0],
							"lerp_mode": "catmullrom"
						},
						"4.6667": {
							"post": [360, 0, 0],
							"lerp_mode": "catmullrom"
						}
					},
					"position": {
						"0.0": [0, 0, 0],
						"0.125": [0, -0.3, 2.1],
						"0.2917": [0, 1.95, 0.9],
						"0.4583": [0, 2.575, -2.825],
						"0.6667": [0, -1.345, 0.63],
						"0.8333": [0, -0.29, 0.63],
						"1.0": [0, 0, 0]
					}
				},
				"part3": {
					"rotation": {
						"3.0": [0, 0, 0],
						"3.125": [-53.89, 0, 0],
						"3.7917": [-53.89, 0, 0],
						"3.875": [0, 0, 0]
					}
				},
				"part1": {
					"rotation": {
						"3.0": [0, 0, 0],
						"3.125": [87.82, 0, 0],
						"3.7917": [87.82, 0, 0],
						"3.875": [0, 0, 0]
					}
				},
				"part2": {
					"rotation": {
						"3.0": [0, 0, 0],
						"3.125": [-33.93, 0, 0],
						"3.7917": [-33.93, 0, 0],
						"3.875": [0, 0, 0]
					}
				},
				"camera": {
					"rotation": {
						"0.0": {
							"post": [0, 0, 0],
							"lerp_mode": "catmullrom"
						},
						"0.2083": {
							"post": [1, 1, -0.25],
							"lerp_mode": "catmullrom"
						},
						"0.5": {
							"post": [-1.5, 0.5, -0.75],
							"lerp_mode": "catmullrom"
						},
						"0.8333": {
							"post": [2, 1.75, -0.75],
							"lerp_mode": "catmullrom"
						},
						"1.125": {
							"post": [1.5, 1.5, -0.25],
							"lerp_mode": "catmullrom"
						},
						"1.4583": {
							"post": [1.72, 1.6, -0.37],
							"lerp_mode": "catmullrom"
						},
						"1.7083": {
							"post": [1.97, 1.1, 0.13],
							"lerp_mode": "catmullrom"
						},
						"2.0": {
							"post": [0.72, 0.85, 3.38],
							"lerp_mode": "catmullrom"
						},
						"2.2917": {
							"post": [0.47, 1.1, 2.88],
							"lerp_mode": "catmullrom"
						},
						"2.6667": {
							"post": [0.51, 0.98, 4.26],
							"lerp_mode": "catmullrom"
						},
						"3.0417": {
							"post": [0.76, 0.73, 2.51],
							"lerp_mode": "catmullrom"
						},
						"3.125": {
							"post": [-1.24, 0.48, 3.76],
							"lerp_mode": "catmullrom"
						},
						"3.375": {
							"post": [-0.96, 0.51, 3.55],
							"lerp_mode": "catmullrom"
						},
						"3.625": {
							"post": [-1.21, 0.51, 3.3],
							"lerp_mode": "catmullrom"
						},
						"3.75": {
							"post": [-1.21, 0.26, 3.3],
							"lerp_mode": "catmullrom"
						},
						"3.8333": {
							"post": [-1.71, -0.24, 0.8],
							"lerp_mode": "catmullrom"
						},
						"4.0833": {
							"post": [-0.71, -0.24, 2.55],
							"lerp_mode": "catmullrom"
						},
						"4.2917": {
							"post": [0.54, 0.51, 1.05],
							"lerp_mode": "catmullrom"
						},
						"4.4583": {
							"post": [0.97, 0.41, 0.63],
							"lerp_mode": "catmullrom"
						},
						"4.6667": {
							"post": [-0.25, 0, -0.75],
							"lerp_mode": "catmullrom"
						},
						"4.9167": {
							"post": [0, 0, 0],
							"lerp_mode": "catmullrom"
						},
						"5.1667": {
							"post": [0, 0, 0],
							"lerp_mode": "catmullrom"
						},
						"5.375": [0, 0, 0]
					}
				},
				"righthand_pos2": {
					"rotation": [0, 180, 0]
				},
				"lefthand_pos2": {
					"rotation": [0, 180, 0]
				}
			}
		},
		"inspect_empty": {
			"animation_length": 5.4444,
			"bones": {
				"leftHand": {
					"rotation": {
						"0.0": [65.73299, 13.34855, 27.11771],
						"4.4583": [126.91972, 19.66031, 22.89457],
						"4.7083": [65.73299, 13.34855, 27.11771]
					},
					"position": {
						"0.0": [6.4, -15.65, -5],
						"0.5": [13.4, -19.65, 0],
						"4.375": [13.4, -19.65, 0],
						"4.625": [6.4, -15.65, -5]
					},
					"scale": [1, 1.5, 1]
				},
				"rightHand": {
					"rotation": {
						"0.0": [74.41387, -12.75867, 0.96272],
						"1.7083": [74.41387, -12.75867, 0.96272]
					},
					"position": {
						"0.0": [-5.625, -14.55, -4.925],
						"0.1667": [-7.12, -14.55, -4.92],
						"0.3333": [-7.12, -13.55, -5.92],
						"0.5": [-7.12, -14.55, -6.92],
						"0.6667": [-7.12, -15.55, -5.92],
						"0.875": [-7.12, -14.55, -4.92],
						"1.5": [-7.12, -14.55, -4.92],
						"1.7083": [-5.625, -14.55, -4.925]
					},
					"scale": [1, 1.5, 1]
				},
				"root": {
					"rotation": {
						"0.0": {
							"post": [0, 0, 0],
							"lerp_mode": "catmullrom"
						},
						"0.3333": {
							"post": [-1.6115, -8.40642, 15.78758],
							"lerp_mode": "catmullrom"
						},
						"0.6667": {
							"post": [-12.54732, -28.85465, -46.43432],
							"lerp_mode": "catmullrom"
						},
						"1.0": {
							"post": [-12.54732, -28.85465, -20.18432],
							"lerp_mode": "catmullrom"
						},
						"1.375": {
							"post": [-12.54732, -28.85465, -21.18432],
							"lerp_mode": "catmullrom"
						},
						"1.5417": {
							"post": [-12.54732, -28.85465, -30.68432],
							"lerp_mode": "catmullrom"
						},
						"1.875": {
							"post": [-38.4941, 18.25933, 50.80551],
							"lerp_mode": "catmullrom"
						},
						"2.2917": {
							"post": [-38.4941, 18.25933, 45.05551],
							"lerp_mode": "catmullrom"
						},
						"2.7083": {
							"post": [-38.4941, 18.25933, 44.06351],
							"lerp_mode": "catmullrom"
						},
						"3.0": {
							"post": [-38.4941, 18.25933, 45.55551],
							"lerp_mode": "catmullrom"
						},
						"3.8333": {
							"post": [-37.54001, 14.45711, 46.44035],
							"lerp_mode": "catmullrom"
						},
						"4.0": {
							"post": [-40.04001, 14.45711, 46.44035],
							"lerp_mode": "catmullrom"
						},
						"4.2917": {
							"post": [-16.00342, -9.56587, 9.98569],
							"lerp_mode": "catmullrom"
						},
						"4.5417": {
							"post": [-2.65, -1.9, -2.275],
							"lerp_mode": "catmullrom"
						},
						"4.8333": {
							"post": [0.75003, -0.49996, -0.00654],
							"lerp_mode": "catmullrom"
						},
						"5.0417": {
							"post": [0, 0, 0],
							"lerp_mode": "catmullrom"
						},
						"5.3333": [0, 0, 0]
					},
					"position": {
						"0.0": {
							"post": [0, 0, 0],
							"lerp_mode": "catmullrom"
						},
						"0.2083": {
							"post": [0, -1.8, 0],
							"lerp_mode": "catmullrom"
						},
						"0.5417": {
							"post": [-0.8, 0.555, 0],
							"lerp_mode": "catmullrom"
						},
						"0.8333": {
							"post": [-0.65, 0.185, 0],
							"lerp_mode": "catmullrom"
						},
						"1.2083": {
							"post": [-0.65, 0.185, 0],
							"lerp_mode": "catmullrom"
						},
						"1.4583": {
							"post": [-0.65, -1.015, 0],
							"lerp_mode": "catmullrom"
						},
						"1.7083": {
							"post": [0.15, -1.535, 0],
							"lerp_mode": "catmullrom"
						},
						"2.125": {
							"post": [0.15, 0.52, 0],
							"lerp_mode": "catmullrom"
						},
						"2.5": {
							"post": [0.075, 0.545, 0],
							"lerp_mode": "catmullrom"
						},
						"2.875": {
							"post": [-0.095, 0.15, 0],
							"lerp_mode": "catmullrom"
						},
						"3.0": {
							"post": [-0.095, 0.15, 0],
							"lerp_mode": "catmullrom"
						},
						"3.8333": {
							"post": [-0.38, 0.3, 0],
							"lerp_mode": "catmullrom"
						},
						"3.9583": {
							"post": [-0.455, 0.25, 0],
							"lerp_mode": "catmullrom"
						},
						"4.1667": {
							"post": [0.75, -1.15, 0],
							"lerp_mode": "catmullrom"
						},
						"4.4583": {
							"post": [0.4, -0.6, -1.6],
							"lerp_mode": "catmullrom"
						},
						"4.6667": {
							"post": [-0.075, 0.075, 0.325],
							"lerp_mode": "catmullrom"
						},
						"4.9583": {
							"post": [0, 0, 0],
							"lerp_mode": "catmullrom"
						},
						"5.2083": [0, 0, 0]
					}
				},
				"mag": {
					"scale": 0
				},
				"gun": {
					"rotation": {
						"0.0": {
							"post": [0, 0, 0],
							"lerp_mode": "catmullrom"
						},
						"0.2083": {
							"post": [0, 0, 0],
							"lerp_mode": "catmullrom"
						},
						"0.7083": {
							"post": [330, 0, 0],
							"lerp_mode": "catmullrom"
						},
						"1.2083": {
							"post": [360, 0, 0],
							"lerp_mode": "catmullrom"
						}
					},
					"position": {
						"0.0": [0, 0, 0],
						"0.125": [0, -0.3, 2.1],
						"0.2917": [0, 1.95, 0.9],
						"0.4583": [0, 2.575, -2.825],
						"0.6667": [0, -1.345, 0.63],
						"0.8333": [0, -0.29, 0.63],
						"1.0": [0, 0, 0]
					}
				},
				"part3": {
					"rotation": [-67.5, 0, 0]
				},
				"part1": {
					"rotation": [110, 0, 0]
				},
				"part2": {
					"rotation": [-42.5, 0, 0]
				},
				"bullet_in_barrel": {
					"scale": 0
				},
				"camera": {
					"rotation": {
						"0.0": {
							"post": [0, 0, 0],
							"lerp_mode": "catmullrom"
						},
						"0.2083": {
							"post": [1, 1, -0.25],
							"lerp_mode": "catmullrom"
						},
						"0.5": {
							"post": [-1.5, 0.5, -0.75],
							"lerp_mode": "catmullrom"
						},
						"0.8333": {
							"post": [2, 1.75, -0.75],
							"lerp_mode": "catmullrom"
						},
						"1.125": {
							"post": [1.5, 1.5, -0.25],
							"lerp_mode": "catmullrom"
						},
						"1.4583": {
							"post": [1.72, 1.6, -0.37],
							"lerp_mode": "catmullrom"
						},
						"1.7083": {
							"post": [1.97, 1.1, 0.13],
							"lerp_mode": "catmullrom"
						},
						"2.0": {
							"post": [0.72, 0.85, 3.38],
							"lerp_mode": "catmullrom"
						},
						"2.2917": {
							"post": [0.47, 1.1, 2.88],
							"lerp_mode": "catmullrom"
						},
						"2.6667": {
							"post": [0.51, 0.98, 4.26],
							"lerp_mode": "catmullrom"
						},
						"3.0417": {
							"post": [0.76, 0.73, 2.51],
							"lerp_mode": "catmullrom"
						},
						"3.4583": {
							"post": [-0.1, 0.805, 1.73],
							"lerp_mode": "catmullrom"
						},
						"3.8333": {
							"post": [-1.71, -0.24, 0.8],
							"lerp_mode": "catmullrom"
						},
						"4.0833": {
							"post": [-0.71, -0.24, 2.55],
							"lerp_mode": "catmullrom"
						},
						"4.2917": {
							"post": [0.54, 0.51, 1.05],
							"lerp_mode": "catmullrom"
						},
						"4.4583": {
							"post": [0.97, 0.41, 0.63],
							"lerp_mode": "catmullrom"
						},
						"4.6667": {
							"post": [-0.25, 0, -0.75],
							"lerp_mode": "catmullrom"
						},
						"4.9167": {
							"post": [0, 0, 0],
							"lerp_mode": "catmullrom"
						},
						"5.1667": {
							"post": [0, 0, 0],
							"lerp_mode": "catmullrom"
						},
						"5.375": [0, 0, 0]
					}
				},
				"righthand_pos2": {
					"rotation": [0, 180, 0]
				},
				"lefthand_pos2": {
					"rotation": [0, 180, 0]
				}
			}
		},
		"static_bolt_caught": {
			"animation_length": 0.25,
			"bones": {
				"part3": {
					"rotation": [-67.5, 0, 0]
				},
				"part1": {
					"rotation": [110, 0, 0]
				},
				"part2": {
					"rotation": [-42.5, 0, 0]
				},
				"bullet_in_barrel": {
					"scale": 0
				}
			}
		},
		"reload_empty": {
			"animation_length": 2.7083,
			"bones": {
				"leftHand": {
					"rotation": {
						"0.0": [65.73299, 13.34855, 27.11771],
						"0.1667": [82.82215, 26.61753, 74.29997],
						"0.5": [82.82215, 26.61753, 74.29997],
						"0.5417": [82.82215, 26.61753, 74.29997],
						"0.9583": [82.82215, 26.61753, 74.29997],
						"1.0417": [82.82215, 26.61753, 74.29997],
						"1.2917": [128.58238, -16.03624, 128.18378],
						"1.4167": [178.62073, 8.95655, 127.57733],
						"1.8333": [216.12073, 8.95655, 127.57733],
						"2.125": [65.73299, 13.34855, 27.11771]
					},
					"position": {
						"0.0": [6.4, -15.65, -5],
						"0.1667": [5.7, -24.45, -5],
						"0.5": [5.7, -24.45, -5],
						"0.5417": [5.7, -18.45, -5],
						"0.9583": [5.7, -18.45, -5],
						"1.0417": [5.7, -18.45, -5],
						"1.125": [5.7, -18.45, -5],
						"1.2083": [9.76, -13.75, -4.25],
						"1.2917": [5.825, -9.05, -3.5],
						"1.4167": [5.825, -9.05, -3.5],
						"1.5417": [5.825, -9.05, -3.5],
						"1.625": [5.83, -11.75, 3.5],
						"1.8333": [5.83, -15.85, 2.5],
						"2.125": [6.4, -15.65, -5]
					},
					"scale": [1, 1.5, 1]
				},
				"rightHand": {
					"rotation": [74.41387, -12.75867, 0.96272],
					"position": [-5.625, -14.55, -4.925],
					"scale": [1, 1.5, 1]
				},
				"root": {
					"rotation": {
						"0.0": {
							"post": [0, 0, 0],
							"lerp_mode": "catmullrom"
						},
						"0.1667": {
							"post": [-5.51758, -22.55106, -30.30564],
							"lerp_mode": "catmullrom"
						},
						"0.2917": {
							"post": [-30.014, -21.78607, -21.5913],
							"lerp_mode": "catmullrom"
						},
						"0.375": {
							"post": [-24.73254, 3.56209, 45.20999],
							"lerp_mode": "catmullrom"
						},
						"0.5833": {
							"post": [-24.73254, 3.56209, 22.95999],
							"lerp_mode": "catmullrom"
						},
						"0.75": {
							"post": [-21.28061, -5.51907, -9.90938],
							"lerp_mode": "catmullrom"
						},
						"0.9167": {
							"post": [-14.75339, -26.55882, -18.77624],
							"lerp_mode": "catmullrom"
						},
						"0.9583": {
							"post": [-28.12238, -22.33491, -17.44321],
							"lerp_mode": "catmullrom"
						},
						"1.0": {
							"post": [-35.71815, -21.25788, -23.54276],
							"lerp_mode": "catmullrom"
						},
						"1.2083": {
							"post": [-27.67543, -23.53896, -1.69045],
							"lerp_mode": "catmullrom"
						},
						"1.3333": {
							"post": [-37.56877, -19.04417, 25.44959],
							"lerp_mode": "catmullrom"
						},
						"1.375": {
							"post": [-51.56877, -19.04417, 25.44959],
							"lerp_mode": "catmullrom"
						},
						"1.5417": {
							"post": [-51.56877, -19.04417, 22.44959],
							"lerp_mode": "catmullrom"
						},
						"1.5833": {
							"post": [-33.45977, -41.05991, 1.68319],
							"lerp_mode": "catmullrom"
						},
						"1.625": {
							"post": [-6.30713, -30.58589, 27.75282],
							"lerp_mode": "catmullrom"
						},
						"1.75": {
							"post": [-11.30713, -30.58589, 33.75282],
							"lerp_mode": "catmullrom"
						},
						"1.875": {
							"post": [-25.14623, -35.13735, 30.21848],
							"lerp_mode": "catmullrom"
						},
						"2.125": {
							"post": [-2.65, -1.9, -2.275],
							"lerp_mode": "catmullrom"
						},
						"2.3333": {
							"post": [0.75003, -0.49996, -0.00654],
							"lerp_mode": "catmullrom"
						},
						"2.5": {
							"post": [0, 0, 0],
							"lerp_mode": "catmullrom"
						},
						"2.7083": [0, 0, 0]
					},
					"position": {
						"0.0": {
							"post": [0, 0, 0],
							"lerp_mode": "catmullrom"
						},
						"0.125": {
							"post": [0.6, 2.1, 3],
							"lerp_mode": "catmullrom"
						},
						"0.2917": {
							"post": [0.725, 1.925, 3],
							"lerp_mode": "catmullrom"
						},
						"0.375": {
							"post": [-5.27, -0.07, 1],
							"lerp_mode": "catmullrom"
						},
						"0.5417": {
							"post": [-5.27, 0.93, 1],
							"lerp_mode": "catmullrom"
						},
						"0.7083": {
							"post": [-2.375, 0.575, 1.4],
							"lerp_mode": "catmullrom"
						},
						"0.9167": {
							"post": [-0.27, 0.33, 1.4],
							"lerp_mode": "catmullrom"
						},
						"0.9583": {
							"post": [-0.06, 0.78, 1.4],
							"lerp_mode": "catmullrom"
						},
						"1.0": {
							"post": [-2.045, 2.63, 1.4],
							"lerp_mode": "catmullrom"
						},
						"1.125": {
							"post": [-2.54, 1.81, 1.4],
							"lerp_mode": "catmullrom"
						},
						"1.3333": {
							"post": [0.16, 0.41, 1.4],
							"lerp_mode": "catmullrom"
						},
						"1.375": {
							"post": [0.16, 0.01, 1.4],
							"lerp_mode": "catmullrom"
						},
						"1.4583": {
							"post": [0.36, 0.36, 1.4],
							"lerp_mode": "catmullrom"
						},
						"1.5417": {
							"post": [0.36, 0.36, 1.4],
							"lerp_mode": "catmullrom"
						},
						"1.5833": {
							"post": [1.96, 0.36, 1.4],
							"lerp_mode": "catmullrom"
						},
						"1.7083": {
							"post": [2.635, -0.315, 1.4],
							"lerp_mode": "catmullrom"
						},
						"1.8333": {
							"post": [2.24, -0.81, 1.4],
							"lerp_mode": "catmullrom"
						},
						"2.0417": {
							"post": [0.4, -1.9, -1.6],
							"lerp_mode": "catmullrom"
						},
						"2.2083": {
							"post": [-0.075, 0.075, 0.325],
							"lerp_mode": "catmullrom"
						},
						"2.4167": {
							"post": [0, 0, 0],
							"lerp_mode": "catmullrom"
						},
						"2.625": [0, 0, 0]
					}
				},
				"lefthand_and_ammo": {
					"rotation": {
						"0.2917": [0, 0, 0],
						"0.4583": [0, 0, 0],
						"0.8333": [-21, 0, -20],
						"0.9167": [-10, 0, -20],
						"1.0": [0, 0, 0]
					},
					"position": {
						"0.2917": [0, 0, 0],
						"0.4583": [0, -11, 5],
						"0.8333": [2.3, -6.7, 0],
						"0.9167": [2.3, -6.1, 1.2],
						"1.0": [0, 0, 0]
					}
				},
				"part3": {
					"rotation": {
						"0.0": [-67.5, 0, 0],
						"1.3333": [-67.5, 0, 0],
						"1.375": [-67.5, 0, 0],
						"1.5417": [-67.5, 0, 0],
						"1.625": [0, 0, 0]
					}
				},
				"part1": {
					"rotation": {
						"0.0": [110, 0, 0],
						"1.3333": [110, 0, 0],
						"1.375": [110, 0, 0],
						"1.5417": [110, 0, 0],
						"1.625": [0, 0, 0]
					}
				},
				"part2": {
					"rotation": {
						"0.0": [-42.5, 0, 0],
						"1.3333": [-42.5, 0, 0],
						"1.375": [-42.5, 0, 0],
						"1.5417": [-42.5, 0, 0],
						"1.625": [0, 0, 0]
					}
				},
				"bullet_in_barrel": {
					"rotation": {
						"1.5417": [-34, 0, 0],
						"1.625": [0, 0, 0]
					},
					"position": {
						"1.5417": [0, -0.2, 0],
						"1.625": [0, 0, 0]
					},
					"scale": {
						"0.0": [0, 0, 0],
						"0.9167": [0, 0, 0],
						"1.0": [1, 1, 1]
					}
				},
				"camera": {
					"rotation": {
						"0.0": {
							"post": [0, 0, 0],
							"lerp_mode": "catmullrom"
						},
						"0.125": {
							"post": [-0.25, -0.12, -0.37],
							"lerp_mode": "catmullrom"
						},
						"0.2083": {
							"post": [-1, -0.25, -0.75],
							"lerp_mode": "catmullrom"
						},
						"0.2917": {
							"post": [0, 0.15, -2.25],
							"lerp_mode": "catmullrom"
						},
						"0.375": {
							"post": [1.5, 0.75, 1.75],
							"lerp_mode": "catmullrom"
						},
						"0.5833": {
							"post": [1, 0.5, 1.25],
							"lerp_mode": "catmullrom"
						},
						"0.75": {
							"post": [0.25, 0.5, 1.25],
							"lerp_mode": "catmullrom"
						},
						"0.9167": {
							"post": [-0.25, 0.25, 0.5],
							"lerp_mode": "catmullrom"
						},
						"0.9583": {
							"post": [-0.5, 0, -0.38],
							"lerp_mode": "catmullrom"
						},
						"1.0": {
							"post": [-1.75, -0.25, -1.25],
							"lerp_mode": "catmullrom"
						},
						"1.1667": {
							"post": [-1.75, -0.25, -0.25],
							"lerp_mode": "catmullrom"
						},
						"1.3333": {
							"post": [-1, 0.25, 1.5],
							"lerp_mode": "catmullrom"
						},
						"1.375": {
							"post": [-1.75, -1, 0.25],
							"lerp_mode": "catmullrom"
						},
						"1.5417": {
							"post": [-1.5, -0.75, -0.5],
							"lerp_mode": "catmullrom"
						},
						"1.625": {
							"post": [1, -1.25, 2],
							"lerp_mode": "catmullrom"
						},
						"1.8333": {
							"post": [-0.25, -0.75, 1.5],
							"lerp_mode": "catmullrom"
						},
						"2.0417": {
							"post": [0.5, -0.25, 0.75],
							"lerp_mode": "catmullrom"
						},
						"2.2083": {
							"post": [0, 0, 0],
							"lerp_mode": "catmullrom"
						},
						"2.375": {
							"post": [0, 0, 0],
							"lerp_mode": "catmullrom"
						},
						"2.5417": [0, 0, 0]
					}
				},
				"constraint": {
					"rotation": {
						"0.0": [0.2, 0.2, 0.2],
						"0.2917": [0.5, 0.5, 0.6],
						"0.5833": [0.5, 0.5, 0.6],
						"1.2083": [0.2, 0.2, 0.2]
					},
					"position": {
						"0.0": [0.2, 0.2, 0.2],
						"0.2917": [0.4, 0.4, 0.4],
						"0.5833": [0.4, 0.4, 0.4],
						"1.2083": [0.2, 0.2, 0.2]
					}
				},
				"righthand_pos2": {
					"rotation": [0, 180, 0]
				},
				"lefthand_pos2": {
					"rotation": [0, 180, 0]
				},
				"mag3": {
					"scale": 0
				}
			}
		},
		"reload_tactical": {
			"animation_length": 1.875,
			"bones": {
				"root": {
					"rotation": {
						"0.0": {
							"post": [0, 0, 0],
							"lerp_mode": "catmullrom"
						},
						"0.1667": {
							"post": [-11.40452, -14.46576, 7.62512],
							"lerp_mode": "catmullrom"
						},
						"0.2917": {
							"post": [-16.10051, -18.68671, 35.95292],
							"lerp_mode": "catmullrom"
						},
						"0.4167": {
							"post": [-13.98685, -19.53492, -22.73044],
							"lerp_mode": "catmullrom"
						},
						"0.625": {
							"post": [-15.51666, -31.62707, -7.20808],
							"lerp_mode": "catmullrom"
						},
						"0.8333": {
							"post": [-14.75339, -26.55882, -18.77624],
							"lerp_mode": "catmullrom"
						},
						"0.9167": {
							"post": [-24.50219, -26.84226, -32.63415],
							"lerp_mode": "catmullrom"
						},
						"1.0417": {
							"post": [-23.12238, -22.33491, -12.19321],
							"lerp_mode": "catmullrom"
						},
						"1.25": {
							"post": [1.31658, -1.3946, 2.59726],
							"lerp_mode": "catmullrom"
						},
						"1.4583": {
							"post": [0.75003, -0.49996, -0.00654],
							"lerp_mode": "catmullrom"
						},
						"1.625": {
							"post": [0, 0, 0],
							"lerp_mode": "catmullrom"
						},
						"1.8333": [0, 0, 0]
					},
					"position": {
						"0.0": {
							"post": [0, 0, 0],
							"lerp_mode": "catmullrom"
						},
						"0.125": {
							"post": [0.23, 0.45, 0.7],
							"lerp_mode": "catmullrom"
						},
						"0.25": {
							"post": [-1.45, 1.5, 1.4],
							"lerp_mode": "catmullrom"
						},
						"0.375": {
							"post": [-0.65, -0.8, 1.4],
							"lerp_mode": "catmullrom"
						},
						"0.5417": {
							"post": [-0.975, 0.775, 1.4],
							"lerp_mode": "catmullrom"
						},
						"0.7917": {
							"post": [-0.97, 0.33, 1.4],
							"lerp_mode": "catmullrom"
						},
						"0.8333": {
							"post": [-0.06, 0.78, 1.4],
							"lerp_mode": "catmullrom"
						},
						"0.875": {
							"post": [-2.045, 1.63, 1.4],
							"lerp_mode": "catmullrom"
						},
						"1.0": {
							"post": [-1.19, 1.955, 1.4],
							"lerp_mode": "catmullrom"
						},
						"1.1667": {
							"post": [0.4, -0.6, -1.6],
							"lerp_mode": "catmullrom"
						},
						"1.3333": {
							"post": [-0.075, 0.075, 0.325],
							"lerp_mode": "catmullrom"
						},
						"1.5417": {
							"post": [0, 0, 0],
							"lerp_mode": "catmullrom"
						},
						"1.75": [0, 0, 0]
					}
				},
				"leftHand": {
					"rotation": {
						"0.0": {
							"post": [65.73299, 13.34855, 27.11771],
							"lerp_mode": "catmullrom"
						},
						"0.25": {
							"post": [52.70981, 24.08978, -1.2993],
							"lerp_mode": "catmullrom"
						},
						"0.375": {
							"post": [52.70981, 24.08978, -1.2993],
							"lerp_mode": "catmullrom"
						},
						"0.75": {
							"post": [52.70981, 24.08978, -1.2993],
							"lerp_mode": "catmullrom"
						},
						"0.8333": {
							"post": [82.82215, 26.61753, 74.29997],
							"lerp_mode": "catmullrom"
						},
						"1.0417": {
							"post": [82.82215, 26.61753, 74.29997],
							"lerp_mode": "catmullrom"
						},
						"1.25": {
							"post": [65.73299, 13.34855, 27.11771],
							"lerp_mode": "catmullrom"
						}
					},
					"position": {
						"0.0": {
							"post": [6.4, -15.65, -5],
							"lerp_mode": "catmullrom"
						},
						"0.25": {
							"post": [12.5, -17.65, -5],
							"lerp_mode": "catmullrom"
						},
						"0.375": {
							"post": [12.5, -22.65, -5],
							"lerp_mode": "catmullrom"
						},
						"0.75": {
							"post": [5.5, -19.65, -2],
							"lerp_mode": "catmullrom"
						},
						"0.8333": {
							"post": [5.7, -18.45, -3],
							"lerp_mode": "catmullrom"
						},
						"1.0417": {
							"post": [5.7, -18.45, -5],
							"lerp_mode": "catmullrom"
						},
						"1.25": {
							"post": [6.4, -15.65, -5],
							"lerp_mode": "catmullrom"
						}
					},
					"scale": {
						"0.0": {
							"post": [1, 1.5, 1],
							"lerp_mode": "catmullrom"
						}
					}
				},
				"rightHand": {
					"rotation": [74.41387, -12.75867, 0.96272],
					"position": [-5.625, -14.55, -4.925],
					"scale": [1, 1.5, 1]
				},
				"lefthand_and_ammo": {
					"rotation": {
						"0.0": [0, 0, 0],
						"0.25": [0, 0, 0],
						"0.5833": [14, 0, 0],
						"0.7083": [-1, 0, 0],
						"0.7917": [0, 0, 0]
					},
					"position": {
						"0.0": [0, 0, 0],
						"0.25": [0, 0, 0],
						"0.4167": [0, -10, 5],
						"0.5417": [0, -17, 7],
						"0.5833": [0, -15.7, 3],
						"0.7083": [0, -6.7, 3],
						"0.7917": [0, 0, 0]
					}
				},
				"camera": {
					"rotation": {
						"0.0": {
							"post": [0, 0, 0],
							"lerp_mode": "catmullrom"
						},
						"0.0833": {
							"post": [0.025, 0.05, -0.525],
							"lerp_mode": "catmullrom"
						},
						"0.2083": {
							"post": [-0.275, 0.125, 0.15],
							"lerp_mode": "catmullrom"
						},
						"0.3333": {
							"post": [0.475, -0.125, -0.35],
							"lerp_mode": "catmullrom"
						},
						"0.4583": {
							"post": [-0.275, -0.125, -0.85],
							"lerp_mode": "catmullrom"
						},
						"0.5833": {
							"post": [-0.525, -0.125, -0.6],
							"lerp_mode": "catmullrom"
						},
						"0.7083": {
							"post": [-0.275, 0.125, -0.35],
							"lerp_mode": "catmullrom"
						},
						"0.8333": {
							"post": [-0.275, 0.125, -0.35],
							"lerp_mode": "catmullrom"
						},
						"0.875": {
							"post": [-2.5, -0.125, 1.65],
							"lerp_mode": "catmullrom"
						},
						"1.0": {
							"post": [-1, 0.13, 1.15],
							"lerp_mode": "catmullrom"
						},
						"1.125": {
							"post": [-0.5, -0.12, 0.4],
							"lerp_mode": "catmullrom"
						},
						"1.2917": {
							"post": [0.5, 0, 0.25],
							"lerp_mode": "catmullrom"
						},
						"1.5417": {
							"post": [0, 0, 0],
							"lerp_mode": "catmullrom"
						},
						"1.75": [0, 0, 0]
					}
				},
				"constraint": {
					"rotation": {
						"0.0": [0.2, 0.2, 0.2],
						"0.2917": [0.5, 0.5, 0.6],
						"0.5833": [0.5, 0.5, 0.6],
						"1.2083": [0.2, 0.2, 0.2]
					},
					"position": {
						"0.0": [0.2, 0.2, 0.2],
						"0.2917": [0.4, 0.4, 0.4],
						"0.5833": [0.4, 0.4, 0.4],
						"1.2083": [0.2, 0.2, 0.2]
					}
				},
				"righthand_pos2": {
					"rotation": [0, 180, 0]
				},
				"lefthand_pos2": {
					"rotation": [0, 180, 0]
				},
				"mag3": {
					"scale": 0
				}
			}
		},
		"draw": {
			"animation_length": 1.7917,
			"bones": {
				"root": {
					"rotation": {
						"0.0": {
							"post": [15.25253, -12.60953, 32.64634],
							"lerp_mode": "catmullrom"
						},
						"0.1667": {
							"post": [-12.24747, -12.60953, 32.64634],
							"lerp_mode": "catmullrom"
						},
						"0.3333": {
							"post": [-27.13765, -27.97434, -14.35556],
							"lerp_mode": "catmullrom"
						},
						"0.5": {
							"post": [-34.91883, -8.23315, 15.41241],
							"lerp_mode": "catmullrom"
						},
						"0.6667": {
							"post": [-34.73825, -6.18087, 23.47331],
							"lerp_mode": "catmullrom"
						},
						"0.75": {
							"post": [-30.26957, -15.18755, 42.35543],
							"lerp_mode": "catmullrom"
						},
						"1.0": {
							"post": [-35.78667, -14.35328, 16.5856],
							"lerp_mode": "catmullrom"
						},
						"1.2083": {
							"post": [-2.65, -1.9, -2.275],
							"lerp_mode": "catmullrom"
						},
						"1.4167": {
							"post": [0.75003, -0.49996, -0.00654],
							"lerp_mode": "catmullrom"
						},
						"1.5833": {
							"post": [0, 0, 0],
							"lerp_mode": "catmullrom"
						},
						"1.7917": [0, 0, 0]
					},
					"position": {
						"0.0": {
							"post": [-2, -10, 3],
							"lerp_mode": "catmullrom"
						},
						"0.25": {
							"post": [0, 1, 0],
							"lerp_mode": "catmullrom"
						},
						"0.4167": {
							"post": [-0.45, 2.2, 0],
							"lerp_mode": "catmullrom"
						},
						"0.5": {
							"post": [-1.45, -0.2, 0],
							"lerp_mode": "catmullrom"
						},
						"0.625": {
							"post": [-2.125, -0.425, 0],
							"lerp_mode": "catmullrom"
						},
						"0.7083": {
							"post": [-2.625, -0.025, 0],
							"lerp_mode": "catmullrom"
						},
						"0.75": {
							"post": [-0.22, 1.18, 0],
							"lerp_mode": "catmullrom"
						},
						"0.9167": {
							"post": [-0.92, 0.48, 0],
							"lerp_mode": "catmullrom"
						},
						"1.125": {
							"post": [0.4, -0.6, -1.6],
							"lerp_mode": "catmullrom"
						},
						"1.2917": {
							"post": [-0.075, 0.075, 0.325],
							"lerp_mode": "catmullrom"
						},
						"1.5": {
							"post": [0, 0, 0],
							"lerp_mode": "catmullrom"
						},
						"1.7083": [0, 0, 0]
					}
				},
				"leftHand": {
					"rotation": {
						"0.0": {
							"post": [65.73299, 13.34855, 27.11771],
							"lerp_mode": "catmullrom"
						},
						"0.4167": {
							"post": [38.74306, 15.49289, -36.10392],
							"lerp_mode": "catmullrom"
						},
						"0.5": {
							"post": [16.003, 33.14341, -87.86311],
							"lerp_mode": "catmullrom"
						},
						"0.7083": {
							"post": [23.39101, 23.35534, -73.75278],
							"lerp_mode": "catmullrom"
						},
						"1.0833": {
							"post": [65.73299, 13.34855, 27.11771],
							"lerp_mode": "catmullrom"
						}
					},
					"position": {
						"0.0": {
							"post": [6.4, -15.65, -5],
							"lerp_mode": "catmullrom"
						},
						"0.4167": {
							"post": [6.4, -10.65, -4.7],
							"lerp_mode": "catmullrom"
						},
						"0.5": {
							"post": [6.4, -9.65, -2.7],
							"lerp_mode": "catmullrom"
						},
						"0.7083": {
							"post": [6.4, -9.65, -2.7],
							"lerp_mode": "catmullrom"
						},
						"0.7917": {
							"post": [6.4, -9.65, 3.3],
							"lerp_mode": "catmullrom"
						},
						"1.0833": {
							"post": [6.4, -15.65, -5],
							"lerp_mode": "catmullrom"
						}
					},
					"scale": {
						"0.0": {
							"post": [1, 1.5, 1],
							"lerp_mode": "catmullrom"
						}
					}
				},
				"part3": {
					"rotation": {
						"0.4167": [0, 0, 0],
						"0.4583": [-22.5, 0, 0],
						"0.5": [-67.5, 0, 0],
						"0.7083": [-67.5, 0, 0],
						"0.7917": [0, 0, 0]
					}
				},
				"part1": {
					"rotation": {
						"0.4167": [0, 0, 0],
						"0.4583": [36.67, 0, 0],
						"0.5": [110, 0, 0],
						"0.7083": [110, 0, 0],
						"0.7917": [0, 0, 0]
					}
				},
				"part2": {
					"rotation": {
						"0.4167": [0, 0, 0],
						"0.4583": [-14.17, 0, 0],
						"0.5": [-42.5, 0, 0],
						"0.7083": [-42.5, 0, 0],
						"0.7917": [0, 0, 0]
					}
				},
				"rightHand": {
					"rotation": {
						"0.0": {
							"post": [74.41387, -12.75867, 0.96272],
							"lerp_mode": "catmullrom"
						}
					},
					"position": {
						"0.0": {
							"post": [-5.625, -14.55, -4.925],
							"lerp_mode": "catmullrom"
						}
					},
					"scale": {
						"0.0": {
							"post": [1, 1.5, 1],
							"lerp_mode": "catmullrom"
						}
					}
				},
				"camera": {
					"rotation": {
						"0.0": {
							"post": [0, 0, 0],
							"lerp_mode": "catmullrom"
						},
						"0.0833": {
							"post": [0.75, -0.25, 0.75],
							"lerp_mode": "catmullrom"
						},
						"0.375": {
							"post": [-1.25, 0.5, 0.25],
							"lerp_mode": "catmullrom"
						},
						"0.5417": {
							"post": [0.5, 0.75, -2.5],
							"lerp_mode": "catmullrom"
						},
						"0.6667": {
							"post": [0, 0.25, -1.75],
							"lerp_mode": "catmullrom"
						},
						"0.7083": {
							"post": [0, 0, 0.5],
							"lerp_mode": "catmullrom"
						},
						"0.75": {
							"post": [-0.75, -3, 1.25],
							"lerp_mode": "catmullrom"
						},
						"0.875": {
							"post": [-0.25, -0.5, 1],
							"lerp_mode": "catmullrom"
						},
						"1.0": {
							"post": [-0.5, -0.25, 0.5],
							"lerp_mode": "catmullrom"
						},
						"1.1667": {
							"post": [0.25, 0, -0.25],
							"lerp_mode": "catmullrom"
						},
						"1.3333": {
							"post": [0, 0, 0],
							"lerp_mode": "catmullrom"
						},
						"1.5": [0, 0, 0]
					}
				},
				"constraint": {
					"rotation": [0.2, 0.2, 0.2],
					"position": [0.2, 0.2, 0.35]
				},
				"righthand_pos2": {
					"rotation": [0, 180, 0]
				},
				"lefthand_pos2": {
					"rotation": [0, 180, 0]
				}
			},
			"sound_effects": {
				"0.0": {
					"effect": "wsp:p60/draw"
				}
			}
		},
		"shoot3": {
			"loop": "hold_on_last_frame",
			"animation_length": 0.9167,
			"bones": {
				"root": {
					"rotation": {
						"0.0": {
							"post": [0, 0, 0],
							"lerp_mode": "catmullrom"
						},
						"0.0417": {
							"post": [-21.27497, -9.60332, -23.1922],
							"lerp_mode": "catmullrom"
						},
						"0.0833": {
							"post": [-22.95313, -1.31301, 5.4328],
							"lerp_mode": "catmullrom"
						},
						"0.1667": {
							"post": [-10, 0, 0],
							"lerp_mode": "catmullrom"
						},
						"0.2917": {
							"post": [2.5, 0, 0],
							"lerp_mode": "catmullrom"
						},
						"0.4583": {
							"post": [0, 0, 0],
							"lerp_mode": "catmullrom"
						},
						"0.5417": {
							"post": [-0.105, 0, -1.125],
							"lerp_mode": "catmullrom"
						},
						"0.6667": {
							"post": [0, 0, 0],
							"lerp_mode": "catmullrom"
						},
						"0.875": [0, 0, 0]
					},
					"position": {
						"0.0": {
							"post": [0, 0, 0],
							"lerp_mode": "catmullrom"
						},
						"0.0417": {
							"post": [0, -0.5, 2.55],
							"lerp_mode": "catmullrom"
						},
						"0.125": {
							"post": [0, 0.25, 0.675],
							"lerp_mode": "catmullrom"
						},
						"0.2083": {
							"post": [0, -0.1, 0.5],
							"lerp_mode": "catmullrom"
						},
						"0.375": {
							"post": [0, 0, 0],
							"lerp_mode": "catmullrom"
						},
						"0.5417": {
							"post": [0, 0, 0],
							"lerp_mode": "catmullrom"
						},
						"0.75": [0, 0, 0]
					}
				},
				"bolt": {
					"rotation": [0, 0, 0]
				},
				"part3": {
					"rotation": {
						"0.0": [0, 0, 0],
						"0.0417": [-67.5, 0, 0],
						"0.0833": [-67.5, 0, 0],
						"0.125": [-50.62, 0, 0],
						"0.2083": [0, 0, 0]
					}
				},
				"part1": {
					"rotation": {
						"0.0": [0, 0, 0],
						"0.0417": [110, 0, 0],
						"0.0833": [110, 0, 0],
						"0.125": [82.5, 0, 0],
						"0.2083": [0, 0, 0]
					}
				},
				"part2": {
					"rotation": {
						"0.0": [0, 0, 0],
						"0.0417": [-42.5, 0, 0],
						"0.0833": [-42.5, 0, 0],
						"0.125": [-31.87, 0, 0],
						"0.2083": [0, 0, 0]
					}
				},
				"rightHand": {
					"rotation": {
						"0.0": [74.41387, -12.75867, 0.96272],
						"0.0417": [72.57737, -15.42198, 9.83419],
						"0.5": [72.57737, -15.42198, 9.83419],
						"0.625": [74.41387, -12.75867, 0.96272]
					},
					"position": {
						"0.0": [-5.625, -14.55, -4.925],
						"0.0417": [-5.72, -14.55, -4.92],
						"0.5": [-5.72, -14.55, -4.92],
						"0.625": [-5.625, -14.55, -4.925]
					},
					"scale": [1, 1.5, 1]
				},
				"camera": {
					"rotation": {
						"0.0": [0, 0, 0],
						"0.0417": [0, 0, 2.5],
						"0.125": [0, 0, -1.5],
						"0.2083": [0, 0, 0.5],
						"0.375": [0, 0, 0]
					},
					"position": {
						"0.0": {
							"post": [0, 0, 0],
							"lerp_mode": "catmullrom"
						},
						"0.0417": {
							"post": [0, 0, 3],
							"lerp_mode": "catmullrom"
						},
						"0.1667": {
							"post": [0, 0, -0.175],
							"lerp_mode": "catmullrom"
						},
						"0.3333": {
							"post": [0, 0, 0],
							"lerp_mode": "catmullrom"
						},
						"0.5417": [0, 0, 0]
					}
				},
				"righthand_pos2": {
					"rotation": [0, 180, 0]
				},
				"lefthand_pos2": {
					"rotation": [0, 180, 0]
				}
			}
		},
		"shoot_empty": {
			"loop": "hold_on_last_frame",
			"animation_length": 0.9167,
			"bones": {
				"root": {
					"rotation": {
						"0.0": {
							"post": [0, 0, 0],
							"lerp_mode": "catmullrom"
						},
						"0.0417": {
							"post": [-21.27497, -9.60332, -23.1922],
							"lerp_mode": "catmullrom"
						},
						"0.0833": {
							"post": [-22.95313, -1.31301, 5.4328],
							"lerp_mode": "catmullrom"
						},
						"0.1667": {
							"post": [-10, 0, 0],
							"lerp_mode": "catmullrom"
						},
						"0.2917": {
							"post": [2.5, 0, 0],
							"lerp_mode": "catmullrom"
						},
						"0.4583": {
							"post": [0, 0, 0],
							"lerp_mode": "catmullrom"
						},
						"0.5417": {
							"post": [-0.105, 0, -1.125],
							"lerp_mode": "catmullrom"
						},
						"0.6667": {
							"post": [0, 0, 0],
							"lerp_mode": "catmullrom"
						},
						"0.875": [0, 0, 0]
					},
					"position": {
						"0.0": {
							"post": [0, 0, 0],
							"lerp_mode": "catmullrom"
						},
						"0.0417": {
							"post": [0, -0.5, 2.55],
							"lerp_mode": "catmullrom"
						},
						"0.125": {
							"post": [0, 0.25, 0.675],
							"lerp_mode": "catmullrom"
						},
						"0.2083": {
							"post": [0, -0.1, 0.5],
							"lerp_mode": "catmullrom"
						},
						"0.375": {
							"post": [0, 0, 0],
							"lerp_mode": "catmullrom"
						},
						"0.5417": {
							"post": [0, 0, 0],
							"lerp_mode": "catmullrom"
						},
						"0.75": [0, 0, 0]
					}
				},
				"bolt": {
					"rotation": [0, 0, 0]
				},
				"part3": {
					"rotation": {
						"0.0": [0, 0, 0],
						"0.0417": [-67.5, 0, 0]
					}
				},
				"part1": {
					"rotation": {
						"0.0": [0, 0, 0],
						"0.0417": [110, 0, 0]
					}
				},
				"part2": {
					"rotation": {
						"0.0": [0, 0, 0],
						"0.0417": [-42.5, 0, 0]
					}
				},
				"rightHand": {
					"rotation": {
						"0.0": [74.41387, -12.75867, 0.96272],
						"0.0417": [72.57737, -15.42198, 9.83419],
						"0.5": [72.57737, -15.42198, 9.83419],
						"0.625": [74.41387, -12.75867, 0.96272]
					},
					"position": {
						"0.0": [-5.625, -14.55, -4.925],
						"0.0417": [-5.72, -14.55, -4.92],
						"0.5": [-5.72, -14.55, -4.92],
						"0.625": [-5.625, -14.55, -4.925]
					},
					"scale": [1, 1.5, 1]
				},
				"bullet_in_barrel": {
					"scale": 0
				},
				"camera": {
					"rotation": {
						"0.0": [0, 0, 0],
						"0.0417": [0, 0, 2.5],
						"0.125": [0, 0, -1.5],
						"0.2083": [0, 0, 0.5],
						"0.375": [0, 0, 0]
					},
					"position": {
						"0.0": {
							"post": [0, 0, 0],
							"lerp_mode": "catmullrom"
						},
						"0.0417": {
							"post": [0, 0, 3],
							"lerp_mode": "catmullrom"
						},
						"0.1667": {
							"post": [0, 0, -0.175],
							"lerp_mode": "catmullrom"
						},
						"0.3333": {
							"post": [0, 0, 0],
							"lerp_mode": "catmullrom"
						},
						"0.5417": [0, 0, 0]
					}
				},
				"righthand_pos2": {
					"rotation": [0, 180, 0]
				},
				"lefthand_pos2": {
					"rotation": [0, 180, 0]
				}
			}
		},
		"switch_semi": {
			"animation_length": 2.1667,
			"bones": {
				"root": {
					"rotation": {
						"0.0": {
							"post": [0, 0, 0],
							"lerp_mode": "catmullrom"
						},
						"0.1667": {
							"post": [0, -10.6026, -3.5726],
							"lerp_mode": "catmullrom"
						},
						"0.375": {
							"post": [0, -31.92774, 20.86056],
							"lerp_mode": "catmullrom"
						},
						"0.625": {
							"post": [0, -31.92774, 17.86056],
							"lerp_mode": "catmullrom"
						},
						"0.8333": {
							"post": [0, -31.92774, 13.61056],
							"lerp_mode": "catmullrom"
						},
						"0.9583": {
							"post": [0, -31.92774, 8.61056],
							"lerp_mode": "catmullrom"
						},
						"1.0833": {
							"post": [0, -31.92774, 10.61056],
							"lerp_mode": "catmullrom"
						},
						"1.2083": {
							"post": [-2.33373, -31.85133, 15.02656],
							"lerp_mode": "catmullrom"
						},
						"1.3333": {
							"post": [-2.33373, -31.85133, 13.02656],
							"lerp_mode": "catmullrom"
						},
						"1.5417": {
							"post": [0, -1, -3.25],
							"lerp_mode": "catmullrom"
						},
						"1.8333": {
							"post": [0, 0, 0],
							"lerp_mode": "catmullrom"
						},
						"2.1667": [0, 0, 0]
					},
					"position": {
						"0.0": {
							"post": [0, 0, 0],
							"lerp_mode": "catmullrom"
						},
						"0.25": {
							"post": [0, -1.375, 3.275],
							"lerp_mode": "catmullrom"
						},
						"0.5": {
							"post": [0, -1.22, 4.28],
							"lerp_mode": "catmullrom"
						},
						"0.75": {
							"post": [0, -1.47, 4.28],
							"lerp_mode": "catmullrom"
						},
						"0.9583": {
							"post": [0, -1.195, 4.28],
							"lerp_mode": "catmullrom"
						},
						"1.1667": {
							"post": [0, -1.195, 4.28],
							"lerp_mode": "catmullrom"
						},
						"1.4167": {
							"post": [0, 0, 0],
							"lerp_mode": "catmullrom"
						},
						"1.7083": {
							"post": [0, 0, 0],
							"lerp_mode": "catmullrom"
						},
						"2.0417": [0, 0, 0]
					}
				},
				"leftHand": {
					"rotation": {
						"0.0": [65.73299, 13.34855, 27.11771],
						"0.625": {
							"pre": [94.06961, 24.89705, 12.78142],
							"post": [94.06961, 24.89705, 12.78142],
							"lerp_mode": "catmullrom"
						},
						"0.75": {
							"post": [91.92188, 20.33092, 23.29472],
							"lerp_mode": "catmullrom"
						},
						"0.9583": [62.36379, 40.31736, 24.15669],
						"1.0833": [62.36379, 40.31736, 24.15669],
						"1.1667": [60.96419, 43.4423, 31.04079],
						"1.3333": [60.96419, 43.4423, 31.04079],
						"1.6667": [65.73299, 13.34855, 27.11771]
					},
					"position": {
						"0.0": [6.4, -15.65, -5],
						"0.2083": [10.4, -15.65, -5],
						"0.4583": {
							"pre": [10.4, -15.65, -5],
							"post": [10.4, -15.65, -5],
							"lerp_mode": "catmullrom"
						},
						"0.6667": {
							"post": [9.4, -14.275, -23],
							"lerp_mode": "catmullrom"
						},
						"0.8333": {
							"post": [9.4, -12.395, -23],
							"lerp_mode": "catmullrom"
						},
						"0.9583": [8.2, -11.695, -18],
						"1.0833": [8.2, -11.695, -18],
						"1.1667": [7.8, -12.07, -18],
						"1.25": [7.8, -12.07, -18],
						"1.4583": [6.4, -15.65, -5]
					},
					"scale": [1, 1.5, 1]
				},
				"suppressor60": {
					"rotation": {
						"0.625": [0, 0, 0],
						"0.75": [12, -11, 0],
						"0.9583": [0, 0, -25],
						"1.0833": [0, 0, -25],
						"1.1667": [0, 0, 0]
					},
					"position": {
						"0.4583": {
							"pre": [4, -11, 22],
							"post": [4, -11, 22],
							"lerp_mode": "catmullrom"
						},
						"0.6667": {
							"post": [1, -3, -4],
							"lerp_mode": "catmullrom"
						},
						"0.8333": {
							"post": [1, -0.9, -4],
							"lerp_mode": "catmullrom"
						},
						"0.9583": {
							"post": [0, 0, 0],
							"lerp_mode": "catmullrom"
						}
					}
				},
				"rightHand": {
					"rotation": [74.41387, -12.75867, 0.96272],
					"position": [-5.625, -14.55, -4.925],
					"scale": [1, 1.5, 1]
				},
				"camera": {
					"rotation": {
						"0.0": {
							"post": [0, 0, 0],
							"lerp_mode": "catmullrom"
						},
						"0.375": {
							"post": [2.5, -0.25, 2],
							"lerp_mode": "catmullrom"
						},
						"0.8333": {
							"post": [2, 0.25, 1.75],
							"lerp_mode": "catmullrom"
						},
						"0.9167": {
							"post": [1.65, 0.52, 1.27],
							"lerp_mode": "catmullrom"
						},
						"0.9583": {
							"post": [2, 1, 0.25],
							"lerp_mode": "catmullrom"
						},
						"1.125": {
							"post": [1.5, 0.75, 0.75],
							"lerp_mode": "catmullrom"
						},
						"1.2083": {
							"post": [1.5, 0.75, 1.75],
							"lerp_mode": "catmullrom"
						},
						"1.5417": {
							"post": [-0.5, -0.25, 1],
							"lerp_mode": "catmullrom"
						},
						"1.8333": {
							"post": [0, 0, 0],
							"lerp_mode": "catmullrom"
						},
						"2.1667": {
							"post": [0, 0, 0],
							"lerp_mode": "catmullrom"
						}
					}
				},
				"righthand_pos2": {
					"rotation": [0, 180, 0]
				},
				"lefthand_pos2": {
					"rotation": [0, 180, 0]
				}
			},
			"sound_effects": {
				"0.5": {
					"effect": "wsp:p60/p60_silencer_fetch"
				},
				"0.9167": {
					"effect": "wsp:p60/p60_silencer_attach"
				},
				"1.0833": {
					"effect": "wsp:p60/p60_silencer_screwon"
				},
				"1.2917": {
					"effect": "wsp:p60/p60_silencer_misc2"
				}
			}
		},
		"switch_burst": {
			"animation_length": 2.1667,
			"bones": {
				"root": {
					"rotation": {
						"0.0": {
							"post": [0, 0, 0],
							"lerp_mode": "catmullrom"
						},
						"0.1667": {
							"post": [0, -10.6026, -3.5726],
							"lerp_mode": "catmullrom"
						},
						"0.375": {
							"post": [0, -31.92774, 20.86056],
							"lerp_mode": "catmullrom"
						},
						"0.625": {
							"post": [0, -31.92774, 17.86056],
							"lerp_mode": "catmullrom"
						},
						"0.7083": {
							"post": [0, -30.93, 15.07],
							"lerp_mode": "catmullrom"
						},
						"0.8333": {
							"post": [0, -31.92774, 13.61056],
							"lerp_mode": "catmullrom"
						},
						"0.9167": {
							"post": [0, -31.92774, 23.61056],
							"lerp_mode": "catmullrom"
						},
						"1.2083": {
							"post": [0, -31.93, 13.36],
							"lerp_mode": "catmullrom"
						},
						"1.4583": {
							"post": [-1.46486, -2.02587, -0.75028],
							"lerp_mode": "catmullrom"
						},
						"1.7083": {
							"post": [0, 0, 0],
							"lerp_mode": "catmullrom"
						},
						"1.9583": [0, 0, 0]
					},
					"position": {
						"0.0": {
							"post": [0, 0, 0],
							"lerp_mode": "catmullrom"
						},
						"0.25": {
							"post": [0, -1.375, 3.275],
							"lerp_mode": "catmullrom"
						},
						"0.5": {
							"post": [0, -1.22, 4.28],
							"lerp_mode": "catmullrom"
						},
						"0.75": {
							"post": [0, -1.47, 4.28],
							"lerp_mode": "catmullrom"
						},
						"0.9167": {
							"post": [1.125, -1.195, 4.28],
							"lerp_mode": "catmullrom"
						},
						"1.0833": {
							"post": [0.63, -0.565, 4.28],
							"lerp_mode": "catmullrom"
						},
						"1.3333": {
							"post": [0, 0.3, 0],
							"lerp_mode": "catmullrom"
						},
						"1.5833": {
							"post": [0, -0.125, 0],
							"lerp_mode": "catmullrom"
						},
						"1.8333": [0, 0, 0]
					}
				},
				"leftHand": {
					"rotation": {
						"0.0": [65.73299, 13.34855, 27.11771],
						"0.3333": [87.73299, 13.34855, 27.11771],
						"0.625": [87.43097, 30.83327, 26.32398],
						"0.7083": [86.90089, 30.69715, 21.38006],
						"0.7917": [82.52071, 30.00429, 12.72388],
						"0.875": [88.23823, 30.79259, 23.99571],
						"1.375": [88.23823, 30.79259, 23.99571],
						"1.5": [65.73299, 13.34855, 27.11771]
					},
					"position": {
						"0.0": [6.4, -15.65, -5],
						"0.3333": [7.7, -11.65, -19],
						"0.625": [7.7, -11.65, -19],
						"0.7083": [7.7, -11.1, -19],
						"0.7917": [7.375, -11.275, -19],
						"0.8333": [7.38, -11.27, -20.325],
						"0.875": [8.33, -11.595, -25.345],
						"1.0833": [14.33, -17.59, -18.34],
						"1.2083": [14.33, -17.59, -3.34],
						"1.2917": [14.33, -17.59, -3.34],
						"1.5": [6.4, -15.65, -5]
					},
					"scale": [1, 1.5, 1]
				},
				"suppressor60": {
					"rotation": {
						"0.625": [0, 0, 0],
						"0.7083": [0, 0, -25],
						"0.7917": [0, 0, -25],
						"0.875": [9.92926, -20.29348, -26.78135],
						"0.9583": [26, -22.5, 0],
						"1.1667": [101.27732, -19.89603, -21.28776]
					},
					"position": {
						"0.7917": [0, 0, 0],
						"0.8333": {
							"pre": [-0.19, -0.21, -3.14],
							"post": [-0.19, -0.21, -3.14],
							"lerp_mode": "catmullrom"
						},
						"0.875": {
							"post": [0.5, 0, -6],
							"lerp_mode": "catmullrom"
						},
						"1.0833": {
							"post": [7.6, -6.2, -3.8],
							"lerp_mode": "catmullrom"
						},
						"1.2083": {
							"post": [7.6, -6.2, 13.7],
							"lerp_mode": "catmullrom"
						},
						"1.4583": {
							"post": [7.6, -13.7, 76.2],
							"lerp_mode": "catmullrom"
						}
					},
					"scale": 1
				},
				"rightHand": {
					"rotation": [74.41387, -12.75867, 0.96272],
					"position": [-5.625, -14.55, -4.925],
					"scale": [1, 1.5, 1]
				},
				"camera": {
					"rotation": {
						"0.0": {
							"post": [0, 0, 0],
							"lerp_mode": "catmullrom"
						},
						"0.375": {
							"post": [2.5, -0.25, 2],
							"lerp_mode": "catmullrom"
						},
						"0.75": {
							"post": [2, 0.25, 1.75],
							"lerp_mode": "catmullrom"
						},
						"0.8333": {
							"post": [1.65, 0.52, 1.27],
							"lerp_mode": "catmullrom"
						},
						"0.9167": {
							"post": [2, -1.5, 0.25],
							"lerp_mode": "catmullrom"
						},
						"1.2083": {
							"post": [1.5, 0.75, 1.75],
							"lerp_mode": "catmullrom"
						},
						"1.5417": {
							"post": [-0.5, -0.25, 1],
							"lerp_mode": "catmullrom"
						},
						"1.8333": {
							"post": [0, 0, 0],
							"lerp_mode": "catmullrom"
						},
						"2.1667": {
							"post": [0, 0, 0],
							"lerp_mode": "catmullrom"
						}
					}
				},
				"righthand_pos2": {
					"rotation": [0, 180, 0]
				},
				"lefthand_pos2": {
					"rotation": [0, 180, 0]
				}
			},
			"sound_effects": {
				"0.0833": {
					"effect": "wsp:p60/p60_silencer_misc2"
				},
				"0.625": {
					"effect": "wsp:p60/p60_silencer_screwoff"
				},
				"0.7917": {
					"effect": "wsp:p60/p60_silencer_detach"
				},
				"1.125": {
					"effect": "wsp:p60/p60_silencer_misc"
				}
			}
		},
		"shoot2": {
			"loop": "hold_on_last_frame",
			"animation_length": 0.9167,
			"bones": {
				"root": {
					"rotation": {
						"0.0": {
							"post": [0, 0, 0],
							"lerp_mode": "catmullrom"
						},
						"0.0417": {
							"post": [-21.27497, -9.60332, -23.1922],
							"lerp_mode": "catmullrom"
						},
						"0.0833": {
							"post": [-22.95313, -1.31301, 5.4328],
							"lerp_mode": "catmullrom"
						},
						"0.1667": {
							"post": [-10, 0, 0],
							"lerp_mode": "catmullrom"
						},
						"0.2917": {
							"post": [2.5, 0, 0],
							"lerp_mode": "catmullrom"
						},
						"0.4583": {
							"post": [0, 0, 0],
							"lerp_mode": "catmullrom"
						},
						"0.5417": {
							"post": [-0.105, 0, -1.125],
							"lerp_mode": "catmullrom"
						},
						"0.6667": {
							"post": [0, 0, 0],
							"lerp_mode": "catmullrom"
						},
						"0.875": [0, 0, 0]
					},
					"position": {
						"0.0": {
							"post": [0, 0, 0],
							"lerp_mode": "catmullrom"
						},
						"0.0417": {
							"post": [0, -0.5, 2.55],
							"lerp_mode": "catmullrom"
						},
						"0.125": {
							"post": [0, 0.25, 0.675],
							"lerp_mode": "catmullrom"
						},
						"0.2083": {
							"post": [0, -0.1, 0.5],
							"lerp_mode": "catmullrom"
						},
						"0.375": {
							"post": [0, 0, 0],
							"lerp_mode": "catmullrom"
						},
						"0.5417": {
							"post": [0, 0, 0],
							"lerp_mode": "catmullrom"
						},
						"0.75": [0, 0, 0]
					}
				},
				"constraint": {
					"rotation": {
						"0.1667": [0.7, 0.4, 0.4],
						"0.25": [0, 0, 0]
					},
					"position": {
						"0.1667": [0.2, 0.3, 1],
						"0.25": [0, 0, 0]
					}
				},
				"bolt": {
					"rotation": [0, 0, 0]
				},
				"part3": {
					"rotation": {
						"0.0": [0, 0, 0],
						"0.0417": [-67.5, 0, 0],
						"0.0833": [-67.5, 0, 0],
						"0.125": [-50.62, 0, 0],
						"0.2083": [0, 0, 0]
					}
				},
				"part1": {
					"rotation": {
						"0.0": [0, 0, 0],
						"0.0417": [110, 0, 0],
						"0.0833": [110, 0, 0],
						"0.125": [82.5, 0, 0],
						"0.2083": [0, 0, 0]
					}
				},
				"part2": {
					"rotation": {
						"0.0": [0, 0, 0],
						"0.0417": [-42.5, 0, 0],
						"0.0833": [-42.5, 0, 0],
						"0.125": [-31.87, 0, 0],
						"0.2083": [0, 0, 0]
					}
				},
				"camera": {
					"rotation": {
						"0.0": [0, 0, 0],
						"0.0417": [0, 0, 2.5],
						"0.125": [0, 0, -1.5],
						"0.2083": [0, 0, 0.5],
						"0.375": [0, 0, 0]
					},
					"position": {
						"0.0": {
							"post": [0, 0, 0],
							"lerp_mode": "catmullrom"
						},
						"0.0417": {
							"post": [0, 0, 3],
							"lerp_mode": "catmullrom"
						},
						"0.1667": {
							"post": [0, 0, -0.175],
							"lerp_mode": "catmullrom"
						},
						"0.3333": {
							"post": [0, 0, 0],
							"lerp_mode": "catmullrom"
						},
						"0.5417": [0, 0, 0]
					}
				}
			},
			"sound_effects": {
				"0.0": {
					"effect": "wsp:p60/p60_shoot"
				}
			}
		},
		"shoot1": {
			"loop": "hold_on_last_frame",
			"animation_length": 0.9167,
			"bones": {
				"root": {
					"rotation": {
						"0.0": {
							"post": [0, 0, 0],
							"lerp_mode": "catmullrom"
						},
						"0.0417": {
							"post": [-21.27497, -9.60332, -23.1922],
							"lerp_mode": "catmullrom"
						},
						"0.0833": {
							"post": [-22.95313, -1.31301, 5.4328],
							"lerp_mode": "catmullrom"
						},
						"0.1667": {
							"post": [-10, 0, 0],
							"lerp_mode": "catmullrom"
						},
						"0.2917": {
							"post": [2.5, 0, 0],
							"lerp_mode": "catmullrom"
						},
						"0.4583": {
							"post": [0, 0, 0],
							"lerp_mode": "catmullrom"
						},
						"0.5417": {
							"post": [-0.105, 0, -1.125],
							"lerp_mode": "catmullrom"
						},
						"0.6667": {
							"post": [0, 0, 0],
							"lerp_mode": "catmullrom"
						},
						"0.875": [0, 0, 0]
					},
					"position": {
						"0.0": {
							"post": [0, 0, 0],
							"lerp_mode": "catmullrom"
						},
						"0.0417": {
							"post": [0, -0.5, 2.55],
							"lerp_mode": "catmullrom"
						},
						"0.125": {
							"post": [0, 0.25, 0.675],
							"lerp_mode": "catmullrom"
						},
						"0.2083": {
							"post": [0, -0.1, 0.5],
							"lerp_mode": "catmullrom"
						},
						"0.375": {
							"post": [0, 0, 0],
							"lerp_mode": "catmullrom"
						},
						"0.5417": {
							"post": [0, 0, 0],
							"lerp_mode": "catmullrom"
						},
						"0.75": [0, 0, 0]
					}
				},
				"constraint": {
					"rotation": {
						"0.1667": [0.7, 0.4, 0.4],
						"0.25": [0, 0, 0]
					},
					"position": {
						"0.1667": [0.2, 0.3, 1],
						"0.25": [0, 0, 0]
					}
				},
				"bolt": {
					"rotation": [0, 0, 0]
				},
				"part3": {
					"rotation": {
						"0.0": [0, 0, 0],
						"0.0417": [-67.5, 0, 0],
						"0.0833": [-67.5, 0, 0],
						"0.125": [-50.62, 0, 0],
						"0.2083": [0, 0, 0]
					}
				},
				"part1": {
					"rotation": {
						"0.0": [0, 0, 0],
						"0.0417": [110, 0, 0],
						"0.0833": [110, 0, 0],
						"0.125": [82.5, 0, 0],
						"0.2083": [0, 0, 0]
					}
				},
				"part2": {
					"rotation": {
						"0.0": [0, 0, 0],
						"0.0417": [-42.5, 0, 0],
						"0.0833": [-42.5, 0, 0],
						"0.125": [-31.87, 0, 0],
						"0.2083": [0, 0, 0]
					}
				},
				"camera": {
					"rotation": {
						"0.0": [0, 0, 0],
						"0.0417": [0, 0, 2.5],
						"0.125": [0, 0, -1.5],
						"0.2083": [0, 0, 0.5],
						"0.375": [0, 0, 0]
					},
					"position": {
						"0.0": {
							"post": [0, 0, 0],
							"lerp_mode": "catmullrom"
						},
						"0.0417": {
							"post": [0, 0, 3],
							"lerp_mode": "catmullrom"
						},
						"0.1667": {
							"post": [0, 0, -0.175],
							"lerp_mode": "catmullrom"
						},
						"0.3333": {
							"post": [0, 0, 0],
							"lerp_mode": "catmullrom"
						},
						"0.5417": [0, 0, 0]
					}
				}
			},
			"sound_effects": {
				"0.0": {
					"effect": "wsp:p60/p60_silence"
				}
			}
		}
	}
}