{
  "materials": [
    {
      "item": {
        "type": "forge:partial_nbt",
        "item": "tacz:modern_kinetic_gun",
        "nbt": {
          "GunId": "tacz:hk_mp5a5"
        }
      },
      "count": 1
    },
    {
      "item": {
        "tag": "forge:ingots/gold"
      },
      "count": 30
    },
    {
      "item": {
        "tag": "forge:ingots/iron"
      },
      "count": 5
    },
    {
      "item": {
        "tag": "forge:gems/diamond"
      },
      "count": 2
    }
  ],
  "result": {
    "type": "gun",
    "id": "z:hk_mp5a5_g"
  },
  "type": "tacz:gun_smith_table_crafting"
}