{
  "materials": [
    {
      "item": {
        "tag": "forge:ingots/gold"
      },
      "count": 10
    },
    {
      "item": {
        "tag": "forge:ingots/iron"
      },
      "count": 30
    },
    {
      "item": {
        "tag": "forge:gems/diamond"
      },
      "count": 2
    },
    {
      "item": {
        "tag": "forge:gems/lapis"
      },
      "count": 4
    }
  ],
  "result": {
    "type": "gun",
    "id": "z:iso_g"
  },
  "type": "tacz:gun_smith_table_crafting"
}