{
  "materials": [
    {
      "item": {
        "type": "forge:partial_nbt",
        "item": "tacz:modern_kinetic_gun",
        "nbt": {
          "GunId": "tacz:m4a1"
        }
      },
      "count": 1
    },
    {
      "item": {
        "tag": "forge:ingots/gold"
      },
      "count": 35
    },
    {
      "item": {
        "tag": "forge:ingots/iron"
      },
      "count": 10
    },
    {
      "item": {
        "tag": "forge:gems/diamond"
      },
      "count": 2
    }
  ],
  "result": {
    "type": "gun",
    "id": "z:urgi_g",
    "attachments": {
      "stock":"zero:stock_tactical_ar_g"
    }
  },
  "type": "tacz:gun_smith_table_crafting"
}