{
	"format_version": "1.21.0",
	"minecraft:geometry": [
		{
			"description": {
				"identifier": "geometry.p90 - Converted",
				"texture_width": 256,
				"texture_height": 256,
				"visible_bounds_width": 4,
				"visible_bounds_height": 2.5,
				"visible_bounds_offset": [0, 0.75, 0]
			},
			"bones": [
				{
					"name": "root",
					"pivot": [0, 6, 4]
				},
				{
					"name": "gun_and_righthand",
					"parent": "root",
					"pivot": [0, 6, 4]
				},
				{
					"name": "fn_p90",
					"parent": "gun_and_righthand",
					"pivot": [0, 6, 4]
				},
				{
					"name": "muzzle_default",
					"parent": "fn_p90",
					"pivot": [0, 8, -11.125],
					"cubes": [
						{
							"origin": [-0.11105, 7.53979, -10.1875],
							"size": [0.41421, 1, 0.6875],
							"pivot": [0, 8.13584, 0.48438],
							"rotation": [0, 0, 45],
							"uv": {
								"north": {"uv": [35, 38], "uv_size": [0.5, 1]},
								"south": {"uv": [0, 39], "uv_size": [0.5, 1]},
								"up": {"uv": [6, 42], "uv_size": [0.5, 0.5]},
								"down": {"uv": [42, 6.5], "uv_size": [0.5, -0.5]}
							}
						},
						{
							"origin": [-0.20711, 7.5, -10.1875],
							"size": [0.41422, 1, 0.6875],
							"uv": {
								"north": {"uv": [24, 39], "uv_size": [0.5, 1]},
								"south": {"uv": [29, 39], "uv_size": [0.5, 1]},
								"up": {"uv": [7, 42], "uv_size": [0.5, 0.5]},
								"down": {"uv": [42, 7.5], "uv_size": [0.5, -0.5]}
							}
						},
						{
							"origin": [-0.40395, 7.83268, -10.1875],
							"size": [1, 0.41421, 0.6875],
							"pivot": [0, 8.13584, 0.48438],
							"rotation": [0, 0, 45],
							"uv": {
								"north": {"uv": [32, 39], "uv_size": [1, 0.5]},
								"east": {"uv": [8, 42], "uv_size": [0.5, 0.5]},
								"south": {"uv": [39, 37], "uv_size": [1, 0.5]},
								"west": {"uv": [42, 8], "uv_size": [0.5, 0.5]}
							}
						},
						{
							"origin": [-0.5, 7.79289, -10.1875],
							"size": [1, 0.41422, 0.6875],
							"uv": {
								"north": {"uv": [39, 38], "uv_size": [1, 0.5]},
								"east": {"uv": [9, 42], "uv_size": [0.5, 0.5]},
								"south": {"uv": [39, 39], "uv_size": [1, 0.5]},
								"west": {"uv": [42, 9], "uv_size": [0.5, 0.5]}
							}
						},
						{
							"origin": [-0.18122, 7.5625, -10.4375],
							"size": [0.36244, 0.125, 0.5],
							"uv": {
								"north": {"uv": [10, 42], "uv_size": [0.5, 0.5]},
								"up": {"uv": [42, 10], "uv_size": [0.5, 0.5]},
								"down": {"uv": [11, 42.5], "uv_size": [0.5, -0.5]}
							}
						},
						{
							"origin": [-0.18122, 8.3125, -10.4375],
							"size": [0.36244, 0.125, 0.5],
							"uv": {
								"north": {"uv": [42, 11], "uv_size": [0.5, 0.5]},
								"up": {"uv": [12, 42], "uv_size": [0.5, 0.5]},
								"down": {"uv": [42, 12.5], "uv_size": [0.5, -0.5]}
							}
						},
						{
							"origin": [-0.4375, 7.81878, -10.4375],
							"size": [0.125, 0.36244, 0.5],
							"uv": {
								"north": {"uv": [13, 42], "uv_size": [0.5, 0.5]},
								"east": {"uv": [42, 13], "uv_size": [0.5, 0.5]},
								"west": {"uv": [14, 42], "uv_size": [0.5, 0.5]}
							}
						},
						{
							"origin": [0.3125, 7.81878, -10.4375],
							"size": [0.125, 0.36244, 0.5],
							"uv": {
								"north": {"uv": [42, 14], "uv_size": [0.5, 0.5]},
								"east": {"uv": [15, 42], "uv_size": [0.5, 0.5]},
								"west": {"uv": [42, 15], "uv_size": [0.5, 0.5]}
							}
						},
						{
							"origin": [-0.08516, 7.60229, -11.5625],
							"size": [0.36243, 0.125, 1.5],
							"pivot": [0, 8.13584, -0.51562],
							"rotation": [0, 0, 45],
							"uv": {
								"north": {"uv": [16, 42], "uv_size": [0.5, 0.5]},
								"east": {"uv": [24, 37], "uv_size": [1.5, 0.5]},
								"west": {"uv": [37, 25], "uv_size": [1.5, 0.5]},
								"up": {"uv": [20, 37], "uv_size": [0.5, 1.5]},
								"down": {"uv": [37, 27.5], "uv_size": [0.5, -1.5]}
							}
						},
						{
							"origin": [-0.18122, 7.5625, -11.5625],
							"size": [0.36244, 0.125, 0.25],
							"uv": {
								"north": {"uv": [42, 16], "uv_size": [0.5, 0.5]},
								"south": {"uv": [17, 42], "uv_size": [0.5, 0.5]},
								"up": {"uv": [42, 17], "uv_size": [0.5, 0.5]},
								"down": {"uv": [18, 42.5], "uv_size": [0.5, -0.5]}
							}
						},
						{
							"origin": [-0.08516, 8.35229, -11.5625],
							"size": [0.36243, 0.125, 1.5],
							"pivot": [0, 8.13584, -0.51562],
							"rotation": [0, 0, 45],
							"uv": {
								"north": {"uv": [42, 18], "uv_size": [0.5, 0.5]},
								"east": {"uv": [27, 37], "uv_size": [1.5, 0.5]},
								"west": {"uv": [37, 28], "uv_size": [1.5, 0.5]},
								"up": {"uv": [29, 37], "uv_size": [0.5, 1.5]},
								"down": {"uv": [37, 30.5], "uv_size": [0.5, -1.5]}
							}
						},
						{
							"origin": [-0.18122, 8.3125, -11.5625],
							"size": [0.36244, 0.125, 0.25],
							"uv": {
								"north": {"uv": [19, 42], "uv_size": [0.5, 0.5]},
								"south": {"uv": [42, 19], "uv_size": [0.5, 0.5]},
								"up": {"uv": [20, 42], "uv_size": [0.5, 0.5]},
								"down": {"uv": [42, 20.5], "uv_size": [0.5, -0.5]}
							}
						},
						{
							"origin": [0.40855, 7.85857, -11.5625],
							"size": [0.125, 0.36244, 1.5],
							"pivot": [0, 8.13584, -0.51562],
							"rotation": [0, 0, 45],
							"uv": {
								"north": {"uv": [21, 42], "uv_size": [0.5, 0.5]},
								"east": {"uv": [30, 37], "uv_size": [1.5, 0.5]},
								"west": {"uv": [37, 31], "uv_size": [1.5, 0.5]},
								"up": {"uv": [32, 37], "uv_size": [0.5, 1.5]},
								"down": {"uv": [37, 33.5], "uv_size": [0.5, -1.5]}
							}
						},
						{
							"origin": [-0.34145, 7.85857, -11.5625],
							"size": [0.125, 0.36244, 1.5],
							"pivot": [0, 8.13584, -0.51562],
							"rotation": [0, 0, 45],
							"uv": {
								"north": {"uv": [42, 21], "uv_size": [0.5, 0.5]},
								"east": {"uv": [33, 37], "uv_size": [1.5, 0.5]},
								"west": {"uv": [37, 34], "uv_size": [1.5, 0.5]},
								"up": {"uv": [37, 35], "uv_size": [0.5, 1.5]},
								"down": {"uv": [36, 38.5], "uv_size": [0.5, -1.5]}
							}
						},
						{
							"origin": [-0.4375, 7.81878, -11.5625],
							"size": [0.125, 0.36244, 0.25],
							"uv": {
								"north": {"uv": [22, 42], "uv_size": [0.5, 0.5]},
								"east": {"uv": [42, 22], "uv_size": [0.5, 0.5]},
								"south": {"uv": [23, 42], "uv_size": [0.5, 0.5]},
								"west": {"uv": [42, 23], "uv_size": [0.5, 0.5]}
							}
						},
						{
							"origin": [0.3125, 7.81878, -11.5625],
							"size": [0.125, 0.36244, 0.25],
							"uv": {
								"north": {"uv": [24, 42], "uv_size": [0.5, 0.5]},
								"east": {"uv": [42, 24], "uv_size": [0.5, 0.5]},
								"south": {"uv": [25, 42], "uv_size": [0.5, 0.5]},
								"west": {"uv": [42, 25], "uv_size": [0.5, 0.5]}
							}
						},
						{
							"origin": [0.3125, 7.88963, -11.72725],
							"size": [0.125, 0.25628, 0.25628],
							"pivot": [0.375, 7.96469, -11.60225],
							"rotation": [-45, 0, 0],
							"uv": {
								"north": {"uv": [26, 42], "uv_size": [0.5, 0.5]},
								"east": {"uv": [42, 26], "uv_size": [0.5, 0.5]},
								"south": {"uv": [27, 42], "uv_size": [0.5, 0.5]},
								"west": {"uv": [42, 27], "uv_size": [0.5, 0.5]},
								"up": {"uv": [28, 42], "uv_size": [0.5, 0.5]},
								"down": {"uv": [42, 28.5], "uv_size": [0.5, -0.5]}
							}
						},
						{
							"origin": [-0.4375, 7.88963, -11.72725],
							"size": [0.125, 0.25628, 0.25628],
							"pivot": [-0.375, 7.96469, -11.60225],
							"rotation": [-45, 0, 0],
							"uv": {
								"north": {"uv": [29, 42], "uv_size": [0.5, 0.5]},
								"east": {"uv": [42, 29], "uv_size": [0.5, 0.5]},
								"south": {"uv": [30, 42], "uv_size": [0.5, 0.5]},
								"west": {"uv": [42, 30], "uv_size": [0.5, 0.5]},
								"up": {"uv": [31, 42], "uv_size": [0.5, 0.5]},
								"down": {"uv": [42, 31.5], "uv_size": [0.5, -0.5]}
							}
						},
						{
							"origin": [-0.12814, 8.3125, -11.69064],
							"size": [0.25628, 0.125, 0.25628],
							"pivot": [0, 8.375, -11.5625],
							"rotation": [0, -45, 0],
							"uv": {
								"north": {"uv": [32, 42], "uv_size": [0.5, 0.5]},
								"east": {"uv": [42, 32], "uv_size": [0.5, 0.5]},
								"south": {"uv": [33, 42], "uv_size": [0.5, 0.5]},
								"west": {"uv": [42, 33], "uv_size": [0.5, 0.5]},
								"up": {"uv": [34, 42], "uv_size": [0.5, 0.5]},
								"down": {"uv": [42, 34.5], "uv_size": [0.5, -0.5]}
							}
						},
						{
							"origin": [-0.12814, 7.5625, -11.69064],
							"size": [0.25628, 0.125, 0.25628],
							"pivot": [0, 8, -11.5625],
							"rotation": [0, -45, 0],
							"uv": {
								"north": {"uv": [35, 42], "uv_size": [0.5, 0.5]},
								"east": {"uv": [42, 35], "uv_size": [0.5, 0.5]},
								"south": {"uv": [36, 42], "uv_size": [0.5, 0.5]},
								"west": {"uv": [42, 36], "uv_size": [0.5, 0.5]},
								"up": {"uv": [37, 42], "uv_size": [0.5, 0.5]},
								"down": {"uv": [42, 37.5], "uv_size": [0.5, -0.5]}
							}
						},
						{
							"origin": [-0.233, 7.4375, -9.9375],
							"size": [0.466, 1.125, 0.1875],
							"pivot": [0, 8, -10.25],
							"rotation": [0, 0, 45],
							"uv": {
								"north": {"uv": [0, 40], "uv_size": [0.5, 1]},
								"east": {"uv": [1, 40], "uv_size": [0.5, 1]},
								"south": {"uv": [2, 40], "uv_size": [0.5, 1]},
								"west": {"uv": [3, 40], "uv_size": [0.5, 1]},
								"up": {"uv": [38, 42], "uv_size": [0.5, 0.5]},
								"down": {"uv": [42, 38.5], "uv_size": [0.5, -0.5]}
							}
						},
						{
							"origin": [-0.5625, 7.767, -9.9375],
							"size": [1.125, 0.466, 0.1875],
							"pivot": [0, 8, -10.25],
							"rotation": [0, 0, 45],
							"uv": {
								"north": {"uv": [4, 40], "uv_size": [1, 0.5]},
								"east": {"uv": [39, 42], "uv_size": [0.5, 0.5]},
								"south": {"uv": [5, 40], "uv_size": [1, 0.5]},
								"west": {"uv": [42, 39], "uv_size": [0.5, 0.5]},
								"up": {"uv": [6, 40], "uv_size": [1, 0.5]},
								"down": {"uv": [40, 6.5], "uv_size": [1, -0.5]}
							}
						},
						{
							"origin": [-0.233, 7.4375, -9.9375],
							"size": [0.466, 1.125, 0.1875],
							"uv": {
								"north": {"uv": [7, 40], "uv_size": [0.5, 1]},
								"south": {"uv": [8, 40], "uv_size": [0.5, 1]},
								"up": {"uv": [40, 42], "uv_size": [0.5, 0.5]},
								"down": {"uv": [42, 40.5], "uv_size": [0.5, -0.5]}
							}
						}
					]
				},
				{
					"name": "mag_release",
					"parent": "fn_p90",
					"pivot": [-0.87231, 9.25, 11.03509],
					"cubes": [
						{
							"origin": [1.03097, 9, 10.82315],
							"size": [0.19134, 0.5, 0.46194],
							"pivot": [0.87231, 9.25, 11.03509],
							"rotation": [0, -22.5, 0],
							"uv": {
								"north": {"uv": [41, 42], "uv_size": [0.5, 0.5]},
								"west": {"uv": [42, 41], "uv_size": [0.5, 0.5]},
								"up": {"uv": [42, 42], "uv_size": [0.5, 0.5]},
								"down": {"uv": [0, 43.5], "uv_size": [0.5, -0.5]}
							}
						},
						{
							"origin": [-1.1, 9, 10.9],
							"size": [2.2, 0.5, 0.5],
							"uv": {
								"north": {"uv": [34, 26], "uv_size": [2, 0.5]},
								"south": {"uv": [28, 34], "uv_size": [2, 0.5]},
								"up": {"uv": [34, 29], "uv_size": [2, 0.5]},
								"down": {"uv": [34, 30.5], "uv_size": [2, -0.5]}
							}
						},
						{
							"origin": [-1.22231, 9, 10.82315],
							"size": [0.19134, 0.5, 0.46194],
							"pivot": [-0.87231, 9.25, 11.03509],
							"rotation": [0, 22.5, 0],
							"uv": {
								"north": {"uv": [43, 0], "uv_size": [0.5, 0.5]},
								"east": {"uv": [1, 43], "uv_size": [0.5, 0.5]},
								"up": {"uv": [43, 1], "uv_size": [0.5, 0.5]},
								"down": {"uv": [2, 43.5], "uv_size": [0.5, -0.5]}
							}
						}
					]
				},
				{
					"name": "p90_mag_standard",
					"parent": "fn_p90",
					"pivot": [0, 9.3, 7.8]
				},
				{
					"name": "Mag",
					"parent": "p90_mag_standard",
					"pivot": [0.25, 8, 8],
					"cubes": [
						{
							"origin": [-1, 8.875, -1.375],
							"size": [2, 0.75, 10.5625],
							"uv": {
								"east": {"uv": [12, 0], "uv_size": [10.5, 1]},
								"west": {"uv": [12, 1], "uv_size": [10.5, 1]}
							}
						},
						{
							"origin": [-0.6125, 9.75, -1.5],
							"size": [0.125, 0.05, 12],
							"uv": {
								"east": {"uv": [12, 16], "uv_size": [12, 0.5]},
								"west": {"uv": [17, 4], "uv_size": [12, 0.5]},
								"up": {"uv": [8, 15], "uv_size": [0.5, 12]}
							}
						},
						{
							"origin": [3.50479, 9.75, 8.75314],
							"size": [0.125, 0.05, 0.86125],
							"pivot": [0.0125, 8.13584, 5.98438],
							"rotation": [0, -45, 0],
							"uv": {
								"east": {"uv": [9, 40], "uv_size": [1, 0.5]},
								"south": {"uv": [43, 2], "uv_size": [0.5, 0.5]},
								"west": {"uv": [10, 40], "uv_size": [1, 0.5]},
								"up": {"uv": [40, 10], "uv_size": [0.5, 1]},
								"down": {"uv": [11, 41], "uv_size": [0.5, -1]}
							}
						},
						{
							"origin": [-3.62979, 9.75, 8.75314],
							"size": [0.125, 0.05, 0.86125],
							"pivot": [-0.0125, 8.13584, 5.98438],
							"rotation": [0, 45, 0],
							"uv": {
								"east": {"uv": [40, 11], "uv_size": [1, 0.5]},
								"south": {"uv": [3, 43], "uv_size": [0.5, 0.5]},
								"west": {"uv": [12, 40], "uv_size": [1, 0.5]},
								"up": {"uv": [13, 40], "uv_size": [0.5, 1]},
								"down": {"uv": [14, 41], "uv_size": [0.5, -1]}
							}
						},
						{
							"origin": [0.4875, 9.75, -1.5],
							"size": [0.125, 0.05, 12],
							"uv": {
								"east": {"uv": [17, 5], "uv_size": [12, 0.5]},
								"west": {"uv": [17, 6], "uv_size": [12, 0.5]},
								"up": {"uv": [9, 15], "uv_size": [0.5, 12]}
							}
						},
						{
							"origin": [-0.875, 8.75, -1.375],
							"size": [1.75, 1, 10.5625],
							"uv": {
								"up": {"uv": [0, 0], "uv_size": [2, 10.5]},
								"down": {"uv": [2, 10.5], "uv_size": [2, -10.5]}
							}
						},
						{
							"origin": [-0.54097, 9.75264, -1.375],
							"size": [0.26516, 0.1875, 11.375],
							"pivot": [-0.0625, 8.13584, 5.48438],
							"rotation": [0, 0, 45],
							"uv": {
								"north": {"uv": [43, 3], "uv_size": [0.5, 0.5]},
								"east": {"uv": [17, 11], "uv_size": [11.5, 0.5]},
								"south": {"uv": [4, 43], "uv_size": [0.5, 0.5]},
								"west": {"uv": [12, 17], "uv_size": [11.5, 0.5]},
								"up": {"uv": [12, 18], "uv_size": [0.5, 11.5]},
								"down": {"uv": [13, 29.5], "uv_size": [0.5, -11.5]}
							}
						},
						{
							"origin": [0.27581, 9.75264, -1.375],
							"size": [0.26516, 0.1875, 11.375],
							"pivot": [0.0625, 8.13584, 5.48438],
							"rotation": [0, 0, -45],
							"uv": {
								"north": {"uv": [43, 4], "uv_size": [0.5, 0.5]},
								"east": {"uv": [14, 18], "uv_size": [11.5, 0.5]},
								"south": {"uv": [5, 43], "uv_size": [0.5, 0.5]},
								"west": {"uv": [19, 12], "uv_size": [11.5, 0.5]},
								"up": {"uv": [0, 19], "uv_size": [0.5, 11.5]},
								"down": {"uv": [1, 30.5], "uv_size": [0.5, -11.5]}
							}
						},
						{
							"origin": [0.54439, 9.40802, -1.375],
							"size": [0.1875, 0.26516, 11.375],
							"pivot": [0, 8.90246, 4.3125],
							"rotation": [0, 0, 45],
							"uv": {
								"north": {"uv": [43, 5], "uv_size": [0.5, 0.5]},
								"east": {"uv": [19, 13], "uv_size": [11.5, 0.5]},
								"south": {"uv": [6, 43], "uv_size": [0.5, 0.5]},
								"west": {"uv": [14, 19], "uv_size": [11.5, 0.5]},
								"up": {"uv": [10, 19], "uv_size": [0.5, 11.5]},
								"down": {"uv": [11, 30.5], "uv_size": [0.5, -11.5]}
							}
						},
						{
							"origin": [-0.77072, 8.17058, -1.375],
							"size": [0.26516, 0.1875, 11.375],
							"pivot": [0, 8.90246, 4.3125],
							"rotation": [0, 0, 45],
							"uv": {
								"north": {"uv": [43, 6], "uv_size": [0.5, 0.5]},
								"east": {"uv": [20, 2], "uv_size": [11.5, 0.5]},
								"south": {"uv": [7, 43], "uv_size": [0.5, 0.5]},
								"west": {"uv": [20, 3], "uv_size": [11.5, 0.5]},
								"up": {"uv": [4, 20], "uv_size": [0.5, 11.5]},
								"down": {"uv": [5, 31.5], "uv_size": [0.5, -11.5]}
							}
						},
						{
							"origin": [-1.25, 8.5, 9.48223],
							"size": [2.5, 1.25, 1.03554],
							"uv": {
								"east": {"uv": [33, 14], "uv_size": [1, 1.5]},
								"south": {"uv": [20, 23], "uv_size": [2.5, 1.5]},
								"west": {"uv": [15, 33], "uv_size": [1, 1.5]},
								"up": {"uv": [28, 22], "uv_size": [2.5, 1]},
								"down": {"uv": [28, 28], "uv_size": [2.5, -1]}
							}
						},
						{
							"origin": [1.94303, 8.5, 8.15964],
							"size": [2.5, 1.25, 1.03553],
							"pivot": [0, 8.13584, 5.48438],
							"rotation": [0, -45, 0],
							"uv": {
								"east": {"uv": [16, 33], "uv_size": [1, 1.5]},
								"west": {"uv": [17, 33], "uv_size": [1, 1.5]},
								"up": {"uv": [28, 28], "uv_size": [2.5, 1]},
								"down": {"uv": [29, 5], "uv_size": [2.5, -1]}
							}
						},
						{
							"origin": [-0.51777, 8.5, 8.75],
							"size": [1.03554, 1.25, 2.5],
							"inflate": 0.001,
							"uv": {
								"north": {"uv": [18, 33], "uv_size": [1, 1.5]},
								"east": {"uv": [23, 23], "uv_size": [2.5, 1.5]},
								"south": {"uv": [19, 33], "uv_size": [1, 1.5]},
								"up": {"uv": [2, 29], "uv_size": [1, 2.5]},
								"down": {"uv": [3, 31.5], "uv_size": [1, -2.5]}
							}
						},
						{
							"origin": [2.67526, 8.5, 7.4274],
							"size": [1.03554, 1.25, 2.5],
							"pivot": [0, 8.13584, 5.48438],
							"rotation": [0, -45, 0],
							"uv": {
								"north": {"uv": [20, 33], "uv_size": [1, 1.5]},
								"south": {"uv": [21, 33], "uv_size": [1, 1.5]},
								"west": {"uv": [24, 16], "uv_size": [2.5, 1.5]},
								"up": {"uv": [29, 5], "uv_size": [1, 2.5]},
								"down": {"uv": [6, 31.5], "uv_size": [1, -2.5]}
							}
						}
					]
				},
				{
					"name": "octagon2",
					"parent": "Mag",
					"pivot": [0, 8, 8],
					"cubes": [
						{
							"origin": [-1.0625, 3.50956, 0.12971],
							"size": [2.125, 0.15533, 0.125],
							"pivot": [0, 8.13584, 5.48438],
							"rotation": [-45, 0, 0],
							"uv": {
								"east": {"uv": [43, 7], "uv_size": [0.5, 0.5]},
								"south": {"uv": [34, 31], "uv_size": [2, 0.5]},
								"west": {"uv": [8, 43], "uv_size": [0.5, 0.5]}
							}
						},
						{
							"origin": [-1.0625, 8.67233, -1.75],
							"size": [2.125, 1.14017, 0.375],
							"uv": {
								"north": {"uv": [31, 15], "uv_size": [2, 1]},
								"east": {"uv": [40, 14], "uv_size": [0.5, 1]},
								"south": {"uv": [32, 6], "uv_size": [2, 1]},
								"west": {"uv": [15, 40], "uv_size": [0.5, 1]}
							}
						},
						{
							"origin": [-1.0625, 3.39972, -0.01046],
							"size": [2.125, 0.125, 0.15533],
							"pivot": [0, 8.13584, 5.48438],
							"rotation": [-45, 0, 0],
							"uv": {
								"east": {"uv": [43, 8], "uv_size": [0.5, 0.5]},
								"west": {"uv": [9, 43], "uv_size": [0.5, 0.5]},
								"down": {"uv": [32, 34.5], "uv_size": [2, -0.5]}
							}
						},
						{
							"origin": [-1.0625, 8.5625, -1.64017],
							"size": [2.125, 0.125, 0.15534],
							"uv": {
								"east": {"uv": [43, 9], "uv_size": [0.5, 0.5]},
								"west": {"uv": [10, 43], "uv_size": [0.5, 0.5]},
								"down": {"uv": [34, 32.5], "uv_size": [2, -0.5]}
							}
						},
						{
							"origin": [-1.0625, 9.79733, -1.64017],
							"size": [2.125, 0.125, 0.15534],
							"uv": {
								"east": {"uv": [43, 10], "uv_size": [0.5, 0.5]},
								"west": {"uv": [11, 43], "uv_size": [0.5, 0.5]},
								"up": {"uv": [34, 33], "uv_size": [2, 0.5]}
							}
						},
						{
							"origin": [-1.0625, 9.82858, -1.71561],
							"size": [2.125, 0.125, 0.15533],
							"pivot": [0, 9.84153, -1.5625],
							"rotation": [45, 0, 0],
							"uv": {
								"east": {"uv": [43, 11], "uv_size": [0.5, 0.5]},
								"west": {"uv": [12, 43], "uv_size": [0.5, 0.5]},
								"up": {"uv": [34, 34], "uv_size": [2, 0.5]}
							}
						},
						{
							"origin": [-1.0625, 9.68842, -1.57544],
							"size": [2.125, 0.15533, 0.125],
							"pivot": [0, 9.84153, -1.5625],
							"rotation": [45, 0, 0],
							"uv": {
								"east": {"uv": [43, 12], "uv_size": [0.5, 0.5]},
								"south": {"uv": [0, 35], "uv_size": [2, 0.5]},
								"west": {"uv": [13, 43], "uv_size": [0.5, 0.5]},
								"up": {"uv": [35, 2], "uv_size": [2, 0.5]}
							}
						}
					]
				},
				{
					"name": "pull",
					"parent": "fn_p90",
					"pivot": [0, 8.13584, 5.48438],
					"cubes": [
						{
							"origin": [-0.875, 7.8, -0.875],
							"size": [1.75, 0.625, 1],
							"uv": {
								"east": {"uv": [16, 40], "uv_size": [1, 0.5]},
								"south": {"uv": [35, 3], "uv_size": [2, 0.5]},
								"west": {"uv": [17, 40], "uv_size": [1, 0.5]},
								"up": {"uv": [7, 32], "uv_size": [2, 1]},
								"down": {"uv": [32, 9], "uv_size": [2, -1]}
							}
						},
						{
							"origin": [-1.09375, 7.87813, -1],
							"size": [2.1875, 0.46875, 0.1875],
							"uv": {
								"north": {"uv": [4, 35], "uv_size": [2, 0.5]},
								"east": {"uv": [43, 13], "uv_size": [0.5, 0.5]},
								"south": {"uv": [6, 35], "uv_size": [2, 0.5]},
								"west": {"uv": [14, 43], "uv_size": [0.5, 0.5]}
							}
						},
						{
							"origin": [-0.9375, 3.89896, 2.33497],
							"size": [1.875, 0.25, 0.25],
							"pivot": [0, 9.13584, 6.10938],
							"rotation": [-45, 0, 0],
							"uv": {
								"north": {"uv": [35, 7], "uv_size": [2, 0.5]},
								"east": {"uv": [43, 14], "uv_size": [0.5, 0.5]},
								"south": {"uv": [8, 35], "uv_size": [2, 0.5]},
								"west": {"uv": [15, 43], "uv_size": [0.5, 0.5]},
								"up": {"uv": [35, 9], "uv_size": [2, 0.5]},
								"down": {"uv": [15, 35.5], "uv_size": [2, -0.5]}
							}
						},
						{
							"origin": [-0.75, 7.8625, 0.125],
							"size": [1.5, 0.5, 9],
							"uv": {
								"east": {"uv": [20, 10], "uv_size": [9, 0.5]},
								"south": {"uv": [37, 37], "uv_size": [1.5, 0.5]},
								"west": {"uv": [15, 20], "uv_size": [9, 0.5]},
								"up": {"uv": [8, 0], "uv_size": [1.5, 9]},
								"down": {"uv": [6, 17], "uv_size": [1.5, -9]}
							}
						},
						{
							"origin": [-1.10625, 8.42454, -0.73484],
							"size": [2.2, 0.1875, 0.425],
							"uv": {
								"east": {"uv": [43, 15], "uv_size": [0.5, 0.5]},
								"south": {"uv": [17, 35], "uv_size": [2, 0.5]},
								"west": {"uv": [16, 43], "uv_size": [0.5, 0.5]},
								"up": {"uv": [19, 35], "uv_size": [2, 0.5]},
								"down": {"uv": [21, 35.5], "uv_size": [2, -0.5]}
							}
						},
						{
							"origin": [-0.90625, 8.42454, -0.30984],
							"size": [1.8, 0.1875, 0.2],
							"uv": {
								"south": {"uv": [25, 35], "uv_size": [2, 0.5]},
								"up": {"uv": [27, 35], "uv_size": [2, 0.5]}
							}
						},
						{
							"origin": [-3.68931, 8.42454, 0.63868],
							"size": [0.3, 0.1875, 0.28],
							"pivot": [-0.00625, 8.09788, 5.57454],
							"rotation": [0, -45, 0],
							"uv": {
								"north": {"uv": [43, 16], "uv_size": [0.5, 0.5]},
								"west": {"uv": [17, 43], "uv_size": [0.5, 0.5]},
								"up": {"uv": [43, 17], "uv_size": [0.5, 0.5]},
								"down": {"uv": [18, 43.5], "uv_size": [0.5, -0.5]}
							}
						},
						{
							"origin": [-3.68931, 7.61296, 0.63868],
							"size": [0.3, 0.1875, 0.28],
							"pivot": [-0.00625, 8.1488, 5.57454],
							"rotation": [0, -45, 0],
							"uv": {
								"north": {"uv": [43, 18], "uv_size": [0.5, 0.5]},
								"west": {"uv": [19, 43], "uv_size": [0.5, 0.5]},
								"up": {"uv": [43, 19], "uv_size": [0.5, 0.5]},
								"down": {"uv": [20, 43.5], "uv_size": [0.5, -0.5]}
							}
						},
						{
							"origin": [-0.90625, 7.61296, -0.30983],
							"size": [1.8, 0.1875, 0.2],
							"uv": {
								"south": {"uv": [35, 27], "uv_size": [2, 0.5]},
								"down": {"uv": [35, 28.5], "uv_size": [2, -0.5]}
							}
						},
						{
							"origin": [-1.10625, 7.61296, -0.73483],
							"size": [2.2, 0.1875, 0.425],
							"uv": {
								"east": {"uv": [43, 20], "uv_size": [0.5, 0.5]},
								"south": {"uv": [32, 35], "uv_size": [2, 0.5]},
								"west": {"uv": [21, 43], "uv_size": [0.5, 0.5]},
								"up": {"uv": [34, 35], "uv_size": [2, 0.5]},
								"down": {"uv": [0, 36.5], "uv_size": [2, -0.5]}
							}
						},
						{
							"origin": [-1.09375, 12.74999, 1.06635],
							"size": [2.1875, 0.1875, 0.375],
							"pivot": [-0.00625, 8.14788, 5.57454],
							"rotation": [45, 0, 0],
							"uv": {
								"east": {"uv": [43, 21], "uv_size": [0.5, 0.5]},
								"west": {"uv": [22, 43], "uv_size": [0.5, 0.5]},
								"up": {"uv": [3, 36], "uv_size": [2, 0.5]},
								"down": {"uv": [36, 4.5], "uv_size": [2, -0.5]}
							}
						},
						{
							"origin": [-1.09375, 12.23131, 0.73424],
							"size": [2.1875, 0.375, 0.1875],
							"pivot": [-0.00625, 8.1488, 5.57454],
							"rotation": [45, 0, 0],
							"uv": {
								"north": {"uv": [5, 36], "uv_size": [2, 0.5]},
								"east": {"uv": [43, 22], "uv_size": [0.5, 0.5]},
								"south": {"uv": [36, 5], "uv_size": [2, 0.5]},
								"west": {"uv": [23, 43], "uv_size": [0.5, 0.5]},
								"down": {"uv": [36, 6.5], "uv_size": [2, -0.5]}
							}
						},
						{
							"origin": [3.3748, 8.42454, 0.63667],
							"size": [0.3, 0.1875, 0.28],
							"pivot": [-0.00826, 8.09788, 5.57253],
							"rotation": [0, 45, 0],
							"uv": {
								"east": {"uv": [43, 23], "uv_size": [0.5, 0.5]},
								"up": {"uv": [24, 43], "uv_size": [0.5, 0.5]},
								"down": {"uv": [43, 24.5], "uv_size": [0.5, -0.5]}
							}
						},
						{
							"origin": [3.3748, 7.61296, 0.63667],
							"size": [0.3, 0.1875, 0.28],
							"pivot": [-0.00826, 8.1488, 5.57253],
							"rotation": [0, 45, 0],
							"uv": {
								"east": {"uv": [25, 43], "uv_size": [0.5, 0.5]},
								"up": {"uv": [43, 25], "uv_size": [0.5, 0.5]},
								"down": {"uv": [26, 43.5], "uv_size": [0.5, -0.5]}
							}
						}
					]
				},
				{
					"name": "p90_body",
					"parent": "fn_p90",
					"pivot": [0, 8, 8]
				},
				{
					"name": "upper2",
					"parent": "p90_body",
					"pivot": [0, 8, 8]
				},
				{
					"name": "p2",
					"parent": "upper2",
					"pivot": [0, 8, 8]
				},
				{
					"name": "Body2",
					"parent": "p2",
					"pivot": [0, 8, 8],
					"cubes": [
						{
							"origin": [-1, 7.8125, 11.8],
							"size": [2, 1.6875, 5.2],
							"uv": {
								"north": {"uv": [20, 25], "uv_size": [2, 1.5]},
								"east": {"uv": [12, 4], "uv_size": [5, 1.5]},
								"west": {"uv": [12, 6], "uv_size": [5, 1.5]}
							}
						},
						{
							"origin": [-1, 7.8125, 4],
							"size": [2, 0.9375, 7.8],
							"uv": {
								"north": {"uv": [32, 10], "uv_size": [2, 1]},
								"east": {"uv": [12, 2], "uv_size": [8, 1]},
								"west": {"uv": [12, 3], "uv_size": [8, 1]},
								"up": {"uv": [6, 0], "uv_size": [2, 8]}
							}
						},
						{
							"origin": [-2.51718, 7.5625, 4.30782],
							"size": [1.03921, 1.1875, 1.03921],
							"pivot": [0, 8.0125, 6.825],
							"rotation": [0, -45, 0],
							"uv": {
								"north": {"uv": [9, 30], "uv_size": [1, 1]},
								"east": {"uv": [12, 35], "uv_size": [1, 1]},
								"up": {"uv": [23, 35], "uv_size": [1, 1]},
								"down": {"uv": [29, 36], "uv_size": [1, -1]}
							}
						},
						{
							"origin": [-0.875, 7.25, 11],
							"size": [1.75, 0.4375, 6],
							"uv": {
								"east": {"uv": [25, 15], "uv_size": [6, 0.5]},
								"west": {"uv": [25, 21], "uv_size": [6, 0.5]},
								"down": {"uv": [8, 15], "uv_size": [2, -6]}
							}
						},
						{
							"origin": [-0.875, 5.625, 11],
							"size": [1.75, 1.625, 0.875],
							"uv": {
								"north": {"uv": [22, 25], "uv_size": [2, 1.5]},
								"east": {"uv": [33, 21], "uv_size": [1, 1.5]},
								"south": {"uv": [24, 25], "uv_size": [2, 1.5]},
								"west": {"uv": [25, 33], "uv_size": [1, 1.5]}
							}
						},
						{
							"origin": [-0.875, 5.625, 16.75],
							"size": [1.75, 1.625, 0.25],
							"uv": {
								"north": {"uv": [26, 18], "uv_size": [2, 1.5]},
								"east": {"uv": [5, 38], "uv_size": [0.5, 1.5]},
								"west": {"uv": [6, 38], "uv_size": [0.5, 1.5]}
							}
						},
						{
							"origin": [-0.75, 5.5625, 11.875],
							"size": [1.5, 1.6875, 5.125],
							"uv": {
								"east": {"uv": [12, 8], "uv_size": [5, 1.5]},
								"west": {"uv": [12, 10], "uv_size": [5, 1.5]}
							}
						},
						{
							"origin": [-0.875, 5.25, 11],
							"size": [1.75, 0.375, 6],
							"uv": {
								"north": {"uv": [7, 36], "uv_size": [2, 0.5]},
								"east": {"uv": [26, 23], "uv_size": [6, 0.5]},
								"west": {"uv": [26, 24], "uv_size": [6, 0.5]},
								"up": {"uv": [10, 0], "uv_size": [2, 6]}
							}
						},
						{
							"origin": [-0.875, 5.5625, 14.625],
							"size": [1.75, 0.5625, 0.8125],
							"uv": {
								"east": {"uv": [40, 17], "uv_size": [1, 0.5]},
								"west": {"uv": [18, 40], "uv_size": [1, 0.5]},
								"up": {"uv": [32, 11], "uv_size": [2, 1]}
							}
						},
						{
							"origin": [-0.875, 0.7874, 10.25577],
							"size": [1.75, 0.375, 0.75],
							"pivot": [0, 8.0125, 6.825],
							"rotation": [45, 0, 0],
							"uv": {
								"east": {"uv": [19, 40], "uv_size": [1, 0.5]},
								"west": {"uv": [20, 40], "uv_size": [1, 0.5]},
								"up": {"uv": [12, 32], "uv_size": [2, 1]}
							}
						},
						{
							"origin": [-0.875, -0.16212, 11.20529],
							"size": [1.75, 0.75, 0.375],
							"pivot": [0, 8.0125, 6.825],
							"rotation": [45, 0, 0],
							"uv": {
								"east": {"uv": [21, 40], "uv_size": [0.5, 1]},
								"south": {"uv": [16, 32], "uv_size": [2, 1]},
								"west": {"uv": [22, 40], "uv_size": [0.5, 1]}
							}
						},
						{
							"origin": [-0.875, 0.10304, 12.97306],
							"size": [1.75, 0.75, 0.375],
							"pivot": [0, 8.0125, 6.825],
							"rotation": [45, 0, 0],
							"uv": {
								"north": {"uv": [18, 32], "uv_size": [2, 1]},
								"east": {"uv": [23, 40], "uv_size": [0.5, 1]},
								"west": {"uv": [40, 23], "uv_size": [0.5, 1]}
							}
						},
						{
							"origin": [-0.875, 2.40114, 8.64203],
							"size": [1.75, 0.75, 0.375],
							"pivot": [0, 8.0125, 6.825],
							"rotation": [45, 0, 0],
							"uv": {
								"east": {"uv": [24, 40], "uv_size": [0.5, 1]},
								"south": {"uv": [20, 32], "uv_size": [2, 1]},
								"west": {"uv": [40, 24], "uv_size": [0.5, 1]}
							}
						},
						{
							"origin": [-0.875, 4.52116, 9.238],
							"size": [1.75, 0.6875, 0.3125],
							"pivot": [0, 8.0125, 6.825],
							"rotation": [45, 0, 0],
							"uv": {
								"north": {"uv": [36, 8], "uv_size": [2, 0.5]},
								"east": {"uv": [43, 28], "uv_size": [0.5, 0.5]},
								"south": {"uv": [9, 36], "uv_size": [2, 0.5]},
								"west": {"uv": [29, 43], "uv_size": [0.5, 0.5]},
								"up": {"uv": [36, 10], "uv_size": [2, 0.5]}
							}
						},
						{
							"origin": [-0.625, 5, 11],
							"size": [1.25, 0.25, 6],
							"uv": {
								"down": {"uv": [2, 17], "uv_size": [1.5, -6]}
							}
						},
						{
							"origin": [-1.6958, 5.54709, 11],
							"size": [0.35355, 0.1875, 6],
							"pivot": [0.125, 8.075, 6.825],
							"rotation": [0, 0, -45],
							"uv": {
								"north": {"uv": [43, 29], "uv_size": [0.5, 0.5]},
								"down": {"uv": [14, 32], "uv_size": [0.5, -6]}
							}
						},
						{
							"origin": [1.34225, 5.54709, 11],
							"size": [0.35355, 0.1875, 6],
							"pivot": [-0.125, 8.075, 6.825],
							"rotation": [0, 0, 45],
							"uv": {
								"north": {"uv": [30, 43], "uv_size": [0.5, 0.5]},
								"down": {"uv": [26, 31], "uv_size": [0.5, -6]}
							}
						},
						{
							"origin": [-0.7, 9.5, 12.625],
							"size": [1.4, 0.3, 4.375],
							"uv": {
								"east": {"uv": [29, 16], "uv_size": [4.5, 0.5]},
								"west": {"uv": [29, 17], "uv_size": [4.5, 0.5]},
								"up": {"uv": [10, 14], "uv_size": [1.5, 4.5]}
							}
						},
						{
							"origin": [-1, 9.5, 11.6],
							"size": [2, 0.3, 1],
							"uv": {
								"east": {"uv": [25, 40], "uv_size": [1, 0.5]},
								"west": {"uv": [26, 40], "uv_size": [1, 0.5]},
								"up": {"uv": [32, 20], "uv_size": [2, 1]},
								"down": {"uv": [32, 24], "uv_size": [2, -1]}
							}
						},
						{
							"origin": [-1, 8.75, 10.8375],
							"size": [2, 0.25, 0.9625],
							"uv": {
								"north": {"uv": [11, 36], "uv_size": [2, 0.5]},
								"east": {"uv": [40, 26], "uv_size": [1, 0.5]},
								"west": {"uv": [27, 40], "uv_size": [1, 0.5]},
								"up": {"uv": [32, 24], "uv_size": [2, 1]}
							}
						},
						{
							"origin": [-0.85, 9, 11.4],
							"size": [1.7, 0.5, 0.5],
							"uv": {
								"east": {"uv": [43, 30], "uv_size": [0.5, 0.5]},
								"west": {"uv": [31, 43], "uv_size": [0.5, 0.5]}
							}
						},
						{
							"origin": [-1, 11.57393, 11.47636],
							"size": [2, 0.3, 0.8125],
							"inflate": -0.001,
							"pivot": [0, 8.0125, 6.825],
							"rotation": [-22.5, 0, 0],
							"uv": {
								"east": {"uv": [40, 27], "uv_size": [1, 0.5]},
								"west": {"uv": [28, 40], "uv_size": [1, 0.5]},
								"up": {"uv": [32, 29], "uv_size": [2, 1]}
							}
						},
						{
							"origin": [-1, 9.5, 10.9],
							"size": [0.125, 0.3, 0.7],
							"uv": {
								"north": {"uv": [43, 31], "uv_size": [0.5, 0.5]},
								"east": {"uv": [32, 43], "uv_size": [0.5, 0.5]},
								"up": {"uv": [43, 32], "uv_size": [0.5, 0.5]},
								"down": {"uv": [33, 43.5], "uv_size": [0.5, -0.5]}
							}
						},
						{
							"origin": [-0.875, 9.5, 11.0875],
							"size": [0.125, 0.3, 0.2],
							"uv": {
								"up": {"uv": [43, 33], "uv_size": [0.5, 0.5]}
							}
						},
						{
							"origin": [0.75, 9.5, 11.0875],
							"size": [0.125, 0.3, 0.2],
							"uv": {
								"up": {"uv": [34, 43], "uv_size": [0.5, 0.5]}
							}
						},
						{
							"origin": [-0.875, 9.5, 11.25938],
							"size": [1.75, 0.3, 0.34062],
							"uv": {
								"north": {"uv": [36, 11], "uv_size": [2, 0.5]},
								"up": {"uv": [14, 36], "uv_size": [2, 0.5]},
								"down": {"uv": [36, 14.5], "uv_size": [2, -0.5]}
							}
						},
						{
							"origin": [-3.67518, 9.5, 9.08774],
							"size": [0.175, 0.3, 0.5375],
							"pivot": [0, 8.0125, 6.825],
							"rotation": [0, 45, 0],
							"uv": {
								"west": {"uv": [43, 34], "uv_size": [0.5, 0.5]},
								"up": {"uv": [35, 43], "uv_size": [0.5, 0.5]},
								"down": {"uv": [43, 35.5], "uv_size": [0.5, -0.5]}
							}
						},
						{
							"origin": [0.875, 9.5, 10.9],
							"size": [0.125, 0.3, 0.7],
							"uv": {
								"north": {"uv": [36, 43], "uv_size": [0.5, 0.5]},
								"west": {"uv": [43, 36], "uv_size": [0.5, 0.5]},
								"up": {"uv": [37, 43], "uv_size": [0.5, 0.5]},
								"down": {"uv": [43, 37.5], "uv_size": [0.5, -0.5]}
							}
						},
						{
							"origin": [3.50018, 9.5, 9.08774],
							"size": [0.175, 0.3, 0.5375],
							"pivot": [0, 8.0125, 6.825],
							"rotation": [0, -45, 0],
							"uv": {
								"east": {"uv": [38, 43], "uv_size": [0.5, 0.5]},
								"up": {"uv": [43, 38], "uv_size": [0.5, 0.5]},
								"down": {"uv": [39, 43.5], "uv_size": [0.5, -0.5]}
							}
						},
						{
							"origin": [1.35893, 8.35721, 12.625],
							"size": [0.4, 0.421, 4.375],
							"pivot": [0, 8.0125, 6.825],
							"rotation": [0, 0, -45],
							"uv": {
								"north": {"uv": [43, 39], "uv_size": [0.5, 0.5]},
								"west": {"uv": [29, 25], "uv_size": [4.5, 0.5]},
								"up": {"uv": [23, 29], "uv_size": [0.5, 4.5]}
							}
						},
						{
							"origin": [-1.75893, 8.35721, 12.625],
							"size": [0.4, 0.421, 4.375],
							"pivot": [0, 8.0125, 6.825],
							"rotation": [0, 0, 45],
							"uv": {
								"north": {"uv": [40, 43], "uv_size": [0.5, 0.5]},
								"east": {"uv": [29, 26], "uv_size": [4.5, 0.5]},
								"up": {"uv": [24, 29], "uv_size": [0.5, 4.5]}
							}
						},
						{
							"origin": [-0.97994, 8.27906, 4],
							"size": [0.17956, 0.35356, 13],
							"pivot": [0, 8.19834, 5.48438],
							"rotation": [0, 0, -45],
							"uv": {
								"north": {"uv": [43, 40], "uv_size": [0.5, 0.5]},
								"east": {"uv": [12, 14], "uv_size": [13, 0.5]}
							}
						},
						{
							"origin": [0.80038, 8.27906, 4],
							"size": [0.17956, 0.35356, 13],
							"pivot": [0, 8.19834, 5.48438],
							"rotation": [0, 0, 45],
							"uv": {
								"north": {"uv": [41, 43], "uv_size": [0.5, 0.5]},
								"west": {"uv": [12, 15], "uv_size": [13, 0.5]}
							}
						},
						{
							"origin": [-0.75, 7.5625, 4],
							"size": [1.5, 0.25, 13],
							"uv": {
								"north": {"uv": [38, 6], "uv_size": [1.5, 0.5]},
								"down": {"uv": [4, 13], "uv_size": [1.5, -13]}
							}
						},
						{
							"origin": [-1.3125, 8.4375, 9.45634],
							"size": [2.625, 0.5, 1.08732],
							"uv": {
								"east": {"uv": [29, 40], "uv_size": [1, 0.5]},
								"west": {"uv": [40, 29], "uv_size": [1, 0.5]},
								"up": {"uv": [7, 29], "uv_size": [2.5, 1]},
								"down": {"uv": [29, 9], "uv_size": [2.5, -1]}
							}
						},
						{
							"origin": [-1.3125, 8.4375, 9.45634],
							"size": [2.625, 0.5, 1.08732],
							"pivot": [0, 8.5, 10],
							"rotation": [0, -45, 0],
							"uv": {
								"east": {"uv": [30, 40], "uv_size": [1, 0.5]},
								"west": {"uv": [40, 30], "uv_size": [1, 0.5]},
								"up": {"uv": [29, 10], "uv_size": [2.5, 1]},
								"down": {"uv": [29, 12], "uv_size": [2.5, -1]}
							}
						},
						{
							"origin": [-0.54366, 8.4375, 8.6875],
							"size": [1.08732, 0.5, 2.625],
							"inflate": 0.001,
							"uv": {
								"north": {"uv": [31, 40], "uv_size": [1, 0.5]},
								"up": {"uv": [20, 29], "uv_size": [1, 2.5]}
							}
						},
						{
							"origin": [-0.54366, 8.4375, 8.6875],
							"size": [1.08732, 0.5, 2.625],
							"pivot": [0, 8.5, 10],
							"rotation": [0, -45, 0],
							"uv": {
								"north": {"uv": [32, 40], "uv_size": [1, 0.5]},
								"south": {"uv": [40, 32], "uv_size": [1, 0.5]},
								"up": {"uv": [21, 29], "uv_size": [1, 2.5]},
								"down": {"uv": [22, 31.5], "uv_size": [1, -2.5]}
							}
						}
					]
				},
				{
					"name": "hexadecagon2",
					"parent": "p2",
					"pivot": [0, 8, 8],
					"cubes": [
						{
							"origin": [-0.4, 8.425, -1.34375],
							"size": [0.8, 0.3125, 0.84375],
							"uv": {
								"north": {"uv": [33, 40], "uv_size": [1, 0.5]},
								"east": {"uv": [40, 33], "uv_size": [1, 0.5]},
								"west": {"uv": [34, 40], "uv_size": [1, 0.5]},
								"up": {"uv": [36, 15], "uv_size": [1, 1]}
							}
						},
						{
							"origin": [-0.4, 8.425, -1.8],
							"size": [0.8, 0.11221, 0.45625],
							"uv": {
								"east": {"uv": [43, 41], "uv_size": [0.5, 0.5]},
								"west": {"uv": [42, 43], "uv_size": [0.5, 0.5]},
								"up": {"uv": [35, 40], "uv_size": [1, 0.5]}
							}
						},
						{
							"origin": [-0.4, 5.70014, -1.4915],
							"size": [0.8, 0.09375, 0.26563],
							"pivot": [0, 8.13584, 5.46875],
							"rotation": [-22.5, 0, 0],
							"uv": {
								"north": {"uv": [40, 35], "uv_size": [1, 0.5]},
								"east": {"uv": [43, 42], "uv_size": [0.5, 0.5]},
								"south": {"uv": [36, 40], "uv_size": [1, 0.5]},
								"west": {"uv": [43, 43], "uv_size": [0.5, 0.5]},
								"up": {"uv": [40, 36], "uv_size": [1, 0.5]},
								"down": {"uv": [37, 40.5], "uv_size": [1, -0.5]}
							}
						},
						{
							"origin": [-0.4, 8.52597, -1.4953],
							"size": [0.8, 0.10938, 0.26563],
							"pivot": [0, 8.58847, -1.36248],
							"rotation": [45, 0, 0],
							"uv": {
								"north": {"uv": [40, 37], "uv_size": [1, 0.5]},
								"east": {"uv": [0, 44], "uv_size": [0.5, 0.5]},
								"south": {"uv": [38, 40], "uv_size": [1, 0.5]},
								"west": {"uv": [44, 0], "uv_size": [0.5, 0.5]},
								"up": {"uv": [40, 38], "uv_size": [1, 0.5]},
								"down": {"uv": [39, 40.5], "uv_size": [1, -0.5]}
							}
						}
					]
				},
				{
					"name": "Trigger2",
					"parent": "p2",
					"pivot": [0.0125, 4.2, 7.3],
					"cubes": [
						{
							"origin": [-0.125, 6.99775, 2.05975],
							"size": [0.25, 1.59564, 0.7625],
							"pivot": [0, 8.13584, 5.29688],
							"rotation": [22.5, 0, 0],
							"uv": {
								"north": {"uv": [38, 7], "uv_size": [0.5, 1.5]},
								"east": {"uv": [26, 33], "uv_size": [1, 1.5]},
								"west": {"uv": [27, 33], "uv_size": [1, 1.5]}
							}
						},
						{
							"origin": [-0.125, 5.80218, 2.5125],
							"size": [0.25, 0.67064, 0.6125],
							"inflate": 0.001,
							"uv": {
								"north": {"uv": [1, 44], "uv_size": [0.5, 0.5]},
								"east": {"uv": [44, 1], "uv_size": [0.5, 0.5]},
								"west": {"uv": [2, 44], "uv_size": [0.5, 0.5]}
							}
						},
						{
							"origin": [-0.125, 5.05641, 2.43095],
							"size": [0.25, 1.15814, 0.575],
							"inflate": 0.001,
							"pivot": [0, 5.63548, 2.78095],
							"rotation": [-22.5, 0, 0],
							"uv": {
								"north": {"uv": [40, 39], "uv_size": [0.5, 1]},
								"east": {"uv": [40, 40], "uv_size": [0.5, 1]},
								"west": {"uv": [0, 41], "uv_size": [0.5, 1]}
							}
						},
						{
							"origin": [-0.125, 9.23263, 2.25207],
							"size": [0.25, 0.67064, 0.5],
							"pivot": [0, 8.13584, 5.29688],
							"rotation": [45, 0, 0],
							"uv": {
								"north": {"uv": [44, 2], "uv_size": [0.5, 0.5]},
								"east": {"uv": [3, 44], "uv_size": [0.5, 0.5]},
								"west": {"uv": [44, 3], "uv_size": [0.5, 0.5]}
							}
						}
					]
				},
				{
					"name": "Top",
					"parent": "upper2",
					"pivot": [0.25, 7.9, 10.775],
					"cubes": [
						{
							"origin": [-0.57322, 10.77855, -4],
							"size": [0.17678, 0.17678, 0.75],
							"pivot": [-0.19822, 10.90355, -6.125],
							"rotation": [0, 0, -45],
							"uv": {
								"north": {"uv": [4, 44], "uv_size": [0.5, 0.5]},
								"south": {"uv": [44, 4], "uv_size": [0.5, 0.5]},
								"up": {"uv": [41, 0], "uv_size": [0.5, 1]}
							}
						},
						{
							"origin": [-0.375, 10.675, -4],
							"size": [0.75, 0.125, 0.75],
							"uv": {
								"north": {"uv": [1, 41], "uv_size": [1, 0.5]},
								"south": {"uv": [41, 1], "uv_size": [1, 0.5]},
								"up": {"uv": [16, 36], "uv_size": [1, 1]}
							}
						},
						{
							"origin": [0.39645, 10.77855, -4],
							"size": [0.17678, 0.17678, 0.75],
							"pivot": [0.19822, 10.90355, -6.125],
							"rotation": [0, 0, 45],
							"uv": {
								"north": {"uv": [5, 44], "uv_size": [0.5, 0.5]},
								"south": {"uv": [44, 5], "uv_size": [0.5, 0.5]},
								"up": {"uv": [2, 41], "uv_size": [0.5, 1]}
							}
						},
						{
							"origin": [0.39645, 10.77855, -2.5],
							"size": [0.17678, 0.17678, 0.75],
							"pivot": [0.19822, 10.90355, -4.625],
							"rotation": [0, 0, 45],
							"uv": {
								"north": {"uv": [6, 44], "uv_size": [0.5, 0.5]},
								"south": {"uv": [44, 6], "uv_size": [0.5, 0.5]},
								"up": {"uv": [41, 2], "uv_size": [0.5, 1]}
							}
						},
						{
							"origin": [-0.375, 10.675, -2.5],
							"size": [0.75, 0.125, 0.75],
							"uv": {
								"north": {"uv": [3, 41], "uv_size": [1, 0.5]},
								"south": {"uv": [41, 3], "uv_size": [1, 0.5]},
								"up": {"uv": [36, 16], "uv_size": [1, 1]}
							}
						},
						{
							"origin": [-0.57322, 10.77855, -2.5],
							"size": [0.17678, 0.17678, 0.75],
							"pivot": [-0.19822, 10.90355, -4.625],
							"rotation": [0, 0, -45],
							"uv": {
								"north": {"uv": [7, 44], "uv_size": [0.5, 0.5]},
								"south": {"uv": [44, 7], "uv_size": [0.5, 0.5]},
								"up": {"uv": [4, 41], "uv_size": [0.5, 1]}
							}
						},
						{
							"origin": [0.39645, 10.77855, -3],
							"size": [0.17678, 0.17678, 0.25],
							"pivot": [0.19822, 10.90355, -5.625],
							"rotation": [0, 0, 45],
							"uv": {
								"north": {"uv": [8, 44], "uv_size": [0.5, 0.5]},
								"south": {"uv": [44, 8], "uv_size": [0.5, 0.5]},
								"up": {"uv": [9, 44], "uv_size": [0.5, 0.5]}
							}
						},
						{
							"origin": [-0.375, 10.675, -3],
							"size": [0.75, 0.125, 0.25],
							"uv": {
								"north": {"uv": [41, 4], "uv_size": [1, 0.5]},
								"south": {"uv": [5, 41], "uv_size": [1, 0.5]},
								"up": {"uv": [41, 5], "uv_size": [1, 0.5]}
							}
						},
						{
							"origin": [-0.57322, 10.77855, -3],
							"size": [0.17678, 0.17678, 0.25],
							"pivot": [-0.19822, 10.90355, -5.625],
							"rotation": [0, 0, -45],
							"uv": {
								"north": {"uv": [44, 9], "uv_size": [0.5, 0.5]},
								"south": {"uv": [10, 44], "uv_size": [0.5, 0.5]},
								"up": {"uv": [44, 10], "uv_size": [0.5, 0.5]}
							}
						},
						{
							"origin": [0.39645, 10.77855, -1],
							"size": [0.17678, 0.17678, 0.75],
							"pivot": [0.19822, 10.90355, -3.125],
							"rotation": [0, 0, 45],
							"uv": {
								"north": {"uv": [11, 44], "uv_size": [0.5, 0.5]},
								"south": {"uv": [44, 11], "uv_size": [0.5, 0.5]},
								"up": {"uv": [6, 41], "uv_size": [0.5, 1]}
							}
						},
						{
							"origin": [-0.375, 10.675, -1],
							"size": [0.75, 0.125, 0.75],
							"uv": {
								"north": {"uv": [41, 6], "uv_size": [1, 0.5]},
								"south": {"uv": [7, 41], "uv_size": [1, 0.5]},
								"up": {"uv": [17, 36], "uv_size": [1, 1]}
							}
						},
						{
							"origin": [-0.57322, 10.77855, -1],
							"size": [0.17678, 0.17678, 0.75],
							"pivot": [-0.19822, 10.90355, -3.125],
							"rotation": [0, 0, -45],
							"uv": {
								"north": {"uv": [12, 44], "uv_size": [0.5, 0.5]},
								"south": {"uv": [44, 12], "uv_size": [0.5, 0.5]},
								"up": {"uv": [41, 7], "uv_size": [0.5, 1]}
							}
						},
						{
							"origin": [0.39645, 10.77855, -1.5],
							"size": [0.17678, 0.17678, 0.25],
							"pivot": [0.19822, 10.90355, -4.125],
							"rotation": [0, 0, 45],
							"uv": {
								"north": {"uv": [13, 44], "uv_size": [0.5, 0.5]},
								"south": {"uv": [44, 13], "uv_size": [0.5, 0.5]},
								"up": {"uv": [14, 44], "uv_size": [0.5, 0.5]}
							}
						},
						{
							"origin": [-0.375, 10.675, -1.5],
							"size": [0.75, 0.125, 0.25],
							"uv": {
								"north": {"uv": [8, 41], "uv_size": [1, 0.5]},
								"south": {"uv": [41, 8], "uv_size": [1, 0.5]},
								"up": {"uv": [9, 41], "uv_size": [1, 0.5]}
							}
						},
						{
							"origin": [-0.57322, 10.77855, -1.5],
							"size": [0.17678, 0.17678, 0.25],
							"pivot": [-0.19822, 10.90355, -4.125],
							"rotation": [0, 0, -45],
							"uv": {
								"north": {"uv": [44, 14], "uv_size": [0.5, 0.5]},
								"south": {"uv": [15, 44], "uv_size": [0.5, 0.5]},
								"up": {"uv": [44, 15], "uv_size": [0.5, 0.5]}
							}
						},
						{
							"origin": [0.39645, 10.77855, 0.5],
							"size": [0.17678, 0.17678, 0.75],
							"pivot": [0.19822, 10.90355, -1.625],
							"rotation": [0, 0, 45],
							"uv": {
								"north": {"uv": [16, 44], "uv_size": [0.5, 0.5]},
								"south": {"uv": [44, 16], "uv_size": [0.5, 0.5]},
								"up": {"uv": [17, 44], "uv_size": [0.5, 0.5]}
							}
						},
						{
							"origin": [-0.375, 10.675, 0.5],
							"size": [0.75, 0.125, 0.75],
							"uv": {
								"north": {"uv": [41, 9], "uv_size": [1, 0.5]},
								"south": {"uv": [10, 41], "uv_size": [1, 0.5]},
								"up": {"uv": [41, 10], "uv_size": [1, 0.5]}
							}
						},
						{
							"origin": [-0.57322, 10.77855, 0.5],
							"size": [0.17678, 0.17678, 0.75],
							"pivot": [-0.19822, 10.90355, -1.625],
							"rotation": [0, 0, -45],
							"uv": {
								"north": {"uv": [44, 17], "uv_size": [0.5, 0.5]},
								"south": {"uv": [18, 44], "uv_size": [0.5, 0.5]},
								"up": {"uv": [44, 18], "uv_size": [0.5, 0.5]}
							}
						},
						{
							"origin": [0.39645, 10.77855, 0],
							"size": [0.17678, 0.17678, 0.25],
							"pivot": [0.19822, 10.90355, -2.625],
							"rotation": [0, 0, 45],
							"uv": {
								"north": {"uv": [19, 44], "uv_size": [0.5, 0.5]},
								"south": {"uv": [44, 19], "uv_size": [0.5, 0.5]},
								"up": {"uv": [20, 44], "uv_size": [0.5, 0.5]}
							}
						},
						{
							"origin": [-0.375, 10.675, 0],
							"size": [0.75, 0.125, 0.25],
							"uv": {
								"north": {"uv": [11, 41], "uv_size": [1, 0.5]},
								"south": {"uv": [41, 11], "uv_size": [1, 0.5]},
								"up": {"uv": [12, 41], "uv_size": [1, 0.5]}
							}
						},
						{
							"origin": [-0.57322, 10.77855, 0],
							"size": [0.17678, 0.17678, 0.25],
							"pivot": [-0.19822, 10.90355, -2.625],
							"rotation": [0, 0, -45],
							"uv": {
								"north": {"uv": [44, 20], "uv_size": [0.5, 0.5]},
								"south": {"uv": [21, 44], "uv_size": [0.5, 0.5]},
								"up": {"uv": [44, 21], "uv_size": [0.5, 0.5]}
							}
						},
						{
							"origin": [-1.17607, 10.85248, -4],
							"size": [0.25, 0, 5.25],
							"pivot": [-0.67607, 10.85248, -0.625],
							"rotation": [0, 0, -135],
							"uv": {
								"up": {"uv": [15, 27], "uv_size": [0.5, 5.5]}
							}
						},
						{
							"origin": [0.92607, 10.85248, -4],
							"size": [0.25, 0, 5.25],
							"pivot": [0.67607, 10.85248, -0.625],
							"rotation": [0, 0, 135],
							"uv": {
								"up": {"uv": [27, 27], "uv_size": [0.5, 5.5]}
							}
						},
						{
							"origin": [-0.5, 10.675, -4],
							"size": [1, 0, 5.25],
							"uv": {
								"up": {"uv": [14, 20], "uv_size": [1, 5.5]}
							}
						},
						{
							"origin": [-0.374, 9.92631, -3.49974],
							"size": [0.748, 0.5, 0.75],
							"pivot": [-0.001, 10.05131, -3.12474],
							"rotation": [-45, 0, 0],
							"uv": {
								"east": {"uv": [41, 12], "uv_size": [1, 0.5]},
								"west": {"uv": [13, 41], "uv_size": [1, 0.5]},
								"down": {"uv": [41, 14], "uv_size": [0.5, -1]}
							}
						},
						{
							"origin": [-0.374, 10.36765, -3.96168],
							"size": [0.748, 0.3125, 1.25],
							"pivot": [-0.001, 10.49265, -3.83668],
							"rotation": [-22.5, 0, 0],
							"uv": {
								"east": {"uv": [9, 38], "uv_size": [1.5, 0.5]},
								"west": {"uv": [38, 10], "uv_size": [1.5, 0.5]},
								"down": {"uv": [11, 39.5], "uv_size": [0.5, -1.5]}
							}
						},
						{
							"origin": [-0.374, 10.675, -2],
							"size": [0.748, 0.25, 1.75],
							"pivot": [-0.001, 10.425, 1.25],
							"rotation": [9, 0, 0],
							"uv": {
								"east": {"uv": [36, 17], "uv_size": [2, 0.5]},
								"west": {"uv": [18, 36], "uv_size": [2, 0.5]},
								"down": {"uv": [36, 20], "uv_size": [0.5, -2]}
							}
						},
						{
							"origin": [-0.374, 10.425, -2],
							"size": [0.748, 0.25, 3.25],
							"pivot": [-0.001, 10.425, 1.25],
							"rotation": [9, 0, 0],
							"uv": {
								"east": {"uv": [33, 12], "uv_size": [3.5, 0.5]},
								"west": {"uv": [33, 13], "uv_size": [3.5, 0.5]},
								"down": {"uv": [13, 36.5], "uv_size": [0.5, -3.5]}
							}
						},
						{
							"origin": [-0.375, 10.425, -4],
							"size": [0.75, 0.25, 5.25],
							"uv": {
								"north": {"uv": [14, 41], "uv_size": [1, 0.5]},
								"east": {"uv": [28, 18], "uv_size": [5.5, 0.5]},
								"south": {"uv": [41, 14], "uv_size": [1, 0.5]},
								"west": {"uv": [28, 19], "uv_size": [5.5, 0.5]}
							}
						},
						{
							"origin": [-0.375, 9.425, -3],
							"size": [0.75, 1, 1.25],
							"uv": {
								"north": {"uv": [20, 36], "uv_size": [1, 1]},
								"east": {"uv": [33, 27], "uv_size": [1.5, 1]},
								"south": {"uv": [36, 20], "uv_size": [1, 1]},
								"west": {"uv": [28, 33], "uv_size": [1.5, 1]}
							}
						},
						{
							"origin": [0.09672, 9.1956, -3],
							"size": [0.25, 0.5, 1.25],
							"pivot": [-0.15328, 9.6956, -2.375],
							"rotation": [0, 0, -22.5],
							"uv": {
								"north": {"uv": [22, 44], "uv_size": [0.5, 0.5]},
								"south": {"uv": [44, 22], "uv_size": [0.5, 0.5]},
								"west": {"uv": [38, 11], "uv_size": [1.5, 0.5]}
							}
						},
						{
							"origin": [-0.34672, 9.1956, -3],
							"size": [0.25, 0.5, 1.25],
							"pivot": [0.15328, 9.6956, -2.375],
							"rotation": [0, 0, 22.5],
							"uv": {
								"north": {"uv": [23, 44], "uv_size": [0.5, 0.5]},
								"east": {"uv": [12, 38], "uv_size": [1.5, 0.5]},
								"south": {"uv": [44, 23], "uv_size": [0.5, 0.5]}
							}
						},
						{
							"origin": [0.60825, 8.675, -3.40401],
							"size": [0.25, 0.75, 0.5],
							"pivot": [0.73325, 9.05, -3.15401],
							"rotation": [0, -30, 0],
							"uv": {
								"east": {"uv": [15, 41], "uv_size": [0.5, 1]},
								"up": {"uv": [24, 44], "uv_size": [0.5, 0.5]},
								"down": {"uv": [44, 24.5], "uv_size": [0.5, -0.5]}
							}
						},
						{
							"origin": [0.64175, 8.675, -2.27901],
							"size": [0.25, 0.75, 0.5],
							"pivot": [0.76675, 9.05, -2.02901],
							"rotation": [0, -30, 0],
							"uv": {
								"west": {"uv": [41, 15], "uv_size": [0.5, 1]},
								"up": {"uv": [25, 44], "uv_size": [0.5, 0.5]},
								"down": {"uv": [44, 25.5], "uv_size": [0.5, -0.5]}
							}
						},
						{
							"origin": [0.75, 8.675, -3.93301],
							"size": [0.25, 0.75, 1.75],
							"uv": {
								"north": {"uv": [16, 41], "uv_size": [0.5, 1]},
								"east": {"uv": [32, 30], "uv_size": [2, 1]},
								"up": {"uv": [21, 36], "uv_size": [0.5, 2]},
								"down": {"uv": [36, 23], "uv_size": [0.5, -2]}
							}
						},
						{
							"origin": [-0.85825, 8.675, -3.40401],
							"size": [0.25, 0.75, 0.5],
							"pivot": [-0.73325, 9.05, -3.15401],
							"rotation": [0, 30, 0],
							"uv": {
								"west": {"uv": [41, 16], "uv_size": [0.5, 1]},
								"up": {"uv": [26, 44], "uv_size": [0.5, 0.5]},
								"down": {"uv": [44, 26.5], "uv_size": [0.5, -0.5]}
							}
						},
						{
							"origin": [-0.89175, 8.675, -2.27901],
							"size": [0.25, 0.75, 0.5],
							"pivot": [-0.76675, 9.05, -2.02901],
							"rotation": [0, 30, 0],
							"uv": {
								"east": {"uv": [17, 41], "uv_size": [0.5, 1]},
								"up": {"uv": [27, 44], "uv_size": [0.5, 0.5]},
								"down": {"uv": [44, 27.5], "uv_size": [0.5, -0.5]}
							}
						},
						{
							"origin": [0.91232, 9.3359, -3.93301],
							"size": [0, 0.25, 1.75],
							"pivot": [0.91232, 9.4609, -2.80801],
							"rotation": [0, 0, -135],
							"uv": {
								"west": {"uv": [22, 36], "uv_size": [2, 0.5]}
							}
						},
						{
							"origin": [0.71967, 9.22678, -2.43301],
							"size": [0.17678, 0.17678, 0.25],
							"pivot": [0.77145, 9.60178, -2.80801],
							"rotation": [0, 0, -45],
							"uv": {
								"north": {"uv": [28, 44], "uv_size": [0.5, 0.5]},
								"south": {"uv": [44, 28], "uv_size": [0.5, 0.5]},
								"west": {"uv": [29, 44], "uv_size": [0.5, 0.5]}
							}
						},
						{
							"origin": [0.71967, 9.22678, -2.93301],
							"size": [0.17678, 0.17678, 0.25],
							"pivot": [0.77145, 9.60178, -3.30801],
							"rotation": [0, 0, -45],
							"uv": {
								"north": {"uv": [44, 29], "uv_size": [0.5, 0.5]},
								"south": {"uv": [30, 44], "uv_size": [0.5, 0.5]},
								"west": {"uv": [44, 30], "uv_size": [0.5, 0.5]}
							}
						},
						{
							"origin": [0.91161, 8.58661, -3.93301],
							"size": [0.17678, 0.17678, 0.25],
							"pivot": [1, 8.675, -4.30801],
							"rotation": [0, 0, 45],
							"uv": {
								"north": {"uv": [31, 44], "uv_size": [0.5, 0.5]},
								"south": {"uv": [44, 31], "uv_size": [0.5, 0.5]},
								"west": {"uv": [32, 44], "uv_size": [0.5, 0.5]}
							}
						},
						{
							"origin": [1, 8.675, -3.93301],
							"size": [0.125, 0.75, 0.25],
							"uv": {
								"north": {"uv": [41, 17], "uv_size": [0.5, 1]},
								"south": {"uv": [18, 41], "uv_size": [0.5, 1]},
								"west": {"uv": [41, 18], "uv_size": [0.5, 1]}
							}
						},
						{
							"origin": [0.71967, 9.22678, -3.93301],
							"size": [0.17678, 0.17678, 0.25],
							"pivot": [0.77145, 9.60178, -4.30801],
							"rotation": [0, 0, -45],
							"uv": {
								"north": {"uv": [44, 32], "uv_size": [0.5, 0.5]},
								"south": {"uv": [33, 44], "uv_size": [0.5, 0.5]},
								"west": {"uv": [44, 33], "uv_size": [0.5, 0.5]}
							}
						},
						{
							"origin": [-1.08839, 8.58661, -3.93301],
							"size": [0.17678, 0.17678, 0.25],
							"pivot": [-1, 8.675, -4.30801],
							"rotation": [0, 0, -45],
							"uv": {
								"north": {"uv": [34, 44], "uv_size": [0.5, 0.5]},
								"east": {"uv": [44, 34], "uv_size": [0.5, 0.5]},
								"south": {"uv": [35, 44], "uv_size": [0.5, 0.5]}
							}
						},
						{
							"origin": [-1.125, 8.675, -3.93301],
							"size": [0.125, 0.75, 0.25],
							"uv": {
								"north": {"uv": [19, 41], "uv_size": [0.5, 1]},
								"east": {"uv": [41, 19], "uv_size": [0.5, 1]},
								"south": {"uv": [20, 41], "uv_size": [0.5, 1]}
							}
						},
						{
							"origin": [-0.89645, 9.22678, -3.93301],
							"size": [0.17678, 0.17678, 0.25],
							"pivot": [-0.77145, 9.60178, -4.30801],
							"rotation": [0, 0, 45],
							"uv": {
								"north": {"uv": [44, 35], "uv_size": [0.5, 0.5]},
								"east": {"uv": [36, 44], "uv_size": [0.5, 0.5]},
								"south": {"uv": [44, 36], "uv_size": [0.5, 0.5]}
							}
						},
						{
							"origin": [0.71967, 9.22678, -3.43301],
							"size": [0.17678, 0.17678, 0.25],
							"pivot": [0.77145, 9.60178, -3.80801],
							"rotation": [0, 0, -45],
							"uv": {
								"north": {"uv": [37, 44], "uv_size": [0.5, 0.5]},
								"south": {"uv": [44, 37], "uv_size": [0.5, 0.5]},
								"west": {"uv": [38, 44], "uv_size": [0.5, 0.5]}
							}
						},
						{
							"origin": [1, 8.675, -3.43301],
							"size": [0.125, 0.75, 0.25],
							"uv": {
								"north": {"uv": [41, 20], "uv_size": [0.5, 1]},
								"south": {"uv": [21, 41], "uv_size": [0.5, 1]},
								"west": {"uv": [41, 21], "uv_size": [0.5, 1]}
							}
						},
						{
							"origin": [1, 8.675, -2.93301],
							"size": [0.125, 0.75, 0.25],
							"uv": {
								"north": {"uv": [22, 41], "uv_size": [0.5, 1]},
								"south": {"uv": [41, 22], "uv_size": [0.5, 1]},
								"west": {"uv": [23, 41], "uv_size": [0.5, 1]}
							}
						},
						{
							"origin": [1, 8.55, -3.93301],
							"size": [0, 1, 1.75],
							"uv": {
								"west": {"uv": [32, 31], "uv_size": [2, 1]}
							}
						},
						{
							"origin": [1, 8.675, -2.43301],
							"size": [0.125, 0.75, 0.25],
							"uv": {
								"north": {"uv": [41, 23], "uv_size": [0.5, 1]},
								"south": {"uv": [24, 41], "uv_size": [0.5, 1]},
								"west": {"uv": [41, 24], "uv_size": [0.5, 1]}
							}
						},
						{
							"origin": [0.91161, 8.58661, -2.43301],
							"size": [0.17678, 0.17678, 0.25],
							"pivot": [1, 8.675, -2.80801],
							"rotation": [0, 0, 45],
							"uv": {
								"north": {"uv": [44, 38], "uv_size": [0.5, 0.5]},
								"south": {"uv": [39, 44], "uv_size": [0.5, 0.5]},
								"west": {"uv": [44, 39], "uv_size": [0.5, 0.5]}
							}
						},
						{
							"origin": [0.91161, 8.58661, -2.93301],
							"size": [0.17678, 0.17678, 0.25],
							"pivot": [1, 8.675, -3.30801],
							"rotation": [0, 0, 45],
							"uv": {
								"north": {"uv": [40, 44], "uv_size": [0.5, 0.5]},
								"south": {"uv": [44, 40], "uv_size": [0.5, 0.5]},
								"west": {"uv": [41, 44], "uv_size": [0.5, 0.5]}
							}
						},
						{
							"origin": [0.91161, 8.58661, -3.43301],
							"size": [0.17678, 0.17678, 0.25],
							"pivot": [1, 8.675, -3.80801],
							"rotation": [0, 0, 45],
							"uv": {
								"north": {"uv": [44, 41], "uv_size": [0.5, 0.5]},
								"south": {"uv": [42, 44], "uv_size": [0.5, 0.5]},
								"west": {"uv": [44, 42], "uv_size": [0.5, 0.5]}
							}
						},
						{
							"origin": [0.91232, 8.5141, -3.93301],
							"size": [0, 0.25, 1.75],
							"pivot": [0.91232, 8.6391, -2.80801],
							"rotation": [0, 0, 135],
							"uv": {
								"west": {"uv": [36, 23], "uv_size": [2, 0.5]}
							}
						},
						{
							"origin": [-1.08839, 8.58661, -3.43301],
							"size": [0.17678, 0.17678, 0.25],
							"pivot": [-1, 8.675, -3.80801],
							"rotation": [0, 0, -45],
							"uv": {
								"north": {"uv": [43, 44], "uv_size": [0.5, 0.5]},
								"east": {"uv": [44, 43], "uv_size": [0.5, 0.5]},
								"south": {"uv": [44, 44], "uv_size": [0.5, 0.5]}
							}
						},
						{
							"origin": [-1.125, 8.675, -3.43301],
							"size": [0.125, 0.75, 0.25],
							"uv": {
								"north": {"uv": [25, 41], "uv_size": [0.5, 1]},
								"east": {"uv": [41, 25], "uv_size": [0.5, 1]},
								"south": {"uv": [26, 41], "uv_size": [0.5, 1]}
							}
						},
						{
							"origin": [-0.89645, 9.22678, -3.43301],
							"size": [0.17678, 0.17678, 0.25],
							"pivot": [-0.77145, 9.60178, -3.80801],
							"rotation": [0, 0, 45],
							"uv": {
								"north": {"uv": [0, 45], "uv_size": [0.5, 0.5]},
								"east": {"uv": [45, 0], "uv_size": [0.5, 0.5]},
								"south": {"uv": [1, 45], "uv_size": [0.5, 0.5]}
							}
						},
						{
							"origin": [-1.08839, 8.58661, -2.93301],
							"size": [0.17678, 0.17678, 0.25],
							"pivot": [-1, 8.675, -3.30801],
							"rotation": [0, 0, -45],
							"uv": {
								"north": {"uv": [45, 1], "uv_size": [0.5, 0.5]},
								"east": {"uv": [2, 45], "uv_size": [0.5, 0.5]},
								"south": {"uv": [45, 2], "uv_size": [0.5, 0.5]}
							}
						},
						{
							"origin": [-1.125, 8.675, -2.93301],
							"size": [0.125, 0.75, 0.25],
							"uv": {
								"north": {"uv": [41, 26], "uv_size": [0.5, 1]},
								"east": {"uv": [27, 41], "uv_size": [0.5, 1]},
								"south": {"uv": [41, 27], "uv_size": [0.5, 1]}
							}
						},
						{
							"origin": [-0.89645, 9.22678, -2.93301],
							"size": [0.17678, 0.17678, 0.25],
							"pivot": [-0.77145, 9.60178, -3.30801],
							"rotation": [0, 0, 45],
							"uv": {
								"north": {"uv": [3, 45], "uv_size": [0.5, 0.5]},
								"east": {"uv": [45, 3], "uv_size": [0.5, 0.5]},
								"south": {"uv": [4, 45], "uv_size": [0.5, 0.5]}
							}
						},
						{
							"origin": [-1.08839, 8.58661, -2.43301],
							"size": [0.17678, 0.17678, 0.25],
							"pivot": [-1, 8.675, -2.80801],
							"rotation": [0, 0, -45],
							"uv": {
								"north": {"uv": [45, 4], "uv_size": [0.5, 0.5]},
								"east": {"uv": [5, 45], "uv_size": [0.5, 0.5]},
								"south": {"uv": [45, 5], "uv_size": [0.5, 0.5]}
							}
						},
						{
							"origin": [-0.89645, 9.22678, -2.43301],
							"size": [0.17678, 0.17678, 0.25],
							"pivot": [-0.77145, 9.60178, -2.80801],
							"rotation": [0, 0, 45],
							"uv": {
								"north": {"uv": [6, 45], "uv_size": [0.5, 0.5]},
								"east": {"uv": [45, 6], "uv_size": [0.5, 0.5]},
								"south": {"uv": [7, 45], "uv_size": [0.5, 0.5]}
							}
						},
						{
							"origin": [-1.125, 8.675, -2.43301],
							"size": [0.125, 0.75, 0.25],
							"uv": {
								"north": {"uv": [28, 41], "uv_size": [0.5, 1]},
								"east": {"uv": [41, 28], "uv_size": [0.5, 1]},
								"south": {"uv": [29, 41], "uv_size": [0.5, 1]}
							}
						},
						{
							"origin": [-0.91232, 8.5141, -3.93301],
							"size": [0, 0.25, 1.75],
							"pivot": [-0.91232, 8.6391, -2.80801],
							"rotation": [0, 0, -135],
							"uv": {
								"east": {"uv": [24, 36], "uv_size": [2, 0.5]}
							}
						},
						{
							"origin": [-0.91232, 9.3359, -3.93301],
							"size": [0, 0.25, 1.75],
							"pivot": [-0.91232, 9.4609, -2.80801],
							"rotation": [0, 0, 135],
							"uv": {
								"east": {"uv": [36, 24], "uv_size": [2, 0.5]}
							}
						},
						{
							"origin": [-1, 8.55, -3.93301],
							"size": [0, 1, 1.75],
							"uv": {
								"east": {"uv": [32, 32], "uv_size": [2, 1]}
							}
						},
						{
							"origin": [-1, 8.675, -3.93301],
							"size": [0.25, 0.75, 1.75],
							"uv": {
								"north": {"uv": [41, 29], "uv_size": [0.5, 1]},
								"west": {"uv": [0, 33], "uv_size": [2, 1]},
								"up": {"uv": [36, 25], "uv_size": [0.5, 2]},
								"down": {"uv": [26, 38], "uv_size": [0.5, -2]}
							}
						},
						{
							"origin": [-0.75, 8.675, -3],
							"size": [1.5, 0.75, 1.25],
							"uv": {
								"south": {"uv": [33, 28], "uv_size": [1.5, 1]},
								"up": {"uv": [28, 29], "uv_size": [1.5, 1.5]},
								"down": {"uv": [30, 6.5], "uv_size": [1.5, -1.5]}
							}
						},
						{
							"origin": [-0.5, 8.425, -3],
							"size": [1, 1, 1.25],
							"uv": {
								"north": {"uv": [27, 36], "uv_size": [1, 1]},
								"east": {"uv": [32, 33], "uv_size": [1.5, 1]},
								"south": {"uv": [28, 36], "uv_size": [1, 1]},
								"west": {"uv": [0, 34], "uv_size": [1.5, 1]}
							}
						}
					]
				},
				{
					"name": "stock2",
					"parent": "p90_body",
					"pivot": [0, 8.07334, 5.48438],
					"cubes": [
						{
							"origin": [-1, 7.8125, 17],
							"size": [2, 1.6875, 1.7],
							"uv": {
								"east": {"uv": [7, 30], "uv_size": [1.5, 1.5]},
								"south": {"uv": [2, 27], "uv_size": [2, 1.5]},
								"west": {"uv": [12, 30], "uv_size": [1.5, 1.5]}
							}
						},
						{
							"origin": [-0.875, 5.25, 17],
							"size": [1.75, 2.5625, 1.7],
							"uv": {
								"east": {"uv": [2, 24], "uv_size": [1.5, 2.5]},
								"south": {"uv": [20, 7], "uv_size": [2, 2.5]},
								"west": {"uv": [6, 24], "uv_size": [1.5, 2.5]}
							}
						},
						{
							"origin": [-0.7, 9.5, 17],
							"size": [1.4, 0.3, 1.7],
							"uv": {
								"east": {"uv": [14, 38], "uv_size": [1.5, 0.5]},
								"south": {"uv": [38, 14], "uv_size": [1.5, 0.5]},
								"west": {"uv": [16, 38], "uv_size": [1.5, 0.5]},
								"up": {"uv": [16, 30], "uv_size": [1.5, 1.5]}
							}
						},
						{
							"origin": [1.27171, 8.39334, 17],
							"size": [0.4, 0.421, 1.7],
							"pivot": [0, 8.13584, 5.48438],
							"rotation": [0, 0, -45],
							"uv": {
								"south": {"uv": [45, 7], "uv_size": [0.5, 0.5]},
								"west": {"uv": [38, 17], "uv_size": [1.5, 0.5]},
								"up": {"uv": [18, 38], "uv_size": [0.5, 1.5]}
							}
						},
						{
							"origin": [-1.67171, 8.39334, 17],
							"size": [0.4, 0.421, 1.7],
							"pivot": [0, 8.13584, 5.48438],
							"rotation": [0, 0, 45],
							"uv": {
								"east": {"uv": [21, 38], "uv_size": [1.5, 0.5]},
								"south": {"uv": [8, 45], "uv_size": [0.5, 0.5]},
								"up": {"uv": [19, 38], "uv_size": [0.5, 1.5]}
							}
						},
						{
							"origin": [0.80038, 8.24245, 17],
							"size": [0.17956, 0.39017, 1.7],
							"pivot": [0, 8.19834, 5.48438],
							"rotation": [0, 0, 45],
							"uv": {
								"south": {"uv": [45, 8], "uv_size": [0.5, 0.5]},
								"west": {"uv": [23, 38], "uv_size": [1.5, 0.5]}
							}
						},
						{
							"origin": [-0.97994, 8.24245, 17],
							"size": [0.17956, 0.39017, 1.7],
							"pivot": [0, 8.19834, 5.48438],
							"rotation": [0, 0, -45],
							"uv": {
								"east": {"uv": [38, 23], "uv_size": [1.5, 0.5]},
								"south": {"uv": [9, 45], "uv_size": [0.5, 0.5]}
							}
						},
						{
							"origin": [-0.625, 5, 17],
							"size": [1.25, 0.25, 1.7],
							"uv": {
								"south": {"uv": [38, 24], "uv_size": [1.5, 0.5]},
								"down": {"uv": [18, 31.5], "uv_size": [1.5, -1.5]}
							}
						},
						{
							"origin": [-1.73882, 5.56491, 17],
							"size": [0.35355, 0.1875, 1.7],
							"pivot": [0.125, 8.13584, 5.48438],
							"rotation": [0, 0, -45],
							"uv": {
								"south": {"uv": [45, 9], "uv_size": [0.5, 0.5]},
								"down": {"uv": [25, 39.5], "uv_size": [0.5, -1.5]}
							}
						},
						{
							"origin": [1.38527, 5.56491, 17],
							"size": [0.35355, 0.1875, 1.7],
							"pivot": [-0.125, 8.13584, 5.48438],
							"rotation": [0, 0, 45],
							"uv": {
								"south": {"uv": [10, 45], "uv_size": [0.5, 0.5]},
								"down": {"uv": [26, 39.5], "uv_size": [0.5, -1.5]}
							}
						}
					]
				},
				{
					"name": "grip2",
					"parent": "p90_body",
					"pivot": [0, 8.13584, 5.48438],
					"cubes": [
						{
							"origin": [-0.625, 4.39644, 7.6763],
							"size": [1.25, 1.42064, 0.75],
							"pivot": [0, 5.10676, 8.0513],
							"rotation": [-45, 0, 0],
							"uv": {
								"north": {"uv": [30, 29], "uv_size": [1.5, 1.5]},
								"east": {"uv": [34, 2], "uv_size": [1, 1.5]},
								"south": {"uv": [0, 31], "uv_size": [1.5, 1.5]},
								"west": {"uv": [3, 34], "uv_size": [1, 1.5]},
								"up": {"uv": [4, 34], "uv_size": [1.5, 1]},
								"down": {"uv": [34, 5], "uv_size": [1.5, -1]}
							}
						},
						{
							"origin": [-0.625, 6.73673, 8.86434],
							"size": [1.25, 0.79564, 0.5625],
							"pivot": [0, 8.13584, 5.48438],
							"rotation": [-22.5, 0, 0],
							"uv": {
								"north": {"uv": [34, 5], "uv_size": [1.5, 1]},
								"east": {"uv": [30, 41], "uv_size": [0.5, 1]},
								"west": {"uv": [41, 30], "uv_size": [0.5, 1]}
							}
						},
						{
							"origin": [-0.625, 5.90218, 8.3],
							"size": [1.25, 0.79564, 0.3],
							"uv": {
								"north": {"uv": [6, 34], "uv_size": [1.5, 1]},
								"east": {"uv": [31, 41], "uv_size": [0.5, 1]},
								"west": {"uv": [41, 31], "uv_size": [0.5, 1]}
							}
						},
						{
							"origin": [-0.625, 4.53244, 7.45925],
							"size": [1.25, 2.01032, 2.89782],
							"pivot": [0, 8.13584, 5.48438],
							"rotation": [22.5, 0, 0],
							"uv": {
								"north": {"uv": [6, 27], "uv_size": [1.5, 2]},
								"east": {"uv": [17, 7], "uv_size": [3, 2]},
								"south": {"uv": [27, 7], "uv_size": [1.5, 2]},
								"west": {"uv": [17, 9], "uv_size": [3, 2]},
								"up": {"uv": [2, 21], "uv_size": [1.5, 3]},
								"down": {"uv": [6, 24], "uv_size": [1.5, -3]}
							}
						},
						{
							"origin": [-0.65, 6.04044, 9.09293],
							"size": [1.3, 1, 1.3],
							"uv": {
								"east": {"uv": [48, 2], "uv_size": [27, 16.5]},
								"west": {"uv": [48, 2], "uv_size": [27, 16]}
							}
						},
						{
							"origin": [-0.625, 5.15604, 6.47008],
							"size": [1.25, 0.79564, 0.5],
							"pivot": [0, 8.13584, 5.48438],
							"rotation": [45, 0, 0],
							"uv": {
								"north": {"uv": [34, 6], "uv_size": [1.5, 1]},
								"east": {"uv": [32, 41], "uv_size": [0.5, 1]},
								"west": {"uv": [41, 32], "uv_size": [0.5, 1]}
							}
						},
						{
							"origin": [-0.625, 4.59632, 5.93279],
							"size": [1.25, 1.3125, 2.04564],
							"pivot": [0, 8.13584, 5.48438],
							"rotation": [-22.5, 0, 0],
							"uv": {
								"east": {"uv": [8, 27], "uv_size": [2, 1.5]},
								"south": {"uv": [31, 0], "uv_size": [1.5, 1.5]},
								"west": {"uv": [27, 16], "uv_size": [2, 1.5]},
								"up": {"uv": [20, 27], "uv_size": [1.5, 2]},
								"down": {"uv": [22, 29], "uv_size": [1.5, -2]}
							}
						},
						{
							"origin": [-0.625, 8.20631, 7.03975],
							"size": [1.25, 1, 1.39564],
							"inflate": -0.001,
							"pivot": [0, 8.13584, 5.48438],
							"rotation": [-22.5, 0, 0],
							"uv": {
								"east": {"uv": [8, 34], "uv_size": [1.5, 1]},
								"west": {"uv": [34, 8], "uv_size": [1.5, 1]},
								"down": {"uv": [9, 32.5], "uv_size": [1.5, -1.5]}
							}
						},
						{
							"origin": [-0.4375, 5.16132, 6.37157],
							"size": [0.875, 0.1875, 1.43314],
							"uv": {
								"east": {"uv": [38, 26], "uv_size": [1.5, 0.5]},
								"west": {"uv": [27, 38], "uv_size": [1.5, 0.5]},
								"up": {"uv": [10, 34], "uv_size": [1, 1.5]}
							}
						},
						{
							"origin": [-1.78329, 5.69287, 6.36721],
							"size": [0.125, 0.26517, 1.4375],
							"pivot": [0.125, 8.18326, 10.46548],
							"rotation": [0, 0, -45],
							"uv": {
								"north": {"uv": [45, 10], "uv_size": [0.5, 0.5]},
								"east": {"uv": [38, 27], "uv_size": [1.5, 0.5]},
								"south": {"uv": [11, 45], "uv_size": [0.5, 0.5]},
								"west": {"uv": [38, 29], "uv_size": [1.5, 0.5]},
								"up": {"uv": [30, 38], "uv_size": [0.5, 1.5]},
								"down": {"uv": [31, 39.5], "uv_size": [0.5, -1.5]}
							}
						},
						{
							"origin": [1.65829, 5.69287, 6.36721],
							"size": [0.125, 0.26517, 1.4375],
							"pivot": [-0.125, 8.18326, 10.46548],
							"rotation": [0, 0, 45],
							"uv": {
								"north": {"uv": [45, 11], "uv_size": [0.5, 0.5]},
								"east": {"uv": [38, 30], "uv_size": [1.5, 0.5]},
								"south": {"uv": [12, 45], "uv_size": [0.5, 0.5]},
								"west": {"uv": [38, 32], "uv_size": [1.5, 0.5]},
								"up": {"uv": [33, 38], "uv_size": [0.5, 1.5]},
								"down": {"uv": [34, 39.5], "uv_size": [0.5, -1.5]}
							}
						},
						{
							"origin": [-0.625, 3.91132, 6.43407],
							"size": [1.25, 1.25, 1.37064],
							"uv": {
								"east": {"uv": [31, 12], "uv_size": [1.5, 1.5]},
								"south": {"uv": [31, 21], "uv_size": [1.5, 1.5]},
								"west": {"uv": [25, 31], "uv_size": [1.5, 1.5]},
								"up": {"uv": [31, 27], "uv_size": [1.5, 1.5]},
								"down": {"uv": [28, 32.5], "uv_size": [1.5, -1.5]}
							}
						},
						{
							"origin": [-0.625, 3.34494, 6.01143],
							"size": [0.25, 1.1875, 4.34564],
							"inflate": -0.001,
							"pivot": [0, 8.13584, 5.48438],
							"rotation": [22.5, 0, 0],
							"uv": {
								"east": {"uv": [15, 21], "uv_size": [4.5, 1]},
								"west": {"uv": [20, 21], "uv_size": [4.5, 1]},
								"up": {"uv": [11, 31], "uv_size": [0.5, 4.5]},
								"down": {"uv": [30, 35.5], "uv_size": [0.5, -4.5]}
							}
						},
						{
							"origin": [0.375, 4.69762, 7.41209],
							"size": [0.25, 1.1875, 4.34564],
							"inflate": -0.001,
							"pivot": [0.5, 5.29137, 9.58491],
							"rotation": [22.5, 0, 0],
							"uv": {
								"east": {"uv": [22, 7], "uv_size": [4.5, 1]},
								"west": {"uv": [22, 8], "uv_size": [4.5, 1]},
								"up": {"uv": [31, 31], "uv_size": [0.5, 4.5]},
								"down": {"uv": [2, 36.5], "uv_size": [0.5, -4.5]}
							}
						},
						{
							"origin": [-0.625, 5, 10.40436],
							"size": [1.25, 0.4375, 0.59564],
							"uv": {
								"north": {"uv": [38, 33], "uv_size": [1.5, 0.5]},
								"east": {"uv": [45, 12], "uv_size": [0.5, 0.5]},
								"west": {"uv": [13, 45], "uv_size": [0.5, 0.5]},
								"up": {"uv": [38, 35], "uv_size": [1.5, 0.5]},
								"down": {"uv": [38, 36.5], "uv_size": [1.5, -0.5]}
							}
						},
						{
							"origin": [-0.625, 6.36704, 2.38589],
							"size": [1.25, 1.49564, 1.25],
							"pivot": [0, 8.13584, 5.48438],
							"rotation": [45, 0, 0],
							"uv": {
								"north": {"uv": [32, 2], "uv_size": [1.5, 1.5]},
								"east": {"uv": [3, 32], "uv_size": [1.5, 1.5]},
								"south": {"uv": [32, 4], "uv_size": [1.5, 1.5]},
								"west": {"uv": [5, 32], "uv_size": [1.5, 1.5]}
							}
						},
						{
							"origin": [-0.625, 5.1875, 3.2625],
							"size": [1.25, 2.0625, 1.1875],
							"inflate": 0.002,
							"uv": {
								"east": {"uv": [25, 29], "uv_size": [1, 2]},
								"west": {"uv": [14, 32], "uv_size": [1, 2]},
								"down": {"uv": [34, 11], "uv_size": [1.5, -1]}
							}
						},
						{
							"origin": [-0.625, 6.57947, 5.1515],
							"size": [1.25, 0.90924, 0.425],
							"pivot": [0, 8.13584, 5.48438],
							"rotation": [-45, 0, 0],
							"uv": {
								"east": {"uv": [33, 41], "uv_size": [0.5, 1]},
								"south": {"uv": [34, 11], "uv_size": [1.5, 1]},
								"west": {"uv": [41, 33], "uv_size": [0.5, 1]}
							}
						},
						{
							"origin": [-0.4375, 5.1875, 3.075],
							"size": [0.875, 1.75, 0.1875],
							"uv": {
								"north": {"uv": [22, 32], "uv_size": [1, 2]},
								"down": {"uv": [34, 41.5], "uv_size": [1, -0.5]}
							}
						},
						{
							"origin": [-0.625, 8.86458, 2.90634],
							"size": [1.25, 0.47174, 0.425],
							"pivot": [0, 8.13584, 5.48438],
							"rotation": [45, 0, 0],
							"uv": {
								"north": {"uv": [37, 38], "uv_size": [1.5, 0.5]},
								"east": {"uv": [45, 13], "uv_size": [0.5, 0.5]},
								"west": {"uv": [14, 45], "uv_size": [0.5, 0.5]}
							}
						},
						{
							"origin": [-0.625, 7.4117, 2.78673],
							"size": [1.25, 0.59674, 0.3],
							"pivot": [0, 8.13584, 5.48438],
							"rotation": [22.5, 0, 0],
							"uv": {
								"north": {"uv": [39, 0], "uv_size": [1.5, 0.5]},
								"east": {"uv": [45, 14], "uv_size": [0.5, 0.5]},
								"west": {"uv": [15, 45], "uv_size": [0.5, 0.5]}
							}
						},
						{
							"origin": [-0.625, 6.17647, 3.04038],
							"size": [1.25, 0.3, 0.59674],
							"pivot": [0, 8.13584, 5.48438],
							"rotation": [-22.5, 0, 0],
							"uv": {
								"east": {"uv": [45, 15], "uv_size": [0.5, 0.5]},
								"west": {"uv": [16, 45], "uv_size": [0.5, 0.5]},
								"down": {"uv": [39, 1.5], "uv_size": [1.5, -0.5]}
							}
						},
						{
							"origin": [-0.625, 7.25, -2.9875],
							"size": [1.25, 0.3125, 7.4375],
							"uv": {
								"north": {"uv": [39, 2], "uv_size": [1.5, 0.5]},
								"east": {"uv": [24, 20], "uv_size": [7.5, 0.5]},
								"west": {"uv": [25, 14], "uv_size": [7.5, 0.5]},
								"up": {"uv": [10, 6], "uv_size": [1.5, 7.5]},
								"down": {"uv": [0, 18.5], "uv_size": [1.5, -7.5]}
							}
						},
						{
							"origin": [-0.625, 7.09134, -3.2311],
							"size": [0.125, 0.44194, 0.31413],
							"pivot": [0, 7.25384, -3.07403],
							"rotation": [-45, 0, 0],
							"uv": {
								"north": {"uv": [45, 16], "uv_size": [0.5, 0.5]},
								"east": {"uv": [17, 45], "uv_size": [0.5, 0.5]},
								"west": {"uv": [45, 17], "uv_size": [0.5, 0.5]}
							}
						},
						{
							"origin": [0.5, 7.09134, -3.2311],
							"size": [0.125, 0.44194, 0.31413],
							"pivot": [0, 7.25384, -3.07403],
							"rotation": [-45, 0, 0],
							"uv": {
								"north": {"uv": [18, 45], "uv_size": [0.5, 0.5]},
								"east": {"uv": [45, 18], "uv_size": [0.5, 0.5]},
								"west": {"uv": [19, 45], "uv_size": [0.5, 0.5]}
							}
						},
						{
							"origin": [-0.625, 6.6875, -3.3],
							"size": [1.25, 0.5625, 3.8],
							"uv": {
								"north": {"uv": [3, 39], "uv_size": [1.5, 0.5]},
								"east": {"uv": [33, 0], "uv_size": [4, 0.5]},
								"west": {"uv": [33, 1], "uv_size": [4, 0.5]},
								"up": {"uv": [2, 17], "uv_size": [1.5, 4]},
								"down": {"uv": [6, 21], "uv_size": [1.5, -4]}
							}
						},
						{
							"origin": [-0.625, 3.23519, 2.57291],
							"size": [1.25, 1.17174, 0.425],
							"pivot": [0, 8.13584, 5.5],
							"rotation": [-45, 0, 0],
							"uv": {
								"east": {"uv": [41, 34], "uv_size": [0.5, 1]},
								"south": {"uv": [34, 14], "uv_size": [1.5, 1]},
								"west": {"uv": [35, 41], "uv_size": [0.5, 1]}
							}
						},
						{
							"origin": [-0.625, 11.16645, -0.33582],
							"size": [1.25, 0.79564, 0.375],
							"pivot": [0, 8.13584, 5.48438],
							"rotation": [45, 0, 0],
							"uv": {
								"north": {"uv": [34, 15], "uv_size": [1.5, 1]},
								"east": {"uv": [41, 35], "uv_size": [0.5, 1]},
								"west": {"uv": [36, 41], "uv_size": [0.5, 1]}
							}
						},
						{
							"origin": [-0.625, 5.8125, -0.8125],
							"size": [1.25, 0.875, 1.125],
							"uv": {
								"north": {"uv": [34, 16], "uv_size": [1.5, 1]},
								"east": {"uv": [29, 36], "uv_size": [1, 1]},
								"south": {"uv": [34, 17], "uv_size": [1.5, 1]},
								"west": {"uv": [36, 29], "uv_size": [1, 1]},
								"down": {"uv": [34, 19], "uv_size": [1.5, -1]}
							}
						},
						{
							"origin": [-0.625, 7.58656, -1.22228],
							"size": [1.25, 0.8125, 1.125],
							"inflate": 0.001,
							"pivot": [0, 8.13584, 5.48438],
							"rotation": [22.5, 0, 0],
							"uv": {
								"north": {"uv": [34, 19], "uv_size": [1.5, 1]},
								"east": {"uv": [30, 36], "uv_size": [1, 1]},
								"south": {"uv": [34, 20], "uv_size": [1.5, 1]},
								"west": {"uv": [36, 30], "uv_size": [1, 1]},
								"up": {"uv": [34, 21], "uv_size": [1.5, 1]}
							}
						},
						{
							"origin": [-0.625, 9.1324, -0.92197],
							"size": [1.25, 1.0625, 1.125],
							"pivot": [0, 8.13584, 5.48438],
							"rotation": [45, 0, 0],
							"uv": {
								"north": {"uv": [22, 34], "uv_size": [1.5, 1]},
								"east": {"uv": [31, 36], "uv_size": [1, 1]},
								"south": {"uv": [34, 22], "uv_size": [1.5, 1]},
								"west": {"uv": [36, 31], "uv_size": [1, 1]}
							}
						},
						{
							"origin": [-0.625, 2.59852, 2.11207],
							"size": [1.25, 1.15817, 0.83153],
							"inflate": 0.001,
							"pivot": [0, 8.13584, 5.48438],
							"rotation": [-22.5, 0, 0],
							"uv": {
								"east": {"uv": [32, 36], "uv_size": [1, 1]},
								"west": {"uv": [36, 32], "uv_size": [1, 1]},
								"up": {"uv": [34, 23], "uv_size": [1.5, 1]},
								"down": {"uv": [34, 25], "uv_size": [1.5, -1]}
							}
						},
						{
							"origin": [-0.625, 3.99233, 1.01796],
							"size": [1.25, 1.12156, 1.80565],
							"uv": {
								"east": {"uv": [7, 33], "uv_size": [2, 1]},
								"south": {"uv": [34, 25], "uv_size": [1.5, 1]},
								"west": {"uv": [9, 33], "uv_size": [2, 1]},
								"up": {"uv": [24, 27], "uv_size": [1.5, 2]},
								"down": {"uv": [27, 27], "uv_size": [1.5, -2]}
							}
						},
						{
							"origin": [-0.4375, 5.17639, 0.76111],
							"size": [0.875, 0.125, 1.3125],
							"uv": {
								"south": {"uv": [41, 36], "uv_size": [1, 0.5]},
								"up": {"uv": [14, 34], "uv_size": [1, 1.5]},
								"down": {"uv": [24, 35.5], "uv_size": [1, -1.5]}
							}
						},
						{
							"origin": [-0.4375, 5.30139, 2.13611],
							"size": [0.875, 0.3125, 0.6875],
							"uv": {
								"north": {"uv": [37, 41], "uv_size": [1, 0.5]},
								"east": {"uv": [45, 19], "uv_size": [0.5, 0.5]},
								"west": {"uv": [20, 45], "uv_size": [0.5, 0.5]},
								"up": {"uv": [41, 37], "uv_size": [1, 0.5]},
								"down": {"uv": [38, 41.5], "uv_size": [1, -0.5]}
							}
						},
						{
							"origin": [-0.4375, 5.13152, 1.28213],
							"size": [0.875, 0.3125, 0.9375],
							"pivot": [0, 5.31902, 1.75088],
							"rotation": [22.5, 0, 0],
							"uv": {
								"east": {"uv": [41, 38], "uv_size": [1, 0.5]},
								"west": {"uv": [39, 41], "uv_size": [1, 0.5]},
								"up": {"uv": [33, 36], "uv_size": [1, 1]},
								"down": {"uv": [36, 34], "uv_size": [1, -1]}
							}
						},
						{
							"origin": [-0.4375, 3.95798, 5.35582],
							"size": [0.875, 1.20924, 0.5625],
							"pivot": [0, 8.13584, 5.48438],
							"rotation": [-45, 0, 0],
							"uv": {
								"north": {"uv": [34, 36], "uv_size": [1, 1]},
								"east": {"uv": [41, 39], "uv_size": [0.5, 1]},
								"south": {"uv": [36, 34], "uv_size": [1, 1]},
								"west": {"uv": [40, 41], "uv_size": [0.5, 1]}
							}
						},
						{
							"origin": [1.0914, 5.1875, 3.55924],
							"size": [0.26516, 1.75, 0.14331],
							"pivot": [-0.125, 8.12334, 5.48275],
							"rotation": [0, 45, 0],
							"uv": {
								"north": {"uv": [35, 36], "uv_size": [0.5, 2]},
								"up": {"uv": [45, 20], "uv_size": [0.5, 0.5]},
								"down": {"uv": [21, 45.5], "uv_size": [0.5, -0.5]}
							}
						},
						{
							"origin": [-1.35656, 5.1875, 3.55924],
							"size": [0.26516, 1.75, 0.14331],
							"pivot": [0.125, 8.12334, 5.48275],
							"rotation": [0, -45, 0],
							"uv": {
								"north": {"uv": [36, 35], "uv_size": [0.5, 2]},
								"up": {"uv": [45, 21], "uv_size": [0.5, 0.5]},
								"down": {"uv": [22, 45.5], "uv_size": [0.5, -0.5]}
							}
						},
						{
							"origin": [-0.39356, 5.5, 4.0281],
							"size": [0.1433, 1.875, 0.26516],
							"pivot": [0, 6.375, 4.51842],
							"rotation": [0, 45, 0],
							"uv": {
								"east": {"uv": [0, 37], "uv_size": [0.5, 2]},
								"up": {"uv": [45, 22], "uv_size": [0.5, 0.5]},
								"down": {"uv": [23, 45.5], "uv_size": [0.5, -0.5]}
							}
						},
						{
							"origin": [-0.4375, 5.5, 4.45],
							"size": [0.875, 1.875, 0.1875],
							"uv": {
								"south": {"uv": [12, 33], "uv_size": [1, 2]}
							}
						},
						{
							"origin": [0.22515, 5.5, 4.76867],
							"size": [0.26517, 1.875, 0.14331],
							"pivot": [0, 6.375, 4.51842],
							"rotation": [0, 45, 0],
							"uv": {
								"south": {"uv": [37, 0], "uv_size": [0.5, 2]},
								"up": {"uv": [45, 23], "uv_size": [0.5, 0.5]},
								"down": {"uv": [24, 45.5], "uv_size": [0.5, -0.5]}
							}
						},
						{
							"origin": [-0.625, 5.32597, 1.44049],
							"size": [1.25, 0.5, 0.1875],
							"pivot": [0, 8.13584, 5.48438],
							"rotation": [22.5, 0, 0],
							"uv": {
								"east": {"uv": [45, 24], "uv_size": [0.5, 0.5]},
								"south": {"uv": [39, 3], "uv_size": [1.5, 0.5]},
								"west": {"uv": [25, 45], "uv_size": [0.5, 0.5]},
								"down": {"uv": [39, 4.5], "uv_size": [1.5, -0.5]}
							}
						},
						{
							"origin": [-0.625, 6.1875, -3.3],
							"size": [1.25, 0.5, 0.625],
							"uv": {
								"north": {"uv": [39, 5], "uv_size": [1.5, 0.5]},
								"east": {"uv": [45, 25], "uv_size": [0.5, 0.5]},
								"south": {"uv": [7, 39], "uv_size": [1.5, 0.5]},
								"west": {"uv": [26, 45], "uv_size": [0.5, 0.5]}
							}
						},
						{
							"origin": [-1.27582, 5.8156, -3.3],
							"size": [0.3125, 0.75, 0.625],
							"inflate": -0.001,
							"pivot": [0, 8.0125, 6.825],
							"rotation": [0, 0, -22.5],
							"uv": {
								"north": {"uv": [41, 40], "uv_size": [0.5, 1]},
								"east": {"uv": [41, 41], "uv_size": [0.5, 1]},
								"south": {"uv": [0, 42], "uv_size": [0.5, 1]}
							}
						},
						{
							"origin": [0.96332, 5.8156, -3.3],
							"size": [0.3125, 0.75, 0.625],
							"inflate": -0.001,
							"pivot": [0, 8.0125, 6.825],
							"rotation": [0, 0, 22.5],
							"uv": {
								"north": {"uv": [42, 0], "uv_size": [0.5, 1]},
								"south": {"uv": [1, 42], "uv_size": [0.5, 1]},
								"west": {"uv": [42, 1], "uv_size": [0.5, 1]}
							}
						},
						{
							"origin": [-0.625, 0.93487, 0.73586],
							"size": [1.25, 0.60814, 0.3125],
							"pivot": [0, 8.13584, 5.60938],
							"rotation": [-45, 0, 0],
							"uv": {
								"east": {"uv": [45, 26], "uv_size": [0.5, 0.5]},
								"south": {"uv": [39, 7], "uv_size": [1.5, 0.5]},
								"west": {"uv": [27, 45], "uv_size": [0.5, 0.5]}
							}
						},
						{
							"origin": [-0.33799, 5.49459, -3.3],
							"size": [0.67598, 0.69291, 0.625],
							"uv": {
								"north": {"uv": [45, 27], "uv_size": [0.5, 0.5]},
								"east": {"uv": [28, 45], "uv_size": [0.5, 0.5]},
								"south": {"uv": [45, 28], "uv_size": [0.5, 0.5]},
								"west": {"uv": [29, 45], "uv_size": [0.5, 0.5]},
								"down": {"uv": [45, 29.5], "uv_size": [0.5, -0.5]}
							}
						},
						{
							"origin": [1.65829, 5.64545, 0.76111],
							"size": [0.125, 0.26516, 2.0625],
							"pivot": [-0.125, 8.13584, 5.48438],
							"rotation": [0, 0, 45],
							"uv": {
								"north": {"uv": [30, 45], "uv_size": [0.5, 0.5]},
								"east": {"uv": [1, 37], "uv_size": [2, 0.5]},
								"south": {"uv": [45, 30], "uv_size": [0.5, 0.5]},
								"west": {"uv": [37, 2], "uv_size": [2, 0.5]},
								"up": {"uv": [3, 37], "uv_size": [0.5, 2]},
								"down": {"uv": [4, 39], "uv_size": [0.5, -2]}
							}
						},
						{
							"origin": [-1.78329, 5.64545, 0.76111],
							"size": [0.125, 0.26516, 2.0625],
							"pivot": [0.125, 8.13584, 5.48438],
							"rotation": [0, 0, -45],
							"uv": {
								"north": {"uv": [31, 45], "uv_size": [0.5, 0.5]},
								"east": {"uv": [37, 3], "uv_size": [2, 0.5]},
								"south": {"uv": [45, 31], "uv_size": [0.5, 0.5]},
								"west": {"uv": [5, 37], "uv_size": [2, 0.5]},
								"up": {"uv": [7, 37], "uv_size": [0.5, 2]},
								"down": {"uv": [8, 39], "uv_size": [0.5, -2]}
							}
						}
					]
				},
				{
					"name": "barrel2",
					"parent": "p90_body",
					"pivot": [0, 8, 8],
					"cubes": [
						{
							"origin": [-0.05928, 7.66479, -9.5],
							"size": [0.31066, 0.75, 8],
							"pivot": [0, 8.13584, 5.48438],
							"rotation": [0, 0, 45],
							"uv": {
								"north": {"uv": [2, 42], "uv_size": [0.5, 1]},
								"south": {"uv": [42, 2], "uv_size": [0.5, 1]},
								"up": {"uv": [16, 22], "uv_size": [0.5, 8]},
								"down": {"uv": [17, 30], "uv_size": [0.5, -8]}
							}
						},
						{
							"origin": [-0.15533, 7.625, -9.5],
							"size": [0.31066, 0.75, 8],
							"uv": {
								"north": {"uv": [3, 42], "uv_size": [0.5, 1]},
								"up": {"uv": [18, 22], "uv_size": [0.5, 8]},
								"down": {"uv": [19, 30], "uv_size": [0.5, -8]}
							}
						},
						{
							"origin": [-0.27895, 7.88446, -9.5],
							"size": [0.75, 0.31066, 8],
							"pivot": [0, 8.13584, 5.48438],
							"rotation": [0, 0, 45],
							"uv": {
								"north": {"uv": [42, 3], "uv_size": [1, 0.5]},
								"east": {"uv": [22, 9], "uv_size": [8, 0.5]},
								"south": {"uv": [4, 42], "uv_size": [1, 0.5]},
								"west": {"uv": [20, 22], "uv_size": [8, 0.5]}
							}
						},
						{
							"origin": [-0.375, 7.84467, -9.5],
							"size": [0.75, 0.31066, 8],
							"uv": {
								"north": {"uv": [42, 4], "uv_size": [1, 0.5]},
								"east": {"uv": [23, 0], "uv_size": [8, 0.5]},
								"west": {"uv": [23, 1], "uv_size": [8, 0.5]}
							}
						}
					]
				},
				{
					"name": "group4",
					"parent": "barrel2",
					"pivot": [0, 8.0125, 6.825],
					"cubes": [
						{
							"origin": [-0.5, 7.55, -3.0625],
							"size": [1, 0.875, 7.0625],
							"uv": {
								"north": {"uv": [37, 7], "uv_size": [1, 1]},
								"east": {"uv": [12, 12], "uv_size": [7, 1]},
								"west": {"uv": [12, 13], "uv_size": [7, 1]},
								"up": {"uv": [4, 13], "uv_size": [1, 7]},
								"down": {"uv": [5, 20], "uv_size": [1, -7]}
							}
						},
						{
							"origin": [-0.5, 8.425, -0.5],
							"size": [1, 0.3125, 4.5],
							"uv": {
								"east": {"uv": [30, 7], "uv_size": [4.5, 0.5]},
								"west": {"uv": [30, 9], "uv_size": [4.5, 0.5]},
								"up": {"uv": [15, 22], "uv_size": [1, 4.5]}
							}
						},
						{
							"origin": [-0.5, 11.18547, -0.56497],
							"size": [1, 0.3, 0.9],
							"inflate": 0.001,
							"pivot": [0, 8.0125, 6.825],
							"rotation": [22.5, 0, 0],
							"uv": {
								"east": {"uv": [5, 42], "uv_size": [1, 0.5]},
								"west": {"uv": [42, 5], "uv_size": [1, 0.5]},
								"up": {"uv": [9, 37], "uv_size": [1, 1]}
							}
						}
					]
				},
				{
					"name": "screws2",
					"parent": "p90_body",
					"pivot": [0, 8.78921, 16.47671],
					"cubes": [
						{
							"origin": [-0.65625, 3.41099, 5.49237],
							"size": [1.3125, 0.375, 0.375],
							"pivot": [0, 8.13584, 5.48438],
							"rotation": [-45, 0, 0],
							"uv": {
								"north": {"uv": [39, 8], "uv_size": [1.5, 0.5]},
								"east": {"uv": [32, 45], "uv_size": [0.5, 0.5]},
								"south": {"uv": [9, 39], "uv_size": [1.5, 0.5]},
								"west": {"uv": [45, 32], "uv_size": [0.5, 0.5]},
								"up": {"uv": [39, 9], "uv_size": [1.5, 0.5]},
								"down": {"uv": [12, 39.5], "uv_size": [1.5, -0.5]}
							}
						},
						{
							"origin": [-0.65625, 6.15102, 4.96204],
							"size": [1.3125, 0.375, 0.375],
							"pivot": [0, 8.13584, 5.48438],
							"rotation": [-45, 0, 0],
							"uv": {
								"north": {"uv": [39, 12], "uv_size": [1.5, 0.5]},
								"east": {"uv": [33, 45], "uv_size": [0.5, 0.5]},
								"south": {"uv": [39, 13], "uv_size": [1.5, 0.5]},
								"west": {"uv": [45, 33], "uv_size": [0.5, 0.5]},
								"up": {"uv": [14, 39], "uv_size": [1.5, 0.5]},
								"down": {"uv": [39, 15.5], "uv_size": [1.5, -0.5]}
							}
						},
						{
							"origin": [-0.65625, 2.83646, 1.64747],
							"size": [1.3125, 0.375, 0.375],
							"pivot": [0, 8.13584, 5.48438],
							"rotation": [-45, 0, 0],
							"uv": {
								"north": {"uv": [16, 39], "uv_size": [1.5, 0.5]},
								"east": {"uv": [34, 45], "uv_size": [0.5, 0.5]},
								"south": {"uv": [39, 16], "uv_size": [1.5, 0.5]},
								"west": {"uv": [45, 34], "uv_size": [0.5, 0.5]},
								"up": {"uv": [39, 18], "uv_size": [1.5, 0.5]},
								"down": {"uv": [39, 19.5], "uv_size": [1.5, -0.5]}
							}
						},
						{
							"origin": [-0.65625, 1.42225, 0.23326],
							"size": [1.3125, 0.375, 0.375],
							"pivot": [0, 8.13584, 5.48438],
							"rotation": [-45, 0, 0],
							"uv": {
								"north": {"uv": [20, 39], "uv_size": [1.5, 0.5]},
								"east": {"uv": [35, 45], "uv_size": [0.5, 0.5]},
								"south": {"uv": [39, 20], "uv_size": [1.5, 0.5]},
								"west": {"uv": [45, 35], "uv_size": [0.5, 0.5]},
								"up": {"uv": [39, 21], "uv_size": [1.5, 0.5]},
								"down": {"uv": [22, 39.5], "uv_size": [1.5, -0.5]}
							}
						},
						{
							"origin": [-0.65625, 5.79747, 6.98424],
							"size": [1.3125, 0.375, 0.375],
							"pivot": [0, 8.13584, 5.29688],
							"rotation": [-45, 0, 0],
							"uv": {
								"north": {"uv": [39, 22], "uv_size": [1.5, 0.5]},
								"east": {"uv": [36, 45], "uv_size": [0.5, 0.5]},
								"south": {"uv": [39, 25], "uv_size": [1.5, 0.5]},
								"west": {"uv": [45, 36], "uv_size": [0.5, 0.5]},
								"up": {"uv": [27, 39], "uv_size": [1.5, 0.5]},
								"down": {"uv": [39, 28.5], "uv_size": [1.5, -0.5]}
							}
						},
						{
							"origin": [-0.65625, 6.81394, 9.16048],
							"size": [1.3125, 0.375, 0.375],
							"pivot": [0, 8.13584, 5.48438],
							"rotation": [-45, 0, 0],
							"uv": {
								"north": {"uv": [39, 31], "uv_size": [1.5, 0.5]},
								"east": {"uv": [37, 45], "uv_size": [0.5, 0.5]},
								"south": {"uv": [39, 34], "uv_size": [1.5, 0.5]},
								"west": {"uv": [45, 37], "uv_size": [0.5, 0.5]},
								"up": {"uv": [35, 39], "uv_size": [1.5, 0.5]},
								"down": {"uv": [37, 39.5], "uv_size": [1.5, -0.5]}
							}
						},
						{
							"origin": [-0.90625, 10.57044, 11.23761],
							"size": [1.8125, 0.375, 0.375],
							"pivot": [0, 8.13584, 5.48438],
							"rotation": [-45, 0, 0],
							"uv": {
								"north": {"uv": [37, 9], "uv_size": [2, 0.5]},
								"east": {"uv": [38, 45], "uv_size": [0.5, 0.5]},
								"south": {"uv": [10, 37], "uv_size": [2, 0.5]},
								"west": {"uv": [45, 38], "uv_size": [0.5, 0.5]},
								"up": {"uv": [12, 37], "uv_size": [2, 0.5]},
								"down": {"uv": [37, 12.5], "uv_size": [2, -0.5]}
							}
						},
						{
							"origin": [-0.90625, 13.04532, 13.71248],
							"size": [1.8125, 0.375, 0.375],
							"pivot": [0, 8.13584, 5.48438],
							"rotation": [-45, 0, 0],
							"uv": {
								"north": {"uv": [37, 13], "uv_size": [2, 0.5]},
								"east": {"uv": [39, 45], "uv_size": [0.5, 0.5]},
								"south": {"uv": [14, 37], "uv_size": [2, 0.5]},
								"west": {"uv": [45, 39], "uv_size": [0.5, 0.5]},
								"up": {"uv": [37, 15], "uv_size": [2, 0.5]},
								"down": {"uv": [16, 37.5], "uv_size": [2, -0.5]}
							}
						},
						{
							"origin": [-1.03125, 14.28275, 10.70728],
							"size": [2.0625, 0.375, 0.375],
							"pivot": [0, 8.13584, 5.48438],
							"rotation": [-45, 0, 0],
							"uv": {
								"north": {"uv": [37, 16], "uv_size": [2, 0.5]},
								"east": {"uv": [40, 45], "uv_size": [0.5, 0.5]},
								"south": {"uv": [18, 37], "uv_size": [2, 0.5]},
								"west": {"uv": [45, 40], "uv_size": [0.5, 0.5]},
								"up": {"uv": [37, 18], "uv_size": [2, 0.5]},
								"down": {"uv": [37, 19.5], "uv_size": [2, -0.5]}
							}
						},
						{
							"origin": [-1.03125, 16.1831, 12.60763],
							"size": [2.0625, 0.375, 0.375],
							"pivot": [0, 8.13584, 5.48438],
							"rotation": [-45, 0, 0],
							"uv": {
								"north": {"uv": [37, 20], "uv_size": [2, 0.5]},
								"east": {"uv": [41, 45], "uv_size": [0.5, 0.5]},
								"south": {"uv": [37, 21], "uv_size": [2, 0.5]},
								"west": {"uv": [45, 41], "uv_size": [0.5, 0.5]},
								"up": {"uv": [22, 37], "uv_size": [2, 0.5]},
								"down": {"uv": [37, 22.5], "uv_size": [2, -0.5]}
							}
						}
					]
				},
				{
					"name": "positioning2",
					"parent": "fn_p90",
					"pivot": [0, 0, 0]
				},
				{
					"name": "muzzle_flash",
					"parent": "positioning2",
					"pivot": [0, 8, -10.65]
				},
				{
					"name": "muzzle_pos",
					"parent": "positioning2",
					"pivot": [0, 8, -9.5]
				},
				{
					"name": "laser_pos",
					"parent": "positioning2",
					"pivot": [1.125, 9.05, -3.13301],
					"rotation": [0, 0, 90]
				},
				{
					"name": "scope_pos",
					"parent": "positioning2",
					"pivot": [0, 10.8, 0.10625]
				},
				{
					"name": "shell",
					"parent": "positioning2",
					"pivot": [-0.15, 5.39375, 9.7]
				},
				{
					"name": "constraint",
					"parent": "fn_p90",
					"pivot": [0, 13.6, -8.925]
				},
				{
					"name": "righthand",
					"parent": "gun_and_righthand",
					"pivot": [6, 19, 8]
				},
				{
					"name": "righthand_pos",
					"parent": "righthand",
					"pivot": [0, 8, 8]
				},
				{
					"name": "lefthand",
					"parent": "root",
					"pivot": [-6, 19, 8]
				},
				{
					"name": "lefthand_pos",
					"parent": "lefthand",
					"pivot": [0, 8, 8]
				},
				{
					"name": "positioning",
					"pivot": [0, 0, -8]
				},
				{
					"name": "thirdperson_hand",
					"parent": "positioning",
					"pivot": [0, 7.25, 3]
				},
				{
					"name": "ground",
					"parent": "positioning",
					"pivot": [0, 0, 8]
				},
				{
					"name": "fixed",
					"parent": "positioning",
					"pivot": [1.5, 8, 6.375],
					"rotation": [0, 90, 0]
				},
				{
					"name": "view",
					"pivot": [0, 0, 0]
				},
				{
					"name": "idle_view",
					"parent": "view",
					"pivot": [2.25, 13.25, 15]
				},
				{
					"name": "iron_view",
					"parent": "view",
					"pivot": [-2.5, 12.85, 7.7],
					"rotation": [0, 0, -25]
				},
				{
					"name": "refit_view",
					"parent": "view",
					"pivot": [24, 9, 3],
					"rotation": [0, 90, 0]
				},
				{
					"name": "refit_muzzle_view",
					"parent": "view",
					"pivot": [6.4, 8, -16.4],
					"rotation": [0, 117.5, 0]
				},
				{
					"name": "refit_laser_view",
					"parent": "view",
					"pivot": [7.1, 9.825, -6],
					"rotation": [0, 120, 0]
				},
				{
					"name": "refit_extended_mag_view",
					"parent": "view",
					"pivot": [10, 9, 5.45],
					"rotation": [0, 90, 0]
				},
				{
					"name": "refit_scope_view",
					"parent": "view",
					"pivot": [10, 12.7, 4.8],
					"rotation": [0, 60, 0]
				},
				{
					"name": "camera",
					"pivot": [2.25, 13.25, 15]
				}
			]
		}
	]
}