{
	"format_version": "1.12.0",
	"minecraft:geometry": [
		{
			"description": {
				"identifier": "geometry.unknown",
				"texture_width": 8,
				"texture_height": 8,
				"visible_bounds_width": 2,
				"visible_bounds_height": 1.5,
				"visible_bounds_offset": [0, 0.25, 0]
			},
			"bones": [
				{
					"name": "20ap",
					"pivot": [-0.00001, 0.00734, -0.02701],
					"cubes": [
						{
							"origin": [-0.54845, -0.53865, -1.27681],
							"size": [1.09687, 1.09687, 2.83],
							"uv": {
								"north": {"uv": [2, 2], "uv_size": [1, 1]},
								"east": {"uv": [0, 0], "uv_size": [3, 1]},
								"south": {"uv": [3, 0], "uv_size": [1, 1]},
								"west": {"uv": [0, 1], "uv_size": [3, 1]},
								"up": {"uv": [0, 2], "uv_size": [1, 3]},
								"down": {"uv": [1, 5], "uv_size": [1, -3]}
							}
						},
						{
							"origin": [-0.52102, -0.51613, -1.63459],
							"size": [1.04203, 1.04203, 0.38475],
							"uv": {
								"north": {"uv": [3, 1], "uv_size": [1, 1]},
								"east": {"uv": [3, 2], "uv_size": [0.5, 1]},
								"south": {"uv": [2, 3], "uv_size": [1, 1]},
								"west": {"uv": [3, 3], "uv_size": [0.5, 1]},
								"up": {"uv": [4, 0], "uv_size": [1, 0.5]},
								"down": {"uv": [4, 1.5], "uv_size": [1, -0.5]}
							}
						}
					]
				}
			]
		}
	]
}