{
	"format_version": "1.12.0",
	"minecraft:geometry": [
		{
			"description": {
				"identifier": "geometry.556x45 - Converted",
				"texture_width": 16,
				"texture_height": 16,
				"visible_bounds_width": 2,
				"visible_bounds_height": 1.5,
				"visible_bounds_offset": [0, 0.25, 0]
			},
			"bones": [
				{
					"name": "56x27",
					"pivot": [8, 0, -8],
					"cubes": [
						{
							"origin": [-0.20313, -0.19053, -0.20312],
							"size": [0.40625, 0.925, 0.40625],
							"pivot": [0, 0, 0],
							"rotation": [90, 0, 0],
							"uv": {
								"north": {"uv": [0, 0], "uv_size": [0.5, 1]},
								"east": {"uv": [0, 1], "uv_size": [0.5, 1]},
								"south": {"uv": [1, 0], "uv_size": [0.5, 1]},
								"west": {"uv": [1, 1], "uv_size": [0.5, 1]},
								"up": {"uv": [0, 2], "uv_size": [0.5, 0.5]},
								"down": {"uv": [2, 0.5], "uv_size": [0.5, -0.5]}
							}
						},
						{
							"origin": [-0.14453, 0.72119, -0.14453],
							"size": [0.28906, 0.30235, 0.28906],
							"pivot": [0, 0, 0],
							"rotation": [90, 0, 0],
							"uv": {
								"north": {"uv": [1, 2], "uv_size": [0.5, 0.5]},
								"east": {"uv": [2, 1], "uv_size": [0.5, 0.5]},
								"south": {"uv": [2, 2], "uv_size": [0.5, 0.5]},
								"west": {"uv": [0, 3], "uv_size": [0.5, 0.5]},
								"up": {"uv": [3, 0], "uv_size": [0.5, 0.5]},
								"down": {"uv": [1, 3.5], "uv_size": [0.5, -0.5]}
							}
						},
						{
							"origin": [-0.20313, -0.9663, -0.80312],
							"size": [0.40625, 0.08788, 0.40625],
							"pivot": [0, 0, -0.6],
							"rotation": [90, 0, 0],
							"uv": {
								"north": {"uv": [3, 1], "uv_size": [0.5, 0.5]},
								"east": {"uv": [2, 3], "uv_size": [0.5, 0.5]},
								"south": {"uv": [3, 2], "uv_size": [0.5, 0.5]},
								"west": {"uv": [3, 3], "uv_size": [0.5, 0.5]},
								"up": {"uv": [0, 4], "uv_size": [0.5, 0.5]},
								"down": {"uv": [4, 0.5], "uv_size": [0.5, -0.5]}
							}
						},
						{
							"origin": [-0.14453, -0.90771, -0.74453],
							"size": [0.28906, 0.11719, 0.28906],
							"pivot": [0, 0, -0.6],
							"rotation": [90, 0, 0],
							"uv": {
								"north": {"uv": [1, 4], "uv_size": [0.5, 0.5]},
								"east": {"uv": [4, 1], "uv_size": [0.5, 0.5]},
								"south": {"uv": [2, 4], "uv_size": [0.5, 0.5]},
								"west": {"uv": [4, 2], "uv_size": [0.5, 0.5]},
								"up": {"uv": [3, 4], "uv_size": [0.5, 0.5]},
								"down": {"uv": [4, 3.5], "uv_size": [0.5, -0.5]}
							}
						},
						{
							"origin": [-0.46782, 0.59939, -0.14453],
							"size": [0.10156, 0.15234, 0.28906],
							"pivot": [0, 0, 0],
							"rotation": [90, -22.5, 0],
							"uv": {
								"north": {"uv": [4, 4], "uv_size": [0.5, 0.5]},
								"east": {"uv": [0, 5], "uv_size": [0.5, 0.5]},
								"south": {"uv": [5, 0], "uv_size": [0.5, 0.5]},
								"west": {"uv": [1, 5], "uv_size": [0.5, 0.5]},
								"up": {"uv": [5, 1], "uv_size": [0.5, 0.5]},
								"down": {"uv": [2, 5.5], "uv_size": [0.5, -0.5]}
							}
						},
						{
							"origin": [-0.14453, 0.59939, 0.36626],
							"size": [0.28906, 0.15234, 0.10156],
							"pivot": [0, 0, 0],
							"rotation": [112.5, 0, 0],
							"uv": {
								"north": {"uv": [5, 2], "uv_size": [0.5, 0.5]},
								"east": {"uv": [3, 5], "uv_size": [0.5, 0.5]},
								"south": {"uv": [5, 3], "uv_size": [0.5, 0.5]},
								"west": {"uv": [4, 5], "uv_size": [0.5, 0.5]},
								"up": {"uv": [5, 4], "uv_size": [0.5, 0.5]},
								"down": {"uv": [5, 5.5], "uv_size": [0.5, -0.5]}
							}
						},
						{
							"origin": [-0.14453, 0.59939, -0.46782],
							"size": [0.28906, 0.15234, 0.10156],
							"pivot": [0, 0, 0],
							"rotation": [67.5, 0, 0],
							"uv": {
								"north": {"uv": [0, 6], "uv_size": [0.5, 0.5]},
								"east": {"uv": [6, 0], "uv_size": [0.5, 0.5]},
								"south": {"uv": [1, 6], "uv_size": [0.5, 0.5]},
								"west": {"uv": [6, 1], "uv_size": [0.5, 0.5]},
								"up": {"uv": [2, 6], "uv_size": [0.5, 0.5]},
								"down": {"uv": [6, 2.5], "uv_size": [0.5, -0.5]}
							}
						},
						{
							"origin": [0.36626, 0.59939, -0.14453],
							"size": [0.10156, 0.15234, 0.28906],
							"pivot": [0, 0, 0],
							"rotation": [90, 22.5, 0],
							"uv": {
								"north": {"uv": [3, 6], "uv_size": [0.5, 0.5]},
								"east": {"uv": [6, 3], "uv_size": [0.5, 0.5]},
								"south": {"uv": [4, 6], "uv_size": [0.5, 0.5]},
								"west": {"uv": [6, 4], "uv_size": [0.5, 0.5]},
								"up": {"uv": [5, 6], "uv_size": [0.5, 0.5]},
								"down": {"uv": [6, 5.5], "uv_size": [0.5, -0.5]}
							}
						}
					]
				}
			]
		}
	]
}