{
  "slot": "z:attachment/slot/laser_lopro_g_slot",
  "model": "z:attachment/laser_lopro_g_geo",
  "texture": "z:attachment/uv/laser_lopro_g",
   "lod": {
          "model": "z:attachment/lod/laser_lopro_g_lod",
          "texture": "z:attachment/lod/laser_lopro_g_lod"
  },
  "sounds": {
    "install": "tacz:attachments/attachment_general_b",
    "uninstall": "tacz:attachments/attachment_general_uninstall"
  },
  "laser": {
    "default_color": "0xff0000",
    "can_edit": true,
    "length": 75
  }
}