{
  "slot": "z:attachment/slot/scope_scout_g_slot",
  "model": "z:attachment/scope_scout_g_geo",
  "texture": "z:attachment/uv/scope_scout_g",
  "lod": {
    "model": "z:attachment/lod/scope_scout_g_lod",
    "texture": "z:attachment/lod/scope_scout_g_lod"
  },
  "zoom": [
    4.5,
    10
  ],
  "views": [
    2,
    2
  ],
  "views_fov": [
    55.0,
    25.0
  ],
  "scope": true,
  "sight": false,
  "sounds": {
    "install": "tacz:attachments/scope_general_c",
    "uninstall": "tacz:attachments/scope_general_c"
  }
}