{
  "slot": "z:attachment/slot/sight_deltapoint_rifle_g_slot",
  "model": "z:attachment/sight_deltapoint_rifle_g_geo",
  "texture": "z:attachment/uv/sight_deltapoint_rifle_g",
  "lod": {
    "model": "tacz:attachment/lod/sight_deltapoint_rifle",
    "texture": "tacz:attachment/lod/sight_deltapoint_rifle"
  },
  "zoom": [
    1.25
  ],
  "scope": false,
  "sight": true,
  "fov": 70.0,
  "sounds": {
    "install": "tacz:attachments/scope_general_c",
    "uninstall": "tacz:attachments/scope_general_c"
  }
}