{
	"format_version": "1.12.0",
	"minecraft:geometry": [
		{
			"description": {
				"identifier": "geometry.unknown",
				"texture_width": 32,
				"texture_height": 32,
				"visible_bounds_width": 2,
				"visible_bounds_height": 1.5,
				"visible_bounds_offset": [0, 0.25, 0]
			},
			"bones": [
				{
					"name": "root",
					"pivot": [0, 0, 0]
				},
				{
					"name": "762x2",
					"parent": "root",
					"pivot": [1.2388, 0.66422, -3.2343],
					"rotation": [-22.5, 0, -90],
					"cubes": [
						{
							"origin": [0.82771, -1.51249, -3.64538],
							"size": [0.82216, 1.93157, 0.82216],
							"uv": {
								"north": {"uv": [14, 24], "uv_size": [1, 2]},
								"east": {"uv": [15, 24], "uv_size": [1, 2]},
								"south": {"uv": [24, 23], "uv_size": [1, 2]},
								"west": {"uv": [25, 1], "uv_size": [1, 2]},
								"up": {"uv": [23, 27], "uv_size": [1, 1]},
								"down": {"uv": [27, 24], "uv_size": [1, -1]}
							}
						},
						{
							"origin": [0.92979, 0.41311, -3.54329],
							"size": [0.618, 0.82089, 0.618],
							"inflate": 0.001,
							"uv": {
								"north": {"uv": [4, 29], "uv_size": [0.5, 1]},
								"east": {"uv": [29, 4], "uv_size": [0.5, 1]},
								"south": {"uv": [5, 29], "uv_size": [0.5, 1]},
								"west": {"uv": [29, 5], "uv_size": [0.5, 1]},
								"up": {"uv": [24, 30], "uv_size": [0.5, 0.5]}
							}
						},
						{
							"origin": [0.93047, 0.27674, -3.53875],
							"size": [0.61663, 0.41108, 0.20553],
							"pivot": [1.2388, 0.6159, -3.2343],
							"rotation": [-22.5, 0, 0],
							"uv": {
								"north": {"uv": [30, 24], "uv_size": [0.5, 0.5]},
								"east": {"uv": [25, 30], "uv_size": [0.5, 0.5]},
								"west": {"uv": [30, 25], "uv_size": [0.5, 0.5]}
							}
						},
						{
							"origin": [0.98187, 1.23331, -3.49122],
							"size": [0.51383, 0.61663, 0.51383],
							"uv": {
								"north": {"uv": [26, 30], "uv_size": [0.5, 0.5]},
								"east": {"uv": [30, 26], "uv_size": [0.5, 0.5]},
								"south": {"uv": [27, 30], "uv_size": [0.5, 0.5]},
								"west": {"uv": [30, 27], "uv_size": [0.5, 0.5]},
								"up": {"uv": [28, 30], "uv_size": [0.5, 0.5]}
							}
						},
						{
							"origin": [0.93047, 0.27674, -3.13539],
							"size": [0.61663, 0.41108, 0.20553],
							"pivot": [1.2388, 0.6159, -3.2343],
							"rotation": [22.5, 0, 0],
							"uv": {
								"east": {"uv": [30, 28], "uv_size": [0.5, 0.5]},
								"south": {"uv": [29, 30], "uv_size": [0.5, 0.5]},
								"west": {"uv": [30, 29], "uv_size": [0.5, 0.5]}
							}
						},
						{
							"origin": [1.03326, 1.84994, -3.43983],
							"size": [0.41107, 0.51385, 0.41107],
							"uv": {
								"north": {"uv": [30, 30], "uv_size": [0.5, 0.5]},
								"east": {"uv": [0, 31], "uv_size": [0.5, 0.5]},
								"south": {"uv": [31, 0], "uv_size": [0.5, 0.5]},
								"west": {"uv": [1, 31], "uv_size": [0.5, 0.5]},
								"up": {"uv": [31, 1], "uv_size": [0.5, 0.5]}
							}
						},
						{
							"origin": [1.08463, 2.36379, -3.38846],
							"size": [0.30833, 0.32491, 0.30833],
							"uv": {
								"north": {"uv": [2, 31], "uv_size": [0.5, 0.5]},
								"east": {"uv": [31, 2], "uv_size": [0.5, 0.5]},
								"south": {"uv": [3, 31], "uv_size": [0.5, 0.5]},
								"west": {"uv": [31, 3], "uv_size": [0.5, 0.5]},
								"up": {"uv": [4, 31], "uv_size": [0.5, 0.5]}
							}
						},
						{
							"origin": [1.1617, 2.56935, -3.31137],
							"size": [0.15416, 0.43523, 0.15416],
							"uv": {
								"north": {"uv": [31, 4], "uv_size": [0.5, 0.5]},
								"east": {"uv": [5, 31], "uv_size": [0.5, 0.5]},
								"south": {"uv": [31, 5], "uv_size": [0.5, 0.5]},
								"west": {"uv": [6, 31], "uv_size": [0.5, 0.5]},
								"up": {"uv": [31, 6], "uv_size": [0.5, 0.5]}
							}
						},
						{
							"origin": [0.93435, 0.27674, -3.54261],
							"size": [0.20553, 0.41108, 0.61663],
							"pivot": [1.2388, 0.6159, -3.2343],
							"rotation": [0, 0, 22.5],
							"uv": {
								"north": {"uv": [7, 31], "uv_size": [0.5, 0.5]},
								"east": {"uv": [31, 7], "uv_size": [0.5, 0.5]},
								"south": {"uv": [8, 31], "uv_size": [0.5, 0.5]}
							}
						},
						{
							"origin": [1.3377, 0.27674, -3.54261],
							"size": [0.20553, 0.41108, 0.61663],
							"pivot": [1.2388, 0.6159, -3.2343],
							"rotation": [0, 0, -22.5],
							"uv": {
								"north": {"uv": [31, 8], "uv_size": [0.5, 0.5]},
								"south": {"uv": [9, 31], "uv_size": [0.5, 0.5]},
								"west": {"uv": [31, 9], "uv_size": [0.5, 0.5]}
							}
						},
						{
							"origin": [0.82771, -1.82079, -3.64538],
							"size": [0.82216, 0.15414, 0.82216],
							"uv": {
								"north": {"uv": [6, 29], "uv_size": [1, 0.5]},
								"east": {"uv": [29, 6], "uv_size": [1, 0.5]},
								"south": {"uv": [7, 29], "uv_size": [1, 0.5]},
								"west": {"uv": [29, 7], "uv_size": [1, 0.5]},
								"up": {"uv": [27, 24], "uv_size": [1, 1]},
								"down": {"uv": [25, 28], "uv_size": [1, -1]}
							}
						},
						{
							"origin": [0.93047, -1.71804, -3.54261],
							"size": [0.61663, 0.20554, 0.61663],
							"uv": {
								"north": {"uv": [10, 31], "uv_size": [0.5, 0.5]},
								"east": {"uv": [31, 10], "uv_size": [0.5, 0.5]},
								"south": {"uv": [11, 31], "uv_size": [0.5, 0.5]},
								"west": {"uv": [31, 11], "uv_size": [0.5, 0.5]}
							}
						}
					]
				},
				{
					"name": "762x39",
					"parent": "root",
					"pivot": [2.92528, 2.77233, -2.81268],
					"cubes": [
						{
							"origin": [2.5142, 0.59562, -3.22376],
							"size": [0.82216, 1.93157, 0.82216],
							"uv": {
								"north": {"uv": [2, 25], "uv_size": [1, 2]},
								"east": {"uv": [3, 25], "uv_size": [1, 2]},
								"south": {"uv": [25, 3], "uv_size": [1, 2]},
								"west": {"uv": [4, 25], "uv_size": [1, 2]},
								"up": {"uv": [27, 25], "uv_size": [1, 1]},
								"down": {"uv": [26, 28], "uv_size": [1, -1]}
							}
						},
						{
							"origin": [2.61627, 2.52121, -3.12167],
							"size": [0.618, 0.82089, 0.618],
							"inflate": 0.001,
							"uv": {
								"north": {"uv": [8, 29], "uv_size": [0.5, 1]},
								"east": {"uv": [29, 8], "uv_size": [0.5, 1]},
								"south": {"uv": [9, 29], "uv_size": [0.5, 1]},
								"west": {"uv": [10, 29], "uv_size": [0.5, 1]},
								"up": {"uv": [12, 31], "uv_size": [0.5, 0.5]}
							}
						},
						{
							"origin": [2.61695, 2.38484, -3.11713],
							"size": [0.61663, 0.41108, 0.20553],
							"pivot": [2.92528, 2.72401, -2.81268],
							"rotation": [-22.5, 0, 0],
							"uv": {
								"north": {"uv": [31, 12], "uv_size": [0.5, 0.5]},
								"east": {"uv": [13, 31], "uv_size": [0.5, 0.5]},
								"west": {"uv": [31, 13], "uv_size": [0.5, 0.5]}
							}
						},
						{
							"origin": [2.66836, 3.34142, -3.0696],
							"size": [0.51383, 0.61663, 0.51383],
							"uv": {
								"north": {"uv": [14, 31], "uv_size": [0.5, 0.5]},
								"east": {"uv": [31, 14], "uv_size": [0.5, 0.5]},
								"south": {"uv": [15, 31], "uv_size": [0.5, 0.5]},
								"west": {"uv": [31, 15], "uv_size": [0.5, 0.5]},
								"up": {"uv": [16, 31], "uv_size": [0.5, 0.5]}
							}
						},
						{
							"origin": [2.61695, 2.38484, -2.71377],
							"size": [0.61663, 0.41108, 0.20553],
							"pivot": [2.92528, 2.72401, -2.81268],
							"rotation": [22.5, 0, 0],
							"uv": {
								"east": {"uv": [31, 16], "uv_size": [0.5, 0.5]},
								"south": {"uv": [17, 31], "uv_size": [0.5, 0.5]},
								"west": {"uv": [31, 17], "uv_size": [0.5, 0.5]}
							}
						},
						{
							"origin": [2.71975, 3.95805, -3.01821],
							"size": [0.41107, 0.51385, 0.41107],
							"uv": {
								"north": {"uv": [18, 31], "uv_size": [0.5, 0.5]},
								"east": {"uv": [31, 18], "uv_size": [0.5, 0.5]},
								"south": {"uv": [19, 31], "uv_size": [0.5, 0.5]},
								"west": {"uv": [31, 19], "uv_size": [0.5, 0.5]},
								"up": {"uv": [20, 31], "uv_size": [0.5, 0.5]}
							}
						},
						{
							"origin": [2.77112, 4.4719, -2.96684],
							"size": [0.30833, 0.32491, 0.30833],
							"uv": {
								"north": {"uv": [31, 20], "uv_size": [0.5, 0.5]},
								"east": {"uv": [21, 31], "uv_size": [0.5, 0.5]},
								"south": {"uv": [31, 21], "uv_size": [0.5, 0.5]},
								"west": {"uv": [22, 31], "uv_size": [0.5, 0.5]},
								"up": {"uv": [31, 22], "uv_size": [0.5, 0.5]}
							}
						},
						{
							"origin": [2.84818, 4.67745, -2.88975],
							"size": [0.15416, 0.34153, 0.15416],
							"uv": {
								"north": {"uv": [23, 31], "uv_size": [0.5, 0.5]},
								"east": {"uv": [31, 23], "uv_size": [0.5, 0.5]},
								"south": {"uv": [24, 31], "uv_size": [0.5, 0.5]},
								"west": {"uv": [31, 24], "uv_size": [0.5, 0.5]},
								"up": {"uv": [25, 31], "uv_size": [0.5, 0.5]}
							}
						},
						{
							"origin": [2.62083, 2.38484, -3.12099],
							"size": [0.20553, 0.41108, 0.61663],
							"pivot": [2.92528, 2.72401, -2.81268],
							"rotation": [0, 0, 22.5],
							"uv": {
								"north": {"uv": [31, 25], "uv_size": [0.5, 0.5]},
								"east": {"uv": [26, 31], "uv_size": [0.5, 0.5]},
								"south": {"uv": [31, 26], "uv_size": [0.5, 0.5]}
							}
						},
						{
							"origin": [3.02419, 2.38484, -3.12099],
							"size": [0.20553, 0.41108, 0.61663],
							"pivot": [2.92528, 2.72401, -2.81268],
							"rotation": [0, 0, -22.5],
							"uv": {
								"north": {"uv": [27, 31], "uv_size": [0.5, 0.5]},
								"south": {"uv": [31, 27], "uv_size": [0.5, 0.5]},
								"west": {"uv": [28, 31], "uv_size": [0.5, 0.5]}
							}
						},
						{
							"origin": [2.5142, 0.28731, -3.22376],
							"size": [0.82216, 0.15414, 0.82216],
							"uv": {
								"north": {"uv": [11, 29], "uv_size": [1, 0.5]},
								"east": {"uv": [12, 29], "uv_size": [1, 0.5]},
								"south": {"uv": [29, 12], "uv_size": [1, 0.5]},
								"west": {"uv": [13, 29], "uv_size": [1, 0.5]},
								"up": {"uv": [27, 26], "uv_size": [1, 1]},
								"down": {"uv": [27, 28], "uv_size": [1, -1]}
							}
						},
						{
							"origin": [2.61695, 0.39007, -3.12099],
							"size": [0.61663, 0.20554, 0.61663],
							"uv": {
								"north": {"uv": [31, 28], "uv_size": [0.5, 0.5]},
								"east": {"uv": [29, 31], "uv_size": [0.5, 0.5]},
								"south": {"uv": [31, 29], "uv_size": [0.5, 0.5]},
								"west": {"uv": [30, 31], "uv_size": [0.5, 0.5]}
							}
						}
					]
				},
				{
					"name": "box",
					"parent": "root",
					"pivot": [0, 0.936, -1.872]
				},
				{
					"name": "base",
					"parent": "box",
					"pivot": [0, 2.808, -1.872],
					"cubes": [
						{
							"origin": [-3.27606, -0.00006, -1.87206],
							"size": [0.46813, 3.74413, 7.95613],
							"inflate": -0.001,
							"pivot": [0, 2.808, 2.106],
							"rotation": [0, -90, 0],
							"uv": {
								"north": {"uv": [5, 25], "uv_size": [0.5, 3.5]},
								"east": {"uv": [8, 4], "uv_size": [7.5, 3.5]},
								"south": {"uv": [6, 25], "uv_size": [0.5, 3.5]},
								"west": {"uv": [8, 8], "uv_size": [7.5, 3.5]},
								"up": {"uv": [16, 20], "uv_size": [0.5, 7.5]},
								"down": {"uv": [17, 27.5], "uv_size": [0.5, -7.5]}
							}
						},
						{
							"origin": [-3.744, 0, -1.872],
							"size": [7.488, 3.744, 3.744],
							"uv": {
								"north": {"uv": [0, 16], "uv_size": [7, 3.5]},
								"east": {"uv": [8, 20], "uv_size": [3.5, 3.5]},
								"south": {"uv": [16, 0], "uv_size": [7, 3.5]},
								"west": {"uv": [12, 20], "uv_size": [3.5, 3.5]},
								"up": {"uv": [16, 4], "uv_size": [7, 3.5]},
								"down": {"uv": [7, 19.5], "uv_size": [7, -3.5]}
							}
						},
						{
							"origin": [-3.978, 3.744, -2.106],
							"size": [7.956, 0.468, 4.212],
							"uv": {
								"north": {"uv": [18, 20], "uv_size": [7.5, 0.5]},
								"east": {"uv": [23, 13], "uv_size": [4, 0.5]},
								"south": {"uv": [18, 21], "uv_size": [7.5, 0.5]},
								"west": {"uv": [23, 14], "uv_size": [4, 0.5]},
								"up": {"uv": [0, 0], "uv_size": [7.5, 4]},
								"down": {"uv": [0, 8], "uv_size": [7.5, -4]}
							}
						},
						{
							"origin": [-3.04206, -0.00006, -2.10606],
							"size": [0.46813, 3.74413, 4.21213],
							"inflate": -0.001,
							"uv": {
								"north": {"uv": [7, 25], "uv_size": [0.5, 3.5]},
								"east": {"uv": [14, 16], "uv_size": [4, 3.5]},
								"south": {"uv": [8, 25], "uv_size": [0.5, 3.5]},
								"west": {"uv": [18, 16], "uv_size": [4, 3.5]},
								"up": {"uv": [23, 23], "uv_size": [0.5, 4]},
								"down": {"uv": [0, 28], "uv_size": [0.5, -4]}
							}
						},
						{
							"origin": [2.57394, -0.00006, -2.10606],
							"size": [0.46813, 3.74413, 4.21213],
							"inflate": -0.001,
							"uv": {
								"north": {"uv": [9, 25], "uv_size": [0.5, 3.5]},
								"east": {"uv": [0, 20], "uv_size": [4, 3.5]},
								"south": {"uv": [25, 23], "uv_size": [0.5, 3.5]},
								"west": {"uv": [4, 20], "uv_size": [4, 3.5]},
								"up": {"uv": [1, 24], "uv_size": [0.5, 4]},
								"down": {"uv": [24, 5], "uv_size": [0.5, -4]}
							}
						},
						{
							"origin": [2.57394, -0.00006, -5.85006],
							"size": [0.46813, 3.74413, 7.95613],
							"inflate": -0.001,
							"pivot": [0, 2.808, -1.872],
							"rotation": [0, -90, 0],
							"uv": {
								"north": {"uv": [24, 25], "uv_size": [0.5, 3.5]},
								"east": {"uv": [0, 12], "uv_size": [7.5, 3.5]},
								"south": {"uv": [26, 1], "uv_size": [0.5, 3.5]},
								"west": {"uv": [8, 12], "uv_size": [7.5, 3.5]},
								"up": {"uv": [18, 22], "uv_size": [0.5, 7.5]},
								"down": {"uv": [19, 29.5], "uv_size": [0.5, -7.5]}
							}
						}
					]
				},
				{
					"name": "rounds",
					"parent": "box",
					"pivot": [-2.87703, 4.31923, -0.03276],
					"cubes": [
						{
							"origin": [0.42413, 4.2034, -1.3648],
							"size": [0.34749, 0.23166, 0.34749],
							"pivot": [0.59787, 4.31923, -1.19106],
							"rotation": [0, -45, 0],
							"uv": {
								"north": {"uv": [29, 21], "uv_size": [0.5, 0.5]},
								"east": {"uv": [23, 29], "uv_size": [0.5, 0.5]},
								"south": {"uv": [29, 23], "uv_size": [0.5, 0.5]},
								"west": {"uv": [24, 29], "uv_size": [0.5, 0.5]},
								"up": {"uv": [29, 24], "uv_size": [0.5, 0.5]},
								"down": {"uv": [25, 29.5], "uv_size": [0.5, -0.5]}
							}
						},
						{
							"origin": [-0.73418, 4.2034, -1.3648],
							"size": [0.34749, 0.23166, 0.34749],
							"pivot": [-0.56043, 4.31923, -1.19106],
							"rotation": [0, -45, 0],
							"uv": {
								"north": {"uv": [29, 25], "uv_size": [0.5, 0.5]},
								"east": {"uv": [26, 29], "uv_size": [0.5, 0.5]},
								"south": {"uv": [29, 26], "uv_size": [0.5, 0.5]},
								"west": {"uv": [27, 29], "uv_size": [0.5, 0.5]},
								"up": {"uv": [29, 27], "uv_size": [0.5, 0.5]},
								"down": {"uv": [28, 29.5], "uv_size": [0.5, -0.5]}
							}
						},
						{
							"origin": [-3.05077, 4.2034, -1.3648],
							"size": [0.34749, 0.23166, 0.34749],
							"pivot": [-2.87703, 4.31923, -1.19106],
							"rotation": [0, -45, 0],
							"uv": {
								"north": {"uv": [29, 28], "uv_size": [0.5, 0.5]},
								"east": {"uv": [29, 29], "uv_size": [0.5, 0.5]},
								"south": {"uv": [0, 30], "uv_size": [0.5, 0.5]},
								"west": {"uv": [1, 30], "uv_size": [0.5, 0.5]},
								"up": {"uv": [30, 1], "uv_size": [0.5, 0.5]},
								"down": {"uv": [2, 30.5], "uv_size": [0.5, -0.5]}
							}
						},
						{
							"origin": [-1.89247, 4.2034, -1.3648],
							"size": [0.34749, 0.23166, 0.34749],
							"pivot": [-1.71873, 4.31923, -1.19106],
							"rotation": [0, -45, 0],
							"uv": {
								"north": {"uv": [30, 2], "uv_size": [0.5, 0.5]},
								"east": {"uv": [3, 30], "uv_size": [0.5, 0.5]},
								"south": {"uv": [30, 3], "uv_size": [0.5, 0.5]},
								"west": {"uv": [4, 30], "uv_size": [0.5, 0.5]},
								"up": {"uv": [30, 4], "uv_size": [0.5, 0.5]},
								"down": {"uv": [5, 30.5], "uv_size": [0.5, -0.5]}
							}
						},
						{
							"origin": [-1.89247, 4.2034, -0.2065],
							"size": [0.34749, 0.23166, 0.34749],
							"pivot": [-1.71873, 4.31923, -0.03276],
							"rotation": [0, -45, 0],
							"uv": {
								"north": {"uv": [30, 5], "uv_size": [0.5, 0.5]},
								"east": {"uv": [6, 30], "uv_size": [0.5, 0.5]},
								"south": {"uv": [30, 6], "uv_size": [0.5, 0.5]},
								"west": {"uv": [7, 30], "uv_size": [0.5, 0.5]},
								"up": {"uv": [30, 7], "uv_size": [0.5, 0.5]},
								"down": {"uv": [8, 30.5], "uv_size": [0.5, -0.5]}
							}
						},
						{
							"origin": [-0.73418, 4.2034, -0.2065],
							"size": [0.34749, 0.23166, 0.34749],
							"pivot": [-0.56043, 4.31923, -0.03276],
							"rotation": [0, -45, 0],
							"uv": {
								"north": {"uv": [30, 8], "uv_size": [0.5, 0.5]},
								"east": {"uv": [9, 30], "uv_size": [0.5, 0.5]},
								"south": {"uv": [30, 9], "uv_size": [0.5, 0.5]},
								"west": {"uv": [10, 30], "uv_size": [0.5, 0.5]},
								"up": {"uv": [30, 10], "uv_size": [0.5, 0.5]},
								"down": {"uv": [11, 30.5], "uv_size": [0.5, -0.5]}
							}
						},
						{
							"origin": [0.42413, 4.2034, -0.2065],
							"size": [0.34749, 0.23166, 0.34749],
							"pivot": [0.59787, 4.31923, -0.03276],
							"rotation": [0, -45, 0],
							"uv": {
								"north": {"uv": [30, 11], "uv_size": [0.5, 0.5]},
								"east": {"uv": [12, 30], "uv_size": [0.5, 0.5]},
								"south": {"uv": [30, 12], "uv_size": [0.5, 0.5]},
								"west": {"uv": [13, 30], "uv_size": [0.5, 0.5]},
								"up": {"uv": [30, 13], "uv_size": [0.5, 0.5]},
								"down": {"uv": [14, 30.5], "uv_size": [0.5, -0.5]}
							}
						},
						{
							"origin": [2.74073, 4.2034, -0.2065],
							"size": [0.34749, 0.23166, 0.34749],
							"pivot": [2.91447, 4.31923, -0.03276],
							"rotation": [0, -45, 0],
							"uv": {
								"north": {"uv": [30, 14], "uv_size": [0.5, 0.5]},
								"east": {"uv": [15, 30], "uv_size": [0.5, 0.5]},
								"south": {"uv": [30, 15], "uv_size": [0.5, 0.5]},
								"west": {"uv": [16, 30], "uv_size": [0.5, 0.5]},
								"up": {"uv": [30, 16], "uv_size": [0.5, 0.5]},
								"down": {"uv": [17, 30.5], "uv_size": [0.5, -0.5]}
							}
						},
						{
							"origin": [1.58243, 4.2034, -0.2065],
							"size": [0.34749, 0.23166, 0.34749],
							"pivot": [1.75617, 4.31923, -0.03276],
							"rotation": [0, -45, 0],
							"uv": {
								"north": {"uv": [30, 17], "uv_size": [0.5, 0.5]},
								"east": {"uv": [18, 30], "uv_size": [0.5, 0.5]},
								"south": {"uv": [30, 18], "uv_size": [0.5, 0.5]},
								"west": {"uv": [19, 30], "uv_size": [0.5, 0.5]},
								"up": {"uv": [30, 19], "uv_size": [0.5, 0.5]},
								"down": {"uv": [20, 30.5], "uv_size": [0.5, -0.5]}
							}
						},
						{
							"origin": [-3.05077, 4.2034, -0.2065],
							"size": [0.34749, 0.23166, 0.34749],
							"pivot": [-2.87703, 4.31923, -0.03276],
							"rotation": [0, -45, 0],
							"uv": {
								"north": {"uv": [30, 20], "uv_size": [0.5, 0.5]},
								"east": {"uv": [21, 30], "uv_size": [0.5, 0.5]},
								"south": {"uv": [30, 21], "uv_size": [0.5, 0.5]},
								"west": {"uv": [30, 22], "uv_size": [0.5, 0.5]},
								"up": {"uv": [23, 30], "uv_size": [0.5, 0.5]},
								"down": {"uv": [30, 23.5], "uv_size": [0.5, -0.5]}
							}
						},
						{
							"origin": [2.50907, 3.94278, -0.43817],
							"size": [0.81081, 0.46332, 0.81081],
							"uv": {
								"north": {"uv": [28, 1], "uv_size": [1, 0.5]},
								"east": {"uv": [2, 28], "uv_size": [1, 0.5]},
								"south": {"uv": [28, 2], "uv_size": [1, 0.5]},
								"west": {"uv": [3, 28], "uv_size": [1, 0.5]},
								"up": {"uv": [14, 26], "uv_size": [1, 1]},
								"down": {"uv": [15, 27], "uv_size": [1, -1]}
							}
						},
						{
							"origin": [1.35076, 3.94278, -0.43817],
							"size": [0.81081, 0.46332, 0.81081],
							"uv": {
								"north": {"uv": [28, 3], "uv_size": [1, 0.5]},
								"east": {"uv": [4, 28], "uv_size": [1, 0.5]},
								"south": {"uv": [28, 4], "uv_size": [1, 0.5]},
								"west": {"uv": [28, 5], "uv_size": [1, 0.5]},
								"up": {"uv": [26, 21], "uv_size": [1, 1]},
								"down": {"uv": [26, 24], "uv_size": [1, -1]}
							}
						},
						{
							"origin": [0.19247, 3.94278, -1.59647],
							"size": [0.81081, 0.46332, 0.81081],
							"uv": {
								"north": {"uv": [28, 6], "uv_size": [1, 0.5]},
								"east": {"uv": [28, 7], "uv_size": [1, 0.5]},
								"south": {"uv": [28, 8], "uv_size": [1, 0.5]},
								"west": {"uv": [10, 28], "uv_size": [1, 0.5]},
								"up": {"uv": [26, 24], "uv_size": [1, 1]},
								"down": {"uv": [26, 26], "uv_size": [1, -1]}
							}
						},
						{
							"origin": [0.19247, 3.94278, -0.43817],
							"size": [0.81081, 0.46332, 0.81081],
							"uv": {
								"north": {"uv": [11, 28], "uv_size": [1, 0.5]},
								"east": {"uv": [12, 28], "uv_size": [1, 0.5]},
								"south": {"uv": [13, 28], "uv_size": [1, 0.5]},
								"west": {"uv": [28, 13], "uv_size": [1, 0.5]},
								"up": {"uv": [26, 26], "uv_size": [1, 1]},
								"down": {"uv": [27, 2], "uv_size": [1, -1]}
							}
						},
						{
							"origin": [-0.96583, 3.94278, -1.59647],
							"size": [0.81081, 0.46332, 0.81081],
							"uv": {
								"north": {"uv": [14, 28], "uv_size": [1, 0.5]},
								"east": {"uv": [28, 14], "uv_size": [1, 0.5]},
								"south": {"uv": [15, 28], "uv_size": [1, 0.5]},
								"west": {"uv": [28, 15], "uv_size": [1, 0.5]},
								"up": {"uv": [2, 27], "uv_size": [1, 1]},
								"down": {"uv": [27, 3], "uv_size": [1, -1]}
							}
						},
						{
							"origin": [-0.96583, 3.94278, -0.43817],
							"size": [0.81081, 0.46332, 0.81081],
							"uv": {
								"north": {"uv": [16, 28], "uv_size": [1, 0.5]},
								"east": {"uv": [17, 28], "uv_size": [1, 0.5]},
								"south": {"uv": [28, 21], "uv_size": [1, 0.5]},
								"west": {"uv": [23, 28], "uv_size": [1, 0.5]},
								"up": {"uv": [3, 27], "uv_size": [1, 1]},
								"down": {"uv": [27, 4], "uv_size": [1, -1]}
							}
						},
						{
							"origin": [-2.12413, 3.94278, -1.59647],
							"size": [0.81081, 0.46332, 0.81081],
							"uv": {
								"north": {"uv": [28, 23], "uv_size": [1, 0.5]},
								"east": {"uv": [28, 24], "uv_size": [1, 0.5]},
								"south": {"uv": [25, 28], "uv_size": [1, 0.5]},
								"west": {"uv": [28, 25], "uv_size": [1, 0.5]},
								"up": {"uv": [4, 27], "uv_size": [1, 1]},
								"down": {"uv": [27, 5], "uv_size": [1, -1]}
							}
						},
						{
							"origin": [-2.12413, 3.94278, -0.43817],
							"size": [0.81081, 0.46332, 0.81081],
							"uv": {
								"north": {"uv": [26, 28], "uv_size": [1, 0.5]},
								"east": {"uv": [28, 26], "uv_size": [1, 0.5]},
								"south": {"uv": [27, 28], "uv_size": [1, 0.5]},
								"west": {"uv": [28, 27], "uv_size": [1, 0.5]},
								"up": {"uv": [27, 13], "uv_size": [1, 1]},
								"down": {"uv": [14, 28], "uv_size": [1, -1]}
							}
						},
						{
							"origin": [-3.28244, 3.94278, -0.43817],
							"size": [0.81081, 0.46332, 0.81081],
							"uv": {
								"north": {"uv": [28, 28], "uv_size": [1, 0.5]},
								"east": {"uv": [0, 29], "uv_size": [1, 0.5]},
								"south": {"uv": [1, 29], "uv_size": [1, 0.5]},
								"west": {"uv": [29, 1], "uv_size": [1, 0.5]},
								"up": {"uv": [27, 14], "uv_size": [1, 1]},
								"down": {"uv": [15, 28], "uv_size": [1, -1]}
							}
						},
						{
							"origin": [-3.28244, 3.94278, -1.59647],
							"size": [0.81081, 0.46332, 0.81081],
							"uv": {
								"north": {"uv": [2, 29], "uv_size": [1, 0.5]},
								"east": {"uv": [29, 2], "uv_size": [1, 0.5]},
								"south": {"uv": [3, 29], "uv_size": [1, 0.5]},
								"west": {"uv": [29, 3], "uv_size": [1, 0.5]},
								"up": {"uv": [27, 15], "uv_size": [1, 1]},
								"down": {"uv": [27, 22], "uv_size": [1, -1]}
							}
						}
					]
				},
				{
					"name": "cap",
					"parent": "box",
					"pivot": [-3.978, 4.212, 2.106],
					"rotation": [-15, 0, 0],
					"cubes": [
						{
							"origin": [-3.978, 4.212, -2.106],
							"size": [7.956, 0.468, 4.212],
							"uv": {
								"north": {"uv": [22, 16], "uv_size": [7.5, 0.5]},
								"east": {"uv": [23, 15], "uv_size": [4, 0.5]},
								"south": {"uv": [22, 17], "uv_size": [7.5, 0.5]},
								"west": {"uv": [2, 24], "uv_size": [4, 0.5]},
								"up": {"uv": [0, 8], "uv_size": [7.5, 4]},
								"down": {"uv": [8, 4], "uv_size": [7.5, -4]}
							}
						},
						{
							"origin": [-1.17, 3.744, -2.34],
							"size": [2.34, 0.936, 0.234],
							"uv": {
								"north": {"uv": [23, 11], "uv_size": [2.5, 1]},
								"east": {"uv": [0, 28], "uv_size": [0.5, 1]},
								"south": {"uv": [23, 12], "uv_size": [2.5, 1]},
								"west": {"uv": [1, 28], "uv_size": [0.5, 1]},
								"up": {"uv": [26, 12], "uv_size": [2.5, 0.5]},
								"down": {"uv": [26, 20.5], "uv_size": [2.5, -0.5]}
							}
						},
						{
							"origin": [-3.744, 4.68, -1.872],
							"size": [7.488, 0.4095, 3.744],
							"uv": {
								"north": {"uv": [23, 9], "uv_size": [7, 0.5]},
								"east": {"uv": [24, 8], "uv_size": [3.5, 0.5]},
								"south": {"uv": [23, 10], "uv_size": [7, 0.5]},
								"west": {"uv": [26, 11], "uv_size": [3.5, 0.5]},
								"up": {"uv": [16, 8], "uv_size": [7, 3.5]},
								"down": {"uv": [16, 15.5], "uv_size": [7, -3.5]}
							}
						},
						{
							"origin": [2.574, 4.68, -2.106],
							"size": [0.468, 0.468, 4.212],
							"uv": {
								"north": {"uv": [29, 13], "uv_size": [0.5, 0.5]},
								"east": {"uv": [24, 5], "uv_size": [4, 0.5]},
								"south": {"uv": [14, 29], "uv_size": [0.5, 0.5]},
								"west": {"uv": [6, 24], "uv_size": [4, 0.5]},
								"up": {"uv": [10, 24], "uv_size": [0.5, 4]},
								"down": {"uv": [11, 28], "uv_size": [0.5, -4]}
							}
						},
						{
							"origin": [0.95287, 4.68006, -4.22874],
							"size": [0.46787, 0.46787, 7.95587],
							"inflate": 0.001,
							"pivot": [0, 4.68, -0.25081],
							"rotation": [0, -90, 0],
							"uv": {
								"north": {"uv": [29, 14], "uv_size": [0.5, 0.5]},
								"east": {"uv": [22, 18], "uv_size": [7.5, 0.5]},
								"south": {"uv": [15, 29], "uv_size": [0.5, 0.5]},
								"west": {"uv": [22, 19], "uv_size": [7.5, 0.5]},
								"up": {"uv": [20, 22], "uv_size": [0.5, 7.5]},
								"down": {"uv": [21, 29.5], "uv_size": [0.5, -7.5]}
							}
						},
						{
							"origin": [-4.89714, 4.68006, -0.25074],
							"size": [0.46787, 0.46787, 7.95587],
							"inflate": 0.001,
							"pivot": [0, 4.68, 3.7272],
							"rotation": [0, -90, 0],
							"uv": {
								"north": {"uv": [29, 15], "uv_size": [0.5, 0.5]},
								"east": {"uv": [22, 22], "uv_size": [7.5, 0.5]},
								"south": {"uv": [16, 29], "uv_size": [0.5, 0.5]},
								"west": {"uv": [23, 0], "uv_size": [7.5, 0.5]},
								"up": {"uv": [23, 1], "uv_size": [0.5, 7.5]},
								"down": {"uv": [22, 30.5], "uv_size": [0.5, -7.5]}
							}
						},
						{
							"origin": [-3.042, 4.68, -2.106],
							"size": [0.468, 0.468, 4.212],
							"uv": {
								"north": {"uv": [17, 29], "uv_size": [0.5, 0.5]},
								"east": {"uv": [24, 6], "uv_size": [4, 0.5]},
								"south": {"uv": [29, 20], "uv_size": [0.5, 0.5]},
								"west": {"uv": [24, 7], "uv_size": [4, 0.5]},
								"up": {"uv": [12, 24], "uv_size": [0.5, 4]},
								"down": {"uv": [13, 28], "uv_size": [0.5, -4]}
							}
						}
					]
				},
				{
					"name": "positioning",
					"pivot": [-3.025, -8.95, -11.225]
				},
				{
					"name": "ground",
					"parent": "positioning",
					"pivot": [0, 0, 0]
				},
				{
					"name": "fixed",
					"parent": "positioning",
					"pivot": [0, 3.5, 0]
				},
				{
					"name": "thirdperson_hand",
					"parent": "positioning",
					"pivot": [-0.025, 2.05, -0.225],
					"rotation": [0, 90, 0]
				}
			]
		}
	]
}