{
	"format_version": "1.8.0",
	"animations": {
		"static_idle": {
			"loop": true,
			"animation_length": 0.1,
			"bones": {
				"root": {
					"rotation": [0, 0, 0],
					"position": [0, 0, 0]
				},
				"lefthand": {
					"rotation": [111.33, -370.95, -185.06],
					"position": [6.965, -16.135, -7.105],
					"scale": [1, 1.5, 1]
				},
				"righthand": {
					"rotation": [94.93393, 4.57237, -174.60633],
					"position": [-7.09303, -14.02913, -6.49781],
					"scale": [1, 1.5, 1]
				},
				"constraint": {
					"rotation": [0.2, 0.2, 0.2],
					"position": [0.2, 0.1, 0.3]
				}
			}
		},
		"reload_tactical": {
			"animation_length": 2.7667,
			"bones": {
				"root": {
					"rotation": {
						"0.0": [0, 0, 0],
						"0.3": {
							"pre": [-40.9895, -35.98069, 27.46863],
							"post": [-40.9895, -35.98069, 27.46863],
							"lerp_mode": "catmullrom"
						},
						"0.4333": {
							"post": [-47.99, -35.98, 27.47],
							"lerp_mode": "catmullrom"
						},
						"0.5": {
							"post": [-52.18377, -45.56324, 41.80446],
							"lerp_mode": "catmullrom"
						},
						"0.6": {
							"post": [-47.805, -36.785, 32.59],
							"lerp_mode": "catmullrom"
						},
						"0.8667": {
							"post": [-43.11136, -29.75047, 30.44418],
							"lerp_mode": "catmullrom"
						},
						"1.2": {
							"post": [-47.11307, -10.47811, 6.98946],
							"lerp_mode": "catmullrom"
						},
						"1.3667": {
							"post": [-42.11, -10.48, 6.99],
							"lerp_mode": "catmullrom"
						},
						"1.4333": {
							"post": [-51.41781, -8.13967, 8.89213],
							"lerp_mode": "catmullrom"
						},
						"1.5333": {
							"post": [-48.99149, -11.25812, 6.34786],
							"lerp_mode": "catmullrom"
						},
						"1.6333": {
							"post": [-43.34, -11.45, 6.19],
							"lerp_mode": "catmullrom"
						},
						"1.7667": {
							"post": [-45.39, -11.26, 6.35],
							"lerp_mode": "catmullrom"
						},
						"1.8333": {
							"post": [-48.835, -11.26, 6.35],
							"lerp_mode": "catmullrom"
						},
						"1.9": {
							"post": [-49.045, -11.26, 6.35],
							"lerp_mode": "catmullrom"
						},
						"2.1": {
							"post": [-38.835, -9.11, 5.14],
							"lerp_mode": "catmullrom"
						},
						"2.3333": {
							"post": [-26.8, -5.75, 5],
							"lerp_mode": "catmullrom"
						},
						"2.4333": {
							"post": [-9.7797, -1.82592, 1.78877],
							"lerp_mode": "catmullrom"
						},
						"2.4667": {
							"post": [1.95, 0, -0.5],
							"lerp_mode": "catmullrom"
						},
						"2.5667": {
							"post": [0, -0.75, 0],
							"lerp_mode": "catmullrom"
						},
						"2.7667": {
							"post": [0, 0, 0],
							"lerp_mode": "catmullrom"
						}
					},
					"position": {
						"0.0": [0, 0, 0],
						"0.1333": [-1.78, -3.365, 0],
						"0.2667": {
							"pre": [-3.645, -3.3, 0],
							"post": [-3.645, -3.3, 0],
							"lerp_mode": "catmullrom"
						},
						"0.3667": {
							"post": [-4.265, -3.3, 0],
							"lerp_mode": "catmullrom"
						},
						"0.4333": {
							"post": [-4.26, -4.235, 0],
							"lerp_mode": "catmullrom"
						},
						"0.4667": {
							"post": [-3.805, -3.72, -1.54],
							"lerp_mode": "catmullrom"
						},
						"0.5333": {
							"post": [-3.45, -2.8, -1.74],
							"lerp_mode": "catmullrom"
						},
						"0.6667": {
							"post": [-4.095, -2.8, -1.74],
							"lerp_mode": "catmullrom"
						},
						"0.8333": {
							"post": [-4.09, -4.12, -1.74],
							"lerp_mode": "catmullrom"
						},
						"1.0667": {
							"post": [-4.09, -4.635, -2.1],
							"lerp_mode": "catmullrom"
						},
						"1.2": {
							"post": [-4.09, -4.975, -2.22],
							"lerp_mode": "catmullrom"
						},
						"1.3": {
							"post": [-4.09, -4.845, -2.04],
							"lerp_mode": "catmullrom"
						},
						"1.4": {
							"post": [-4.09, -4.625, -1.965],
							"lerp_mode": "catmullrom"
						},
						"1.4333": {
							"post": [-4.09, -5.165, -1.285],
							"lerp_mode": "catmullrom"
						},
						"1.5667": {
							"post": [-4.09, -3.99, -1.28],
							"lerp_mode": "catmullrom"
						},
						"1.7": {
							"post": [-4.09, -3.37, -1.28],
							"lerp_mode": "catmullrom"
						},
						"1.7667": {
							"post": [-4.09, -3.415, -1.53],
							"lerp_mode": "catmullrom"
						},
						"1.8667": {
							"post": [-4.09, -5.32, -1.06],
							"lerp_mode": "catmullrom"
						},
						"1.9667": {
							"post": [-4.09, -5.525, -0.96],
							"lerp_mode": "catmullrom"
						},
						"2.0667": {
							"post": [-3.675, -5.085, -0.835],
							"lerp_mode": "catmullrom"
						},
						"2.2333": {
							"post": [-2.12, -4.755, -0.46],
							"lerp_mode": "catmullrom"
						},
						"2.4333": {
							"post": [-0.20703, -0.62891, 0],
							"lerp_mode": "catmullrom"
						},
						"2.5333": {
							"post": [0.05, -0.17203, 0],
							"lerp_mode": "catmullrom"
						},
						"2.6": {
							"post": [-0.01, -0.07031, 0],
							"lerp_mode": "catmullrom"
						},
						"2.7667": {
							"post": [0, 0, 0],
							"lerp_mode": "catmullrom"
						}
					}
				},
				"mag_and_lefthand": {
					"rotation": {
						"0.4333": [0, 0, 0],
						"0.5333": [0, -35, 0],
						"0.6": [15.97475, -51.41778, -69.52251],
						"0.7": [19.64139, -25.138, -95.1447],
						"0.9": [19.64, -25.14, -95.14],
						"1.0667": [19.64, -25.14, -95.14],
						"1.2333": [51.10509, -17.84432, -2.12166],
						"1.3": [17.88267, -4.77142, 16.01361],
						"1.3667": [17.88267, -4.77142, 16.01361],
						"1.4333": [0, 0, 0]
					},
					"position": {
						"0.4333": [0, 0, 0],
						"0.5": [3, 0, -9],
						"0.6": [10, -1, -13],
						"0.7333": [14, -23, -10],
						"0.9": [14, -23, 2.015],
						"1.0667": [14, -23, 2.015],
						"1.2333": [4, -3, -0.975],
						"1.3": [0, 0, -2.255],
						"1.3667": [0, 0, -3.265],
						"1.4333": [0, 0, 0]
					}
				},
				"lefthand": {
					"rotation": {
						"0.0": [111.33, -370.95, -185.06],
						"0.2667": [153.45987, -348.58491, -250.91183],
						"1.5667": [153.46, -348.58, -250.91],
						"1.7667": [39.97807, -389.3458, -122.72885],
						"2.0": [39.97807, -389.3458, -122.72885],
						"2.2333": [111.33, -370.95, -185.06]
					},
					"position": {
						"0.0": [6.965, -16.135, -7.105],
						"0.1333": [13.97, -16.14, -12.1],
						"0.2667": [6.97, -8.14, -14.1],
						"1.5667": [6.97, -8.14, -14.1],
						"1.6667": [10.97, -8.14, -16.1],
						"1.7667": [6.97, -10.14, -16.1],
						"2.0": [6.97, -10.14, -16.1],
						"2.1333": [10.97, -13.57, -10.96],
						"2.2333": [6.965, -16.135, -7.105]
					},
					"scale": [1, 1.5, 1]
				},
				"righthand": {
					"rotation": [94.93393, 4.57237, -174.60633],
					"position": [-7.09303, -14.02913, -6.49781],
					"scale": [1, 1.5, 1]
				},
				"mag": {
					"rotation": {
						"0.6": [0, 0, 0],
						"0.8667": [274.3361, -11.73507, -110.44582],
						"1.1": [274.3361, -11.73507, -110.44582],
						"1.1333": [0, 0, 0]
					},
					"position": {
						"0.6": [0, 0, 0],
						"0.8333": [-113, -19, -50],
						"1.1": [-113, -19, -50],
						"1.1333": [0, 0, 0]
					},
					"scale": {
						"0.8333": [1, 1, 1],
						"0.8667": [0, 0, 0],
						"1.1333": [0, 0, 0],
						"1.1667": [1, 1, 1]
					}
				},
				"constraint": {
					"rotation": [0.2, 0.2, 0.2],
					"position": [0.2, 0.1, 0.3]
				},
				"camera": {
					"rotation": {
						"0.0": {
							"post": [0, 0, 0],
							"lerp_mode": "catmullrom"
						},
						"0.1333": {
							"post": [1.98, 0, -0.875],
							"lerp_mode": "catmullrom"
						},
						"0.2667": {
							"post": [1.45, 0, -0.635],
							"lerp_mode": "catmullrom"
						},
						"0.4333": {
							"post": [1.095, 0.675, 0.31],
							"lerp_mode": "catmullrom"
						},
						"0.5": {
							"post": [1.095, -0.69, -0.915],
							"lerp_mode": "catmullrom"
						},
						"0.6667": {
							"post": [1.095, -0.365, 0.425],
							"lerp_mode": "catmullrom"
						},
						"0.8": {
							"post": [1.095, -0.36, -0.15],
							"lerp_mode": "catmullrom"
						},
						"0.9667": {
							"post": [1.9, -0.36, 0.13],
							"lerp_mode": "catmullrom"
						},
						"1.3": {
							"post": [0.23, -0.36, 1.525],
							"lerp_mode": "catmullrom"
						},
						"1.4": {
							"post": [0.23, -1.01, 1.53],
							"lerp_mode": "catmullrom"
						},
						"1.4667": {
							"post": [0.23, 0.17, 0.605],
							"lerp_mode": "catmullrom"
						},
						"1.5667": {
							"post": [0.23, -0.765, 2.06],
							"lerp_mode": "catmullrom"
						},
						"1.7": {
							"post": [1.11, -0.335, 1.53],
							"lerp_mode": "catmullrom"
						},
						"1.9": {
							"post": [-0.55, -0.33, 1.53],
							"lerp_mode": "catmullrom"
						},
						"2.1": {
							"post": [0.26, 0.39, 0.55],
							"lerp_mode": "catmullrom"
						},
						"2.3667": {
							"post": [0.8, 0.3, 0.7],
							"lerp_mode": "catmullrom"
						},
						"2.4667": {
							"post": [0.245, 0.305, 0.44],
							"lerp_mode": "catmullrom"
						},
						"2.5667": {
							"post": [0.1, 0.2, 0],
							"lerp_mode": "catmullrom"
						},
						"2.7333": {
							"post": [0, 0, 0],
							"lerp_mode": "catmullrom"
						}
					}
				}
			},
			"sound_effects": {
				"0.0": {
					"effect": "lrl:p320_doctor/foley_classes_props_c101_medicalgun_raise_m1_01"
				},
				"0.3667": {
					"effect": "lrl:p320_doctor/foley_classes_props_c101_medicalgun_s_magout_01_r1"
				},
				"0.7667": {
					"effect": "lrl:p320_doctor/foley_classes_props_c101_medicalgun_touchgun_m1_01"
				},
				"0.9667": {
					"effect": "lrl:p320_doctor/foley_classes_props_c101_medicalgun_magin_01_r1"
				},
				"1.1667": {
					"effect": "lrl:p320_doctor/foley_classes_props_c101_medicalgun_s_magin_02_r1"
				},
				"2.0333": {
					"effect": "lrl:p320_doctor/foley_classes_props_c101_medicalgun_touchgun_m1_03"
				},
				"2.2333": {
					"effect": "lrl:p320_doctor/foley_classes_props_c101_medicalgun_raise_m1_03"
				}
			}
		},
		"reload_empty": {
			"animation_length": 2.75,
			"bones": {
				"root": {
					"rotation": {
						"0.0": [0, 0, 0],
						"0.2917": {
							"pre": [-40.9895, -23.35069, 37.09863],
							"post": [-40.9895, -23.35069, 37.09863],
							"lerp_mode": "catmullrom"
						},
						"0.4167": {
							"post": [-47.99, -35.98, 27.47],
							"lerp_mode": "catmullrom"
						},
						"0.5": {
							"post": [-52.18377, -4.56324, 6.80446],
							"lerp_mode": "catmullrom"
						},
						"0.5833": {
							"post": [-47.805, -2.945, 3.75],
							"lerp_mode": "catmullrom"
						},
						"0.875": {
							"post": [-66.46136, -18.59547, 12.54918],
							"lerp_mode": "catmullrom"
						},
						"1.2083": {
							"post": [-57.83807, -19.31811, 17.93446],
							"lerp_mode": "catmullrom"
						},
						"1.375": {
							"post": [-52.835, -10.48, 6.99],
							"lerp_mode": "catmullrom"
						},
						"1.4167": {
							"post": [-62.14281, -8.13967, 8.89213],
							"lerp_mode": "catmullrom"
						},
						"1.5417": {
							"post": [-59.71649, -11.25812, 6.34786],
							"lerp_mode": "catmullrom"
						},
						"1.625": {
							"post": [-54.065, -11.45, 6.19],
							"lerp_mode": "catmullrom"
						},
						"1.75": {
							"post": [-56.115, -11.26, 6.35],
							"lerp_mode": "catmullrom"
						},
						"1.8333": {
							"post": [-59.56, -11.26, 6.35],
							"lerp_mode": "catmullrom"
						},
						"1.9167": {
							"post": [-59.77, -11.26, 6.35],
							"lerp_mode": "catmullrom"
						},
						"2.0833": {
							"post": [-49.56, -9.11, 5.14],
							"lerp_mode": "catmullrom"
						},
						"2.3333": {
							"post": [-26.8, -5.75, 5],
							"lerp_mode": "catmullrom"
						},
						"2.4167": {
							"post": [-9.7797, -1.82592, 1.78877],
							"lerp_mode": "catmullrom"
						},
						"2.4583": {
							"post": [1.95, 0, -0.5],
							"lerp_mode": "catmullrom"
						},
						"2.5833": {
							"post": [0, -0.75, 0],
							"lerp_mode": "catmullrom"
						},
						"2.75": {
							"post": [0, 0, 0],
							"lerp_mode": "catmullrom"
						}
					},
					"position": {
						"0.0": [0, 0, 0],
						"0.125": [-1.78, -3.365, 0],
						"0.25": {
							"pre": [-3.645, -3.3, 0],
							"post": [-3.645, -3.3, 0],
							"lerp_mode": "catmullrom"
						},
						"0.375": {
							"post": [-4.265, -3.3, 0],
							"lerp_mode": "catmullrom"
						},
						"0.4167": {
							"post": [-4.26, -4.235, 0],
							"lerp_mode": "catmullrom"
						},
						"0.4583": {
							"post": [-3.805, -3.72, -1.54],
							"lerp_mode": "catmullrom"
						},
						"0.5417": {
							"post": [-3.45, -2.8, -1.74],
							"lerp_mode": "catmullrom"
						},
						"0.6667": {
							"post": [-4.095, -2.8, -1.74],
							"lerp_mode": "catmullrom"
						},
						"0.8333": {
							"post": [-4.09, -2.5, -1.74],
							"lerp_mode": "catmullrom"
						},
						"1.0833": {
							"post": [-4.09, -3.595, -2.1],
							"lerp_mode": "catmullrom"
						},
						"1.2083": {
							"post": [-4.09, -2.775, -2.22],
							"lerp_mode": "catmullrom"
						},
						"1.2917": {
							"post": [-4.09, -2.645, -2.04],
							"lerp_mode": "catmullrom"
						},
						"1.4167": {
							"post": [-4.09, -2.965, -1.285],
							"lerp_mode": "catmullrom"
						},
						"1.5833": {
							"post": [-4.09, -3.99, -1.28],
							"lerp_mode": "catmullrom"
						},
						"1.7083": {
							"post": [-4.09, -3.37, -1.28],
							"lerp_mode": "catmullrom"
						},
						"1.75": {
							"post": [-4.09, -3.415, -1.53],
							"lerp_mode": "catmullrom"
						},
						"1.875": {
							"post": [-4.09, -5.32, -1.06],
							"lerp_mode": "catmullrom"
						},
						"1.9583": {
							"post": [-4.09, -5.525, -0.96],
							"lerp_mode": "catmullrom"
						},
						"2.0833": {
							"post": [-3.675, -5.085, -0.835],
							"lerp_mode": "catmullrom"
						},
						"2.25": {
							"post": [-2.12, -4.755, -0.46],
							"lerp_mode": "catmullrom"
						},
						"2.4167": {
							"post": [-0.20703, -0.62891, 0],
							"lerp_mode": "catmullrom"
						},
						"2.5417": {
							"post": [0.05, -0.17203, 0],
							"lerp_mode": "catmullrom"
						},
						"2.5833": {
							"post": [-0.01, -0.07031, 0],
							"lerp_mode": "catmullrom"
						},
						"2.75": {
							"post": [0, 0, 0],
							"lerp_mode": "catmullrom"
						}
					}
				},
				"lefthand": {
					"rotation": {
						"0.0": [111.33, -370.95, -185.06],
						"0.3333": [153.46, -348.58, -250.91],
						"0.7083": [153.46, -348.58, -250.91],
						"0.9583": [153.46, -348.58, -250.91],
						"1.25": [153.46, -348.58, -250.91],
						"1.5": [153.46, -348.58, -250.91],
						"1.75": [39.97807, -389.3458, -122.72885],
						"2.0": [39.97807, -389.3458, -122.72885],
						"2.25": [111.33, -370.95, -185.06]
					},
					"position": {
						"0.0": [6.965, -16.135, -7.105],
						"0.125": [13.97, -16.14, -12.1],
						"0.3333": [19.97, -16.14, -8.1],
						"0.7083": [19.97, -16.14, -0.1],
						"0.9583": [15.915, -10.5, -0.2],
						"1.125": [15.915, -10.5, -0.2],
						"1.2917": [15.915, -10.5, -0.2],
						"1.5417": [14.395, -10.6, -6.725],
						"1.6667": [10.97, -8.14, -16.1],
						"1.75": [6.97, -10.14, -16.1],
						"2.0": [6.97, -10.14, -16.1],
						"2.125": [10.97, -13.57, -10.96],
						"2.25": [6.965, -16.135, -7.105]
					},
					"scale": [1, 1.5, 1]
				},
				"righthand": {
					"rotation": [94.93393, 4.57237, -174.60633],
					"position": [-7.09303, -14.02913, -6.49781],
					"scale": [1, 1.5, 1]
				},
				"constraint": {
					"rotation": [0.2, 0.2, 0.2],
					"position": [0.2, 0.1, 0.3]
				},
				"mag": {
					"rotation": {
						"0.4583": [0, 0, 0],
						"0.875": [-302.0639, 80.54493, -110.44582],
						"0.9583": [-302.0639, 80.54493, -110.44582],
						"1.0417": [35, -85, 0],
						"1.3333": [0, 0, 0]
					},
					"position": {
						"0.4583": [0, 0, 0],
						"0.8333": [-113, -19, -50],
						"0.9583": [18.11, -7.78, 8.11],
						"1.0417": [18.11, -7.78, 8.11],
						"1.1667": [3.76, 2.67, -11.52],
						"1.3333": [0, 0, 0]
					},
					"scale": {
						"0.625": [1, 1, 1],
						"0.6667": [0, 0, 0],
						"1.0": [0, 0, 0],
						"1.0417": [1, 1, 1]
					}
				},
				"camera": {
					"rotation": {
						"0.0": {
							"post": [0, 0, 0],
							"lerp_mode": "catmullrom"
						},
						"0.125": {
							"post": [1.98, 0, -0.875],
							"lerp_mode": "catmullrom"
						},
						"0.25": {
							"post": [1.45, 0, -0.635],
							"lerp_mode": "catmullrom"
						},
						"0.4167": {
							"post": [1.095, 0.675, 0.31],
							"lerp_mode": "catmullrom"
						},
						"0.5": {
							"post": [1.095, -0.69, -0.915],
							"lerp_mode": "catmullrom"
						},
						"0.6667": {
							"post": [1.095, -0.365, 0.425],
							"lerp_mode": "catmullrom"
						},
						"0.7917": {
							"post": [1.095, -0.36, -0.15],
							"lerp_mode": "catmullrom"
						},
						"0.9583": {
							"post": [1.9, -0.36, 0.13],
							"lerp_mode": "catmullrom"
						},
						"1.2917": {
							"post": [0.23, -0.36, 1.525],
							"lerp_mode": "catmullrom"
						},
						"1.4167": {
							"post": [0.23, -1.01, 1.53],
							"lerp_mode": "catmullrom"
						},
						"1.4583": {
							"post": [0.23, 0.17, 0.605],
							"lerp_mode": "catmullrom"
						},
						"1.5833": {
							"post": [0.23, -0.765, 2.06],
							"lerp_mode": "catmullrom"
						},
						"1.7083": {
							"post": [1.11, -0.335, 1.53],
							"lerp_mode": "catmullrom"
						},
						"1.9167": {
							"post": [-0.55, -0.33, 1.53],
							"lerp_mode": "catmullrom"
						},
						"2.0833": {
							"post": [0.26, 0.39, 0.55],
							"lerp_mode": "catmullrom"
						},
						"2.375": {
							"post": [0.8, 0.3, 0.7],
							"lerp_mode": "catmullrom"
						},
						"2.4583": {
							"post": [0.245, 0.305, 0.44],
							"lerp_mode": "catmullrom"
						},
						"2.5833": {
							"post": [0.1, 0.2, 0],
							"lerp_mode": "catmullrom"
						},
						"2.75": {
							"post": [0, 0, 0],
							"lerp_mode": "catmullrom"
						}
					}
				}
			},
			"sound_effects": {
				"0.0": {
					"effect": "lrl:p320_doctor/foley_classes_props_c101_medicalgun_raise_m1_01"
				},
				"0.375": {
					"effect": "lrl:p320_doctor/foley_classes_props_c101_medicalgun_s_magout_01_r1"
				},
				"0.75": {
					"effect": "lrl:p320_doctor/foley_classes_props_c101_medicalgun_touchgun_m1_01"
				},
				"0.9583": {
					"effect": "lrl:p320_doctor/foley_classes_props_c101_medicalgun_magin_01_r1"
				},
				"1.25": {
					"effect": "lrl:p320_doctor/foley_classes_props_c101_medicalgun_s_magin_02_r1"
				},
				"2.0417": {
					"effect": "lrl:p320_doctor/foley_classes_props_c101_medicalgun_touchgun_m1_03"
				},
				"2.25": {
					"effect": "lrl:p320_doctor/foley_classes_props_c101_medicalgun_raise_m1_03"
				}
			}
		},
		"draw": {
			"animation_length": 0.55,
			"bones": {
				"root": {
					"rotation": {
						"0.0": {
							"post": [47.5, 0, 0],
							"lerp_mode": "catmullrom"
						},
						"0.15": {
							"post": [-6.71308, -5.18904, 7.61928],
							"lerp_mode": "catmullrom"
						},
						"0.25": {
							"post": [-0.06544, -1.49857, 2.50086],
							"lerp_mode": "catmullrom"
						},
						"0.35": {
							"post": [1.075, 0, 0],
							"lerp_mode": "catmullrom"
						},
						"0.4": {
							"post": [-0.55, -0.66, 0],
							"lerp_mode": "catmullrom"
						},
						"0.5": {
							"post": [0, 0, 0],
							"lerp_mode": "catmullrom"
						}
					},
					"position": {
						"0.0": {
							"post": [-4.5, -6.45, 4.05],
							"lerp_mode": "catmullrom"
						},
						"0.1": {
							"post": [-4.58, -2.435, 1.8],
							"lerp_mode": "catmullrom"
						},
						"0.25": {
							"post": [-0.45, -0.4125, -0.3],
							"lerp_mode": "catmullrom"
						},
						"0.4": {
							"post": [0.0375, -0.1625, 0],
							"lerp_mode": "catmullrom"
						},
						"0.5": {
							"post": [0, 0, 0],
							"lerp_mode": "catmullrom"
						}
					}
				},
				"lefthand": {
					"rotation": {
						"0.0": [111.33068, -370.9504, -185.06009],
						"0.1": [113.76413, -387.5981, -192.34676],
						"0.25": [111.33, -370.95, -185.06],
						"0.3": [111.33, -370.95, -185.06]
					},
					"position": {
						"0.0": [10.915, -20.385, 1.895],
						"0.1": [12.615, -20.085, 1.895],
						"0.25": [8.115, -17.235, -4.605],
						"0.3": [6.965, -16.135, -7.105]
					},
					"scale": {
						"0.0": [1, 1.5, 1],
						"0.3": [1, 1.5, 1]
					}
				},
				"righthand": {
					"rotation": [94.93393, 4.57237, -174.60633],
					"position": [-7.09303, -14.02913, -6.49781],
					"scale": [1, 1.5, 1]
				},
				"camera": {
					"rotation": {
						"0.0": {
							"post": [0, 0, 0],
							"lerp_mode": "catmullrom"
						},
						"0.1": {
							"post": [0.175, 0.2, 0.35],
							"lerp_mode": "catmullrom"
						},
						"0.2": {
							"post": [0.8, 0.3, 0.7],
							"lerp_mode": "catmullrom"
						},
						"0.3": {
							"post": [0.245, 0.305, 0.44],
							"lerp_mode": "catmullrom"
						},
						"0.4": {
							"post": [0.1, 0.2, 0],
							"lerp_mode": "catmullrom"
						},
						"0.55": {
							"post": [0, 0, 0],
							"lerp_mode": "catmullrom"
						}
					}
				}
			},
			"sound_effects": {
				"0.0": {
					"effect": "lrl:p320_doctor/ui_medical_gun_expand_r2"
				}
			}
		},
		"put_away": {
			"animation_length": 0.3,
			"bones": {
				"root": {
					"rotation": {
						"0.0": [0, 0, 0],
						"0.0333": [0.13, -0.48, 2.81],
						"0.0667": [0.5, -1.35, 6.63],
						"0.1": [2.19, -3.57, 9.1],
						"0.1333": [6.11, -8.14, 8.67],
						"0.1667": [11.36, -14.05, 6.9],
						"0.2": [16.24, -19.23, 6.01],
						"0.2333": [20.48, -23.1, 7.22],
						"0.2667": [24.37, -26.23, 9.31],
						"0.3": [27.05, -28.35, 10.87]
					},
					"position": {
						"0.0": [0, 0, 0],
						"0.0333": [-0.08, 0.02, 0.06],
						"0.0667": [-0.22, 0.02, 0.15],
						"0.1": [-0.5, -0.28, 0.19],
						"0.1333": [-0.97, -1.02, 0.04],
						"0.1667": [-1.59, -2.04, -0.15],
						"0.2": [-2.32, -3.11, 0],
						"0.2333": [-3.27, -4.28, 0.85],
						"0.2667": [-4.33, -5.49, 2.05],
						"0.3": [-5.08, -6.34, 3.92]
					},
					"scale": 1
				},
				"lefthand": {
					"rotation": {
						"0.0": [111.33, -370.95, -185.06],
						"0.1": [139.7807, -372.81454, -249.86352]
					},
					"position": {
						"0.0": [6.965, -16.135, -7.105],
						"0.0667": [9.35, -16.8975, 6.65625],
						"0.1333": [12.0275, -18.235, 6.65625]
					},
					"scale": [1, 1.5, 1]
				},
				"righthand": {
					"rotation": [94.93393, 4.57237, -174.60633],
					"position": [-7.09303, -14.02913, -6.49781],
					"scale": [1, 1.5, 1]
				},
				"camera": {
					"rotation": {
						"0.0": [0, 0, 0],
						"0.0333": [0, 0, -0.1],
						"0.0667": [0, 0, -0.25],
						"0.1": [0, 0, -0.4],
						"0.1333": [0, 0, -0.53],
						"0.1667": [0, 0, -0.58],
						"0.2": [0, 0, -0.5],
						"0.2333": [0, 0, -0.33],
						"0.2667": [0, 0, -0.13],
						"0.3": [0, 0, 0]
					}
				}
			},
			"sound_effects": {
				"0.0": {
					"effect": "lrl:p320_doctor/foley_classes_props_c101_medicalgun_drop_m1_02"
				}
			}
		},
		"inspect": {
			"animation_length": 4.5417,
			"bones": {
				"root": {
					"rotation": {
						"0.0": [0, 0, 0],
						"0.125": {
							"pre": [-6.75, 4.71, 16.93],
							"post": [-6.75, 4.71, 16.93],
							"lerp_mode": "catmullrom"
						},
						"0.2083": [-18.16, 21.44, 30.75],
						"0.3333": [-25.5, 50, 58.26],
						"0.4167": [-28.98, 59.38, 65.64],
						"0.5417": [-33.35425, 58.44775, 59.98342],
						"0.6667": [-29.76, 58.99, 63.01],
						"0.875": [-27.16, 58.93, 66.03],
						"1.0": {
							"pre": [-27.18, 58.37, 66.01],
							"post": [-27.18, 58.37, 66.01],
							"lerp_mode": "catmullrom"
						},
						"1.125": {
							"post": [-21.44755, 60.60294, 72.70349],
							"lerp_mode": "catmullrom"
						},
						"1.25": {
							"post": [-23.06005, 60.22424, 70.8292],
							"lerp_mode": "catmullrom"
						},
						"1.4583": [-23.56169, 59.01704, 70.24746],
						"1.875": [-25.06717, 58.60525, 68.48767],
						"2.0417": {
							"pre": [-31.68, 31.85, 39.1],
							"post": [-31.68, 31.85, 39.1],
							"lerp_mode": "catmullrom"
						},
						"2.1667": {
							"post": [-27.46, 3.61, 4.19],
							"lerp_mode": "catmullrom"
						},
						"2.25": {
							"post": [-16.06786, -26.13478, -40.52363],
							"lerp_mode": "catmullrom"
						},
						"2.3333": {
							"post": [-20.35661, -36.8116, -40.62405],
							"lerp_mode": "catmullrom"
						},
						"2.4167": [-22.08965, -35.39357, -35.98936],
						"2.5833": [-19.74869, -36.12407, -38.2838],
						"2.8333": [-19.46231, -36.48174, -39.55753],
						"3.0833": [-21.96, -35.24, -35.48],
						"3.4167": [-22.63, -34.92, -34.4],
						"3.5833": [-23.24, -31.07, -36.42],
						"3.75": [-20.44, -28.26, -41.38],
						"4.0417": [-10.92, 2.63, 3.34],
						"4.125": [-1.42, 0.04, 1.09],
						"4.2083": [2.10667, 0.78352, -1.92591],
						"4.2917": [-0.58908, 1.14898, -0.43359],
						"4.4167": [0, 0, 0]
					},
					"position": {
						"0.0": [0, 0, 0],
						"0.0833": {
							"pre": [0.22, -0.16, -0.4],
							"post": [0.22, -0.16, -0.4],
							"lerp_mode": "catmullrom"
						},
						"0.1667": {
							"post": [0.37, 0.43, -0.995],
							"lerp_mode": "catmullrom"
						},
						"0.25": {
							"post": [0.8, 1.1, -1.545],
							"lerp_mode": "catmullrom"
						},
						"0.375": {
							"post": [0.8, 1.18, -2.305],
							"lerp_mode": "catmullrom"
						},
						"0.5417": [0.8, 1.19, -2.645],
						"0.7917": [0.8, 1.1, -2.645],
						"1.0417": {
							"pre": [0.8, 1.02, -2.645],
							"post": [0.8, 1.02, -2.645],
							"lerp_mode": "catmullrom"
						},
						"1.2083": {
							"post": [0.8, 1.1, -2.645],
							"lerp_mode": "catmullrom"
						},
						"1.4583": {
							"post": [0.8, 1.1, -2.645],
							"lerp_mode": "catmullrom"
						},
						"1.9583": [0.8, 1.09, -2.645],
						"2.0833": {
							"pre": [0.11, 0.38, -2.645],
							"post": [0.11, 0.38, -2.645],
							"lerp_mode": "catmullrom"
						},
						"2.2083": {
							"post": [-1.84, -0.07, -2.645],
							"lerp_mode": "catmullrom"
						},
						"2.3333": {
							"post": [-3.1, 0.2, -2.645],
							"lerp_mode": "catmullrom"
						},
						"2.4583": [-3.2, 0.1, -2.645],
						"2.6667": [-3.3, 0.2, -2.645],
						"3.0": [-3.37, 0.28, -2.645],
						"3.4583": [-3.6, 0.2, -2.645],
						"3.5833": [-3.39, 0.01, -2.645],
						"3.7083": [-2.89, -0.27, -2.645],
						"3.7917": [-1.39, 0.31, -2.195],
						"3.875": {
							"pre": [-0.61, 0.16, -2.165],
							"post": [-0.61, 0.16, -2.165],
							"lerp_mode": "catmullrom"
						},
						"3.9583": {
							"post": [-0.36, -0.09, -1.01],
							"lerp_mode": "catmullrom"
						},
						"4.0417": {
							"post": [-0.14, -0.42, -0.03],
							"lerp_mode": "catmullrom"
						},
						"4.125": {
							"post": [-0.03, -0.66, -0.34],
							"lerp_mode": "catmullrom"
						},
						"4.25": {
							"post": [0.02, -0.04, 0.57],
							"lerp_mode": "catmullrom"
						},
						"4.375": [0, 0, 0]
					}
				},
				"lefthand": {
					"rotation": {
						"0.0": [111.33, -370.95, -185.06],
						"0.125": [109.07875, -360.55541, -182.78804],
						"0.25": [109.07875, -360.55541, -182.78804],
						"3.75": [109.07875, -360.55541, -182.78804],
						"3.875": [109.07875, -360.55541, -182.78804],
						"4.0": [111.33, -370.95, -185.06]
					},
					"position": {
						"0.0": [6.965, -16.135, -7.105],
						"0.125": [13.96, -17.4, 4.28],
						"0.25": [17.96, -13.4, 21.28],
						"3.75": [17.96, -13.4, 21.28],
						"3.875": [13.96, -17.4, 4.28],
						"4.0": [6.965, -16.135, -7.105]
					},
					"scale": [1, 1.5, 1]
				},
				"righthand": {
					"rotation": [94.93393, 4.57237, -174.60633],
					"position": {
						"0.0": [-7.09303, -14.02913, -6.49781],
						"2.0": [-7.09, -14.03, -6.5],
						"2.25": [-8.09, -14.03, -6.5],
						"3.7083": [-8.09, -14.03, -6.5],
						"3.875": [-7.09, -14.03, -6.5]
					},
					"scale": [1, 1.5, 1]
				},
				"constraint": {
					"rotation": [0.2, 0.2, 0.2],
					"position": [0.2, 0.1, 0.3]
				},
				"camera": {
					"rotation": {
						"0.0": [0, 0, 0],
						"0.125": {
							"pre": [-0.16, 0.17, 0],
							"post": [-0.16, 0.17, 0],
							"lerp_mode": "catmullrom"
						},
						"0.3333": {
							"post": [-0.85, 0.84, -0.01],
							"lerp_mode": "catmullrom"
						},
						"0.4583": {
							"post": [-0.78, 1, -0.02],
							"lerp_mode": "catmullrom"
						},
						"0.6667": {
							"post": [-0.22, 1, -0.02],
							"lerp_mode": "catmullrom"
						},
						"0.8333": {
							"post": [-0.17, 1, -0.02],
							"lerp_mode": "catmullrom"
						},
						"1.1667": {
							"post": [-0.83, 1, -0.02],
							"lerp_mode": "catmullrom"
						},
						"1.3333": {
							"post": [-1.13, 1, -0.02],
							"lerp_mode": "catmullrom"
						},
						"1.8333": {
							"post": [-1.85, 1, -0.02],
							"lerp_mode": "catmullrom"
						},
						"2.0833": {
							"post": [0.47, 1.5, -0.02],
							"lerp_mode": "catmullrom"
						},
						"2.25": {
							"post": [0.8, 1.8, -0.02],
							"lerp_mode": "catmullrom"
						},
						"2.625": {
							"post": [0.18, 2.08, -0.03],
							"lerp_mode": "catmullrom"
						},
						"3.0833": {
							"post": [1, 2.73, -0.03],
							"lerp_mode": "catmullrom"
						},
						"3.5": {
							"post": [2.145, 2.26, -0.25],
							"lerp_mode": "catmullrom"
						},
						"3.7083": {
							"post": [2.625, 1.01, -0.25],
							"lerp_mode": "catmullrom"
						},
						"3.8333": {
							"post": [1.875, 0.82, -0.21],
							"lerp_mode": "catmullrom"
						},
						"3.9167": {
							"post": [1.145, 0.63, -0.16],
							"lerp_mode": "catmullrom"
						},
						"4.0": {
							"post": [-0.275, 0.36, -0.09],
							"lerp_mode": "catmullrom"
						},
						"4.0833": {
							"post": [-1, 0, 0],
							"lerp_mode": "catmullrom"
						},
						"4.25": [0, 0, 0]
					}
				}
			},
			"sound_effects": {
				"0.0": {
					"effect": "tacz:b93r/b93r_inspect_mvmt_1"
				},
				"0.875": {
					"effect": "tacz:b93r/b93r_inspect_mvmt_5"
				},
				"1.875": {
					"effect": "tacz:b93r/b93r_inspect_mvmt_2"
				},
				"3.7083": {
					"effect": "tacz:b93r/b93r_reload_end"
				}
			}
		},
		"shoot": {
			"loop": true,
			"animation_length": 0.5833,
			"bones": {
				"root": {
					"rotation": {
						"0.0": {
							"post": [0, 0, 0],
							"lerp_mode": "catmullrom"
						},
						"0.0167": {
							"post": [-2.59768, 0.1525, 1.74334],
							"lerp_mode": "catmullrom"
						},
						"0.05": {
							"post": [-8.70824, -1.30704, -2.72798],
							"lerp_mode": "catmullrom"
						},
						"0.0833": {
							"post": [-4.4375, 0, 0],
							"lerp_mode": "catmullrom"
						},
						"0.1167": {
							"post": [0.84251, -0.98521, -1.02186],
							"lerp_mode": "catmullrom"
						},
						"0.1667": {
							"post": [0.65, 0.2, 0],
							"lerp_mode": "catmullrom"
						},
						"0.2333": {
							"post": [0.05, 0.13, 0.1],
							"lerp_mode": "catmullrom"
						},
						"0.35": {
							"post": [0, 0, 0],
							"lerp_mode": "catmullrom"
						}
					},
					"position": {
						"0.0": {
							"post": [0, 0, 0],
							"lerp_mode": "catmullrom"
						},
						"0.0333": {
							"post": [0, -0.2225, 0.5375],
							"lerp_mode": "catmullrom"
						},
						"0.0833": {
							"post": [0, 0.175, -0.05],
							"lerp_mode": "catmullrom"
						},
						"0.1167": {
							"post": [0, 0.0625, 0.2625],
							"lerp_mode": "catmullrom"
						},
						"0.1667": {
							"post": [0, -0.1, 0.075],
							"lerp_mode": "catmullrom"
						},
						"0.2333": {
							"post": [0, -0.005, -0.015],
							"lerp_mode": "catmullrom"
						},
						"0.3167": {
							"post": [0, 0, 0],
							"lerp_mode": "catmullrom"
						}
					}
				},
				"constraint": {
					"rotation": {
						"0.0833": [0.15, 0.3, 0.3],
						"0.2167": [0, 0, 0]
					},
					"position": {
						"0.0833": [0.2, 0.2, 0.3],
						"0.2167": [0, 0, 0]
					}
				},
				"camera": {
					"rotation": {
						"0.0": {
							"post": [0, 0, 0],
							"lerp_mode": "catmullrom"
						},
						"0.0167": {
							"post": [0, 0, 0],
							"lerp_mode": "catmullrom"
						},
						"0.0333": {
							"post": [0, 0, 1.025],
							"lerp_mode": "catmullrom"
						},
						"0.05": {
							"post": [0, 0, -0.7],
							"lerp_mode": "catmullrom"
						},
						"0.0833": {
							"post": [0, 0, 0.6],
							"lerp_mode": "catmullrom"
						},
						"0.1333": {
							"post": [0, 0, -0.3],
							"lerp_mode": "catmullrom"
						},
						"0.2": {
							"post": [0, 0, 0.35],
							"lerp_mode": "catmullrom"
						},
						"0.2833": {
							"post": [0, 0, -0.15],
							"lerp_mode": "catmullrom"
						},
						"0.3833": {
							"post": [0, 0, 0],
							"lerp_mode": "catmullrom"
						}
					}
				}
			},
			"sound_effects": {
				"0.0": {
					"effect": "classes_props_c101_medicalgun_fire_01"
				}
			}
		},
		"inspect_empty": {
			"animation_length": 4.5417,
			"bones": {
				"root": {
					"rotation": {
						"0.0": [0, 0, 0],
						"0.125": {
							"pre": [-6.75, 4.71, 16.93],
							"post": [-6.75, 4.71, 16.93],
							"lerp_mode": "catmullrom"
						},
						"0.2083": [-18.16, 21.44, 30.75],
						"0.3333": [-25.5, 50, 58.26],
						"0.4167": [-28.98, 59.38, 65.64],
						"0.5417": [-33.35425, 58.44775, 59.98342],
						"0.6667": [-29.76, 58.99, 63.01],
						"0.875": [-27.16, 58.93, 66.03],
						"1.0": {
							"pre": [-27.18, 58.37, 66.01],
							"post": [-27.18, 58.37, 66.01],
							"lerp_mode": "catmullrom"
						},
						"1.125": {
							"post": [-21.44755, 60.60294, 72.70349],
							"lerp_mode": "catmullrom"
						},
						"1.25": {
							"post": [-23.06005, 60.22424, 70.8292],
							"lerp_mode": "catmullrom"
						},
						"1.4583": [-23.56169, 59.01704, 70.24746],
						"1.875": [-25.06717, 58.60525, 68.48767],
						"2.0417": {
							"pre": [-31.68, 31.85, 39.1],
							"post": [-31.68, 31.85, 39.1],
							"lerp_mode": "catmullrom"
						},
						"2.1667": {
							"post": [-27.46, 3.61, 4.19],
							"lerp_mode": "catmullrom"
						},
						"2.25": {
							"post": [-16.06786, -26.13478, -40.52363],
							"lerp_mode": "catmullrom"
						},
						"2.3333": {
							"post": [-20.35661, -36.8116, -40.62405],
							"lerp_mode": "catmullrom"
						},
						"2.4167": [-22.08965, -35.39357, -35.98936],
						"2.5833": [-19.74869, -36.12407, -38.2838],
						"2.8333": [-19.46231, -36.48174, -39.55753],
						"3.0833": [-21.96, -35.24, -35.48],
						"3.4167": [-22.63, -34.92, -34.4],
						"3.5833": [-23.24, -31.07, -36.42],
						"3.75": [-20.44, -28.26, -41.38],
						"4.0417": [-10.92, 2.63, 3.34],
						"4.125": [-1.42, 0.04, 1.09],
						"4.2083": [2.10667, 0.78352, -1.92591],
						"4.2917": [-0.58908, 1.14898, -0.43359],
						"4.4167": [0, 0, 0]
					},
					"position": {
						"0.0": [0, 0, 0],
						"0.0833": {
							"pre": [0.22, -0.16, -0.4],
							"post": [0.22, -0.16, -0.4],
							"lerp_mode": "catmullrom"
						},
						"0.1667": {
							"post": [0.37, 0.43, -0.995],
							"lerp_mode": "catmullrom"
						},
						"0.25": {
							"post": [0.8, 1.1, -1.545],
							"lerp_mode": "catmullrom"
						},
						"0.375": {
							"post": [0.8, 1.18, -2.305],
							"lerp_mode": "catmullrom"
						},
						"0.5417": [0.8, 1.19, -2.645],
						"0.7917": [0.8, 1.1, -2.645],
						"1.0417": {
							"pre": [0.8, 1.02, -2.645],
							"post": [0.8, 1.02, -2.645],
							"lerp_mode": "catmullrom"
						},
						"1.2083": {
							"post": [0.8, 1.1, -2.645],
							"lerp_mode": "catmullrom"
						},
						"1.4583": {
							"post": [0.8, 1.1, -2.645],
							"lerp_mode": "catmullrom"
						},
						"1.9583": [0.8, 1.09, -2.645],
						"2.0833": {
							"pre": [0.11, 0.38, -2.645],
							"post": [0.11, 0.38, -2.645],
							"lerp_mode": "catmullrom"
						},
						"2.2083": {
							"post": [-1.84, -0.07, -2.645],
							"lerp_mode": "catmullrom"
						},
						"2.3333": {
							"post": [-3.1, 0.2, -2.645],
							"lerp_mode": "catmullrom"
						},
						"2.4583": [-3.2, 0.1, -2.645],
						"2.6667": [-3.3, 0.2, -2.645],
						"3.0": [-3.37, 0.28, -2.645],
						"3.4583": [-3.6, 0.2, -2.645],
						"3.5833": [-3.39, 0.01, -2.645],
						"3.7083": [-2.89, -0.27, -2.645],
						"3.7917": [-1.39, 0.31, -2.195],
						"3.875": {
							"pre": [-0.61, 0.16, -2.165],
							"post": [-0.61, 0.16, -2.165],
							"lerp_mode": "catmullrom"
						},
						"3.9583": {
							"post": [-0.36, -0.09, -1.01],
							"lerp_mode": "catmullrom"
						},
						"4.0417": {
							"post": [-0.14, -0.42, -0.03],
							"lerp_mode": "catmullrom"
						},
						"4.125": {
							"post": [-0.03, -0.66, -0.34],
							"lerp_mode": "catmullrom"
						},
						"4.25": {
							"post": [0.02, -0.04, 0.57],
							"lerp_mode": "catmullrom"
						},
						"4.375": [0, 0, 0]
					}
				},
				"lefthand": {
					"rotation": {
						"0.0": [111.33, -370.95, -185.06],
						"0.125": [109.07875, -360.55541, -182.78804],
						"0.25": [109.07875, -360.55541, -182.78804],
						"3.75": [109.07875, -360.55541, -182.78804],
						"3.875": [109.07875, -360.55541, -182.78804],
						"4.0": [111.33, -370.95, -185.06]
					},
					"position": {
						"0.0": [6.965, -16.135, -7.105],
						"0.125": [13.96, -17.4, 4.28],
						"0.25": [17.96, -13.4, 21.28],
						"3.75": [17.96, -13.4, 21.28],
						"3.875": [13.96, -17.4, 4.28],
						"4.0": [6.965, -16.135, -7.105]
					},
					"scale": [1, 1.5, 1]
				},
				"righthand": {
					"rotation": [94.93393, 4.57237, -174.60633],
					"position": {
						"0.0": [-7.09303, -14.02913, -6.49781],
						"2.0": [-7.09, -14.03, -6.5],
						"2.25": [-8.09, -14.03, -6.5],
						"3.7083": [-8.09, -14.03, -6.5],
						"3.875": [-7.09, -14.03, -6.5]
					},
					"scale": [1, 1.5, 1]
				},
				"constraint": {
					"rotation": [0.2, 0.2, 0.2],
					"position": [0.2, 0.1, 0.3]
				},
				"camera": {
					"rotation": {
						"0.0": [0, 0, 0],
						"0.125": {
							"pre": [-0.16, 0.17, 0],
							"post": [-0.16, 0.17, 0],
							"lerp_mode": "catmullrom"
						},
						"0.3333": {
							"post": [-0.85, 0.84, -0.01],
							"lerp_mode": "catmullrom"
						},
						"0.4583": {
							"post": [-0.78, 1, -0.02],
							"lerp_mode": "catmullrom"
						},
						"0.6667": {
							"post": [-0.22, 1, -0.02],
							"lerp_mode": "catmullrom"
						},
						"0.8333": {
							"post": [-0.17, 1, -0.02],
							"lerp_mode": "catmullrom"
						},
						"1.1667": {
							"post": [-0.83, 1, -0.02],
							"lerp_mode": "catmullrom"
						},
						"1.3333": {
							"post": [-1.13, 1, -0.02],
							"lerp_mode": "catmullrom"
						},
						"1.8333": {
							"post": [-1.85, 1, -0.02],
							"lerp_mode": "catmullrom"
						},
						"2.0833": {
							"post": [0.47, 1.5, -0.02],
							"lerp_mode": "catmullrom"
						},
						"2.25": {
							"post": [0.8, 1.8, -0.02],
							"lerp_mode": "catmullrom"
						},
						"2.625": {
							"post": [0.18, 2.08, -0.03],
							"lerp_mode": "catmullrom"
						},
						"3.0833": {
							"post": [1, 2.73, -0.03],
							"lerp_mode": "catmullrom"
						},
						"3.5": {
							"post": [2.145, 2.26, -0.25],
							"lerp_mode": "catmullrom"
						},
						"3.7083": {
							"post": [2.625, 1.01, -0.25],
							"lerp_mode": "catmullrom"
						},
						"3.8333": {
							"post": [1.875, 0.82, -0.21],
							"lerp_mode": "catmullrom"
						},
						"3.9167": {
							"post": [1.145, 0.63, -0.16],
							"lerp_mode": "catmullrom"
						},
						"4.0": {
							"post": [-0.275, 0.36, -0.09],
							"lerp_mode": "catmullrom"
						},
						"4.0833": {
							"post": [-1, 0, 0],
							"lerp_mode": "catmullrom"
						},
						"4.25": [0, 0, 0]
					}
				}
			},
			"sound_effects": {
				"0.0": {
					"effect": "tacz:b93r/b93r_inspect_mvmt_1"
				},
				"0.875": {
					"effect": "tacz:b93r/b93r_inspect_mvmt_5"
				},
				"1.875": {
					"effect": "tacz:b93r/b93r_inspect_mvmt_2"
				},
				"3.7083": {
					"effect": "tacz:b93r/b93r_reload_end"
				}
			}
		}
	}
}