{
	"format_version": "1.12.0",
	"minecraft:geometry": [
		{
			"description": {
				"identifier": "geometry.unknown",
				"texture_width": 32,
				"texture_height": 32,
				"visible_bounds_width": 2,
				"visible_bounds_height": 1.5,
				"visible_bounds_offset": [0, 0.25, 0]
			},
			"bones": [
				{
					"name": "axe",
					"pivot": [-0.03125, -2.88711, 1.29528],
					"cubes": [
						{
							"origin": [-0.1875, -2.25, 0.1875],
							"size": [0.3125, 1.75, 1.8125],
							"inflate": 0.003,
							"uv": {
								"north": {"uv": [2, 11], "uv_size": [0.5, 2]},
								"east": {"uv": [4, 0], "uv_size": [2, 2]},
								"south": {"uv": [3, 11], "uv_size": [0.5, 2]},
								"west": {"uv": [4, 2], "uv_size": [2, 2]},
								"up": {"uv": [4, 11], "uv_size": [0.5, 2]},
								"down": {"uv": [11, 6], "uv_size": [0.5, -2]}
							}
						},
						{
							"origin": [-0.3125, -4.1875, 0],
							"size": [0.5625, 1.9375, 2],
							"inflate": 0.003,
							"uv": {
								"north": {"uv": [5, 11], "uv_size": [0.5, 2]},
								"east": {"uv": [4, 4], "uv_size": [2, 2]},
								"south": {"uv": [11, 6], "uv_size": [0.5, 2]},
								"west": {"uv": [0, 6], "uv_size": [2, 2]},
								"up": {"uv": [8, 11], "uv_size": [0.5, 2]},
								"down": {"uv": [11, 10], "uv_size": [0.5, -2]}
							}
						},
						{
							"origin": [-0.3125, -2.4375, -1.5],
							"size": [0.5625, 1.375, 3.4375],
							"inflate": 0.003,
							"pivot": [0, -2.5, 0.875],
							"rotation": [-12, 0, 0],
							"uv": {
								"north": {"uv": [5, 11], "uv_size": [0.5, 2]},
								"east": {"uv": [4, 4], "uv_size": [2, 2]},
								"south": {"uv": [11, 6], "uv_size": [0.5, 2]},
								"west": {"uv": [0, 6], "uv_size": [2, 2]},
								"up": {"uv": [8, 11], "uv_size": [0.5, 2]},
								"down": {"uv": [11, 10], "uv_size": [0.5, -2]}
							}
						},
						{
							"origin": [-0.3125, -4, -1.75],
							"size": [0.5625, 1.9375, 2],
							"inflate": 0.003,
							"pivot": [-0.03125, -3.03125, -0.75],
							"rotation": [-12, 0, 0],
							"uv": {
								"north": {"uv": [9, 11], "uv_size": [0.5, 2]},
								"east": {"uv": [6, 0], "uv_size": [2, 2]},
								"south": {"uv": [11, 10], "uv_size": [0.5, 2]},
								"west": {"uv": [2, 6], "uv_size": [2, 2]},
								"up": {"uv": [12, 1], "uv_size": [0.5, 2]},
								"down": {"uv": [12, 5], "uv_size": [0.5, -2]}
							}
						},
						{
							"origin": [-0.3125, -2.29177, -4.89595],
							"size": [0.5625, 0.25, 3.5625],
							"inflate": 0.003,
							"pivot": [-0.03125, -3.01052, -2.33345],
							"rotation": [10.5, 0, 0],
							"uv": {
								"north": {"uv": [6, 16], "uv_size": [0.5, 0.5]},
								"east": {"uv": [0, 10], "uv_size": [3.5, 0.5]},
								"south": {"uv": [16, 6], "uv_size": [0.5, 0.5]},
								"west": {"uv": [10, 0], "uv_size": [3.5, 0.5]},
								"up": {"uv": [10, 1], "uv_size": [0.5, 3.5]},
								"down": {"uv": [10, 8.5], "uv_size": [0.5, -3.5]}
							}
						},
						{
							"origin": [-0.3125, -3.55644, -5.27184],
							"size": [0.5625, 0.5, 1.75],
							"inflate": 0.003,
							"pivot": [-0.03125, -3.43144, -4.39684],
							"rotation": [-56.5, 0, 0],
							"uv": {
								"north": {"uv": [7, 16], "uv_size": [0.5, 0.5]},
								"east": {"uv": [12, 5], "uv_size": [2, 0.5]},
								"south": {"uv": [16, 7], "uv_size": [0.5, 0.5]},
								"west": {"uv": [12, 6], "uv_size": [2, 0.5]},
								"up": {"uv": [12, 7], "uv_size": [0.5, 2]},
								"down": {"uv": [12, 11], "uv_size": [0.5, -2]}
							}
						},
						{
							"origin": [-0.3125, -3.99394, -4.64684],
							"size": [0.5625, 2, 1.3125],
							"inflate": 0.002,
							"pivot": [-0.03125, -3.43144, -3.70934],
							"rotation": [-78.5, 0, 0],
							"uv": {
								"north": {"uv": [10, 12], "uv_size": [0.5, 2]},
								"east": {"uv": [6, 8], "uv_size": [1.5, 2]},
								"south": {"uv": [11, 12], "uv_size": [0.5, 2]},
								"west": {"uv": [8, 7], "uv_size": [1.5, 2]},
								"up": {"uv": [14, 8], "uv_size": [0.5, 1.5]},
								"down": {"uv": [10, 15.5], "uv_size": [0.5, -1.5]}
							}
						},
						{
							"origin": [-0.3125, -3.30644, -2.77184],
							"size": [0.5625, 0.75, 0.625],
							"inflate": 0.003,
							"pivot": [-0.03125, -3.05644, -1.83434],
							"rotation": [-78.5, 0, 0],
							"uv": {
								"north": {"uv": [5, 15], "uv_size": [0.5, 1]},
								"east": {"uv": [15, 5], "uv_size": [0.5, 1]},
								"south": {"uv": [6, 15], "uv_size": [0.5, 1]},
								"west": {"uv": [15, 6], "uv_size": [0.5, 1]},
								"up": {"uv": [8, 16], "uv_size": [0.5, 0.5]},
								"down": {"uv": [16, 8.5], "uv_size": [0.5, -0.5]}
							}
						},
						{
							"origin": [-0.3125, -4.80196, -4.13053],
							"size": [0.5625, 2.625, 1.75],
							"inflate": 0.003,
							"pivot": [-0.03125, -4.67696, -3.25553],
							"rotation": [-38.5, 0, 0],
							"uv": {
								"north": {"uv": [10, 9], "uv_size": [0.5, 2.5]},
								"east": {"uv": [0, 3], "uv_size": [2, 2.5]},
								"south": {"uv": [0, 11], "uv_size": [0.5, 2.5]},
								"west": {"uv": [2, 3], "uv_size": [2, 2.5]},
								"up": {"uv": [12, 11], "uv_size": [0.5, 2]},
								"down": {"uv": [13, 3], "uv_size": [0.5, -2]}
							}
						},
						{
							"origin": [-0.3125, -5.70836, -2.67999],
							"size": [0.5625, 2.1875, 1.75],
							"inflate": 0.003,
							"pivot": [-0.03125, -5.58336, -1.80499],
							"rotation": [-25.5, 0, 0],
							"uv": {
								"north": {"uv": [2, 13], "uv_size": [0.5, 2]},
								"east": {"uv": [6, 2], "uv_size": [2, 2]},
								"south": {"uv": [3, 13], "uv_size": [0.5, 2]},
								"west": {"uv": [4, 6], "uv_size": [2, 2]},
								"up": {"uv": [13, 3], "uv_size": [0.5, 2]},
								"down": {"uv": [4, 15], "uv_size": [0.5, -2]}
							}
						},
						{
							"origin": [-0.3125, -6.21901, -1.06041],
							"size": [0.5625, 2.1875, 1.75],
							"inflate": 0.003,
							"pivot": [-0.03125, -6.09401, -0.18541],
							"rotation": [-9.5, 0, 0],
							"uv": {
								"north": {"uv": [5, 13], "uv_size": [0.5, 2]},
								"east": {"uv": [6, 4], "uv_size": [2, 2]},
								"south": {"uv": [6, 13], "uv_size": [0.5, 2]},
								"west": {"uv": [6, 6], "uv_size": [2, 2]},
								"up": {"uv": [7, 13], "uv_size": [0.5, 2]},
								"down": {"uv": [13, 9], "uv_size": [0.5, -2]}
							}
						},
						{
							"origin": [-0.3125, -6.32367, 0.65067],
							"size": [0.5625, 2.1875, 1.75],
							"inflate": 0.003,
							"pivot": [-0.03125, -6.19867, 1.52567],
							"rotation": [2.5, 0, 0],
							"uv": {
								"north": {"uv": [8, 13], "uv_size": [0.5, 2]},
								"east": {"uv": [0, 8], "uv_size": [2, 2]},
								"south": {"uv": [9, 13], "uv_size": [0.5, 2]},
								"west": {"uv": [8, 0], "uv_size": [2, 2]},
								"up": {"uv": [13, 9], "uv_size": [0.5, 2]},
								"down": {"uv": [13, 13], "uv_size": [0.5, -2]}
							}
						},
						{
							"origin": [-0.3125, -6.17224, 2.25649],
							"size": [0.5625, 2.9375, 1.875],
							"inflate": 0.003,
							"pivot": [-0.03125, -6.04724, 3.25649],
							"rotation": [7.5, 0, 0],
							"uv": {
								"north": {"uv": [6, 10], "uv_size": [0.5, 3]},
								"east": {"uv": [0, 0], "uv_size": [2, 3]},
								"south": {"uv": [7, 10], "uv_size": [0.5, 3]},
								"west": {"uv": [2, 0], "uv_size": [2, 3]},
								"up": {"uv": [12, 13], "uv_size": [0.5, 2]},
								"down": {"uv": [13, 15], "uv_size": [0.5, -2]}
							}
						},
						{
							"origin": [-0.3125, -3.60059, 1.99064],
							"size": [0.5625, 0.93925, 0.43812],
							"inflate": 0.003,
							"pivot": [-0.03125, -2.69434, 2.86564],
							"rotation": [-6.5, 0, 0],
							"uv": {
								"north": {"uv": [7, 15], "uv_size": [0.5, 1]},
								"east": {"uv": [15, 7], "uv_size": [0.5, 1]},
								"south": {"uv": [8, 15], "uv_size": [0.5, 1]},
								"west": {"uv": [15, 8], "uv_size": [0.5, 1]},
								"up": {"uv": [9, 16], "uv_size": [0.5, 0.5]},
								"down": {"uv": [16, 9.5], "uv_size": [0.5, -0.5]}
							}
						},
						{
							"origin": [-0.3125, -3.53809, 2.42814],
							"size": [0.5625, 0.50175, 0.87562],
							"inflate": 0.003,
							"pivot": [-0.03125, -2.69434, 3.30314],
							"rotation": [-10.5, 0, 0],
							"uv": {
								"north": {"uv": [10, 16], "uv_size": [0.5, 0.5]},
								"east": {"uv": [9, 15], "uv_size": [1, 0.5]},
								"south": {"uv": [16, 10], "uv_size": [0.5, 0.5]},
								"west": {"uv": [15, 9], "uv_size": [1, 0.5]},
								"up": {"uv": [15, 10], "uv_size": [0.5, 1]},
								"down": {"uv": [15, 12], "uv_size": [0.5, -1]}
							}
						},
						{
							"origin": [-0.3125, -5.79963, 4.06224],
							"size": [0.5625, 2.625, 1.6875],
							"inflate": 0.003,
							"pivot": [-0.03125, -5.67463, 4.93724],
							"rotation": [17.5, 0, 0],
							"uv": {
								"north": {"uv": [1, 11], "uv_size": [0.5, 2.5]},
								"east": {"uv": [4, 8], "uv_size": [1.5, 2.5]},
								"south": {"uv": [11, 1], "uv_size": [0.5, 2.5]},
								"west": {"uv": [8, 4], "uv_size": [1.5, 2.5]},
								"up": {"uv": [14, 10], "uv_size": [0.5, 1.5]},
								"down": {"uv": [11, 15.5], "uv_size": [0.5, -1.5]}
							}
						},
						{
							"origin": [-0.1875, -3.11706, 1.94981],
							"size": [0.3125, 2, 2.1875],
							"inflate": 0.003,
							"uv": {
								"north": {"uv": [0, 14], "uv_size": [0.5, 2]},
								"east": {"uv": [2, 8], "uv_size": [2, 2]},
								"south": {"uv": [14, 0], "uv_size": [0.5, 2]},
								"west": {"uv": [8, 2], "uv_size": [2, 2]},
								"up": {"uv": [1, 14], "uv_size": [0.5, 2]},
								"down": {"uv": [14, 4], "uv_size": [0.5, -2]}
							}
						},
						{
							"origin": [-0.1875, -2, 5],
							"size": [0.3125, 0.5, 1.4375],
							"inflate": 0.003,
							"uv": {
								"north": {"uv": [11, 16], "uv_size": [0.5, 0.5]},
								"east": {"uv": [14, 12], "uv_size": [1.5, 0.5]},
								"south": {"uv": [16, 11], "uv_size": [0.5, 0.5]},
								"west": {"uv": [14, 13], "uv_size": [1.5, 0.5]},
								"up": {"uv": [14, 14], "uv_size": [0.5, 1.5]},
								"down": {"uv": [15, 1.5], "uv_size": [0.5, -1.5]}
							}
						},
						{
							"origin": [-0.1875, -3.14232, 6.06635],
							"size": [0.3125, 0.75, 0.25],
							"inflate": 0.003,
							"pivot": [-0.03125, -2.73607, 5.44135],
							"rotation": [116, 0, 0],
							"uv": {
								"north": {"uv": [12, 15], "uv_size": [0.5, 1]},
								"east": {"uv": [13, 15], "uv_size": [0.5, 1]},
								"south": {"uv": [15, 14], "uv_size": [0.5, 1]},
								"west": {"uv": [15, 15], "uv_size": [0.5, 1]},
								"up": {"uv": [12, 16], "uv_size": [0.5, 0.5]},
								"down": {"uv": [16, 12.5], "uv_size": [0.5, -0.5]}
							}
						},
						{
							"origin": [-0.3125, -2.73026, 1.96273],
							"size": [0.5625, 0.25, 1],
							"inflate": 0.003,
							"pivot": [-0.03125, -2.41776, 2.30648],
							"rotation": [-39, 0, 0],
							"uv": {
								"north": {"uv": [13, 16], "uv_size": [0.5, 0.5]},
								"east": {"uv": [0, 16], "uv_size": [1, 0.5]},
								"south": {"uv": [16, 13], "uv_size": [0.5, 0.5]},
								"west": {"uv": [16, 0], "uv_size": [1, 0.5]},
								"up": {"uv": [1, 16], "uv_size": [0.5, 1]},
								"down": {"uv": [16, 2], "uv_size": [0.5, -1]}
							}
						},
						{
							"origin": [-0.3125, -3.16605, 2.68521],
							"size": [0.5625, 0.25, 1],
							"inflate": 0.003,
							"pivot": [-0.03125, -2.85355, 3.02896],
							"rotation": [-14, 0, 0],
							"uv": {
								"north": {"uv": [14, 16], "uv_size": [0.5, 0.5]},
								"east": {"uv": [2, 16], "uv_size": [1, 0.5]},
								"south": {"uv": [16, 14], "uv_size": [0.5, 0.5]},
								"west": {"uv": [3, 16], "uv_size": [1, 0.5]},
								"up": {"uv": [16, 3], "uv_size": [0.5, 1]},
								"down": {"uv": [16, 5], "uv_size": [0.5, -1]}
							}
						},
						{
							"origin": [-0.3125, -3.28616, 3.58524],
							"size": [0.5625, 0.25, 1.375],
							"inflate": 0.003,
							"pivot": [-0.03125, -3.16116, 4.42899],
							"rotation": [2, 0, 0],
							"uv": {
								"north": {"uv": [15, 16], "uv_size": [0.5, 0.5]},
								"east": {"uv": [2, 15], "uv_size": [1.5, 0.5]},
								"south": {"uv": [16, 15], "uv_size": [0.5, 0.5]},
								"west": {"uv": [15, 2], "uv_size": [1.5, 0.5]},
								"up": {"uv": [15, 3], "uv_size": [0.5, 1.5]},
								"down": {"uv": [4, 16.5], "uv_size": [0.5, -1.5]}
							}
						},
						{
							"origin": [-0.3125, -3.41116, 3.77274],
							"size": [0.5625, 0.1875, 0.4375],
							"inflate": 0.003,
							"pivot": [-0.03125, -3.34866, 4.42899],
							"rotation": [2, 0, 0],
							"uv": {
								"north": {"uv": [16, 16], "uv_size": [0.5, 0.5]},
								"east": {"uv": [0, 17], "uv_size": [0.5, 0.5]},
								"south": {"uv": [17, 0], "uv_size": [0.5, 0.5]},
								"west": {"uv": [1, 17], "uv_size": [0.5, 0.5]},
								"up": {"uv": [17, 1], "uv_size": [0.5, 0.5]},
								"down": {"uv": [2, 17.5], "uv_size": [0.5, -0.5]}
							}
						},
						{
							"origin": [-0.1875, -1.11428, 1.83839],
							"size": [0.3125, 0.25, 0.4375],
							"inflate": 0.003,
							"pivot": [-0.03125, -0.98928, 1.93214],
							"rotation": [-45, 0, 0],
							"uv": {
								"north": {"uv": [17, 2], "uv_size": [0.5, 0.5]},
								"east": {"uv": [3, 17], "uv_size": [0.5, 0.5]},
								"south": {"uv": [17, 3], "uv_size": [0.5, 0.5]},
								"west": {"uv": [4, 17], "uv_size": [0.5, 0.5]},
								"up": {"uv": [17, 4], "uv_size": [0.5, 0.5]},
								"down": {"uv": [5, 17.5], "uv_size": [0.5, -0.5]}
							}
						},
						{
							"origin": [-0.1875, -1.55201, -0.0185],
							"size": [0.3125, 1.0625, 0.4375],
							"inflate": 0.003,
							"pivot": [-0.03125, -0.61451, 0.07525],
							"rotation": [-80, 0, 0],
							"uv": {
								"north": {"uv": [17, 5], "uv_size": [0.5, 0.5]},
								"east": {"uv": [6, 17], "uv_size": [0.5, 0.5]},
								"south": {"uv": [17, 6], "uv_size": [0.5, 0.5]},
								"west": {"uv": [7, 17], "uv_size": [0.5, 0.5]},
								"up": {"uv": [17, 7], "uv_size": [0.5, 0.5]},
								"down": {"uv": [8, 17.5], "uv_size": [0.5, -0.5]}
							}
						},
						{
							"origin": [-0.1875, -0.86428, 2.02589],
							"size": [0.3125, 0.125, 0.25],
							"inflate": 0.003,
							"pivot": [-0.03125, -0.67678, 2.11964],
							"rotation": [-135, 0, 0],
							"uv": {
								"north": {"uv": [17, 11], "uv_size": [0.5, 0.5]},
								"east": {"uv": [12, 17], "uv_size": [0.5, 0.5]},
								"south": {"uv": [17, 12], "uv_size": [0.5, 0.5]},
								"west": {"uv": [13, 17], "uv_size": [0.5, 0.5]},
								"up": {"uv": [17, 13], "uv_size": [0.5, 0.5]},
								"down": {"uv": [14, 17.5], "uv_size": [0.5, -0.5]}
							}
						},
						{
							"origin": [-0.1875, -3.03487, 3.98918],
							"size": [0.3125, 1.7981, 1.13491],
							"inflate": 0.002,
							"pivot": [-0.03125, -1.54928, 4.36418],
							"rotation": [-22.5, 0, 0],
							"uv": {
								"north": {"uv": [14, 4], "uv_size": [0.5, 2]},
								"east": {"uv": [8, 9], "uv_size": [1, 2]},
								"south": {"uv": [14, 6], "uv_size": [0.5, 2]},
								"west": {"uv": [9, 9], "uv_size": [1, 2]},
								"up": {"uv": [5, 16], "uv_size": [0.5, 1]},
								"down": {"uv": [16, 6], "uv_size": [0.5, -1]}
							}
						}
					]
				}
			]
		}
	]
}