{
	"format_version": "1.12.0",
	"minecraft:geometry": [
		{
			"description": {
				"identifier": "geometry.unknown",
				"texture_width": 16,
				"texture_height": 16,
				"visible_bounds_width": 4,
				"visible_bounds_height": 1.5,
				"visible_bounds_offset": [0, 0.25, 0]
			},
			"bones": [
				{
					"name": "fg42_bayonet",
					"pivot": [0, -0.13906, -0.67742],
					"rotation": [180, 0, 0],
					"cubes": [
						{
							"origin": [-0.14994, -0.5027, -2.50925],
							"size": [0.29988, 0.724, 3.896],
							"uv": {
								"north": {"uv": [10, 6], "uv_size": [0.5, 0.5]},
								"east": {"uv": [4, 4], "uv_size": [4, 0.5]},
								"south": {"uv": [10, 7], "uv_size": [0.5, 0.5]},
								"west": {"uv": [4, 5], "uv_size": [4, 0.5]},
								"up": {"uv": [4, 6], "uv_size": [0.5, 4]},
								"down": {"uv": [5, 10], "uv_size": [0.5, -4]}
							}
						},
						{
							"origin": [-0.14994, -0.92826, 0.61535],
							"size": [0.29988, 0.51195, 0.51192],
							"pivot": [0.39065, 0.21569, 0.48735],
							"rotation": [45, 0, 0],
							"uv": {
								"north": {"uv": [10, 8], "uv_size": [0.5, 0.5]},
								"east": {"uv": [10, 9], "uv_size": [0.5, 0.5]},
								"south": {"uv": [10, 10], "uv_size": [0.5, 0.5]},
								"west": {"uv": [0, 11], "uv_size": [0.5, 0.5]},
								"up": {"uv": [1, 11], "uv_size": [0.5, 0.5]},
								"down": {"uv": [11, 2.5], "uv_size": [0.5, -0.5]}
							}
						},
						{
							"origin": [0.2756, -0.29062, 0.61535],
							"size": [0.51195, 0.29988, 0.51192],
							"pivot": [-0.3564, -0.53134, 0.48735],
							"rotation": [0, -45, 0],
							"uv": {
								"north": {"uv": [11, 3], "uv_size": [0.5, 0.5]},
								"east": {"uv": [11, 6], "uv_size": [0.5, 0.5]},
								"south": {"uv": [11, 7], "uv_size": [0.5, 0.5]},
								"west": {"uv": [11, 8], "uv_size": [0.5, 0.5]},
								"up": {"uv": [11, 9], "uv_size": [0.5, 0.5]},
								"down": {"uv": [10, 11.5], "uv_size": [0.5, -0.5]}
							}
						},
						{
							"origin": [-0.14996, -0.21062, 1.51317],
							"size": [0.29992, 0.29988, 10.11567],
							"pivot": [1.00196, -0.45134, 1.86517],
							"rotation": [-0.5, 0, 0],
							"uv": {
								"north": {"uv": [11, 10], "uv_size": [0.5, 0.5]},
								"east": {"uv": [0, 0], "uv_size": [9, 0.5]},
								"south": {"uv": [11, 11], "uv_size": [0.5, 0.5]},
								"west": {"uv": [0, 1], "uv_size": [9, 0.5]},
								"up": {"uv": [0, 2], "uv_size": [0.5, 9]},
								"down": {"uv": [1, 11], "uv_size": [0.5, -9]}
							}
						},
						{
							"origin": [-0.14996, -0.35758, 1.51737],
							"size": [0.29992, 0.29988, 10.11567],
							"pivot": [1.00196, -0.59829, 1.86937],
							"rotation": [0.5, 0, 0],
							"uv": {
								"north": {"uv": [0, 12], "uv_size": [0.5, 0.5]},
								"east": {"uv": [2, 2], "uv_size": [9, 0.5]},
								"south": {"uv": [1, 12], "uv_size": [0.5, 0.5]},
								"west": {"uv": [2, 3], "uv_size": [9, 0.5]},
								"up": {"uv": [2, 4], "uv_size": [0.5, 9]},
								"down": {"uv": [3, 13], "uv_size": [0.5, -9]}
							}
						},
						{
							"origin": [-0.96723, -0.48779, -2.50925],
							"size": [0.29988, 0.724, 3.896],
							"pivot": [-0.42664, -1.11979, -2.63725],
							"rotation": [0, 0, 45],
							"uv": {
								"north": {"uv": [7, 12], "uv_size": [0.5, 0.5]},
								"east": {"uv": [6, 6], "uv_size": [4, 0.5]},
								"south": {"uv": [12, 7], "uv_size": [0.5, 0.5]},
								"west": {"uv": [6, 7], "uv_size": [4, 0.5]},
								"up": {"uv": [6, 8], "uv_size": [0.5, 4]},
								"down": {"uv": [7, 12], "uv_size": [0.5, -4]}
							}
						},
						{
							"origin": [0.66735, -0.48779, -2.50925],
							"size": [0.29988, 0.724, 3.896],
							"pivot": [0.42664, -1.11979, -2.63725],
							"rotation": [0, 0, -45],
							"uv": {
								"north": {"uv": [8, 12], "uv_size": [0.5, 0.5]},
								"east": {"uv": [8, 4], "uv_size": [4, 0.5]},
								"south": {"uv": [12, 8], "uv_size": [0.5, 0.5]},
								"west": {"uv": [8, 5], "uv_size": [4, 0.5]},
								"up": {"uv": [8, 8], "uv_size": [0.5, 4]},
								"down": {"uv": [9, 12], "uv_size": [0.5, -4]}
							}
						},
						{
							"origin": [-0.36201, -0.29062, -2.50925],
							"size": [0.724, 0.29988, 3.896],
							"uv": {
								"north": {"uv": [9, 12], "uv_size": [0.5, 0.5]},
								"east": {"uv": [9, 0], "uv_size": [4, 0.5]},
								"south": {"uv": [12, 9], "uv_size": [0.5, 0.5]},
								"west": {"uv": [9, 1], "uv_size": [4, 0.5]},
								"up": {"uv": [4, 10], "uv_size": [0.5, 4]},
								"down": {"uv": [5, 14], "uv_size": [0.5, -4]}
							}
						},
						{
							"origin": [-0.14996, 0.02687, 11.34794],
							"size": [0.29992, 0.21208, 0.21208],
							"pivot": [1.00196, -0.21385, 11.21994],
							"rotation": [-45, 0, 0],
							"uv": {
								"north": {"uv": [12, 2], "uv_size": [0.5, 0.5]},
								"east": {"uv": [12, 3], "uv_size": [0.5, 0.5]},
								"south": {"uv": [12, 4], "uv_size": [0.5, 0.5]},
								"west": {"uv": [12, 5], "uv_size": [0.5, 0.5]},
								"up": {"uv": [6, 12], "uv_size": [0.5, 0.5]},
								"down": {"uv": [12, 6.5], "uv_size": [0.5, -0.5]}
							}
						}
					]
				}
			]
		}
	]
}