{
	"format_version": "1.12.0",
	"minecraft:geometry": [
		{
			"description": {
				"identifier": "geometry.unknown",
				"texture_width": 256,
				"texture_height": 256,
				"visible_bounds_width": 13,
				"visible_bounds_height": 11,
				"visible_bounds_offset": [0, 0.5, 0]
			},
			"bones": [
				{
					"name": "scope_body",
					"pivot": [-0.05704, 1.60362, 0.59492],
					"cubes": [
						{
							"origin": [-0.31713, 0.97572, 2.22793],
							"size": [0.52017, 0.09418, 1.39571],
							"pivot": [-0.05704, 1.60362, 3.37063],
							"rotation": [0, 0, 45],
							"uv": {
								"north": {"uv": [145, 158], "uv_size": [1, 1]},
								"east": {"uv": [146, 152], "uv_size": [4, 1]},
								"south": {"uv": [148, 158], "uv_size": [1, 1]},
								"west": {"uv": [150, 152], "uv_size": [4, 1]},
								"up": {"uv": [0, 153], "uv_size": [1, 4]},
								"down": {"uv": [1, 157], "uv_size": [1, -4]}
							}
						},
						{
							"origin": [-0.31713, 0.97572, 2.22793],
							"size": [0.52017, 0.09418, 1.39571],
							"uv": {
								"north": {"uv": [149, 158], "uv_size": [1, 1]},
								"east": {"uv": [2, 153], "uv_size": [4, 1]},
								"south": {"uv": [150, 158], "uv_size": [1, 1]},
								"west": {"uv": [6, 153], "uv_size": [4, 1]},
								"up": {"uv": [10, 153], "uv_size": [1, 4]},
								"down": {"uv": [11, 157], "uv_size": [1, -4]}
							}
						},
						{
							"origin": [-0.31713, 2.13733, 2.22793],
							"size": [0.52017, 0.09419, 1.39571],
							"pivot": [-0.05704, 1.60362, 3.37063],
							"rotation": [0, 0, 45],
							"uv": {
								"north": {"uv": [151, 158], "uv_size": [1, 1]},
								"east": {"uv": [12, 153], "uv_size": [4, 1]},
								"south": {"uv": [158, 152], "uv_size": [1, 1]},
								"west": {"uv": [16, 153], "uv_size": [4, 1]},
								"up": {"uv": [20, 153], "uv_size": [1, 4]},
								"down": {"uv": [21, 157], "uv_size": [1, -4]}
							}
						},
						{
							"origin": [-0.31713, 2.13733, 2.22793],
							"size": [0.52017, 0.09419, 1.39571],
							"uv": {
								"north": {"uv": [153, 158], "uv_size": [1, 1]},
								"east": {"uv": [47, 153], "uv_size": [4, 1]},
								"south": {"uv": [158, 153], "uv_size": [1, 1]},
								"west": {"uv": [51, 153], "uv_size": [4, 1]},
								"up": {"uv": [22, 153], "uv_size": [1, 4]},
								"down": {"uv": [23, 157], "uv_size": [1, -4]}
							}
						},
						{
							"origin": [0.47667, 1.34353, 2.22793],
							"size": [0.09418, 0.52017, 1.39571],
							"pivot": [-0.05704, 1.60362, 3.37063],
							"rotation": [0, 0, 45],
							"uv": {
								"north": {"uv": [154, 158], "uv_size": [1, 1]},
								"east": {"uv": [55, 153], "uv_size": [4, 1]},
								"south": {"uv": [158, 155], "uv_size": [1, 1]},
								"west": {"uv": [59, 153], "uv_size": [4, 1]},
								"up": {"uv": [24, 153], "uv_size": [1, 4]},
								"down": {"uv": [63, 157], "uv_size": [1, -4]}
							}
						},
						{
							"origin": [0.47667, 1.34353, 2.22793],
							"size": [0.09418, 0.52017, 1.39571],
							"uv": {
								"north": {"uv": [156, 158], "uv_size": [1, 1]},
								"east": {"uv": [64, 153], "uv_size": [4, 1]},
								"south": {"uv": [158, 156], "uv_size": [1, 1]},
								"west": {"uv": [68, 153], "uv_size": [4, 1]},
								"up": {"uv": [72, 153], "uv_size": [1, 4]},
								"down": {"uv": [73, 157], "uv_size": [1, -4]}
							}
						},
						{
							"origin": [-0.68494, 1.34353, 2.22793],
							"size": [0.09419, 0.52017, 1.39571],
							"pivot": [-0.05704, 1.60362, 3.37063],
							"rotation": [0, 0, 45],
							"uv": {
								"north": {"uv": [157, 158], "uv_size": [1, 1]},
								"east": {"uv": [74, 153], "uv_size": [4, 1]},
								"south": {"uv": [158, 157], "uv_size": [1, 1]},
								"west": {"uv": [78, 153], "uv_size": [4, 1]},
								"up": {"uv": [82, 153], "uv_size": [1, 4]},
								"down": {"uv": [83, 157], "uv_size": [1, -4]}
							}
						},
						{
							"origin": [-0.68494, 1.34353, 2.22793],
							"size": [0.09419, 0.52017, 1.39571],
							"uv": {
								"north": {"uv": [158, 158], "uv_size": [1, 1]},
								"east": {"uv": [84, 153], "uv_size": [4, 1]},
								"south": {"uv": [0, 159], "uv_size": [1, 1]},
								"west": {"uv": [88, 153], "uv_size": [4, 1]},
								"up": {"uv": [92, 153], "uv_size": [1, 4]},
								"down": {"uv": [93, 157], "uv_size": [1, -4]}
							}
						},
						{
							"origin": [-0.31713, 0.97572, -2.63489],
							"size": [0.52017, 0.09418, 1.49321],
							"pivot": [-0.05704, 1.60362, -1.49219],
							"rotation": [0, 0, 45],
							"uv": {
								"north": {"uv": [1, 159], "uv_size": [1, 1]},
								"east": {"uv": [94, 153], "uv_size": [4, 1]},
								"south": {"uv": [2, 159], "uv_size": [1, 1]},
								"west": {"uv": [98, 153], "uv_size": [4, 1]},
								"up": {"uv": [102, 153], "uv_size": [1, 4]},
								"down": {"uv": [103, 157], "uv_size": [1, -4]}
							}
						},
						{
							"origin": [-0.31713, 0.97572, -2.63489],
							"size": [0.52017, 0.09418, 1.49321],
							"uv": {
								"north": {"uv": [3, 159], "uv_size": [1, 1]},
								"east": {"uv": [104, 153], "uv_size": [4, 1]},
								"south": {"uv": [4, 159], "uv_size": [1, 1]},
								"west": {"uv": [108, 153], "uv_size": [4, 1]},
								"up": {"uv": [112, 153], "uv_size": [1, 4]},
								"down": {"uv": [113, 157], "uv_size": [1, -4]}
							}
						},
						{
							"origin": [-0.31713, 2.13733, -2.63489],
							"size": [0.52017, 0.09419, 1.49321],
							"pivot": [-0.05704, 1.60362, -1.49219],
							"rotation": [0, 0, 45],
							"uv": {
								"north": {"uv": [5, 159], "uv_size": [1, 1]},
								"east": {"uv": [114, 153], "uv_size": [4, 1]},
								"south": {"uv": [6, 159], "uv_size": [1, 1]},
								"west": {"uv": [118, 153], "uv_size": [4, 1]},
								"up": {"uv": [122, 153], "uv_size": [1, 4]},
								"down": {"uv": [123, 157], "uv_size": [1, -4]}
							}
						},
						{
							"origin": [-0.31713, 2.13733, -2.63489],
							"size": [0.52017, 0.09419, 1.49321],
							"uv": {
								"north": {"uv": [9, 159], "uv_size": [1, 1]},
								"east": {"uv": [124, 153], "uv_size": [4, 1]},
								"south": {"uv": [10, 159], "uv_size": [1, 1]},
								"west": {"uv": [128, 153], "uv_size": [4, 1]},
								"up": {"uv": [132, 153], "uv_size": [1, 4]},
								"down": {"uv": [133, 157], "uv_size": [1, -4]}
							}
						},
						{
							"origin": [0.47667, 1.34353, -2.63489],
							"size": [0.09418, 0.52017, 1.49321],
							"pivot": [-0.05704, 1.60362, -1.49219],
							"rotation": [0, 0, 45],
							"uv": {
								"north": {"uv": [11, 159], "uv_size": [1, 1]},
								"east": {"uv": [134, 153], "uv_size": [4, 1]},
								"south": {"uv": [12, 159], "uv_size": [1, 1]},
								"west": {"uv": [138, 153], "uv_size": [4, 1]},
								"up": {"uv": [142, 153], "uv_size": [1, 4]},
								"down": {"uv": [143, 157], "uv_size": [1, -4]}
							}
						},
						{
							"origin": [0.47667, 1.34353, -2.63489],
							"size": [0.09418, 0.52017, 1.49321],
							"uv": {
								"north": {"uv": [13, 159], "uv_size": [1, 1]},
								"east": {"uv": [144, 153], "uv_size": [4, 1]},
								"south": {"uv": [17, 159], "uv_size": [1, 1]},
								"west": {"uv": [148, 153], "uv_size": [4, 1]},
								"up": {"uv": [152, 153], "uv_size": [1, 4]},
								"down": {"uv": [153, 157], "uv_size": [1, -4]}
							}
						},
						{
							"origin": [-0.68494, 1.34353, -2.63489],
							"size": [0.09419, 0.52017, 1.49321],
							"pivot": [-0.05704, 1.60362, -1.49219],
							"rotation": [0, 0, 45],
							"uv": {
								"north": {"uv": [18, 159], "uv_size": [1, 1]},
								"east": {"uv": [2, 154], "uv_size": [4, 1]},
								"south": {"uv": [19, 159], "uv_size": [1, 1]},
								"west": {"uv": [6, 154], "uv_size": [4, 1]},
								"up": {"uv": [12, 154], "uv_size": [1, 4]},
								"down": {"uv": [13, 158], "uv_size": [1, -4]}
							}
						},
						{
							"origin": [-0.68494, 1.34353, -2.63489],
							"size": [0.09419, 0.52017, 1.49321],
							"uv": {
								"north": {"uv": [20, 159], "uv_size": [1, 1]},
								"east": {"uv": [14, 154], "uv_size": [4, 1]},
								"south": {"uv": [21, 159], "uv_size": [1, 1]},
								"west": {"uv": [25, 154], "uv_size": [4, 1]},
								"up": {"uv": [18, 154], "uv_size": [1, 4]},
								"down": {"uv": [19, 158], "uv_size": [1, -4]}
							}
						},
						{
							"origin": [-0.33013, 0.94432, 2.21223],
							"size": [0.54618, 0.09889, 0.6593],
							"pivot": [-0.05704, 1.60362, 3.41206],
							"rotation": [0, 0, 45],
							"uv": {
								"north": {"uv": [23, 159], "uv_size": [1, 1]},
								"east": {"uv": [8, 155], "uv_size": [2, 1]},
								"south": {"uv": [24, 159], "uv_size": [1, 1]},
								"west": {"uv": [97, 155], "uv_size": [2, 1]},
								"up": {"uv": [17, 155], "uv_size": [1, 2]},
								"down": {"uv": [28, 157], "uv_size": [1, -2]}
							}
						},
						{
							"origin": [-0.33013, 0.94432, 2.21223],
							"size": [0.54618, 0.09889, 0.6593],
							"uv": {
								"north": {"uv": [26, 159], "uv_size": [1, 1]},
								"east": {"uv": [104, 155], "uv_size": [2, 1]},
								"south": {"uv": [27, 159], "uv_size": [1, 1]},
								"west": {"uv": [106, 155], "uv_size": [2, 1]},
								"up": {"uv": [99, 155], "uv_size": [1, 2]},
								"down": {"uv": [108, 157], "uv_size": [1, -2]}
							}
						},
						{
							"origin": [-0.53732, 0.8712, 2.21223],
							"size": [0.96055, 0.10969, 0.6593],
							"uv": {
								"north": {"uv": [118, 155], "uv_size": [2, 1]},
								"east": {"uv": [124, 155], "uv_size": [2, 1]},
								"south": {"uv": [128, 155], "uv_size": [2, 1]},
								"west": {"uv": [134, 155], "uv_size": [2, 1]},
								"up": {"uv": [29, 154], "uv_size": [2, 2]},
								"down": {"uv": [31, 156], "uv_size": [2, -2]}
							}
						},
						{
							"origin": [0.12361, 0.9743, 2.21223],
							"size": [0.39098, 0.33722, 0.6593],
							"pivot": [0.32072, 1.14291, 2.54188],
							"rotation": [0, 0, -53.75],
							"uv": {
								"north": {"uv": [28, 159], "uv_size": [1, 1]},
								"east": {"uv": [154, 155], "uv_size": [2, 1]},
								"south": {"uv": [30, 159], "uv_size": [1, 1]},
								"west": {"uv": [2, 156], "uv_size": [2, 1]},
								"up": {"uv": [109, 155], "uv_size": [1, 2]},
								"down": {"uv": [120, 157], "uv_size": [1, -2]}
							}
						},
						{
							"origin": [-0.62545, 0.9743, 2.21223],
							"size": [0.39098, 0.33722, 0.6593],
							"pivot": [-0.43158, 1.14291, 2.54188],
							"rotation": [0, 0, 53.75],
							"uv": {
								"north": {"uv": [31, 159], "uv_size": [1, 1]},
								"east": {"uv": [4, 156], "uv_size": [2, 1]},
								"south": {"uv": [32, 159], "uv_size": [1, 1]},
								"west": {"uv": [6, 156], "uv_size": [2, 1]},
								"up": {"uv": [126, 155], "uv_size": [1, 2]},
								"down": {"uv": [130, 157], "uv_size": [1, -2]}
							}
						},
						{
							"origin": [-0.33013, 2.16402, 2.21223],
							"size": [0.54618, 0.09889, 0.6593],
							"pivot": [-0.05704, 1.60362, 3.41206],
							"rotation": [0, 0, 45],
							"uv": {
								"north": {"uv": [33, 159], "uv_size": [1, 1]},
								"east": {"uv": [8, 156], "uv_size": [2, 1]},
								"south": {"uv": [34, 159], "uv_size": [1, 1]},
								"west": {"uv": [14, 156], "uv_size": [2, 1]},
								"up": {"uv": [136, 155], "uv_size": [1, 2]},
								"down": {"uv": [16, 158], "uv_size": [1, -2]}
							}
						},
						{
							"origin": [-0.33013, 2.16402, 2.21223],
							"size": [0.54618, 0.09889, 0.6593],
							"uv": {
								"north": {"uv": [37, 159], "uv_size": [1, 1]},
								"east": {"uv": [25, 156], "uv_size": [2, 1]},
								"south": {"uv": [38, 159], "uv_size": [1, 1]},
								"west": {"uv": [29, 156], "uv_size": [2, 1]},
								"up": {"uv": [27, 156], "uv_size": [1, 2]},
								"down": {"uv": [31, 158], "uv_size": [1, -2]}
							}
						},
						{
							"origin": [-0.33013, 1.50132, 1.52345],
							"size": [0.54618, 0.24514, 0.81773],
							"pivot": [-0.05704, 1.58578, 0.599],
							"rotation": [17.5, 0, 0],
							"uv": {
								"north": {"uv": [39, 159], "uv_size": [1, 1]},
								"east": {"uv": [32, 156], "uv_size": [2, 1]},
								"south": {"uv": [40, 159], "uv_size": [1, 1]},
								"west": {"uv": [34, 156], "uv_size": [2, 1]},
								"up": {"uv": [36, 156], "uv_size": [1, 2]},
								"down": {"uv": [37, 158], "uv_size": [1, -2]}
							}
						},
						{
							"origin": [0.50336, 1.33053, 2.21223],
							"size": [0.09889, 0.54618, 0.6593],
							"pivot": [-0.05704, 1.60362, 3.41206],
							"rotation": [0, 0, 45],
							"uv": {
								"north": {"uv": [47, 159], "uv_size": [1, 1]},
								"east": {"uv": [38, 156], "uv_size": [2, 1]},
								"south": {"uv": [48, 159], "uv_size": [1, 1]},
								"west": {"uv": [40, 156], "uv_size": [2, 1]},
								"up": {"uv": [42, 156], "uv_size": [1, 2]},
								"down": {"uv": [47, 158], "uv_size": [1, -2]}
							}
						},
						{
							"origin": [0.44904, 0.88681, 2.21223],
							"size": [0.09889, 0.58274, 0.6593],
							"pivot": [-0.11136, 1.19647, 3.41206],
							"rotation": [0, 0, 22.5],
							"uv": {
								"north": {"uv": [49, 159], "uv_size": [1, 1]},
								"east": {"uv": [48, 156], "uv_size": [2, 1]},
								"south": {"uv": [50, 159], "uv_size": [1, 1]},
								"west": {"uv": [50, 156], "uv_size": [2, 1]},
								"up": {"uv": [52, 156], "uv_size": [1, 2]},
								"down": {"uv": [53, 158], "uv_size": [1, -2]}
							}
						},
						{
							"origin": [-0.65879, 0.88681, 2.21223],
							"size": [0.09889, 0.58274, 0.6593],
							"pivot": [0.0005, 1.19647, 3.41206],
							"rotation": [0, 0, -22.5],
							"uv": {
								"north": {"uv": [56, 159], "uv_size": [1, 1]},
								"east": {"uv": [54, 156], "uv_size": [2, 1]},
								"south": {"uv": [57, 159], "uv_size": [1, 1]},
								"west": {"uv": [56, 156], "uv_size": [2, 1]},
								"up": {"uv": [58, 156], "uv_size": [1, 2]},
								"down": {"uv": [59, 158], "uv_size": [1, -2]}
							}
						},
						{
							"origin": [0.44904, 0.65525, 2.63879],
							"size": [0.09889, 0.25368, 0.23273],
							"pivot": [-0.11136, 1.19647, 3.41206],
							"rotation": [0, 0, 22.5],
							"uv": {
								"north": {"uv": [63, 159], "uv_size": [1, 1]},
								"east": {"uv": [65, 159], "uv_size": [1, 1]},
								"south": {"uv": [66, 159], "uv_size": [1, 1]},
								"west": {"uv": [67, 159], "uv_size": [1, 1]},
								"up": {"uv": [68, 159], "uv_size": [1, 1]},
								"down": {"uv": [79, 160], "uv_size": [1, -1]}
							}
						},
						{
							"origin": [-0.65879, 0.65525, 2.63879],
							"size": [0.09889, 0.25368, 0.23273],
							"pivot": [0.0005, 1.19647, 3.41206],
							"rotation": [0, 0, -22.5],
							"uv": {
								"north": {"uv": [80, 159], "uv_size": [1, 1]},
								"east": {"uv": [84, 159], "uv_size": [1, 1]},
								"south": {"uv": [85, 159], "uv_size": [1, 1]},
								"west": {"uv": [86, 159], "uv_size": [1, 1]},
								"up": {"uv": [87, 159], "uv_size": [1, 1]},
								"down": {"uv": [90, 160], "uv_size": [1, -1]}
							}
						},
						{
							"origin": [0.44904, 0.65525, 2.21223],
							"size": [0.09889, 0.25368, 0.23273],
							"pivot": [-0.11136, 1.19647, 2.9855],
							"rotation": [0, 0, 22.5],
							"uv": {
								"north": {"uv": [91, 159], "uv_size": [1, 1]},
								"east": {"uv": [92, 159], "uv_size": [1, 1]},
								"south": {"uv": [93, 159], "uv_size": [1, 1]},
								"west": {"uv": [94, 159], "uv_size": [1, 1]},
								"up": {"uv": [95, 159], "uv_size": [1, 1]},
								"down": {"uv": [96, 160], "uv_size": [1, -1]}
							}
						},
						{
							"origin": [0.11435, -0.07199, 2.63879],
							"size": [0.09889, 0.69243, 0.23273],
							"pivot": [0.16379, 0.4936, 2.54187],
							"rotation": [0, 0, 90],
							"uv": {
								"north": {"uv": [60, 156], "uv_size": [1, 2]},
								"east": {"uv": [61, 156], "uv_size": [1, 2]},
								"south": {"uv": [62, 156], "uv_size": [1, 2]},
								"west": {"uv": [64, 156], "uv_size": [1, 2]},
								"up": {"uv": [97, 159], "uv_size": [1, 1]},
								"down": {"uv": [100, 160], "uv_size": [1, -1]}
							}
						},
						{
							"origin": [-0.2269, 0.20832, 2.22441],
							"size": [0.36702, 0.1318, 0.63492],
							"pivot": [0.16379, 0.4936, 2.54187],
							"rotation": [0, 0, 90],
							"uv": {
								"north": {"uv": [101, 159], "uv_size": [1, 1]},
								"east": {"uv": [65, 156], "uv_size": [2, 1]},
								"south": {"uv": [103, 159], "uv_size": [1, 1]},
								"west": {"uv": [67, 156], "uv_size": [2, 1]},
								"up": {"uv": [69, 156], "uv_size": [1, 2]},
								"down": {"uv": [70, 158], "uv_size": [1, -2]}
							}
						},
						{
							"origin": [-0.06847, -0.07199, 2.22441],
							"size": [0.05014, 0.8143, 0.63492],
							"pivot": [0.16379, 0.55453, 2.54187],
							"rotation": [0, 0, 90],
							"uv": {
								"north": {"uv": [71, 156], "uv_size": [1, 2]},
								"east": {"uv": [33, 154], "uv_size": [2, 2]},
								"south": {"uv": [74, 156], "uv_size": [1, 2]},
								"west": {"uv": [35, 154], "uv_size": [2, 2]},
								"up": {"uv": [75, 156], "uv_size": [1, 2]},
								"down": {"uv": [76, 158], "uv_size": [1, -2]}
							}
						},
						{
							"origin": [0.0656, 0.57394, 2.22441],
							"size": [0.15983, 0.15618, 0.63492],
							"pivot": [0.13942, 0.65203, 2.54187],
							"rotation": [0, 0, 135],
							"uv": {
								"north": {"uv": [104, 159], "uv_size": [1, 1]},
								"east": {"uv": [77, 156], "uv_size": [2, 1]},
								"south": {"uv": [105, 159], "uv_size": [1, 1]},
								"west": {"uv": [79, 156], "uv_size": [2, 1]},
								"up": {"uv": [81, 156], "uv_size": [1, 2]},
								"down": {"uv": [84, 158], "uv_size": [1, -2]}
							}
						},
						{
							"origin": [-0.31222, 0.57394, 2.22441],
							"size": [0.15983, 0.15618, 0.63492],
							"pivot": [-0.23839, 0.65203, 2.54187],
							"rotation": [0, 0, 135],
							"uv": {
								"north": {"uv": [110, 159], "uv_size": [1, 1]},
								"east": {"uv": [85, 156], "uv_size": [2, 1]},
								"south": {"uv": [111, 159], "uv_size": [1, 1]},
								"west": {"uv": [87, 156], "uv_size": [2, 1]},
								"up": {"uv": [89, 156], "uv_size": [1, 2]},
								"down": {"uv": [90, 158], "uv_size": [1, -2]}
							}
						},
						{
							"origin": [0.11435, -0.07199, 2.21223],
							"size": [0.09889, 0.69243, 0.23273],
							"pivot": [0.16379, 0.4936, 2.54187],
							"rotation": [0, 0, 90],
							"uv": {
								"north": {"uv": [91, 156], "uv_size": [1, 2]},
								"east": {"uv": [94, 156], "uv_size": [1, 2]},
								"south": {"uv": [95, 156], "uv_size": [1, 2]},
								"west": {"uv": [96, 156], "uv_size": [1, 2]},
								"up": {"uv": [116, 159], "uv_size": [1, 1]},
								"down": {"uv": [117, 160], "uv_size": [1, -1]}
							}
						},
						{
							"origin": [-0.65879, 0.65525, 2.21223],
							"size": [0.09889, 0.25368, 0.23273],
							"pivot": [0.0005, 1.19647, 2.9855],
							"rotation": [0, 0, -22.5],
							"uv": {
								"north": {"uv": [122, 159], "uv_size": [1, 1]},
								"east": {"uv": [123, 159], "uv_size": [1, 1]},
								"south": {"uv": [125, 159], "uv_size": [1, 1]},
								"west": {"uv": [126, 159], "uv_size": [1, 1]},
								"up": {"uv": [127, 159], "uv_size": [1, 1]},
								"down": {"uv": [128, 160], "uv_size": [1, -1]}
							}
						},
						{
							"origin": [0.50336, 1.19647, 2.21223],
							"size": [0.09889, 0.68024, 0.6593],
							"uv": {
								"north": {"uv": [97, 156], "uv_size": [1, 2]},
								"east": {"uv": [37, 154], "uv_size": [2, 2]},
								"south": {"uv": [98, 156], "uv_size": [1, 2]},
								"west": {"uv": [39, 154], "uv_size": [2, 2]},
								"up": {"uv": [104, 156], "uv_size": [1, 2]},
								"down": {"uv": [105, 158], "uv_size": [1, -2]}
							}
						},
						{
							"origin": [-0.71634, 1.33053, 2.21223],
							"size": [0.09889, 0.54618, 0.6593],
							"pivot": [-0.05704, 1.60362, 3.41206],
							"rotation": [0, 0, 45],
							"uv": {
								"north": {"uv": [132, 159], "uv_size": [1, 1]},
								"east": {"uv": [106, 156], "uv_size": [2, 1]},
								"south": {"uv": [133, 159], "uv_size": [1, 1]},
								"west": {"uv": [118, 156], "uv_size": [2, 1]},
								"up": {"uv": [124, 156], "uv_size": [1, 2]},
								"down": {"uv": [125, 158], "uv_size": [1, -2]}
							}
						},
						{
							"origin": [-0.71634, 1.19647, 2.21223],
							"size": [0.09889, 0.68024, 0.6593],
							"uv": {
								"north": {"uv": [128, 156], "uv_size": [1, 2]},
								"east": {"uv": [41, 154], "uv_size": [2, 2]},
								"south": {"uv": [129, 156], "uv_size": [1, 2]},
								"west": {"uv": [47, 154], "uv_size": [2, 2]},
								"up": {"uv": [134, 156], "uv_size": [1, 2]},
								"down": {"uv": [135, 158], "uv_size": [1, -2]}
							}
						},
						{
							"origin": [0.44904, 0.88681, -1.57809],
							"size": [0.09889, 0.58274, 0.6593],
							"pivot": [-0.11136, 1.19647, -0.37825],
							"rotation": [0, 0, 22.5],
							"uv": {
								"north": {"uv": [134, 159], "uv_size": [1, 1]},
								"east": {"uv": [154, 156], "uv_size": [2, 1]},
								"south": {"uv": [135, 159], "uv_size": [1, 1]},
								"west": {"uv": [156, 155], "uv_size": [2, 1]},
								"up": {"uv": [156, 156], "uv_size": [1, 2]},
								"down": {"uv": [0, 159], "uv_size": [1, -2]}
							}
						},
						{
							"origin": [-0.65879, 0.88681, -1.57809],
							"size": [0.09889, 0.58274, 0.6593],
							"pivot": [0.0005, 1.19647, -0.37825],
							"rotation": [0, 0, -22.5],
							"uv": {
								"north": {"uv": [136, 159], "uv_size": [1, 1]},
								"east": {"uv": [1, 157], "uv_size": [2, 1]},
								"south": {"uv": [137, 159], "uv_size": [1, 1]},
								"west": {"uv": [3, 157], "uv_size": [2, 1]},
								"up": {"uv": [5, 157], "uv_size": [1, 2]},
								"down": {"uv": [6, 159], "uv_size": [1, -2]}
							}
						},
						{
							"origin": [-0.65879, 0.65525, -1.15152],
							"size": [0.09889, 0.25368, 0.23273],
							"pivot": [0.0005, 1.19647, -0.37825],
							"rotation": [0, 0, -22.5],
							"uv": {
								"north": {"uv": [140, 159], "uv_size": [1, 1]},
								"east": {"uv": [141, 159], "uv_size": [1, 1]},
								"south": {"uv": [145, 159], "uv_size": [1, 1]},
								"west": {"uv": [146, 159], "uv_size": [1, 1]},
								"up": {"uv": [147, 159], "uv_size": [1, 1]},
								"down": {"uv": [148, 160], "uv_size": [1, -1]}
							}
						},
						{
							"origin": [0.44904, 0.65525, -1.15152],
							"size": [0.09889, 0.25368, 0.23273],
							"pivot": [-0.11136, 1.19647, -0.37825],
							"rotation": [0, 0, 22.5],
							"uv": {
								"north": {"uv": [149, 159], "uv_size": [1, 1]},
								"east": {"uv": [150, 159], "uv_size": [1, 1]},
								"south": {"uv": [151, 159], "uv_size": [1, 1]},
								"west": {"uv": [152, 159], "uv_size": [1, 1]},
								"up": {"uv": [159, 152], "uv_size": [1, 1]},
								"down": {"uv": [153, 160], "uv_size": [1, -1]}
							}
						},
						{
							"origin": [-0.65879, 0.65525, -1.57809],
							"size": [0.09889, 0.25368, 0.23273],
							"pivot": [0.0005, 1.19647, -0.80481],
							"rotation": [0, 0, -22.5],
							"uv": {
								"north": {"uv": [159, 153], "uv_size": [1, 1]},
								"east": {"uv": [154, 159], "uv_size": [1, 1]},
								"south": {"uv": [159, 154], "uv_size": [1, 1]},
								"west": {"uv": [155, 159], "uv_size": [1, 1]},
								"up": {"uv": [159, 155], "uv_size": [1, 1]},
								"down": {"uv": [156, 160], "uv_size": [1, -1]}
							}
						},
						{
							"origin": [-0.40902, -0.08856, -1.57809],
							"size": [0.09889, 0.57055, 0.23273],
							"uv": {
								"north": {"uv": [159, 156], "uv_size": [1, 1]},
								"east": {"uv": [157, 159], "uv_size": [1, 1]},
								"south": {"uv": [159, 157], "uv_size": [1, 1]},
								"west": {"uv": [158, 159], "uv_size": [1, 1]},
								"up": {"uv": [159, 158], "uv_size": [1, 1]},
								"down": {"uv": [159, 160], "uv_size": [1, -1]}
							}
						},
						{
							"origin": [-0.40902, -0.08856, -1.57809],
							"size": [0.69608, 0.23774, 0.6593],
							"uv": {
								"north": {"uv": [7, 157], "uv_size": [2, 1]},
								"east": {"uv": [9, 157], "uv_size": [2, 1]},
								"south": {"uv": [14, 157], "uv_size": [2, 1]},
								"west": {"uv": [20, 157], "uv_size": [2, 1]},
								"up": {"uv": [49, 154], "uv_size": [2, 2]},
								"down": {"uv": [51, 156], "uv_size": [2, -2]}
							}
						},
						{
							"origin": [-0.40902, -0.08856, -1.15152],
							"size": [0.09889, 0.57055, 0.23273],
							"uv": {
								"north": {"uv": [0, 160], "uv_size": [1, 1]},
								"east": {"uv": [1, 160], "uv_size": [1, 1]},
								"south": {"uv": [2, 160], "uv_size": [1, 1]},
								"west": {"uv": [3, 160], "uv_size": [1, 1]},
								"up": {"uv": [4, 160], "uv_size": [1, 1]},
								"down": {"uv": [5, 161], "uv_size": [1, -1]}
							}
						},
						{
							"origin": [0.19927, -0.08856, -1.57809],
							"size": [0.09889, 0.57055, 0.23273],
							"uv": {
								"north": {"uv": [6, 160], "uv_size": [1, 1]},
								"east": {"uv": [7, 160], "uv_size": [1, 1]},
								"south": {"uv": [8, 160], "uv_size": [1, 1]},
								"west": {"uv": [9, 160], "uv_size": [1, 1]},
								"up": {"uv": [10, 160], "uv_size": [1, 1]},
								"down": {"uv": [11, 161], "uv_size": [1, -1]}
							}
						},
						{
							"origin": [0.19927, -0.08856, -1.15152],
							"size": [0.09889, 0.57055, 0.23273],
							"uv": {
								"north": {"uv": [12, 160], "uv_size": [1, 1]},
								"east": {"uv": [13, 160], "uv_size": [1, 1]},
								"south": {"uv": [14, 160], "uv_size": [1, 1]},
								"west": {"uv": [15, 160], "uv_size": [1, 1]},
								"up": {"uv": [16, 160], "uv_size": [1, 1]},
								"down": {"uv": [17, 161], "uv_size": [1, -1]}
							}
						},
						{
							"origin": [-0.40902, -0.08856, 2.63879],
							"size": [0.09889, 0.57055, 0.23273],
							"uv": {
								"north": {"uv": [18, 160], "uv_size": [1, 1]},
								"east": {"uv": [19, 160], "uv_size": [1, 1]},
								"south": {"uv": [20, 160], "uv_size": [1, 1]},
								"west": {"uv": [21, 160], "uv_size": [1, 1]},
								"up": {"uv": [22, 160], "uv_size": [1, 1]},
								"down": {"uv": [23, 161], "uv_size": [1, -1]}
							}
						},
						{
							"origin": [-0.40902, -0.08856, 2.21223],
							"size": [0.09889, 0.57055, 0.23273],
							"uv": {
								"north": {"uv": [24, 160], "uv_size": [1, 1]},
								"east": {"uv": [25, 160], "uv_size": [1, 1]},
								"south": {"uv": [26, 160], "uv_size": [1, 1]},
								"west": {"uv": [27, 160], "uv_size": [1, 1]},
								"up": {"uv": [28, 160], "uv_size": [1, 1]},
								"down": {"uv": [29, 161], "uv_size": [1, -1]}
							}
						},
						{
							"origin": [0.19927, -0.08856, 2.63879],
							"size": [0.09889, 0.57055, 0.23273],
							"uv": {
								"north": {"uv": [30, 160], "uv_size": [1, 1]},
								"east": {"uv": [31, 160], "uv_size": [1, 1]},
								"south": {"uv": [32, 160], "uv_size": [1, 1]},
								"west": {"uv": [33, 160], "uv_size": [1, 1]},
								"up": {"uv": [34, 160], "uv_size": [1, 1]},
								"down": {"uv": [35, 161], "uv_size": [1, -1]}
							}
						},
						{
							"origin": [0.19927, -0.08856, 2.21223],
							"size": [0.09889, 0.57055, 0.23273],
							"uv": {
								"north": {"uv": [36, 160], "uv_size": [1, 1]},
								"east": {"uv": [37, 160], "uv_size": [1, 1]},
								"south": {"uv": [38, 160], "uv_size": [1, 1]},
								"west": {"uv": [39, 160], "uv_size": [1, 1]},
								"up": {"uv": [40, 160], "uv_size": [1, 1]},
								"down": {"uv": [41, 161], "uv_size": [1, -1]}
							}
						},
						{
							"origin": [-0.40902, -0.08856, 2.21223],
							"size": [0.69608, 0.23774, 0.6593],
							"uv": {
								"north": {"uv": [22, 157], "uv_size": [2, 1]},
								"east": {"uv": [24, 157], "uv_size": [2, 1]},
								"south": {"uv": [28, 157], "uv_size": [2, 1]},
								"west": {"uv": [32, 157], "uv_size": [2, 1]},
								"up": {"uv": [53, 154], "uv_size": [2, 2]},
								"down": {"uv": [55, 156], "uv_size": [2, -2]}
							}
						},
						{
							"origin": [0.44904, 0.65525, -1.57809],
							"size": [0.09889, 0.25368, 0.23273],
							"pivot": [-0.11136, 1.19647, -0.80481],
							"rotation": [0, 0, 22.5],
							"uv": {
								"north": {"uv": [42, 160], "uv_size": [1, 1]},
								"east": {"uv": [47, 160], "uv_size": [1, 1]},
								"south": {"uv": [48, 160], "uv_size": [1, 1]},
								"west": {"uv": [49, 160], "uv_size": [1, 1]},
								"up": {"uv": [50, 160], "uv_size": [1, 1]},
								"down": {"uv": [51, 161], "uv_size": [1, -1]}
							}
						},
						{
							"origin": [-0.2269, 0.20832, -1.5659],
							"size": [0.36702, 0.1318, 0.63492],
							"pivot": [0.16379, 0.4936, -1.24844],
							"rotation": [0, 0, 90],
							"uv": {
								"north": {"uv": [52, 160], "uv_size": [1, 1]},
								"east": {"uv": [34, 157], "uv_size": [2, 1]},
								"south": {"uv": [53, 160], "uv_size": [1, 1]},
								"west": {"uv": [38, 157], "uv_size": [2, 1]},
								"up": {"uv": [11, 157], "uv_size": [1, 2]},
								"down": {"uv": [17, 159], "uv_size": [1, -2]}
							}
						},
						{
							"origin": [0.0656, 0.57394, -1.5659],
							"size": [0.15983, 0.15618, 0.63492],
							"pivot": [0.13942, 0.65203, -1.24844],
							"rotation": [0, 0, 135],
							"uv": {
								"north": {"uv": [54, 160], "uv_size": [1, 1]},
								"east": {"uv": [40, 157], "uv_size": [2, 1]},
								"south": {"uv": [55, 160], "uv_size": [1, 1]},
								"west": {"uv": [48, 157], "uv_size": [2, 1]},
								"up": {"uv": [26, 157], "uv_size": [1, 2]},
								"down": {"uv": [30, 159], "uv_size": [1, -2]}
							}
						},
						{
							"origin": [-0.31222, 0.57394, -1.5659],
							"size": [0.15983, 0.15618, 0.63492],
							"pivot": [-0.23839, 0.65203, -1.24844],
							"rotation": [0, 0, 135],
							"uv": {
								"north": {"uv": [56, 160], "uv_size": [1, 1]},
								"east": {"uv": [50, 157], "uv_size": [2, 1]},
								"south": {"uv": [57, 160], "uv_size": [1, 1]},
								"west": {"uv": [54, 157], "uv_size": [2, 1]},
								"up": {"uv": [56, 157], "uv_size": [1, 2]},
								"down": {"uv": [57, 159], "uv_size": [1, -2]}
							}
						},
						{
							"origin": [-0.06847, -0.07199, -1.5659],
							"size": [0.05014, 0.8143, 0.63492],
							"pivot": [0.16379, 0.55453, -1.24844],
							"rotation": [0, 0, 90],
							"uv": {
								"north": {"uv": [63, 157], "uv_size": [1, 2]},
								"east": {"uv": [57, 154], "uv_size": [2, 2]},
								"south": {"uv": [65, 157], "uv_size": [1, 2]},
								"west": {"uv": [59, 154], "uv_size": [2, 2]},
								"up": {"uv": [66, 157], "uv_size": [1, 2]},
								"down": {"uv": [67, 159], "uv_size": [1, -2]}
							}
						},
						{
							"origin": [-0.62545, 0.9743, -1.57809],
							"size": [0.39098, 0.20316, 0.6593],
							"pivot": [-0.43158, 1.14291, -1.24844],
							"rotation": [0, 0, 53.75],
							"uv": {
								"north": {"uv": [58, 160], "uv_size": [1, 1]},
								"east": {"uv": [72, 157], "uv_size": [2, 1]},
								"south": {"uv": [59, 160], "uv_size": [1, 1]},
								"west": {"uv": [77, 157], "uv_size": [2, 1]},
								"up": {"uv": [68, 157], "uv_size": [1, 2]},
								"down": {"uv": [79, 159], "uv_size": [1, -2]}
							}
						},
						{
							"origin": [-0.53732, 0.8712, -1.57809],
							"size": [0.96055, 0.10969, 0.6593],
							"uv": {
								"north": {"uv": [82, 157], "uv_size": [2, 1]},
								"east": {"uv": [85, 157], "uv_size": [2, 1]},
								"south": {"uv": [87, 157], "uv_size": [2, 1]},
								"west": {"uv": [92, 157], "uv_size": [2, 1]},
								"up": {"uv": [61, 154], "uv_size": [2, 2]},
								"down": {"uv": [64, 156], "uv_size": [2, -2]}
							}
						},
						{
							"origin": [0.12361, 0.9743, -1.57809],
							"size": [0.39098, 0.1666, 0.6593],
							"pivot": [0.32072, 1.14291, -1.24844],
							"rotation": [0, 0, -53.75],
							"uv": {
								"north": {"uv": [60, 160], "uv_size": [1, 1]},
								"east": {"uv": [99, 157], "uv_size": [2, 1]},
								"south": {"uv": [61, 160], "uv_size": [1, 1]},
								"west": {"uv": [101, 157], "uv_size": [2, 1]},
								"up": {"uv": [80, 157], "uv_size": [1, 2]},
								"down": {"uv": [103, 159], "uv_size": [1, -2]}
							}
						},
						{
							"origin": [0.50336, 1.19647, -1.57809],
							"size": [0.09889, 0.14399, 0.6593],
							"uv": {
								"north": {"uv": [62, 160], "uv_size": [1, 1]},
								"east": {"uv": [106, 157], "uv_size": [2, 1]},
								"south": {"uv": [63, 160], "uv_size": [1, 1]},
								"west": {"uv": [108, 157], "uv_size": [2, 1]},
								"up": {"uv": [110, 157], "uv_size": [1, 2]},
								"down": {"uv": [111, 159], "uv_size": [1, -2]}
							}
						},
						{
							"origin": [-0.71634, 1.19647, -1.57809],
							"size": [0.09889, 0.14399, 0.6593],
							"uv": {
								"north": {"uv": [64, 160], "uv_size": [1, 1]},
								"east": {"uv": [112, 157], "uv_size": [2, 1]},
								"south": {"uv": [65, 160], "uv_size": [1, 1]},
								"west": {"uv": [114, 157], "uv_size": [2, 1]},
								"up": {"uv": [116, 157], "uv_size": [1, 2]},
								"down": {"uv": [117, 159], "uv_size": [1, -2]}
							}
						},
						{
							"origin": [-0.33013, 0.94432, -1.57809],
							"size": [0.54618, 0.09889, 0.6593],
							"pivot": [-0.05704, 1.60362, -1.24844],
							"rotation": [0, 0, 45],
							"uv": {
								"north": {"uv": [66, 160], "uv_size": [1, 1]},
								"east": {"uv": [118, 157], "uv_size": [2, 1]},
								"south": {"uv": [67, 160], "uv_size": [1, 1]},
								"west": {"uv": [120, 157], "uv_size": [2, 1]},
								"up": {"uv": [122, 157], "uv_size": [1, 2]},
								"down": {"uv": [123, 159], "uv_size": [1, -2]}
							}
						},
						{
							"origin": [-0.33013, 0.94432, -1.57809],
							"size": [0.54618, 0.09889, 0.6593],
							"uv": {
								"north": {"uv": [68, 160], "uv_size": [1, 1]},
								"east": {"uv": [126, 157], "uv_size": [2, 1]},
								"south": {"uv": [69, 160], "uv_size": [1, 1]},
								"west": {"uv": [130, 157], "uv_size": [2, 1]},
								"up": {"uv": [132, 157], "uv_size": [1, 2]},
								"down": {"uv": [133, 159], "uv_size": [1, -2]}
							}
						},
						{
							"origin": [-0.33013, 2.15183, -1.57809],
							"size": [0.54618, 0.11108, 0.6593],
							"pivot": [-0.05704, 1.60362, -1.24844],
							"rotation": [0, 0, 45],
							"uv": {
								"north": {"uv": [70, 160], "uv_size": [1, 1]},
								"east": {"uv": [136, 157], "uv_size": [2, 1]},
								"south": {"uv": [71, 160], "uv_size": [1, 1]},
								"west": {"uv": [138, 157], "uv_size": [2, 1]},
								"up": {"uv": [140, 157], "uv_size": [1, 2]},
								"down": {"uv": [141, 159], "uv_size": [1, -2]}
							}
						},
						{
							"origin": [0.01627, 1.68729, -1.01178],
							"size": [0.37555, 0.35483, 0.51305],
							"pivot": [0.20405, 1.8647, -0.68213],
							"rotation": [-22.5, 0, 45],
							"uv": {
								"north": {"uv": [72, 160], "uv_size": [1, 1]},
								"east": {"uv": [73, 160], "uv_size": [1, 1]},
								"south": {"uv": [74, 160], "uv_size": [1, 1]},
								"west": {"uv": [75, 160], "uv_size": [1, 1]},
								"up": {"uv": [76, 160], "uv_size": [1, 1]},
								"down": {"uv": [77, 161], "uv_size": [1, -1]}
							}
						},
						{
							"origin": [0.00005, 1.68729, -1.03772],
							"size": [0.10312, 0.35483, 0.32494],
							"pivot": [0.20405, 1.8647, -0.68213],
							"rotation": [-22.82775, 9.46229, 41.04142],
							"uv": {
								"north": {"uv": [78, 160], "uv_size": [1, 1]},
								"east": {"uv": [79, 160], "uv_size": [1, 1]},
								"south": {"uv": [80, 160], "uv_size": [1, 1]},
								"west": {"uv": [81, 160], "uv_size": [1, 1]},
								"up": {"uv": [82, 160], "uv_size": [1, 1]},
								"down": {"uv": [83, 161], "uv_size": [1, -1]}
							}
						},
						{
							"origin": [-0.03133, 1.69963, -0.9974],
							"size": [0.53379, 0.35483, 0.02202],
							"pivot": [0.29394, 1.87704, -0.85666],
							"rotation": [-22.5, 0, 45],
							"uv": {
								"north": {"uv": [84, 160], "uv_size": [1, 1]},
								"east": {"uv": [85, 160], "uv_size": [1, 1]},
								"south": {"uv": [86, 160], "uv_size": [1, 1]},
								"west": {"uv": [87, 160], "uv_size": [1, 1]},
								"up": {"uv": [88, 160], "uv_size": [1, 1]},
								"down": {"uv": [89, 161], "uv_size": [1, -1]}
							}
						},
						{
							"origin": [0.42147, 1.7355, -1.041],
							"size": [0.07066, 0.35483, 0.25359],
							"pivot": [0.28361, 1.91291, -0.90026],
							"rotation": [-23.47603, -16.1299, 51.88003],
							"uv": {
								"north": {"uv": [90, 160], "uv_size": [1, 1]},
								"east": {"uv": [91, 160], "uv_size": [1, 1]},
								"south": {"uv": [92, 160], "uv_size": [1, 1]},
								"west": {"uv": [93, 160], "uv_size": [1, 1]},
								"up": {"uv": [94, 160], "uv_size": [1, 1]},
								"down": {"uv": [95, 161], "uv_size": [1, -1]}
							}
						},
						{
							"origin": [-0.22734, 1.73907, -1.02885],
							"size": [0.10312, 0.35483, 0.32494],
							"pivot": [-0.36618, 1.91091, -0.8631],
							"rotation": [-22.82775, -9.46229, -41.04142],
							"uv": {
								"north": {"uv": [96, 160], "uv_size": [1, 1]},
								"east": {"uv": [97, 160], "uv_size": [1, 1]},
								"south": {"uv": [98, 160], "uv_size": [1, 1]},
								"west": {"uv": [99, 160], "uv_size": [1, 1]},
								"up": {"uv": [100, 160], "uv_size": [1, 1]},
								"down": {"uv": [101, 161], "uv_size": [1, -1]}
							}
						},
						{
							"origin": [-0.48551, 1.73907, -0.99917],
							"size": [0.31069, 0.35483, 0.51305],
							"pivot": [-0.36618, 1.91091, -0.8631],
							"rotation": [-22.5, 0, -45],
							"uv": {
								"north": {"uv": [102, 160], "uv_size": [1, 1]},
								"east": {"uv": [103, 160], "uv_size": [1, 1]},
								"south": {"uv": [104, 160], "uv_size": [1, 1]},
								"west": {"uv": [105, 160], "uv_size": [1, 1]},
								"up": {"uv": [106, 160], "uv_size": [1, 1]},
								"down": {"uv": [107, 161], "uv_size": [1, -1]}
							}
						},
						{
							"origin": [-0.62596, 1.73907, -0.99917],
							"size": [0.53379, 0.35483, 0.04473],
							"pivot": [-0.36618, 1.91091, -0.8631],
							"rotation": [-22.5, 0, -45],
							"uv": {
								"north": {"uv": [108, 160], "uv_size": [1, 1]},
								"east": {"uv": [109, 160], "uv_size": [1, 1]},
								"south": {"uv": [110, 160], "uv_size": [1, 1]},
								"west": {"uv": [111, 160], "uv_size": [1, 1]},
								"up": {"uv": [112, 160], "uv_size": [1, 1]},
								"down": {"uv": [113, 161], "uv_size": [1, -1]}
							}
						},
						{
							"origin": [-0.57964, 1.73907, -1.03053],
							"size": [0.13877, 0.35483, 0.3898],
							"pivot": [-0.36618, 1.91091, -0.8631],
							"rotation": [-23.47603, 16.1299, -51.88003],
							"uv": {
								"north": {"uv": [114, 160], "uv_size": [1, 1]},
								"east": {"uv": [115, 160], "uv_size": [1, 1]},
								"south": {"uv": [116, 160], "uv_size": [1, 1]},
								"west": {"uv": [117, 160], "uv_size": [1, 1]},
								"up": {"uv": [118, 160], "uv_size": [1, 1]},
								"down": {"uv": [119, 161], "uv_size": [1, -1]}
							}
						},
						{
							"origin": [-0.43133, 1.17319, -1.01178],
							"size": [0.3042, 0.35483, 0.51305],
							"pivot": [-0.31491, 1.35061, -0.68213],
							"rotation": [22.5, 0, 45],
							"uv": {
								"north": {"uv": [120, 160], "uv_size": [1, 1]},
								"east": {"uv": [121, 160], "uv_size": [1, 1]},
								"south": {"uv": [122, 160], "uv_size": [1, 1]},
								"west": {"uv": [123, 160], "uv_size": [1, 1]},
								"up": {"uv": [124, 160], "uv_size": [1, 1]},
								"down": {"uv": [125, 161], "uv_size": [1, -1]}
							}
						},
						{
							"origin": [-0.21403, 1.17319, -1.03772],
							"size": [0.10312, 0.35483, 0.32494],
							"pivot": [-0.31491, 1.35061, -0.68213],
							"rotation": [22.82775, -9.46229, 41.04142],
							"uv": {
								"north": {"uv": [126, 160], "uv_size": [1, 1]},
								"east": {"uv": [127, 160], "uv_size": [1, 1]},
								"south": {"uv": [128, 160], "uv_size": [1, 1]},
								"west": {"uv": [129, 160], "uv_size": [1, 1]},
								"up": {"uv": [130, 160], "uv_size": [1, 1]},
								"down": {"uv": [131, 161], "uv_size": [1, -1]}
							}
						},
						{
							"origin": [-0.60299, 1.12498, -1.02802],
							"size": [0.15823, 0.35483, 0.47088],
							"pivot": [-0.39447, 1.3024, -0.90026],
							"rotation": [23.47603, 16.1299, 51.88003],
							"uv": {
								"north": {"uv": [132, 160], "uv_size": [1, 1]},
								"east": {"uv": [133, 160], "uv_size": [1, 1]},
								"south": {"uv": [134, 160], "uv_size": [1, 1]},
								"west": {"uv": [135, 160], "uv_size": [1, 1]},
								"up": {"uv": [136, 160], "uv_size": [1, 1]},
								"down": {"uv": [137, 161], "uv_size": [1, -1]}
							}
						},
						{
							"origin": [-0.61332, 1.16085, -0.9974],
							"size": [0.53379, 0.35483, 0.03824],
							"pivot": [-0.4048, 1.33827, -0.85666],
							"rotation": [22.5, 0, 45],
							"uv": {
								"north": {"uv": [138, 160], "uv_size": [1, 1]},
								"east": {"uv": [139, 160], "uv_size": [1, 1]},
								"south": {"uv": [140, 160], "uv_size": [1, 1]},
								"west": {"uv": [141, 160], "uv_size": [1, 1]},
								"up": {"uv": [142, 160], "uv_size": [1, 1]},
								"down": {"uv": [143, 161], "uv_size": [1, -1]}
							}
						},
						{
							"origin": [0.06396, 1.12141, -0.99917],
							"size": [0.31069, 0.35483, 0.51305],
							"pivot": [0.25532, 1.3044, -0.8631],
							"rotation": [22.5, 0, -45],
							"uv": {
								"north": {"uv": [144, 160], "uv_size": [1, 1]},
								"east": {"uv": [145, 160], "uv_size": [1, 1]},
								"south": {"uv": [146, 160], "uv_size": [1, 1]},
								"west": {"uv": [147, 160], "uv_size": [1, 1]},
								"up": {"uv": [148, 160], "uv_size": [1, 1]},
								"down": {"uv": [149, 161], "uv_size": [1, -1]}
							}
						},
						{
							"origin": [-0.01869, 1.12141, -0.99917],
							"size": [0.53379, 0.35483, 0.04473],
							"pivot": [0.25532, 1.3044, -0.8631],
							"rotation": [22.5, 0, -45],
							"uv": {
								"north": {"uv": [150, 160], "uv_size": [1, 1]},
								"east": {"uv": [151, 160], "uv_size": [1, 1]},
								"south": {"uv": [152, 160], "uv_size": [1, 1]},
								"west": {"uv": [160, 152], "uv_size": [1, 1]},
								"up": {"uv": [153, 160], "uv_size": [1, 1]},
								"down": {"uv": [160, 154], "uv_size": [1, -1]}
							}
						},
						{
							"origin": [0.33001, 1.12141, -1.03053],
							"size": [0.13877, 0.35483, 0.3898],
							"pivot": [0.25532, 1.3044, -0.8631],
							"rotation": [23.47603, -16.1299, -51.88003],
							"uv": {
								"north": {"uv": [154, 160], "uv_size": [1, 1]},
								"east": {"uv": [160, 154], "uv_size": [1, 1]},
								"south": {"uv": [155, 160], "uv_size": [1, 1]},
								"west": {"uv": [160, 155], "uv_size": [1, 1]},
								"up": {"uv": [156, 160], "uv_size": [1, 1]},
								"down": {"uv": [160, 157], "uv_size": [1, -1]}
							}
						},
						{
							"origin": [0.01336, 1.12141, -1.02885],
							"size": [0.10312, 0.35483, 0.32494],
							"pivot": [0.25532, 1.3044, -0.8631],
							"rotation": [22.82775, 9.46229, -41.04142],
							"uv": {
								"north": {"uv": [157, 160], "uv_size": [1, 1]},
								"east": {"uv": [160, 157], "uv_size": [1, 1]},
								"south": {"uv": [158, 160], "uv_size": [1, 1]},
								"west": {"uv": [160, 158], "uv_size": [1, 1]},
								"up": {"uv": [159, 160], "uv_size": [1, 1]},
								"down": {"uv": [160, 160], "uv_size": [1, -1]}
							}
						},
						{
							"origin": [0.01627, 1.68729, 1.79543],
							"size": [0.37555, 0.35483, 0.51305],
							"pivot": [0.20405, 1.8647, 1.97883],
							"rotation": [22.5, 0, 45],
							"uv": {
								"north": {"uv": [160, 160], "uv_size": [1, 1]},
								"east": {"uv": [0, 161], "uv_size": [1, 1]},
								"south": {"uv": [1, 161], "uv_size": [1, 1]},
								"west": {"uv": [2, 161], "uv_size": [1, 1]},
								"up": {"uv": [3, 161], "uv_size": [1, 1]},
								"down": {"uv": [4, 162], "uv_size": [1, -1]}
							}
						},
						{
							"origin": [0.00005, 1.68729, 2.00949],
							"size": [0.10312, 0.35483, 0.32494],
							"pivot": [0.20405, 1.8647, 1.97883],
							"rotation": [22.82775, -9.46229, 41.04142],
							"uv": {
								"north": {"uv": [5, 161], "uv_size": [1, 1]},
								"east": {"uv": [6, 161], "uv_size": [1, 1]},
								"south": {"uv": [7, 161], "uv_size": [1, 1]},
								"west": {"uv": [8, 161], "uv_size": [1, 1]},
								"up": {"uv": [9, 161], "uv_size": [1, 1]},
								"down": {"uv": [10, 162], "uv_size": [1, -1]}
							}
						},
						{
							"origin": [-0.03133, 1.69963, 2.27208],
							"size": [0.53379, 0.35483, 0.02202],
							"pivot": [0.29394, 1.87704, 2.15336],
							"rotation": [22.5, 0, 45],
							"uv": {
								"north": {"uv": [11, 161], "uv_size": [1, 1]},
								"east": {"uv": [12, 161], "uv_size": [1, 1]},
								"south": {"uv": [13, 161], "uv_size": [1, 1]},
								"west": {"uv": [14, 161], "uv_size": [1, 1]},
								"up": {"uv": [15, 161], "uv_size": [1, 1]},
								"down": {"uv": [16, 162], "uv_size": [1, -1]}
							}
						},
						{
							"origin": [0.42147, 1.7355, 2.08411],
							"size": [0.07066, 0.35483, 0.25359],
							"pivot": [0.28361, 1.91291, 2.19696],
							"rotation": [23.47603, 16.1299, 51.88003],
							"uv": {
								"north": {"uv": [17, 161], "uv_size": [1, 1]},
								"east": {"uv": [18, 161], "uv_size": [1, 1]},
								"south": {"uv": [19, 161], "uv_size": [1, 1]},
								"west": {"uv": [20, 161], "uv_size": [1, 1]},
								"up": {"uv": [21, 161], "uv_size": [1, 1]},
								"down": {"uv": [22, 162], "uv_size": [1, -1]}
							}
						},
						{
							"origin": [-0.48551, 1.73907, 1.78283],
							"size": [0.31069, 0.35483, 0.51305],
							"pivot": [-0.36618, 1.91091, 2.1598],
							"rotation": [22.5, 0, -45],
							"uv": {
								"north": {"uv": [23, 161], "uv_size": [1, 1]},
								"east": {"uv": [24, 161], "uv_size": [1, 1]},
								"south": {"uv": [25, 161], "uv_size": [1, 1]},
								"west": {"uv": [26, 161], "uv_size": [1, 1]},
								"up": {"uv": [27, 161], "uv_size": [1, 1]},
								"down": {"uv": [28, 162], "uv_size": [1, -1]}
							}
						},
						{
							"origin": [-0.22734, 1.73907, 2.00061],
							"size": [0.10312, 0.35483, 0.32494],
							"pivot": [-0.36618, 1.91091, 2.1598],
							"rotation": [22.82775, 9.46229, -41.04142],
							"uv": {
								"north": {"uv": [29, 161], "uv_size": [1, 1]},
								"east": {"uv": [30, 161], "uv_size": [1, 1]},
								"south": {"uv": [31, 161], "uv_size": [1, 1]},
								"west": {"uv": [32, 161], "uv_size": [1, 1]},
								"up": {"uv": [33, 161], "uv_size": [1, 1]},
								"down": {"uv": [34, 162], "uv_size": [1, -1]}
							}
						},
						{
							"origin": [-0.62596, 1.73907, 2.25115],
							"size": [0.53379, 0.35483, 0.04473],
							"pivot": [-0.36618, 1.91091, 2.1598],
							"rotation": [22.5, 0, -45],
							"uv": {
								"north": {"uv": [35, 161], "uv_size": [1, 1]},
								"east": {"uv": [36, 161], "uv_size": [1, 1]},
								"south": {"uv": [37, 161], "uv_size": [1, 1]},
								"west": {"uv": [38, 161], "uv_size": [1, 1]},
								"up": {"uv": [39, 161], "uv_size": [1, 1]},
								"down": {"uv": [40, 162], "uv_size": [1, -1]}
							}
						},
						{
							"origin": [-0.57964, 1.73907, 1.93743],
							"size": [0.13877, 0.35483, 0.3898],
							"pivot": [-0.36618, 1.91091, 2.1598],
							"rotation": [23.47603, -16.1299, -51.88003],
							"uv": {
								"north": {"uv": [41, 161], "uv_size": [1, 1]},
								"east": {"uv": [42, 161], "uv_size": [1, 1]},
								"south": {"uv": [43, 161], "uv_size": [1, 1]},
								"west": {"uv": [44, 161], "uv_size": [1, 1]},
								"up": {"uv": [45, 161], "uv_size": [1, 1]},
								"down": {"uv": [46, 162], "uv_size": [1, -1]}
							}
						},
						{
							"origin": [-0.60985, 1.12378, 1.85058],
							"size": [0.13553, 0.35483, 0.4644],
							"pivot": [-0.40133, 1.3012, 2.19369],
							"rotation": [-23.47603, -16.1299, 51.88003],
							"uv": {
								"north": {"uv": [47, 161], "uv_size": [1, 1]},
								"east": {"uv": [48, 161], "uv_size": [1, 1]},
								"south": {"uv": [49, 161], "uv_size": [1, 1]},
								"west": {"uv": [50, 161], "uv_size": [1, 1]},
								"up": {"uv": [51, 161], "uv_size": [1, 1]},
								"down": {"uv": [52, 162], "uv_size": [1, -1]}
							}
						},
						{
							"origin": [-0.43819, 1.17199, 1.79217],
							"size": [0.3042, 0.35483, 0.51305],
							"pivot": [-0.32177, 1.34941, 1.97557],
							"rotation": [-22.5, 0, 45],
							"uv": {
								"north": {"uv": [53, 161], "uv_size": [1, 1]},
								"east": {"uv": [54, 161], "uv_size": [1, 1]},
								"south": {"uv": [55, 161], "uv_size": [1, 1]},
								"west": {"uv": [56, 161], "uv_size": [1, 1]},
								"up": {"uv": [57, 161], "uv_size": [1, 1]},
								"down": {"uv": [58, 162], "uv_size": [1, -1]}
							}
						},
						{
							"origin": [-0.22089, 1.17199, 2.00622],
							"size": [0.10312, 0.35483, 0.32494],
							"pivot": [-0.32177, 1.34941, 1.97557],
							"rotation": [-22.82775, 9.46229, 41.04142],
							"uv": {
								"north": {"uv": [59, 161], "uv_size": [1, 1]},
								"east": {"uv": [60, 161], "uv_size": [1, 1]},
								"south": {"uv": [61, 161], "uv_size": [1, 1]},
								"west": {"uv": [62, 161], "uv_size": [1, 1]},
								"up": {"uv": [63, 161], "uv_size": [1, 1]},
								"down": {"uv": [64, 162], "uv_size": [1, -1]}
							}
						},
						{
							"origin": [-0.62018, 1.15966, 2.2526],
							"size": [0.53379, 0.35483, 0.03824],
							"pivot": [-0.41166, 1.33707, 2.15009],
							"rotation": [-22.5, 0, 45],
							"uv": {
								"north": {"uv": [65, 161], "uv_size": [1, 1]},
								"east": {"uv": [66, 161], "uv_size": [1, 1]},
								"south": {"uv": [67, 161], "uv_size": [1, 1]},
								"west": {"uv": [68, 161], "uv_size": [1, 1]},
								"up": {"uv": [69, 161], "uv_size": [1, 1]},
								"down": {"uv": [70, 162], "uv_size": [1, -1]}
							}
						},
						{
							"origin": [-0.01869, 1.12141, 2.25115],
							"size": [0.53379, 0.35483, 0.04473],
							"pivot": [0.25532, 1.3044, 2.1598],
							"rotation": [-22.5, 0, -45],
							"uv": {
								"north": {"uv": [71, 161], "uv_size": [1, 1]},
								"east": {"uv": [72, 161], "uv_size": [1, 1]},
								"south": {"uv": [73, 161], "uv_size": [1, 1]},
								"west": {"uv": [74, 161], "uv_size": [1, 1]},
								"up": {"uv": [75, 161], "uv_size": [1, 1]},
								"down": {"uv": [76, 162], "uv_size": [1, -1]}
							}
						},
						{
							"origin": [0.33001, 1.12141, 1.93743],
							"size": [0.13877, 0.35483, 0.3898],
							"pivot": [0.25532, 1.3044, 2.1598],
							"rotation": [-23.47603, 16.1299, -51.88003],
							"uv": {
								"north": {"uv": [77, 161], "uv_size": [1, 1]},
								"east": {"uv": [78, 161], "uv_size": [1, 1]},
								"south": {"uv": [79, 161], "uv_size": [1, 1]},
								"west": {"uv": [80, 161], "uv_size": [1, 1]},
								"up": {"uv": [81, 161], "uv_size": [1, 1]},
								"down": {"uv": [82, 162], "uv_size": [1, -1]}
							}
						},
						{
							"origin": [0.06396, 1.12141, 1.78283],
							"size": [0.31069, 0.35483, 0.51305],
							"pivot": [0.25532, 1.3044, 2.1598],
							"rotation": [-22.5, 0, -45],
							"uv": {
								"north": {"uv": [83, 161], "uv_size": [1, 1]},
								"east": {"uv": [84, 161], "uv_size": [1, 1]},
								"south": {"uv": [85, 161], "uv_size": [1, 1]},
								"west": {"uv": [86, 161], "uv_size": [1, 1]},
								"up": {"uv": [87, 161], "uv_size": [1, 1]},
								"down": {"uv": [88, 162], "uv_size": [1, -1]}
							}
						},
						{
							"origin": [0.01336, 1.12141, 2.00061],
							"size": [0.10312, 0.35483, 0.32494],
							"pivot": [0.25532, 1.3044, 2.1598],
							"rotation": [-22.82775, -9.46229, -41.04142],
							"uv": {
								"north": {"uv": [89, 161], "uv_size": [1, 1]},
								"east": {"uv": [90, 161], "uv_size": [1, 1]},
								"south": {"uv": [91, 161], "uv_size": [1, 1]},
								"west": {"uv": [92, 161], "uv_size": [1, 1]},
								"up": {"uv": [93, 161], "uv_size": [1, 1]},
								"down": {"uv": [94, 162], "uv_size": [1, -1]}
							}
						},
						{
							"origin": [-0.33013, 2.16402, -1.57809],
							"size": [0.54618, 0.09889, 0.6593],
							"uv": {
								"north": {"uv": [95, 161], "uv_size": [1, 1]},
								"east": {"uv": [142, 157], "uv_size": [2, 1]},
								"south": {"uv": [96, 161], "uv_size": [1, 1]},
								"west": {"uv": [144, 157], "uv_size": [2, 1]},
								"up": {"uv": [146, 157], "uv_size": [1, 2]},
								"down": {"uv": [147, 159], "uv_size": [1, -2]}
							}
						},
						{
							"origin": [-0.33013, 1.38539, -1.06238],
							"size": [0.54618, 0.24514, 0.6593],
							"pivot": [-0.05704, 1.58578, 0.599],
							"rotation": [-22.5, 0, 0],
							"uv": {
								"north": {"uv": [97, 161], "uv_size": [1, 1]},
								"east": {"uv": [148, 157], "uv_size": [2, 1]},
								"south": {"uv": [98, 161], "uv_size": [1, 1]},
								"west": {"uv": [150, 157], "uv_size": [2, 1]},
								"up": {"uv": [152, 157], "uv_size": [1, 2]},
								"down": {"uv": [157, 154], "uv_size": [1, -2]}
							}
						},
						{
							"origin": [-0.33013, 1.35901, -1.03309],
							"size": [0.54618, 0.24514, 0.86648],
							"pivot": [-0.05704, 1.58578, 0.599],
							"rotation": [15, 0, 0],
							"uv": {
								"north": {"uv": [99, 161], "uv_size": [1, 1]},
								"east": {"uv": [153, 157], "uv_size": [2, 1]},
								"south": {"uv": [100, 161], "uv_size": [1, 1]},
								"west": {"uv": [157, 154], "uv_size": [2, 1]},
								"up": {"uv": [155, 157], "uv_size": [1, 2]},
								"down": {"uv": [157, 158], "uv_size": [1, -2]}
							}
						},
						{
							"origin": [-0.33013, 1.30869, 1.30009],
							"size": [0.54618, 0.24514, 1.01273],
							"pivot": [-0.05704, 1.58578, 0.599],
							"rotation": [-12.5, 0, 0],
							"uv": {
								"north": {"uv": [101, 161], "uv_size": [1, 1]},
								"east": {"uv": [94, 154], "uv_size": [3, 1]},
								"south": {"uv": [102, 161], "uv_size": [1, 1]},
								"west": {"uv": [97, 154], "uv_size": [3, 1]},
								"up": {"uv": [100, 154], "uv_size": [1, 3]},
								"down": {"uv": [101, 157], "uv_size": [1, -3]}
							}
						},
						{
							"origin": [-0.34797, 1.51916, 1.30407],
							"size": [0.54618, 0.24514, 1.03711],
							"pivot": [-0.07488, 1.60362, 0.599],
							"rotation": [17.5, 0, 90],
							"uv": {
								"north": {"uv": [103, 161], "uv_size": [1, 1]},
								"east": {"uv": [104, 154], "uv_size": [3, 1]},
								"south": {"uv": [104, 161], "uv_size": [1, 1]},
								"west": {"uv": [107, 154], "uv_size": [3, 1]},
								"up": {"uv": [110, 154], "uv_size": [1, 3]},
								"down": {"uv": [111, 157], "uv_size": [1, -3]}
							}
						},
						{
							"origin": [-0.34797, 1.40323, -1.06238],
							"size": [0.54618, 0.24514, 0.7568],
							"pivot": [-0.07488, 1.60362, 0.599],
							"rotation": [-22.5, 0, 90],
							"uv": {
								"north": {"uv": [105, 161], "uv_size": [1, 1]},
								"east": {"uv": [1, 158], "uv_size": [2, 1]},
								"south": {"uv": [106, 161], "uv_size": [1, 1]},
								"west": {"uv": [3, 158], "uv_size": [2, 1]},
								"up": {"uv": [7, 158], "uv_size": [1, 2]},
								"down": {"uv": [8, 160], "uv_size": [1, -2]}
							}
						},
						{
							"origin": [-0.72849, 1.48105, -1.01263],
							"size": [0.54618, 0.24514, 0.6593],
							"pivot": [-0.4554, 1.60362, -0.68299],
							"rotation": [27.5, 0, 90],
							"uv": {
								"north": {"uv": [107, 161], "uv_size": [1, 1]},
								"east": {"uv": [9, 158], "uv_size": [2, 1]},
								"south": {"uv": [108, 161], "uv_size": [1, 1]},
								"west": {"uv": [12, 158], "uv_size": [2, 1]},
								"up": {"uv": [14, 158], "uv_size": [1, 2]},
								"down": {"uv": [15, 160], "uv_size": [1, -2]}
							}
						},
						{
							"origin": [-0.71972, 1.48105, 1.47252],
							"size": [0.54618, 0.24514, 0.81773],
							"pivot": [-0.44663, 1.60362, 1.88139],
							"rotation": [-22.5, 0, 90],
							"uv": {
								"north": {"uv": [109, 161], "uv_size": [1, 1]},
								"east": {"uv": [18, 158], "uv_size": [2, 1]},
								"south": {"uv": [110, 161], "uv_size": [1, 1]},
								"west": {"uv": [20, 158], "uv_size": [2, 1]},
								"up": {"uv": [16, 158], "uv_size": [1, 2]},
								"down": {"uv": [22, 160], "uv_size": [1, -2]}
							}
						},
						{
							"origin": [0.49117, 1.33053, -1.57809],
							"size": [0.11108, 0.54618, 0.6593],
							"pivot": [-0.05704, 1.60362, -1.24844],
							"rotation": [0, 0, 45],
							"uv": {
								"north": {"uv": [111, 161], "uv_size": [1, 1]},
								"east": {"uv": [23, 158], "uv_size": [2, 1]},
								"south": {"uv": [112, 161], "uv_size": [1, 1]},
								"west": {"uv": [27, 158], "uv_size": [2, 1]},
								"up": {"uv": [25, 158], "uv_size": [1, 2]},
								"down": {"uv": [29, 160], "uv_size": [1, -2]}
							}
						},
						{
							"origin": [0.50336, 1.33053, -1.57809],
							"size": [0.09889, 0.54618, 0.6593],
							"uv": {
								"north": {"uv": [113, 161], "uv_size": [1, 1]},
								"east": {"uv": [31, 158], "uv_size": [2, 1]},
								"south": {"uv": [114, 161], "uv_size": [1, 1]},
								"west": {"uv": [33, 158], "uv_size": [2, 1]},
								"up": {"uv": [35, 158], "uv_size": [1, 2]},
								"down": {"uv": [36, 160], "uv_size": [1, -2]}
							}
						},
						{
							"origin": [-0.71634, 1.33053, -1.57809],
							"size": [0.08671, 0.54618, 0.6593],
							"pivot": [-0.05704, 1.60362, -1.24844],
							"rotation": [0, 0, 45],
							"uv": {
								"north": {"uv": [115, 161], "uv_size": [1, 1]},
								"east": {"uv": [37, 158], "uv_size": [2, 1]},
								"south": {"uv": [116, 161], "uv_size": [1, 1]},
								"west": {"uv": [39, 158], "uv_size": [2, 1]},
								"up": {"uv": [41, 158], "uv_size": [1, 2]},
								"down": {"uv": [42, 160], "uv_size": [1, -2]}
							}
						},
						{
							"origin": [-0.71634, 1.33053, -1.57809],
							"size": [0.09889, 0.54618, 0.6593],
							"uv": {
								"north": {"uv": [117, 161], "uv_size": [1, 1]},
								"east": {"uv": [47, 158], "uv_size": [2, 1]},
								"south": {"uv": [118, 161], "uv_size": [1, 1]},
								"west": {"uv": [49, 158], "uv_size": [2, 1]},
								"up": {"uv": [51, 158], "uv_size": [1, 2]},
								"down": {"uv": [52, 160], "uv_size": [1, -2]}
							}
						},
						{
							"origin": [-0.81384, 1.33053, -1.96809],
							"size": [0.19639, 0.1318, 0.18398],
							"uv": {
								"north": {"uv": [119, 161], "uv_size": [1, 1]},
								"east": {"uv": [120, 161], "uv_size": [1, 1]},
								"south": {"uv": [121, 161], "uv_size": [1, 1]},
								"west": {"uv": [122, 161], "uv_size": [1, 1]},
								"up": {"uv": [123, 161], "uv_size": [1, 1]},
								"down": {"uv": [124, 162], "uv_size": [1, -1]}
							}
						},
						{
							"origin": [-0.80031, 0.81037, -1.96809],
							"size": [0.19639, 0.60712, 0.18398],
							"pivot": [-0.70211, 1.35767, -1.87609],
							"rotation": [0, 0, -45],
							"uv": {
								"north": {"uv": [53, 158], "uv_size": [1, 2]},
								"east": {"uv": [54, 158], "uv_size": [1, 2]},
								"south": {"uv": [55, 158], "uv_size": [1, 2]},
								"west": {"uv": [58, 158], "uv_size": [1, 2]},
								"up": {"uv": [125, 161], "uv_size": [1, 1]},
								"down": {"uv": [126, 162], "uv_size": [1, -1]}
							}
						},
						{
							"origin": [-0.42293, 0.40337, -1.96809],
							"size": [0.19639, 0.65587, 0.18398],
							"pivot": [-0.32473, 0.99943, -1.87609],
							"rotation": [0, 0, -90],
							"uv": {
								"north": {"uv": [59, 158], "uv_size": [1, 2]},
								"east": {"uv": [60, 158], "uv_size": [1, 2]},
								"south": {"uv": [61, 158], "uv_size": [1, 2]},
								"west": {"uv": [62, 158], "uv_size": [1, 2]},
								"up": {"uv": [127, 161], "uv_size": [1, 1]},
								"down": {"uv": [128, 162], "uv_size": [1, -1]}
							}
						},
						{
							"origin": [0.49305, 0.81037, -1.96809],
							"size": [0.19639, 0.60712, 0.18398],
							"pivot": [0.59125, 1.35767, -1.87609],
							"rotation": [0, 0, 45],
							"uv": {
								"north": {"uv": [64, 158], "uv_size": [1, 2]},
								"east": {"uv": [69, 158], "uv_size": [1, 2]},
								"south": {"uv": [70, 158], "uv_size": [1, 2]},
								"west": {"uv": [71, 158], "uv_size": [1, 2]},
								"up": {"uv": [129, 161], "uv_size": [1, 1]},
								"down": {"uv": [130, 162], "uv_size": [1, -1]}
							}
						},
						{
							"origin": [0.50658, 1.33053, -1.96809],
							"size": [0.19639, 0.14399, 0.18398],
							"uv": {
								"north": {"uv": [131, 161], "uv_size": [1, 1]},
								"east": {"uv": [132, 161], "uv_size": [1, 1]},
								"south": {"uv": [133, 161], "uv_size": [1, 1]},
								"west": {"uv": [134, 161], "uv_size": [1, 1]},
								"up": {"uv": [135, 161], "uv_size": [1, 1]},
								"down": {"uv": [136, 162], "uv_size": [1, -1]}
							}
						},
						{
							"origin": [-0.51855, 1.14035, -1.13387],
							"size": [0.92625, 0.93127, 3.54656],
							"uv": {
								"north": {"uv": [66, 154], "uv_size": [2, 2]},
								"east": {"uv": [25, 152], "uv_size": [9, 2]},
								"south": {"uv": [68, 154], "uv_size": [2, 2]},
								"west": {"uv": [34, 152], "uv_size": [9, 2]},
								"up": {"uv": [43, 152], "uv_size": [2, 9]},
								"down": {"uv": [45, 161], "uv_size": [2, -9]}
							}
						},
						{
							"origin": [-0.51762, 1.77942, 0.42547],
							"size": [0.92115, 0.69652, 0.38155],
							"uv": {
								"north": {"uv": [86, 154], "uv_size": [2, 2]},
								"east": {"uv": [88, 158], "uv_size": [1, 2]},
								"south": {"uv": [88, 154], "uv_size": [2, 2]},
								"west": {"uv": [89, 158], "uv_size": [1, 2]},
								"up": {"uv": [90, 158], "uv_size": [2, 1]},
								"down": {"uv": [92, 159], "uv_size": [2, -1]}
							}
						},
						{
							"origin": [-0.51762, 1.77942, 0.42547],
							"size": [0.92115, 0.69652, 0.38155],
							"pivot": [-0.05704, 2.0097, 0.61625],
							"rotation": [0, -45, 0],
							"uv": {
								"north": {"uv": [80, 154], "uv_size": [2, 2]},
								"east": {"uv": [82, 158], "uv_size": [1, 2]},
								"south": {"uv": [84, 154], "uv_size": [2, 2]},
								"west": {"uv": [83, 158], "uv_size": [1, 2]},
								"up": {"uv": [84, 158], "uv_size": [2, 1]},
								"down": {"uv": [86, 159], "uv_size": [2, -1]}
							}
						},
						{
							"origin": [-0.24782, 1.77942, 0.15568],
							"size": [0.38155, 0.69652, 0.92115],
							"uv": {
								"north": {"uv": [76, 158], "uv_size": [1, 2]},
								"east": {"uv": [76, 154], "uv_size": [2, 2]},
								"south": {"uv": [77, 158], "uv_size": [1, 2]},
								"west": {"uv": [78, 154], "uv_size": [2, 2]},
								"up": {"uv": [78, 158], "uv_size": [1, 2]},
								"down": {"uv": [81, 160], "uv_size": [1, -2]}
							}
						},
						{
							"origin": [-0.84891, 1.40849, 0.46711],
							"size": [0.44167, 0.36587, 0.88346],
							"inflate": 0.0001,
							"pivot": [-0.70729, 1.59143, 0.90884],
							"rotation": [-40, 0, 0],
							"uv": {
								"north": {"uv": [137, 161], "uv_size": [1, 1]},
								"east": {"uv": [94, 158], "uv_size": [2, 1]},
								"south": {"uv": [138, 161], "uv_size": [1, 1]},
								"west": {"uv": [96, 158], "uv_size": [2, 1]},
								"up": {"uv": [98, 158], "uv_size": [1, 2]},
								"down": {"uv": [99, 160], "uv_size": [1, -2]}
							}
						},
						{
							"origin": [-0.8491, 1.40831, 0.46692],
							"size": [0.44204, 0.36624, 0.88383],
							"inflate": -0.0002,
							"pivot": [-0.70729, 1.59143, 0.90884],
							"rotation": [5, 0, 0],
							"uv": {
								"north": {"uv": [139, 161], "uv_size": [1, 1]},
								"east": {"uv": [100, 158], "uv_size": [2, 1]},
								"south": {"uv": [140, 161], "uv_size": [1, 1]},
								"west": {"uv": [104, 158], "uv_size": [2, 1]},
								"up": {"uv": [102, 158], "uv_size": [1, 2]},
								"down": {"uv": [106, 160], "uv_size": [1, -2]}
							}
						},
						{
							"origin": [-0.84904, 1.14957, 0.72578],
							"size": [0.44191, 0.88371, 0.36611],
							"inflate": -0.0001,
							"pivot": [-0.70729, 1.59143, 0.90884],
							"rotation": [-40, 0, 0],
							"uv": {
								"north": {"uv": [107, 158], "uv_size": [1, 2]},
								"east": {"uv": [108, 158], "uv_size": [1, 2]},
								"south": {"uv": [109, 158], "uv_size": [1, 2]},
								"west": {"uv": [112, 158], "uv_size": [1, 2]},
								"up": {"uv": [141, 161], "uv_size": [1, 1]},
								"down": {"uv": [142, 162], "uv_size": [1, -1]}
							}
						},
						{
							"origin": [-0.84898, 1.14964, 0.72584],
							"size": [0.44179, 0.88358, 0.36599],
							"pivot": [-0.70729, 1.59143, 0.90884],
							"rotation": [5, 0, 0],
							"uv": {
								"north": {"uv": [113, 158], "uv_size": [1, 2]},
								"east": {"uv": [114, 158], "uv_size": [1, 2]},
								"south": {"uv": [115, 158], "uv_size": [1, 2]},
								"west": {"uv": [118, 158], "uv_size": [1, 2]},
								"up": {"uv": [143, 161], "uv_size": [1, 1]},
								"down": {"uv": [144, 162], "uv_size": [1, -1]}
							}
						},
						{
							"origin": [-0.84131, 1.10987, 0.70937],
							"size": [0.10959, 0.96311, 0.39893],
							"pivot": [-0.70729, 1.59143, 0.90884],
							"rotation": [-17.5, 0, 0],
							"uv": {
								"north": {"uv": [119, 158], "uv_size": [1, 2]},
								"east": {"uv": [120, 158], "uv_size": [1, 2]},
								"south": {"uv": [121, 158], "uv_size": [1, 2]},
								"west": {"uv": [124, 158], "uv_size": [1, 2]},
								"up": {"uv": [145, 161], "uv_size": [1, 1]},
								"down": {"uv": [146, 162], "uv_size": [1, -1]}
							}
						},
						{
							"origin": [-0.84131, 1.04894, 0.77031],
							"size": [0.10959, 1.08498, 0.27706],
							"pivot": [-0.70729, 1.59143, 0.90884],
							"rotation": [-17.5, 0, 0],
							"uv": {
								"north": {"uv": [114, 154], "uv_size": [1, 3]},
								"east": {"uv": [115, 154], "uv_size": [1, 3]},
								"south": {"uv": [116, 154], "uv_size": [1, 3]},
								"west": {"uv": [117, 154], "uv_size": [1, 3]},
								"up": {"uv": [147, 161], "uv_size": [1, 1]},
								"down": {"uv": [148, 162], "uv_size": [1, -1]}
							}
						},
						{
							"origin": [-0.84131, 1.39196, 0.42728],
							"size": [0.10959, 0.39893, 0.96311],
							"pivot": [-0.70729, 1.59143, 0.90884],
							"rotation": [-62.5, 0, 0],
							"uv": {
								"north": {"uv": [149, 161], "uv_size": [1, 1]},
								"east": {"uv": [125, 158], "uv_size": [2, 1]},
								"south": {"uv": [150, 161], "uv_size": [1, 1]},
								"west": {"uv": [127, 158], "uv_size": [2, 1]},
								"up": {"uv": [129, 158], "uv_size": [1, 2]},
								"down": {"uv": [130, 160], "uv_size": [1, -2]}
							}
						},
						{
							"origin": [-0.84131, 1.46509, 0.35416],
							"size": [0.10959, 0.25268, 1.10936],
							"pivot": [-0.70729, 1.59143, 0.90884],
							"rotation": [-62.5, 0, 0],
							"uv": {
								"north": {"uv": [151, 161], "uv_size": [1, 1]},
								"east": {"uv": [118, 154], "uv_size": [3, 1]},
								"south": {"uv": [152, 161], "uv_size": [1, 1]},
								"west": {"uv": [124, 154], "uv_size": [3, 1]},
								"up": {"uv": [121, 154], "uv_size": [1, 3]},
								"down": {"uv": [127, 157], "uv_size": [1, -3]}
							}
						},
						{
							"origin": [-0.84131, 1.39196, 0.42728],
							"size": [0.10959, 0.39893, 0.96311],
							"pivot": [-0.70729, 1.59143, 0.90884],
							"rotation": [-17.5, 0, 0],
							"uv": {
								"north": {"uv": [161, 152], "uv_size": [1, 1]},
								"east": {"uv": [134, 158], "uv_size": [2, 1]},
								"south": {"uv": [153, 161], "uv_size": [1, 1]},
								"west": {"uv": [136, 158], "uv_size": [2, 1]},
								"up": {"uv": [131, 158], "uv_size": [1, 2]},
								"down": {"uv": [138, 160], "uv_size": [1, -2]}
							}
						},
						{
							"origin": [-0.84131, 1.4529, 0.37853],
							"size": [0.10959, 0.27706, 1.06061],
							"pivot": [-0.70729, 1.59143, 0.90884],
							"rotation": [-17.5, 0, 0],
							"uv": {
								"north": {"uv": [161, 153], "uv_size": [1, 1]},
								"east": {"uv": [128, 154], "uv_size": [3, 1]},
								"south": {"uv": [154, 161], "uv_size": [1, 1]},
								"west": {"uv": [134, 154], "uv_size": [3, 1]},
								"up": {"uv": [131, 154], "uv_size": [1, 3]},
								"down": {"uv": [137, 157], "uv_size": [1, -3]}
							}
						},
						{
							"origin": [-0.84131, 1.10987, 0.70937],
							"size": [0.10959, 0.96311, 0.39893],
							"pivot": [-0.70729, 1.59143, 0.90884],
							"rotation": [-62.5, 0, 0],
							"uv": {
								"north": {"uv": [139, 158], "uv_size": [1, 2]},
								"east": {"uv": [142, 158], "uv_size": [1, 2]},
								"south": {"uv": [143, 158], "uv_size": [1, 2]},
								"west": {"uv": [144, 158], "uv_size": [1, 2]},
								"up": {"uv": [161, 154], "uv_size": [1, 1]},
								"down": {"uv": [155, 162], "uv_size": [1, -1]}
							}
						},
						{
							"origin": [-0.84131, 1.04894, 0.77031],
							"size": [0.10959, 1.08498, 0.27706],
							"pivot": [-0.70729, 1.59143, 0.90884],
							"rotation": [-62.5, 0, 0],
							"uv": {
								"north": {"uv": [138, 154], "uv_size": [1, 3]},
								"east": {"uv": [139, 154], "uv_size": [1, 3]},
								"south": {"uv": [140, 154], "uv_size": [1, 3]},
								"west": {"uv": [141, 154], "uv_size": [1, 3]},
								"up": {"uv": [161, 155], "uv_size": [1, 1]},
								"down": {"uv": [156, 162], "uv_size": [1, -1]}
							}
						},
						{
							"origin": [-0.24782, 1.77942, 0.15568],
							"size": [0.38155, 0.69652, 0.92115],
							"pivot": [-0.05704, 2.0097, 0.61625],
							"rotation": [0, -45, 0],
							"uv": {
								"north": {"uv": [72, 158], "uv_size": [1, 2]},
								"east": {"uv": [70, 154], "uv_size": [2, 2]},
								"south": {"uv": [73, 158], "uv_size": [1, 2]},
								"west": {"uv": [74, 154], "uv_size": [2, 2]},
								"up": {"uv": [74, 158], "uv_size": [1, 2]},
								"down": {"uv": [75, 160], "uv_size": [1, -2]}
							}
						}
					]
				},
				{
					"name": "ocular_ring",
					"pivot": [-0.00413, 4.3, 7.32359],
					"cubes": [
						{
							"origin": [-0.31618, 2.14426, 3.57969],
							"size": [0.52833, 0.09566, 0.10547],
							"pivot": [-0.05201, 1.60217, 3.32914],
							"rotation": [0, 0, 45],
							"uv": {
								"north": {"uv": [161, 156], "uv_size": [1, 1]},
								"east": {"uv": [157, 161], "uv_size": [1, 1]},
								"south": {"uv": [161, 157], "uv_size": [1, 1]},
								"west": {"uv": [158, 161], "uv_size": [1, 1]},
								"up": {"uv": [161, 158], "uv_size": [1, 1]},
								"down": {"uv": [159, 162], "uv_size": [1, -1]}
							}
						},
						{
							"origin": [-0.31618, 2.14426, 3.57969],
							"size": [0.52833, 0.09566, 0.10547],
							"uv": {
								"north": {"uv": [161, 159], "uv_size": [1, 1]},
								"east": {"uv": [160, 161], "uv_size": [1, 1]},
								"south": {"uv": [161, 160], "uv_size": [1, 1]},
								"west": {"uv": [161, 161], "uv_size": [1, 1]},
								"up": {"uv": [0, 162], "uv_size": [1, 1]},
								"down": {"uv": [1, 163], "uv_size": [1, -1]}
							}
						},
						{
							"origin": [-0.68977, 1.338, 3.57969],
							"size": [0.09566, 0.52833, 0.10547],
							"pivot": [-0.05201, 1.60217, 3.32914],
							"rotation": [0, 0, 45],
							"uv": {
								"north": {"uv": [2, 162], "uv_size": [1, 1]},
								"east": {"uv": [3, 162], "uv_size": [1, 1]},
								"south": {"uv": [4, 162], "uv_size": [1, 1]},
								"west": {"uv": [5, 162], "uv_size": [1, 1]},
								"up": {"uv": [6, 162], "uv_size": [1, 1]},
								"down": {"uv": [7, 163], "uv_size": [1, -1]}
							}
						},
						{
							"origin": [-0.68977, 1.338, 3.57969],
							"size": [0.09566, 0.52833, 0.10547],
							"uv": {
								"north": {"uv": [8, 162], "uv_size": [1, 1]},
								"east": {"uv": [9, 162], "uv_size": [1, 1]},
								"south": {"uv": [10, 162], "uv_size": [1, 1]},
								"west": {"uv": [11, 162], "uv_size": [1, 1]},
								"up": {"uv": [12, 162], "uv_size": [1, 1]},
								"down": {"uv": [13, 163], "uv_size": [1, -1]}
							}
						},
						{
							"origin": [-0.31618, 0.96441, 3.57969],
							"size": [0.52833, 0.09566, 0.10547],
							"pivot": [-0.05201, 1.60217, 3.32914],
							"rotation": [0, 0, 45],
							"uv": {
								"north": {"uv": [14, 162], "uv_size": [1, 1]},
								"east": {"uv": [15, 162], "uv_size": [1, 1]},
								"south": {"uv": [16, 162], "uv_size": [1, 1]},
								"west": {"uv": [17, 162], "uv_size": [1, 1]},
								"up": {"uv": [18, 162], "uv_size": [1, 1]},
								"down": {"uv": [19, 163], "uv_size": [1, -1]}
							}
						},
						{
							"origin": [-0.31618, 0.96441, 3.57969],
							"size": [0.52833, 0.09566, 0.10547],
							"uv": {
								"north": {"uv": [20, 162], "uv_size": [1, 1]},
								"east": {"uv": [21, 162], "uv_size": [1, 1]},
								"south": {"uv": [22, 162], "uv_size": [1, 1]},
								"west": {"uv": [23, 162], "uv_size": [1, 1]},
								"up": {"uv": [24, 162], "uv_size": [1, 1]},
								"down": {"uv": [25, 163], "uv_size": [1, -1]}
							}
						},
						{
							"origin": [0.49008, 1.338, 3.57969],
							"size": [0.09566, 0.52833, 0.10547],
							"pivot": [-0.05201, 1.60217, 3.32914],
							"rotation": [0, 0, 45],
							"uv": {
								"north": {"uv": [26, 162], "uv_size": [1, 1]},
								"east": {"uv": [27, 162], "uv_size": [1, 1]},
								"south": {"uv": [28, 162], "uv_size": [1, 1]},
								"west": {"uv": [29, 162], "uv_size": [1, 1]},
								"up": {"uv": [30, 162], "uv_size": [1, 1]},
								"down": {"uv": [31, 163], "uv_size": [1, -1]}
							}
						},
						{
							"origin": [0.49008, 1.338, 3.57969],
							"size": [0.09566, 0.52833, 0.10547],
							"uv": {
								"north": {"uv": [32, 162], "uv_size": [1, 1]},
								"east": {"uv": [33, 162], "uv_size": [1, 1]},
								"south": {"uv": [34, 162], "uv_size": [1, 1]},
								"west": {"uv": [35, 162], "uv_size": [1, 1]},
								"up": {"uv": [36, 162], "uv_size": [1, 1]},
								"down": {"uv": [37, 163], "uv_size": [1, -1]}
							}
						}
					]
				},
				{
					"name": "ocular",
					"pivot": [-0.15126, 1.60219, 3.53008],
					"cubes": [
						{
							"origin": [-0.27433, 1.06563, 3.50469],
							"size": [0.44464, 1.07327, 0.05077],
							"pivot": [-0.05201, 1.60217, 3.53008],
							"rotation": [0, 0, 45],
							"uv": {
								"north": {"uv": [144, 154], "uv_size": [1, 3]},
								"east": {"uv": [145, 154], "uv_size": [1, 3]},
								"south": {"uv": [146, 154], "uv_size": [1, 3]},
								"west": {"uv": [147, 154], "uv_size": [1, 3]},
								"up": {"uv": [38, 162], "uv_size": [1, 1]},
								"down": {"uv": [39, 163], "uv_size": [1, -1]}
							}
						},
						{
							"origin": [-0.27433, 1.06563, 3.50469],
							"size": [0.44464, 1.07327, 0.05077],
							"uv": {
								"north": {"uv": [148, 154], "uv_size": [1, 3]},
								"east": {"uv": [149, 154], "uv_size": [1, 3]},
								"south": {"uv": [150, 154], "uv_size": [1, 3]},
								"west": {"uv": [151, 154], "uv_size": [1, 3]},
								"up": {"uv": [40, 162], "uv_size": [1, 1]},
								"down": {"uv": [41, 163], "uv_size": [1, -1]}
							}
						},
						{
							"origin": [-0.58855, 1.37985, 3.50469],
							"size": [1.07327, 0.44464, 0.05077],
							"pivot": [-0.05201, 1.60217, 3.53008],
							"rotation": [0, 0, 45],
							"uv": {
								"north": {"uv": [154, 152], "uv_size": [3, 1]},
								"east": {"uv": [42, 162], "uv_size": [1, 1]},
								"south": {"uv": [154, 153], "uv_size": [3, 1]},
								"west": {"uv": [43, 162], "uv_size": [1, 1]},
								"up": {"uv": [154, 154], "uv_size": [3, 1]},
								"down": {"uv": [2, 156], "uv_size": [3, -1]}
							}
						},
						{
							"origin": [-0.58855, 1.37985, 3.50469],
							"size": [1.07327, 0.44464, 0.05077],
							"uv": {
								"north": {"uv": [5, 155], "uv_size": [3, 1]},
								"east": {"uv": [44, 162], "uv_size": [1, 1]},
								"south": {"uv": [14, 155], "uv_size": [3, 1]},
								"west": {"uv": [45, 162], "uv_size": [1, 1]},
								"up": {"uv": [25, 155], "uv_size": [3, 1]},
								"down": {"uv": [94, 156], "uv_size": [3, -1]}
							}
						},
						{
							"origin": [-0.58874, 1.37985, 3.50469],
							"size": [0.08051, 0.44464, 0.05077],
							"uv": {
								"north": {"uv": [46, 162], "uv_size": [1, 1]},
								"east": {"uv": [47, 162], "uv_size": [1, 1]},
								"south": {"uv": [48, 162], "uv_size": [1, 1]},
								"west": {"uv": [49, 162], "uv_size": [1, 1]},
								"up": {"uv": [50, 162], "uv_size": [1, 1]},
								"down": {"uv": [51, 163], "uv_size": [1, -1]}
							}
						}
					]
				},
				{
					"name": "views",
					"pivot": [0, 0, 0]
				},
				{
					"name": "scope_view",
					"parent": "views",
					"pivot": [-0.0625, 1.625, 6.5625]
				},
				{
					"name": "division",
					"pivot": [0.0148, -0.34621, -88.44079],
					"cubes": [
						{
							"origin": [-92.89375, -75.20312, -88.75],
							"size": [55.51875, 152.375, 0.25],
							"uv": {
								"south": {"uv": [0, 0], "uv_size": [67, 152]}
							}
						},
						{
							"origin": [37.40625, -75.20312, -88.75],
							"size": [56.05, 152.375, 0.25],
							"uv": {
								"south": {"uv": [67, 0], "uv_size": [67, 152]}
							}
						},
						{
							"origin": [-39.3125, 37.82813, -88.75],
							"size": [80.3125, 39.34375, 0.25],
							"uv": {
								"south": {"uv": [134, 52], "uv_size": [52, 50]}
							}
						},
						{
							"origin": [-37.96875, -75.20312, -88.75],
							"size": [75.9375, 38.84375, 0.25],
							"uv": {
								"south": {"uv": [134, 102], "uv_size": [52, 50]}
							}
						}
					]
				},
				{
					"name": "reticle",
					"parent": "division",
					"pivot": [-0.00832, 1.625, -88.3125],
					"cubes": [
						{
							"origin": [-1.02641, 0.60765, -88.3125],
							"size": [1.02, 1.02, 0],
							"pivot": [-0.01395, 1.62601, -88.3125],
							"rotation": [0, 0, -45],
							"uv": {
								"south": {"uv": [90, 154], "uv_size": [2, 2]}
							}
						},
						{
							"origin": [-0.73103, -31.73375, -88.3125],
							"size": [0.71685, 32.645, 0],
							"uv": {
								"south": {"uv": [90, 154], "uv_size": [2, 2]}
							}
						},
						{
							"origin": [-0.08856, -31.73375, -88.3125],
							"size": [0.80002, 32.645, 0],
							"uv": {
								"south": {"uv": [90, 154], "uv_size": [2, 2]}
							}
						}
					]
				},
				{
					"name": "reticle4",
					"parent": "division",
					"pivot": [-0.00832, 1.625, -88.3125],
					"rotation": [0, 0, 90]
				},
				{
					"name": "reticle2",
					"parent": "division",
					"pivot": [-0.00832, 1.625, -88.3125],
					"rotation": [0, 0, -90],
					"cubes": [
						{
							"origin": [-0.58646, -31.79625, -88.3125],
							"size": [1.17502, 29.67625, 0],
							"uv": {
								"south": {"uv": [92, 154], "uv_size": [-2, 2]}
							}
						},
						{
							"origin": [-0.58646, -31.79625, -88.3125],
							"size": [1.17502, 29.67625, 0],
							"pivot": [0, 1.59375, 0],
							"rotation": [0, 0, -180],
							"uv": {
								"south": {"uv": [92, 154], "uv_size": [-2, 2]}
							}
						}
					]
				}
			]
		}
	]
}