{
  "weight": 8.0,
  "movement_speed": {
    "base": 0.0,
    "aim": -0.15,
    "reload": -0.1
  },
  "ammo": "tacz:762x39",
  "ammo_amount": 30,
  "extended_mag_ammo_amount": [
    35,
    40,
    45
  ],
  "bolt": "closed_bolt",
  "rpm": 600,
  "bullet": {
    "life": 0.4,
    "bullet_amount": 1,
    "damage": 7.6,
    "tracer_count_interval": 0,
    "extra_damage": {
      "armor_ignore": 0.0,
      "head_shot_multiplier": 1.5,
      "damage_adjust": [
        {"distance": 35, "damage": 7.6},
        {"distance": 65, "damage": 7.2},
        {"distance": 90, "damage": 6.7},
        {"distance": "infinite", "damage": 6.5}
      ]
    },
    "speed": 350,
    "gravity": 0.0245,
    "knockback": 0,
    "friction": 0.01,
    "ignite": false,
    "ignite_entity_time": 2,
    "pierce": 1
  },
  "reload": {
    "type": "magazine",
    "feed": {
      "empty": 2.25,
      "tactical": 1.55
    },
    "cooldown": {
      "empty": 2.6,
      "tactical": 2.0
    }
  },
  "draw_time": 0.5,
  "put_away_time": 0.4,
  "aim_time": 0.15,
  "sprint_time": 0.25,
  "fire_mode": [
    "auto",
    "semi"
  ],
  "burst_data": {
    "continuous_shoot": true,
    "count": 3,
    "bpm": 900,
    "min_interval": 0.3
  },
  "recoil": {
    "pitch": [
      {"time": 0, "value": [1.2, 1.2]},
      {"time": 0.2, "value": [1.2, 1.2]},
      {"time": 0.45, "value": [0.15, 0.15]},
      {"time": 0.8, "value": [0.45, 0.45]}
    ],
    "yaw": [
      {"time": 0, "value": [-0.45, 0.45]},
      {"time": 0.2, "value": [0, 0.05]},
      {"time": 0.45, "value": [-0.2, 0.15]}
    ]
  },
  "hurt_bob_tweak_multiplier": 0.05,
  "inaccuracy": {
    "stand": 0.35,
    "move": 1.45,
    "sneak": 0.2,
    "lie": 0.2,
    "aim": 0.05
  },
  "melee": {
    "distance": 0,
    "cooldown": 0.5
  },
  "builtin_attachments": {
    "stock": "tacz:oem_stock_tactical"
  },
  "allow_attachment_types": [
    "scope",
    "stock",
    "muzzle",
    "extended_mag"
  ]
}