{
  "weight": 7.0,
  "movement_speed": {
    "base": 0.0,
    "aim": -0.15,
    "reload": -0.05
  },
  "ammo": "tacz:12g",
  "rpm": 120,
  "bullet": {
    "life": 0.4,
    "bullet_amount": 10,
    "damage": 22,
    "tracer_count_interval": 0,
    "extra_damage": {
      "armor_ignore": 0.0,
      "head_shot_multiplier": 1.5,
      "damage_adjust": [
        {"distance": 5, "damage": 22},
        {"distance": 10, "damage": 18},
        {"distance": 15, "damage": 12},
        {"distance": "infinite", "damage": 10}
      ]
    },
    "speed": 120,
    "gravity": 0.0245,
    "knockback": 0,
    "friction": 0.012,
    "ignite": false,
    "pierce": 1
  },
  "ammo_amount": 2,
  "bolt": "open_bolt",
  "reload": {
    "type": "magazine",
    "feed": {
      "empty": 1.83,
      "tactical": 1.23
    },
    "cooldown": {
      "empty": 2.3,
      "tactical": 1.6
    }
  },
  "draw_time": 0.3,
  "put_away_time": 0.3,
  "aim_time": 0.15,
  "sprint_time": 0.25,
  "fire_mode": [
    "semi",
    "burst"
  ],
  "burst_data": {
    "continuous_shoot": false,
    "count": 2,
    "bpm": 600,
    "min_interval": 1
  },
  "allow_attachment_types": [],
  "recoil": {
    "pitch": [
      {"time": 0, "value": [3.25, 3.25]},
      {"time": 0.25, "value": [3.25, 3.25]},
      {"time": 0.6, "value": [0.25, 0.25]},
      {"time": 0.9, "value": [0.45, 0.45]}
    ],
    "yaw": [
      {"time": 0, "value": [-1.5, 1.5]},
      {"time": 0.3, "value": [0, 0]},
      {"time": 0.6, "value": [0, 0]}
    ]
  },
  "inaccuracy": {
    "stand": 5.2,
    "move": 5.45,
    "sneak": 5.0,
    "lie": 5.0,
    "aim": 4.9
  }
}