{
  "weight": 2.0,
  "movement_speed": {
    "base": 0.0,
    "aim": -0.05,
    "reload": -0.1
  },
  "ammo": "tacz:46x30",
  "rpm": 900,
  "bullet": {
    "life": 0.35,
    "bullet_amount": 1,
    "damage": 5.8,
    "tracer_count_interval": 0,
    "extra_damage": {
      "armor_ignore": 0.0,
      "head_shot_multiplier": 1.5,
      "damage_adjust": [
        {"distance": 15, "damage": 5.8},
        {"distance": 30, "damage": 5.2},
        {"distance": 45, "damage": 4.4},
        {"distance": "infinite", "damage": 3.8}
      ]
    },
    "speed": 180,
    "gravity": 0.15,
    "knockback": 0,
    "friction": 0.025,
    "ignite": false,
    "pierce": 1
  },
  "ammo_amount": 30,
  "extended_mag_ammo_amount": [
    45,
    50,
    60
  ],
  "bolt": "closed_bolt",
  "reload": {
    "type": "magazine",
    "feed": {
      "empty": 1.83,
      "tactical": 1.23
    },
    "cooldown": {
      "empty": 2.4,
      "tactical": 1.87
    }
  },
  "draw_time": 0.6,
  "put_away_time": 0.43,
  "aim_time": 0.15,
  "sprint_time": 0.10,
  "fire_mode": [
    "auto"
  ],
  "allow_attachment_types": [
    "scope",
    "muzzle",
    "laser",
    "extended_mag"
  ],
  "recoil": {
    "pitch": [
      {"time": 0, "value": [0.35, 0.35]},
      {"time": 0.3, "value": [0.35, 0.35]},
      {"time": 0.55, "value": [-0.15, -0.15]},
      {"time": 0.7, "value": [0, 0]}
    ],
    "yaw": [
      {"time": 0, "value": [-0.15, 0.15]},
      {"time": 0.3, "value": [-0.15, 0.15]},
      {"time": 0.55, "value": [0, 0]}
    ]
  },
  "inaccuracy": {
    "stand": 0.35,
    "move": 0.65,
    "sneak": 0.25,
    "lie": 0.25,
    "aim": 0.1
  },
  // 近战相关
  "melee": {
    // 枪械距离参数，用来延升近战攻击范围
    // 会与刺刀等配件的距离做加和
    "distance": 1,
    // 使用时的冷却时间
    // 会与刺刀等配件的冷却时间做加和
    "cooldown": 0.6
  }
}