{
  "ammo": "tacz:556x45",
  "ammo_amount": 20,
  "extended_mag_ammo_amount": [
    25,
    38,
    45
  ],
  "bolt": "closed_bolt",
  "rpm": 600,
  "bullet": {
    "life": 0.4,
    "bullet_amount": 1,
    "damage": 6.4,
    "tracer_count_interval": 0,
    "extra_damage": {
      "armor_ignore": 0.0,
      "head_shot_multiplier": 1.5,
      "damage_adjust": [
        {"distance": 40, "damage": 6.4},
        {"distance": 70, "damage": 6.0},
        {"distance": 100, "damage": 5.5},
        {"distance": "infinite", "damage": 4.8}
      ]
    },
    "speed": 350,
    "gravity": 0.15,
    "knockback": 0,
    "friction": 0.0125,
    "ignite": false,
    "pierce": 1,
    "explosion": {
      "explode": false,
      "damage": 6,
      "radius": 0.3,
      "knockback": true,
      "delay": 30
    }
  },
  "reload": {
    "type": "magazine",
    "feed": {
      "empty": 1.87,
      "tactical": 1.40
    },
    "cooldown": {
      "empty": 2.2,
      "tactical": 1.87
    }
  },
  "draw_time": 0.3,
  "put_away_time": 0.43,
  "aim_time": 0.17,
  "weight": 3.5,
  "sprint_time": 0.18,
  "fire_mode": [
    "semi"
  ],
  "recoil": {
    "pitch": [
      {"time": 0, "value": [1.75, 1.75]},
      {"time": 0.05, "value": [1.75, 1.75]},
      {"time": 0.25, "value": [-0.35, -0.25]},
      {"time": 0.5, "value": [0, 0]},
      {"time": 0.7, "value": [0.15, 0.25]},
      {"time": 0.9, "value": [0, 0]}
    ],
    "yaw": [
      {"time": 0, "value": [-0.55, 0.35]},
      {"time": 0.05, "value": [-0.55, 0.35]},
      {"time": 0.25, "value": [0, 0]}
    ]
  },
  "inaccuracy": {
    "stand": 1.25,
    "move": 2.5,
    "sneak": 1.2,
    "lie": 1,
    "aim": 0.075
  },
  // 近战相关
  "melee": {
    "distance": 1,
    "cooldown": 0.6
  },
  "allow_attachment_types": [
    "scope",
    "muzzle",
    "grip",
    "laser",
    "extended_mag",
    "stock"
  ]
}