{
  "ammo": "wsp:792x57",
  "ammo_amount": 10,
  "extended_mag_ammo_amount": [
    20,
    23,
    24

  ],
  "bolt": "closed_bolt",
  "rpm": 500,
  "bullet": {
    "life": 1,
    "bullet_amount": 1,
    "damage": 15,
    "tracer_count_interval": 0,
    "extra_damage": {
      "armor_ignore": 0.6,
      "head_shot_multiplier": 1.5,
      "damage_adjust": [
        {"distance": 35, "damage": 15},
        {"distance": 80, "damage": 12},
        {"distance": "infinite", "damage": 4.5}
      ]
    },
    "speed": 300,
    "gravity": 0.15,
    "knockback": 0,
    "friction": 0.018,
    "ignite": false,
    "pierce": 1
  },
  "reload": {
    "type": "magazine",
    "feed": {
      "empty": 2.38,
      "tactical": 1.7
    },
    "cooldown": {
      "empty": 3.58,
      "tactical": 2.54
    }
  },
  "draw_time": 1.0,
  "put_away_time": 1.633,
  "aim_time": 0.12,
  "sprint_time": 0.11,
  "weight": 4.5,
  "movement_speed": {
    "base": 0.0,
    "aim": -0.15,
    "reload": -0.1
  },
  "crawl_recoil_multiplier": 0.5,
  "fire_mode": [
    "semi",
    "auto"
  ],
  "recoil": {
    "pitch": [
      {"time": 0, "value": [1.25, 1.25]},
      {"time": 0.15, "value": [1.5, 1.5]},
      {"time": 0.55, "value": [-0.225, -0.225]},
      {"time": 0.7, "value": [0, 0]},
      {"time": 0.8, "value": [0, 0]}
    ],
    "yaw": [
      {"time": 0, "value": [-0.35, 0.25]},
      {"time": 0.25, "value": [-0.35, 0.25]},
      {"time": 0.7, "value": [0, 0]}
    ]
  },
  "inaccuracy": {
    "stand": 4,
    "move": 5,
    "sneak": 3.5,
    "lie": 3,
    "aim": 0.1
  },
  "melee": {
    "distance": 1,
    "cooldown": 0.6,
    "default": {
      "animation_type": "melee_stock",
      "distance": 1,
      "range_angle": 30,
      "damage": 2,
      "knockback": 0.5,
      "prep": 0.1
    }
  },
  "allow_attachment_types": [
    "scope",
    "extended_mag",
    "grip",
    "muzzle"
  ],
  "exclusive_attachments": {
  }
}