{
  "ammo": "tacz:9mm",
  "ammo_amount": 20,
  "extended_mag_ammo_amount": [
    23,
    24,
    25

  ],
  "bolt": "closed_bolt",
  "rpm": 600,
  "bullet": {
    "life": 1,
    "bullet_amount": 1,
    "damage": 8,
    "tracer_count_interval": 0,
    "extra_damage": {
      "armor_ignore": 0.1,
      "head_shot_multiplier": 1.5,
      "damage_adjust": [
        {"distance": 18, "damage": 8},
        {"distance": 40, "damage": 7},
        {"distance": 65, "damage": 6},
        {"distance": "infinite", "damage": 5}
      ]
    },
    "speed": 200,
    "gravity": 0.15,
    "knockback": 0,
    "friction": 0.02,
    "ignite": false,
    "pierce": 1
  },
  "reload": {
    "type": "magazine",
    "feed": {
      "empty": 1.7,
      "tactical": 1.08
    },
    "cooldown": {
      "empty": 2.7,
      "tactical": 1.87
    }
  },
  "draw_time": 1.25,
  "put_away_time": 0.75,
  "aim_time": 0.12,
  "sprint_time": 0.1,
  "weight": 0.3,
  "movement_speed": {
    "base": 0.0,
    "aim": -0.15,
    "reload": 0
  },
  "crawl_recoil_multiplier": 0.75,
  "fire_mode": [
    "burst",
    "semi"
  ],
  "fire_mode_adjust": {
     "semi": {
       "damage": 2,
       "rpm": 0,
       "speed": 0,
       "knockback": 0.1,
       "armor_ignore": 0.1,
       "head_shot_multiplier": 1.5,
       "aim_inaccuracy": -0.2,
       "other_inaccuracy": -0.2
     }
  },
  "burst_data": {
    "continuous_shoot": false,
    "count": 3,
    "bpm": 600,
    "min_interval": 0.75
  },
  "recoil": {
    "pitch": [
      {"time": 0, "value": [0.95, 0.95]},
      {"time": 0.4, "value": [0.95, 0.95]},
      {"time": 0.65, "value": [-0.225, -0.225]},
      {"time": 0.85, "value": [0.125, 0.125]},
      {"time": 1.1, "value": [0, 0]},
      {"time": 1.2, "value": [0, 0]}
    ],
    "yaw": [
      {"time": 0, "value": [-0.3, 0.3]},
      {"time": 0.5, "value": [0, 0]}
    ]
  },
  "inaccuracy": {
    "stand": 3.5,
    "move": 4.5,
    "sneak": 2.5,
    "lie": 1.8,
    "aim": 0.175
  },
  "allow_attachment_types": [
  ],
  "exclusive_attachments": {
  }
}