{
  "ammo": "wsp:spare_panzerfaust",
  "rpm": 150,
  "ammo_amount": 1,
  "bolt": "open_bolt",
  "bullet": {
    "life": 3,
    "bullet_amount": 1,
    "damage": 80,
    "extra_damage": {
      "armor_ignore": 0.9,
      "head_shot_multiplier": 1
    },
    "speed": 30,
    "gravity": 0.05,
    "knockback": 0,
    "friction": 0.005,
    "ignite": false,
    "pierce": 0,
    "explosion": {
      "explode": true,
      "damage": 200,
      "radius": 4,
      "knockback": true,
      "destroy_block": false,
      "delay": 45
    }
  },
  "allow_attachment_types": [
  ],
  "reload": {
    "type": "magazine",
    "feed": {
      "empty": 2.71,
      "tactical": 2.71
    },
    "cooldown": {
      "empty": 3,
      "tactical": 3
    }
  },
  "draw_time": 1.75,
  "put_away_time": 2,
  "aim_time": 0.2,
  "sprint_time": 0.2,
  "weight": 12,
  "movement_speed": {
    "base": 0.0,
    "aim": -0.25,
    "reload": -0.2
  },
  "crawl_recoil_multiplier": 0.5,
  "fire_mode": [
    "semi"
  ],
  "recoil": {
    "pitch": [
      {
        "time": 0,
        "value": [ 2.5, 2.5 ]
      },
      {
        "time": 0.3,
        "value": [ 2.5, 2.5 ]
      },
      {
        "time": 0.55,
        "value": [ -0.75, -0.75 ]
      },
      {
        "time": 0.8,
        "value": [ 0.25, 0.25 ]
      },
      {
        "time": 1.2,
        "value": [ 0, 0 ]
      },
      {
        "time": 1.4,
        "value": [ 0, 0 ]
      }
    ],
    "yaw": [
      {
        "time": 0,
        "value": [ -0.4, 0.4 ]
      },
      {
        "time": 0.55,
        "value": [ 0, 0 ]
      }
    ]
  },
  "inaccuracy": {
    "stand": 3,
    "move": 8,
    "sneak": 2,
    "lie": 1.5,
    "aim": 0.25
  },
  "melee": {
    "distance": 1,
    "cooldown": 1.5,
    "default": {
      "animation_type": "melee_stock",
      "distance": 1.5,
      "range_angle": 30,
      "damage": 5,
      "knockback": 0.75,
      "prep": 0.1
    }
  }
}