{
  "ammo": "tacz:9mm",
  "ammo_amount": 32,
  "extended_mag_ammo_amount": [
    50,
    75,
    100

  ],
  "bolt": "open_bolt",
  "rpm": 500,
  "bullet": {
    "life": 1,
    "bullet_amount": 1,
    "damage": 7,
    "tracer_count_interval": 0,
    "extra_damage": {
      "armor_ignore": 0.1,
      "head_shot_multiplier": 1.5,
      "damage_adjust": [
        {"distance": 18, "damage": 7},
        {"distance": 40, "damage": 6},
        {"distance": 65, "damage": 5},
        {"distance": "infinite", "damage": 4}
      ]
    },
    "speed": 200,
    "gravity": 0.15,
    "knockback": 0,
    "friction": 0.02,
    "ignite": false,
    "pierce": 1
  },
  "heat":  {
    // 过热上限
    "max": 165,
    // 每发子弹过热值
    "per_shot": 11,
    // 冷却倍率，过热值的减少速度会随着时间增加
    // t时间(秒)内可以冷却的过热值可以参考: max = cooling_multiplier * t^2
    "cooling_multiplier": 22,
    // 冷却延迟，ms
    "cooling_delay": 1,
    // 完全过热后，开始过热的延迟时间，ms
    "over_heat_time": 1,
    // 以下将在使用过热进度(0-1)在最小值和最大值之间线性插值，然后与原始数值相乘
    // 最小不准确度影响
    "min_inaccuracy": 1,
    // 最大不准确度影响
    "max_inaccuracy": 1,
    // 最小射速影响
    "min_rpm_mod": 1,
    // 最大射速影响
    "max_rpm_mod": 1
  },
  "reload": {
    "type": "magazine",
    "feed": {
      "empty": 2.6,
      "tactical": 1.8
    },
    "cooldown": {
      "empty": 2.68,
      "tactical": 2.1
    }
  },
  "draw_time": 0.6,
  "put_away_time": 0.733,
  "aim_time": 0.12,
  "sprint_time": 0.11,
  "weight": 0.3,
  "movement_speed": {
    "base": 0.0,
    "aim": -0.15,
    "reload": -0.1
  },
  "crawl_recoil_multiplier": 0.5,
  "fire_mode": [
    "auto",
    "semi"
  ],
  "recoil": {
    "pitch": [
      {"time": 0, "value": [0.55, 0.55]},
      {"time": 0.3, "value": [0.55, 0.55]},
      {"time": 0.5, "value": [-0.125, -0.125]},
      {"time": 0.65, "value": [0, 0]}
    ],
    "yaw": [
      {"time": 0, "value": [-0.35, 0.25]},
      {"time": 0.3, "value": [-0.35, 0.25]},
      {"time": 0.5, "value": [0, 0]}
    ]
  },
  "inaccuracy": {
    "stand": 3.5,
    "move": 4.5,
    "sneak": 2.5,
    "lie": 1.8,
    "aim": 0.175
  },
  "melee": {
    "distance": 1,
    "cooldown": 0.6,
    "default": {
      "animation_type": "melee_stock",
      "distance": 1,
      "range_angle": 30,
      "damage": 2,
      "knockback": 0.5,
      "prep": 0.1
    }
  },
  "allow_attachment_types": [
    "extended_mag",
    "grip"
  ],
  "exclusive_attachments": {
  }
}