{
  "ammo": "wsp:765x53",
  "ammo_amount": 45,
  "extended_mag_ammo_amount": [
    53,
    53,
    53
  ],
  "bolt": "closed_bolt",
  "rpm": 600,
  "bullet": {
    "life": 0.8,
    "bullet_amount": 1,
    "damage": 10,
    "tracer_count_interval": 0,
    "extra_damage": {
      "armor_ignore": 0.3,
      "head_shot_multiplier": 1.5,
      "damage_adjust": [
        {"distance": 40, "damage": 10},
        {"distance": 80, "damage": 9},
        {"distance": "infinite", "damage": 8.5}
      ]
    },
    "speed": 300,
    "gravity": 0.15,
    "knockback": 0,
    "friction": 0.015,
    "ignite": false,
    "pierce": 2
  },
  "reload": {
    "type": "magazine",
    "feed": {
      "empty": 2.75,
      "tactical": 1.75
    },
    "cooldown": {
      "empty": 3.15,
      "tactical": 2.05
    }
  },
  "draw_time": 0.9,
  "put_away_time": 0.88,
  "aim_time": 0.1,
  "sprint_time": 0.2,
  "weight": 4.3,
  "movement_speed": {
    "base": 0.0,
    "aim": -0.2,
    "reload": -0.1
  },
  "crawl_recoil_multiplier": 0.5,
  "fire_mode": [
    "semi",
    "auto"
  ],
  "fire_mode_adjust": {
    "semi": {
      // 加算，全自动模式的开火数值调整，如无调整可不写
      "damage": 4,
      "rpm": -350,
      "speed": 50,
      "knockback": 0,
      "armor_ignore": 0.3,
      "head_shot_multiplier": 0.25,
      "aim_inaccuracy": -0.1,
      "other_inaccuracy": -0.7
    }
  },
  "recoil": {
    "pitch": [
      {"time": 0, "value": [1.25, 1.25]},
      {"time": 0.15, "value": [1.5, 1.5]},
      {"time": 0.55, "value": [-0.225, -0.225]},
      {"time": 0.7, "value": [0, 0]},
      {"time": 0.8, "value": [0, 0]}
    ],
    "yaw": [
      {"time": 0, "value": [-0.3, 0.15]},
      {"time": 0.25, "value": [-0.3, 0.15]},
      {"time": 0.7, "value": [0, 0]}
    ]
  },
  "inaccuracy": {
    "stand": 3,
    "move": 4,
    "sneak": 2,
    "lie": 1,
    "aim": 0.1
  },
  // 近战相关
  "melee": {
    // 枪械距离参数，用来延升近战攻击范围
    // 会与刺刀等配件的距离做加和
    "distance": 2,
    // 使用时的冷却时间
    "cooldown": 1.1,
    // 默认近战数据，会被配件的数据替换掉
    "default": {
      // 动画类型：没有枪托的为 melee_push，有枪托的为 melee_stock
      "animation_type": "melee_stock",
      // 刺刀距离参数，枪械里还有个刺刀攻击距离参数，两者做加和
      "distance": 2,
      // 刺刀范围角度
      "range_angle": 40,
      // 伤害值
      "damage": 5,
      // 击退效果
      "knockback": 0.6,
      // 前摇时长，单位：秒
      "prep": 0.2
    }
  },
  "allow_attachment_types": [
    "grip",
    "extended_mag"
  ],
  "exclusive_attachments": {
  }
}