{
  "type": "tacz:gun_smith_table_crafting",
  "materials": [
    {
      "item": {
        "type": "forge:partial_nbt",
        "item": "tacz:modern_kinetic_gun",
        "nbt": {
          "GunId": "cyber_armorer:mantis_blade"
        }
      },
      "count": 1
    },
    {
      "item": {
        "type": "forge:partial_nbt",
        "item": "tacz:ammo",
        "nbt": {
          "AmmoId": "cyber_armorer:material_4"
        }
      },
      "count": 2
    },
    {
      "item": {
        "type": "forge:partial_nbt",
        "item": "tacz:ammo",
        "nbt": {
          "AmmoId": "cyber_armorer:material_3"
        }
      },
      "count": 4
    },
    {
      "item": {
        "item": "minecraft:zombie_head"
       },
      "count": 1
    },
    {
      "item": {
        "tag": "forge:dyes/blue"
       },
      "count": 4
    }
  ],
  "result": {
    "type": "gun",
    "id": "cyber_armorer:mantis_blade_maxtac",
    "nbt": {
      "GunCurrentAmmoCount": 1
    }
  }
}