{
	"format_version": "1.12.0",
	"minecraft:geometry": [
		{
			"description": {
				"identifier": "geometry.uzi_stock - Converted",
				"texture_width": 64,
				"texture_height": 64,
				"visible_bounds_width": 4,
				"visible_bounds_height": 2.5,
				"visible_bounds_offset": [0, 0.75, 0]
			},
			"bones": [
				{
					"name": "root",
					"pivot": [0, 6, 3]
				},
				{
					"name": "mag_and_lefthand",
					"parent": "root",
					"pivot": [0, 1.7, 2.6]
				},
				{
					"name": "lefthand",
					"parent": "mag_and_lefthand",
					"pivot": [-6, 19, 0]
				},
				{
					"name": "lefthand_pos",
					"parent": "lefthand",
					"pivot": [0, 8, 0],
					"cubes": [
						{
							"origin": [-8, 8, -2],
							"size": [4, 12, 4],
							"uv": {
								"north": {"uv": [0, 0], "uv_size": [4, 12]},
								"east": {"uv": [4, 0], "uv_size": [4, 12]},
								"south": {"uv": [8, 0], "uv_size": [4, 12]},
								"west": {"uv": [0, 12], "uv_size": [4, 12]},
								"up": {"uv": [12, 0], "uv_size": [4, 4]},
								"down": {"uv": [4, 16], "uv_size": [4, -4]}
							}
						}
					]
				},
				{
					"name": "mag_and_bullet",
					"parent": "mag_and_lefthand",
					"pivot": [0, -1.54953, 5.00288]
				},
				{
					"name": "bullet_in_mag",
					"parent": "mag_and_bullet",
					"pivot": [0, 4.86677, 2.31678],
					"cubes": [
						{
							"origin": [-0.375, 5.86989, 1.89913],
							"size": [0.75, 0.75, 2.48015],
							"uv": {
								"north": {"uv": [31, 41], "uv_size": [1, 1]},
								"east": {"uv": [7, 33], "uv_size": [2.5, 1]},
								"south": {"uv": [32, 41], "uv_size": [1, 1]},
								"west": {"uv": [33, 8], "uv_size": [2.5, 1]},
								"up": {"uv": [33, 14], "uv_size": [1, 2.5]},
								"down": {"uv": [16, 35.5], "uv_size": [1, -2.5]}
							}
						},
						{
							"origin": [-0.4375, 5.80739, 4.37928],
							"size": [0.875, 0.875, 0.125],
							"uv": {
								"north": {"uv": [29, 41], "uv_size": [1, 1]},
								"east": {"uv": [16, 45], "uv_size": [0.5, 1]},
								"south": {"uv": [30, 41], "uv_size": [1, 1]},
								"west": {"uv": [45, 16], "uv_size": [0.5, 1]},
								"up": {"uv": [17, 45], "uv_size": [1, 0.5]},
								"down": {"uv": [45, 17.5], "uv_size": [1, -0.5]}
							}
						}
					]
				},
				{
					"name": "mag_standard",
					"parent": "mag_and_bullet",
					"pivot": [-0.625, 5.86677, 3.35796],
					"cubes": [
						{
							"origin": [-0.6375, -1.41794, 2.6355],
							"size": [1.275, 7, 2.5],
							"pivot": [-0.0125, 4.20706, 4.1355],
							"rotation": [23.5, 0, 0],
							"uv": {
								"north": {"uv": [2, 21], "uv_size": [1.5, 7]},
								"east": {"uv": [10, 6], "uv_size": [2.5, 7]},
								"south": {"uv": [4, 21], "uv_size": [1.5, 7]},
								"west": {"uv": [13, 6], "uv_size": [2.5, 7]},
								"up": {"uv": [27, 25], "uv_size": [1.5, 2.5]},
								"down": {"uv": [0, 30.5], "uv_size": [1.5, -2.5]}
							}
						},
						{
							"origin": [-0.625, 5.58206, 2.6355],
							"size": [1.25, 0.91419, 0.3975],
							"pivot": [0, 4.20706, 4.1355],
							"rotation": [23.5, 0, 0],
							"uv": {
								"north": {"uv": [25, 35], "uv_size": [1.5, 1]},
								"east": {"uv": [15, 45], "uv_size": [0.5, 1]},
								"south": {"uv": [35, 25], "uv_size": [1.5, 1]},
								"west": {"uv": [45, 15], "uv_size": [0.5, 1]},
								"up": {"uv": [43, 0], "uv_size": [1.5, 0.5]},
								"down": {"uv": [43, 1.5], "uv_size": [1.5, -0.5]}
							}
						},
						{
							"origin": [-0.625, -2.2902, 4.64157],
							"size": [1.25, 0.87226, 0.49393],
							"pivot": [0, 4.20706, 4.1355],
							"rotation": [23.5, 0, 0],
							"uv": {
								"north": {"uv": [35, 5], "uv_size": [1.5, 1]},
								"east": {"uv": [44, 2], "uv_size": [0.5, 1]},
								"south": {"uv": [7, 35], "uv_size": [1.5, 1]},
								"west": {"uv": [3, 44], "uv_size": [0.5, 1]},
								"up": {"uv": [41, 34], "uv_size": [1.5, 0.5]},
								"down": {"uv": [41, 36.5], "uv_size": [1.5, -0.5]}
							}
						},
						{
							"origin": [-0.625, -1.54953, 5.00288],
							"size": [1.25, 1, 2.1875],
							"uv": {
								"north": {"uv": [34, 24], "uv_size": [1.5, 1]},
								"east": {"uv": [34, 15], "uv_size": [2, 1]},
								"south": {"uv": [5, 35], "uv_size": [1.5, 1]},
								"west": {"uv": [34, 16], "uv_size": [2, 1]},
								"up": {"uv": [32, 0], "uv_size": [1.5, 2]},
								"down": {"uv": [2, 34], "uv_size": [1.5, -2]}
							}
						},
						{
							"origin": [-0.625, 4.86989, 2.21163],
							"size": [1.25, 0.99687, 2.29265],
							"uv": {
								"north": {"uv": [21, 35], "uv_size": [1.5, 1]},
								"east": {"uv": [33, 3], "uv_size": [2.5, 1]},
								"south": {"uv": [23, 35], "uv_size": [1.5, 1]},
								"west": {"uv": [33, 4], "uv_size": [2.5, 1]},
								"up": {"uv": [31, 17], "uv_size": [1.5, 2.5]},
								"down": {"uv": [31, 22.5], "uv_size": [1.5, -2.5]}
							}
						},
						{
							"origin": [0.5, 5.86677, 2.21163],
							"size": [0.125, 0.5, 2.29265],
							"pivot": [0.625, 5.86677, 3.35796],
							"rotation": [0, 0, -22.5],
							"uv": {
								"north": {"uv": [48, 37], "uv_size": [0.5, 0.5]},
								"east": {"uv": [39, 3], "uv_size": [2.5, 0.5]},
								"south": {"uv": [38, 48], "uv_size": [0.5, 0.5]},
								"west": {"uv": [39, 4], "uv_size": [2.5, 0.5]},
								"up": {"uv": [39, 38], "uv_size": [0.5, 2.5]},
								"down": {"uv": [40, 2.5], "uv_size": [0.5, -2.5]}
							}
						},
						{
							"origin": [-0.625, 5.86677, 2.21163],
							"size": [0.125, 0.5, 2.29265],
							"pivot": [-0.625, 5.86677, 3.35796],
							"rotation": [0, 0, 22.5],
							"uv": {
								"north": {"uv": [48, 38], "uv_size": [0.5, 0.5]},
								"east": {"uv": [40, 5], "uv_size": [2.5, 0.5]},
								"south": {"uv": [39, 48], "uv_size": [0.5, 0.5]},
								"west": {"uv": [40, 8], "uv_size": [2.5, 0.5]},
								"up": {"uv": [40, 9], "uv_size": [0.5, 2.5]},
								"down": {"uv": [40, 14.5], "uv_size": [0.5, -2.5]}
							}
						}
					]
				},
				{
					"name": "mag_extended_1",
					"parent": "mag_and_bullet",
					"pivot": [-0.625, 5.86677, 3.35796],
					"cubes": [
						{
							"origin": [-0.625, -5.41794, 2.6355],
							"size": [1.25, 11, 2.5],
							"inflate": 0.001,
							"pivot": [0, 4.20706, 4.1355],
							"rotation": [23.5, 0, 0],
							"uv": {
								"north": {"uv": [38, 25], "uv_size": [1.5, 11]},
								"east": {"uv": [48, 13], "uv_size": [2.5, 11]},
								"south": {"uv": [17, 48], "uv_size": [1.5, 11]},
								"west": {"uv": [14, 48], "uv_size": [2.5, 11]},
								"up": {"uv": [11, 38], "uv_size": [1.5, 2.5]},
								"down": {"uv": [13, 40.5], "uv_size": [1.5, -2.5]}
							}
						},
						{
							"origin": [-0.625, 5.58206, 2.6355],
							"size": [1.25, 0.91419, 0.3975],
							"pivot": [0, 4.20706, 4.1355],
							"rotation": [23.5, 0, 0],
							"uv": {
								"north": {"uv": [38, 36], "uv_size": [1.5, 1]},
								"east": {"uv": [10, 39], "uv_size": [0.5, 1]},
								"south": {"uv": [38, 37], "uv_size": [1.5, 1]},
								"west": {"uv": [39, 14], "uv_size": [0.5, 1]},
								"up": {"uv": [32, 39], "uv_size": [1.5, 0.5]},
								"down": {"uv": [6, 40.5], "uv_size": [1.5, -0.5]}
							}
						},
						{
							"origin": [-0.625, -5.95844, 6.23657],
							"size": [1.25, 0.87226, 0.49393],
							"pivot": [0, 0.53882, 5.7305],
							"rotation": [23.5, 0, 0],
							"uv": {
								"north": {"uv": [0, 39], "uv_size": [1.5, 1]},
								"east": {"uv": [39, 15], "uv_size": [0.5, 1]},
								"south": {"uv": [2, 39], "uv_size": [1.5, 1]},
								"west": {"uv": [39, 16], "uv_size": [0.5, 1]},
								"up": {"uv": [8, 40], "uv_size": [1.5, 0.5]},
								"down": {"uv": [15, 40.5], "uv_size": [1.5, -0.5]}
							}
						},
						{
							"origin": [-0.625, -5.21777, 6.59787],
							"size": [1.25, 1, 2.1875],
							"inflate": -0.001,
							"uv": {
								"north": {"uv": [4, 39], "uv_size": [1.5, 1]},
								"east": {"uv": [38, 22], "uv_size": [2, 1]},
								"south": {"uv": [6, 39], "uv_size": [1.5, 1]},
								"west": {"uv": [32, 38], "uv_size": [2, 1]},
								"up": {"uv": [38, 20], "uv_size": [1.5, 2]},
								"down": {"uv": [27, 40], "uv_size": [1.5, -2]}
							}
						},
						{
							"origin": [-0.625, 4.86989, 2.21163],
							"size": [1.25, 0.99687, 2.29265],
							"uv": {
								"north": {"uv": [8, 39], "uv_size": [1.5, 1]},
								"east": {"uv": [29, 38], "uv_size": [2.5, 1]},
								"south": {"uv": [15, 39], "uv_size": [1.5, 1]},
								"west": {"uv": [36, 38], "uv_size": [2.5, 1]},
								"up": {"uv": [17, 38], "uv_size": [1.5, 2.5]},
								"down": {"uv": [38, 19.5], "uv_size": [1.5, -2.5]}
							}
						},
						{
							"origin": [0.5, 5.86677, 2.21163],
							"size": [0.125, 0.5, 2.29265],
							"pivot": [0.625, 5.86677, 3.35796],
							"rotation": [0, 0, -22.5],
							"uv": {
								"north": {"uv": [20, 39], "uv_size": [0.5, 0.5]},
								"east": {"uv": [29, 39], "uv_size": [2.5, 0.5]},
								"south": {"uv": [39, 23], "uv_size": [0.5, 0.5]},
								"west": {"uv": [36, 39], "uv_size": [2.5, 0.5]},
								"up": {"uv": [19, 38], "uv_size": [0.5, 2.5]},
								"down": {"uv": [39, 2.5], "uv_size": [0.5, -2.5]}
							}
						},
						{
							"origin": [-0.625, 5.86677, 2.21163],
							"size": [0.125, 0.5, 2.29265],
							"pivot": [-0.625, 5.86677, 3.35796],
							"rotation": [0, 0, 22.5],
							"uv": {
								"north": {"uv": [39, 24], "uv_size": [0.5, 0.5]},
								"east": {"uv": [0, 40], "uv_size": [2.5, 0.5]},
								"south": {"uv": [10, 40], "uv_size": [0.5, 0.5]},
								"west": {"uv": [3, 40], "uv_size": [2.5, 0.5]},
								"up": {"uv": [39, 8], "uv_size": [0.5, 2.5]},
								"down": {"uv": [39, 13.5], "uv_size": [0.5, -2.5]}
							}
						}
					]
				},
				{
					"name": "gun_and_righthand",
					"parent": "root",
					"pivot": [0, 6, 3]
				},
				{
					"name": "righthand",
					"parent": "gun_and_righthand",
					"pivot": [6, 19, 0]
				},
				{
					"name": "righthand_pos",
					"parent": "righthand",
					"pivot": [0, 8, 0],
					"cubes": [
						{
							"origin": [4, 8, -2],
							"size": [4, 12, 4],
							"uv": {
								"north": {"uv": [0, 0], "uv_size": [4, 12]},
								"east": {"uv": [4, 0], "uv_size": [4, 12]},
								"south": {"uv": [8, 0], "uv_size": [4, 12]},
								"west": {"uv": [0, 12], "uv_size": [4, 12]},
								"up": {"uv": [12, 0], "uv_size": [4, 4]},
								"down": {"uv": [4, 16], "uv_size": [4, -4]}
							}
						}
					]
				},
				{
					"name": "mag7",
					"parent": "gun_and_righthand",
					"pivot": [0, 8, -3]
				},
				{
					"name": "bone",
					"parent": "mag7",
					"pivot": [0, 10.5865, 10.09197],
					"cubes": [
						{
							"origin": [-1, 7, -2.25],
							"size": [2, 1, 8.5],
							"uv": {
								"north": {"uv": [28, 11], "uv_size": [2, 1]},
								"east": {"uv": [22, 21], "uv_size": [8.5, 1]},
								"south": {"uv": [29, 2], "uv_size": [2, 1]},
								"west": {"uv": [22, 22], "uv_size": [8.5, 1]},
								"up": {"uv": [10, 13], "uv_size": [2, 8.5]},
								"down": {"uv": [12, 21.5], "uv_size": [2, -8.5]}
							}
						},
						{
							"origin": [-0.875, 6.62961, -1.76396],
							"size": [1.75, 0.375, 6.625],
							"inflate": 0.002,
							"uv": {
								"north": {"uv": [8, 36], "uv_size": [2, 0.5]},
								"east": {"uv": [28, 5], "uv_size": [6.5, 0.5]},
								"south": {"uv": [40, 15], "uv_size": [2, 0.5]},
								"west": {"uv": [31, 9], "uv_size": [6.5, 0.5]},
								"up": {"uv": [16, 20], "uv_size": [2, 6.5]},
								"down": {"uv": [0, 27.5], "uv_size": [2, -6.5]}
							}
						},
						{
							"origin": [-0.375, 5.22336, -0.26396],
							"size": [0.75, 0.1875, 2.125],
							"uv": {
								"north": {"uv": [43, 6], "uv_size": [1, 0.5]},
								"east": {"uv": [40, 29], "uv_size": [2, 0.5]},
								"south": {"uv": [7, 43], "uv_size": [1, 0.5]},
								"west": {"uv": [40, 30], "uv_size": [2, 0.5]},
								"up": {"uv": [30, 33], "uv_size": [1, 2]},
								"down": {"uv": [9, 36], "uv_size": [1, -2]}
							}
						},
						{
							"origin": [-0.375, 5.41086, 1.26729],
							"size": [0.75, 0.3125, 0.625],
							"pivot": [0, 5.41086, 1.26729],
							"rotation": [-35, 0, 0],
							"uv": {
								"north": {"uv": [43, 26], "uv_size": [1, 0.5]},
								"east": {"uv": [25, 45], "uv_size": [0.5, 0.5]},
								"south": {"uv": [27, 43], "uv_size": [1, 0.5]},
								"west": {"uv": [45, 25], "uv_size": [0.5, 0.5]},
								"up": {"uv": [43, 27], "uv_size": [1, 0.5]},
								"down": {"uv": [28, 43.5], "uv_size": [1, -0.5]}
							}
						},
						{
							"origin": [-0.375, 5.52135, 1.36215],
							"size": [0.75, 0.3125, 0.125],
							"pivot": [0, 5.52135, 1.36215],
							"rotation": [-10, 0, 0],
							"uv": {
								"north": {"uv": [43, 28], "uv_size": [1, 0.5]},
								"east": {"uv": [26, 45], "uv_size": [0.5, 0.5]},
								"south": {"uv": [43, 29], "uv_size": [1, 0.5]},
								"west": {"uv": [45, 26], "uv_size": [0.5, 0.5]},
								"up": {"uv": [43, 30], "uv_size": [1, 0.5]},
								"down": {"uv": [43, 31.5], "uv_size": [1, -0.5]}
							}
						},
						{
							"origin": [-0.375, 5.22336, -0.76396],
							"size": [0.75, 0.1875, 0.5],
							"pivot": [0.5, 5.22336, -0.26396],
							"rotation": [-22.5, 0, 0],
							"uv": {
								"north": {"uv": [43, 7], "uv_size": [1, 0.5]},
								"east": {"uv": [20, 45], "uv_size": [0.5, 0.5]},
								"south": {"uv": [43, 8], "uv_size": [1, 0.5]},
								"west": {"uv": [45, 20], "uv_size": [0.5, 0.5]},
								"up": {"uv": [43, 9], "uv_size": [1, 0.5]},
								"down": {"uv": [10, 43.5], "uv_size": [1, -0.5]}
							}
						},
						{
							"origin": [-0.375, 5.4147, -1.2259],
							"size": [0.75, 0.1875, 0.5],
							"pivot": [0.5, 5.4147, -0.7259],
							"rotation": [-62.5, 0, 0],
							"uv": {
								"north": {"uv": [43, 12], "uv_size": [1, 0.5]},
								"east": {"uv": [21, 45], "uv_size": [0.5, 0.5]},
								"south": {"uv": [13, 43], "uv_size": [1, 0.5]},
								"west": {"uv": [45, 21], "uv_size": [0.5, 0.5]},
								"up": {"uv": [14, 43], "uv_size": [1, 0.5]},
								"down": {"uv": [43, 14.5], "uv_size": [1, -0.5]}
							}
						},
						{
							"origin": [-0.375, 5.85821, -1.95678],
							"size": [0.75, 0.1875, 1],
							"pivot": [0.5, 5.85821, -0.95678],
							"rotation": [-75, 0, 0],
							"uv": {
								"north": {"uv": [15, 43], "uv_size": [1, 0.5]},
								"east": {"uv": [43, 15], "uv_size": [1, 0.5]},
								"south": {"uv": [16, 43], "uv_size": [1, 0.5]},
								"west": {"uv": [43, 17], "uv_size": [1, 0.5]},
								"up": {"uv": [18, 14], "uv_size": [1, 1]},
								"down": {"uv": [5, 29], "uv_size": [1, -1]}
							}
						},
						{
							"origin": [-0.375, 6.2808, -1.57001],
							"size": [0.75, 0.25, 0.5],
							"pivot": [0.5, 6.2808, -1.07001],
							"rotation": [-44.5, 0, 0],
							"uv": {
								"north": {"uv": [24, 43], "uv_size": [1, 0.5]},
								"east": {"uv": [24, 45], "uv_size": [0.5, 0.5]},
								"south": {"uv": [43, 24], "uv_size": [1, 0.5]},
								"west": {"uv": [45, 24], "uv_size": [0.5, 0.5]},
								"up": {"uv": [25, 43], "uv_size": [1, 0.5]},
								"down": {"uv": [43, 25.5], "uv_size": [1, -0.5]}
							}
						},
						{
							"origin": [-0.375, 5.92071, -1.37865],
							"size": [0.75, 0.1875, 0.54688],
							"pivot": [0.5, 6.10821, -0.83178],
							"rotation": [-102.5, 0, 0],
							"uv": {
								"north": {"uv": [43, 18], "uv_size": [1, 0.5]},
								"east": {"uv": [22, 45], "uv_size": [0.5, 0.5]},
								"south": {"uv": [19, 43], "uv_size": [1, 0.5]},
								"west": {"uv": [45, 22], "uv_size": [0.5, 0.5]},
								"up": {"uv": [20, 43], "uv_size": [1, 0.5]},
								"down": {"uv": [43, 20.5], "uv_size": [1, -0.5]}
							}
						},
						{
							"origin": [-0.375, 6.1008, -1.07664],
							"size": [0.75, 0.3125, 0.375],
							"pivot": [0.5, 6.4133, -0.76414],
							"rotation": [-135, 0, 0],
							"uv": {
								"north": {"uv": [21, 43], "uv_size": [1, 0.5]},
								"east": {"uv": [23, 45], "uv_size": [0.5, 0.5]},
								"south": {"uv": [43, 21], "uv_size": [1, 0.5]},
								"west": {"uv": [45, 23], "uv_size": [0.5, 0.5]},
								"up": {"uv": [22, 43], "uv_size": [1, 0.5]},
								"down": {"uv": [23, 43.5], "uv_size": [1, -0.5]}
							}
						},
						{
							"origin": [-0.875, 2.58206, 1.3855],
							"size": [1.75, 5, 3],
							"inflate": 0.001,
							"pivot": [0, 6.20706, 3.1355],
							"rotation": [23.5, 0, 0],
							"uv": {
								"north": {"uv": [22, 8], "uv_size": [2, 5]},
								"east": {"uv": [16, 15], "uv_size": [3, 5]},
								"south": {"uv": [10, 22], "uv_size": [2, 5]},
								"west": {"uv": [18, 6], "uv_size": [3, 5]},
								"up": {"uv": [26, 3], "uv_size": [2, 3]},
								"down": {"uv": [6, 29], "uv_size": [2, -3]}
							}
						},
						{
							"origin": [-0.375, 2.70667, 1.09892],
							"size": [0.75, 0.46914, 0.28658],
							"pivot": [0.5, 6.20706, 3.1355],
							"rotation": [23.5, 0, 0],
							"uv": {
								"north": {"uv": [43, 36], "uv_size": [1, 0.5]},
								"east": {"uv": [27, 45], "uv_size": [0.5, 0.5]},
								"south": {"uv": [37, 43], "uv_size": [1, 0.5]},
								"west": {"uv": [45, 27], "uv_size": [0.5, 0.5]},
								"up": {"uv": [43, 37], "uv_size": [1, 0.5]},
								"down": {"uv": [43, 38.5], "uv_size": [1, -0.5]}
							}
						},
						{
							"origin": [-0.375, 2.36514, 2.47655],
							"size": [0.75, 0.25, 0.5],
							"pivot": [0, 2.61514, 2.47655],
							"rotation": [58.5, 0, 0],
							"uv": {
								"north": {"uv": [43, 39], "uv_size": [1, 0.5]},
								"east": {"uv": [28, 45], "uv_size": [0.5, 0.5]},
								"south": {"uv": [40, 43], "uv_size": [1, 0.5]},
								"west": {"uv": [45, 28], "uv_size": [0.5, 0.5]},
								"up": {"uv": [43, 40], "uv_size": [1, 0.5]},
								"down": {"uv": [41, 43.5], "uv_size": [1, -0.5]}
							}
						},
						{
							"origin": [-0.875, 5.81983, 4.28105],
							"size": [1.75, 0.8125, 0.375],
							"uv": {
								"north": {"uv": [13, 34], "uv_size": [2, 1]},
								"east": {"uv": [43, 5], "uv_size": [0.5, 1]},
								"south": {"uv": [34, 14], "uv_size": [2, 1]},
								"west": {"uv": [6, 43], "uv_size": [0.5, 1]},
								"up": {"uv": [40, 24], "uv_size": [2, 0.5]},
								"down": {"uv": [25, 40.5], "uv_size": [2, -0.5]}
							}
						},
						{
							"origin": [-0.875, 6.31983, 4.40605],
							"size": [1.75, 0.5, 0.25],
							"inflate": -0.001,
							"pivot": [0, 6.31983, 4.65605],
							"rotation": [-35, 0, 0],
							"uv": {
								"north": {"uv": [40, 25], "uv_size": [2, 0.5]},
								"east": {"uv": [19, 45], "uv_size": [0.5, 0.5]},
								"south": {"uv": [40, 26], "uv_size": [2, 0.5]},
								"west": {"uv": [45, 19], "uv_size": [0.5, 0.5]},
								"up": {"uv": [40, 27], "uv_size": [2, 0.5]},
								"down": {"uv": [40, 28.5], "uv_size": [2, -0.5]}
							}
						},
						{
							"origin": [-0.875, 6.31168, 1.18174],
							"size": [1.75, 0.75, 0.5],
							"pivot": [0, 6.31168, 1.18174],
							"rotation": [56, 0, 0],
							"uv": {
								"north": {"uv": [34, 10], "uv_size": [2, 1]},
								"east": {"uv": [4, 43], "uv_size": [0.5, 1]},
								"south": {"uv": [11, 34], "uv_size": [2, 1]},
								"west": {"uv": [5, 43], "uv_size": [0.5, 1]},
								"up": {"uv": [23, 40], "uv_size": [2, 0.5]},
								"down": {"uv": [40, 23.5], "uv_size": [2, -0.5]}
							}
						},
						{
							"origin": [-0.875, 1.46058, 3.96474],
							"size": [1.75, 1.12148, 0.42077],
							"pivot": [0, 6.20706, 3.1355],
							"rotation": [23.5, 0, 0],
							"uv": {
								"north": {"uv": [5, 34], "uv_size": [2, 1]},
								"east": {"uv": [1, 43], "uv_size": [0.5, 1]},
								"south": {"uv": [7, 34], "uv_size": [2, 1]},
								"west": {"uv": [43, 2], "uv_size": [0.5, 1]},
								"up": {"uv": [40, 21], "uv_size": [2, 0.5]},
								"down": {"uv": [40, 22.5], "uv_size": [2, -0.5]}
							}
						},
						{
							"origin": [-0.375, 2.35269, 5.67448],
							"size": [0.75, 0.75, 0.5],
							"uv": {
								"north": {"uv": [11, 30], "uv_size": [1, 1]},
								"east": {"uv": [43, 41], "uv_size": [0.5, 1]},
								"south": {"uv": [7, 31], "uv_size": [1, 1]},
								"west": {"uv": [43, 42], "uv_size": [0.5, 1]},
								"up": {"uv": [43, 43], "uv_size": [1, 0.5]},
								"down": {"uv": [0, 44.5], "uv_size": [1, -0.5]}
							}
						},
						{
							"origin": [-0.375, 3.10269, 5.67448],
							"size": [0.75, 3, 0.5],
							"pivot": [-0.5, 3.10269, 6.17448],
							"rotation": [30, 0, 0],
							"uv": {
								"north": {"uv": [18, 11], "uv_size": [1, 3]},
								"east": {"uv": [1, 35], "uv_size": [0.5, 3]},
								"south": {"uv": [18, 20], "uv_size": [1, 3]},
								"west": {"uv": [2, 35], "uv_size": [0.5, 3]},
								"up": {"uv": [1, 44], "uv_size": [1, 0.5]},
								"down": {"uv": [2, 44.5], "uv_size": [1, -0.5]}
							}
						},
						{
							"origin": [-0.875, 2.18491, 2.97611],
							"size": [1.75, 1.0625, 2.8125],
							"uv": {
								"north": {"uv": [2, 34], "uv_size": [2, 1]},
								"east": {"uv": [28, 20], "uv_size": [3, 1]},
								"west": {"uv": [31, 10], "uv_size": [3, 1]},
								"down": {"uv": [8, 29], "uv_size": [2, -3]}
							}
						},
						{
							"origin": [-0.375, 2.18491, 2.66361],
							"size": [0.75, 1.0625, 0.3125],
							"uv": {
								"north": {"uv": [29, 27], "uv_size": [1, 1]},
								"east": {"uv": [43, 33], "uv_size": [0.5, 1]},
								"west": {"uv": [43, 34], "uv_size": [0.5, 1]},
								"down": {"uv": [35, 43.5], "uv_size": [1, -0.5]}
							}
						},
						{
							"origin": [-0.875, 6.62961, -2.32646],
							"size": [1.75, 0.3125, 0.5625],
							"pivot": [0, 6.62961, -1.76396],
							"rotation": [-45, 0, 0],
							"uv": {
								"north": {"uv": [40, 18], "uv_size": [2, 0.5]},
								"east": {"uv": [18, 45], "uv_size": [0.5, 0.5]},
								"south": {"uv": [40, 19], "uv_size": [2, 0.5]},
								"west": {"uv": [45, 18], "uv_size": [0.5, 0.5]},
								"up": {"uv": [40, 20], "uv_size": [2, 0.5]},
								"down": {"uv": [21, 40.5], "uv_size": [2, -0.5]}
							}
						},
						{
							"origin": [-1, 7, 6.25],
							"size": [2, 1, 3.88104],
							"inflate": -0.001,
							"pivot": [0, 7, 6.25],
							"rotation": [14.93142, 0, 0],
							"uv": {
								"north": {"uv": [34, 0], "uv_size": [2, 1]},
								"east": {"uv": [26, 12], "uv_size": [4, 1]},
								"south": {"uv": [34, 1], "uv_size": [2, 1]},
								"west": {"uv": [27, 23], "uv_size": [4, 1]},
								"up": {"uv": [24, 9], "uv_size": [2, 4]},
								"down": {"uv": [18, 28], "uv_size": [2, -4]}
							}
						},
						{
							"origin": [-0.375, 7, 10.13104],
							"size": [0.75, 1, 0.51563],
							"pivot": [-0.625, 7, 6.25],
							"rotation": [14.93142, 0, 0],
							"uv": {
								"north": {"uv": [38, 9], "uv_size": [1, 1]},
								"east": {"uv": [44, 41], "uv_size": [0.5, 1]},
								"south": {"uv": [38, 23], "uv_size": [1, 1]},
								"west": {"uv": [42, 44], "uv_size": [0.5, 1]},
								"up": {"uv": [44, 42], "uv_size": [1, 0.5]},
								"down": {"uv": [43, 44.5], "uv_size": [1, -0.5]}
							}
						},
						{
							"origin": [1, 7.0625, 7.6875],
							"size": [0.0625, 0.5, 1.19354],
							"pivot": [0, 7, 6.25],
							"rotation": [14.93142, 0, 0],
							"uv": {
								"north": {"uv": [41, 45], "uv_size": [0.5, 0.5]},
								"east": {"uv": [44, 9], "uv_size": [1, 0.5]},
								"south": {"uv": [45, 41], "uv_size": [0.5, 0.5]},
								"west": {"uv": [10, 44], "uv_size": [1, 0.5]},
								"up": {"uv": [44, 10], "uv_size": [0.5, 1]},
								"down": {"uv": [11, 45], "uv_size": [0.5, -1]}
							}
						},
						{
							"origin": [1.0075, 7.73831, 7.1511],
							"size": [0.0625, 0.5625, 1.625],
							"uv": {
								"north": {"uv": [42, 45], "uv_size": [0.5, 0.5]},
								"east": {"uv": [42, 3], "uv_size": [1.5, 0.5]},
								"south": {"uv": [45, 42], "uv_size": [0.5, 0.5]},
								"west": {"uv": [4, 42], "uv_size": [1.5, 0.5]},
								"up": {"uv": [42, 6], "uv_size": [0.5, 1.5]},
								"down": {"uv": [8, 43.5], "uv_size": [0.5, -1.5]}
							}
						},
						{
							"origin": [1, 7.43078, 6.9011],
							"size": [0.0625, 0.30753, 0.72176],
							"uv": {
								"north": {"uv": [46, 0], "uv_size": [0.5, 0.5]},
								"east": {"uv": [1, 46], "uv_size": [0.5, 0.5]},
								"south": {"uv": [46, 1], "uv_size": [0.5, 0.5]},
								"west": {"uv": [2, 46], "uv_size": [0.5, 0.5]},
								"up": {"uv": [46, 2], "uv_size": [0.5, 0.5]},
								"down": {"uv": [3, 46.5], "uv_size": [0.5, -0.5]}
							}
						},
						{
							"origin": [-1.125, 7, 7.6875],
							"size": [0.125, 0.5, 1.00604],
							"pivot": [0, 7, 6.25],
							"rotation": [14.93142, 0, 0],
							"uv": {
								"north": {"uv": [48, 25], "uv_size": [0.5, 0.5]},
								"east": {"uv": [11, 45], "uv_size": [1, 0.5]},
								"south": {"uv": [26, 48], "uv_size": [0.5, 0.5]},
								"west": {"uv": [45, 11], "uv_size": [1, 0.5]},
								"up": {"uv": [12, 45], "uv_size": [0.5, 1]},
								"down": {"uv": [45, 13], "uv_size": [0.5, -1]}
							}
						},
						{
							"origin": [-1.125, 7.62961, 7.79854],
							"size": [0.125, 0.625, 0.8125],
							"uv": {
								"north": {"uv": [48, 26], "uv_size": [0.5, 0.5]},
								"east": {"uv": [13, 45], "uv_size": [1, 0.5]},
								"south": {"uv": [27, 48], "uv_size": [0.5, 0.5]},
								"west": {"uv": [45, 13], "uv_size": [1, 0.5]},
								"up": {"uv": [14, 45], "uv_size": [0.5, 1]},
								"down": {"uv": [45, 15], "uv_size": [0.5, -1]}
							}
						},
						{
							"origin": [-1.125, 8.06711, 7.54854],
							"size": [0.125, 0.1875, 0.25],
							"pivot": [-1.0625, 8.25461, 7.79854],
							"rotation": [37.5, 0, 0],
							"uv": {
								"north": {"uv": [48, 31], "uv_size": [0.5, 0.5]},
								"east": {"uv": [32, 48], "uv_size": [0.5, 0.5]},
								"south": {"uv": [48, 32], "uv_size": [0.5, 0.5]},
								"west": {"uv": [33, 48], "uv_size": [0.5, 0.5]},
								"up": {"uv": [48, 33], "uv_size": [0.5, 0.5]},
								"down": {"uv": [34, 48.5], "uv_size": [0.5, -0.5]}
							}
						},
						{
							"origin": [-1.125, 7.37039, 7.01396],
							"size": [0.125, 0.4375, 0.625],
							"uv": {
								"north": {"uv": [48, 27], "uv_size": [0.5, 0.5]},
								"east": {"uv": [28, 48], "uv_size": [0.5, 0.5]},
								"south": {"uv": [48, 28], "uv_size": [0.5, 0.5]},
								"west": {"uv": [29, 48], "uv_size": [0.5, 0.5]},
								"up": {"uv": [48, 29], "uv_size": [0.5, 0.5]},
								"down": {"uv": [30, 48.5], "uv_size": [0.5, -0.5]}
							}
						},
						{
							"origin": [-1.125, 7.80789, 6.57646],
							"size": [0.125, 0.3125, 1.25],
							"uv": {
								"north": {"uv": [48, 30], "uv_size": [0.5, 0.5]},
								"east": {"uv": [42, 32], "uv_size": [1.5, 0.5]},
								"south": {"uv": [31, 48], "uv_size": [0.5, 0.5]},
								"west": {"uv": [42, 35], "uv_size": [1.5, 0.5]},
								"up": {"uv": [42, 40], "uv_size": [0.5, 1.5]},
								"down": {"uv": [42, 43.5], "uv_size": [0.5, -1.5]}
							}
						},
						{
							"origin": [-1.125, 7.18917, 6.57646],
							"size": [0.125, 0.61872, 0.3125],
							"pivot": [-1.0625, 7.80789, 6.57646],
							"rotation": [45, 0, 0],
							"uv": {
								"north": {"uv": [48, 34], "uv_size": [0.5, 0.5]},
								"east": {"uv": [35, 48], "uv_size": [0.5, 0.5]},
								"south": {"uv": [48, 35], "uv_size": [0.5, 0.5]},
								"west": {"uv": [36, 48], "uv_size": [0.5, 0.5]},
								"up": {"uv": [48, 36], "uv_size": [0.5, 0.5]},
								"down": {"uv": [37, 48.5], "uv_size": [0.5, -0.5]}
							}
						},
						{
							"origin": [1, 7.43078, 6.6511],
							"size": [0.0625, 0.25, 0.25],
							"pivot": [1.03125, 7.43078, 6.9011],
							"rotation": [-45, 0, 0],
							"uv": {
								"north": {"uv": [46, 3], "uv_size": [0.5, 0.5]},
								"east": {"uv": [4, 46], "uv_size": [0.5, 0.5]},
								"south": {"uv": [46, 4], "uv_size": [0.5, 0.5]},
								"west": {"uv": [5, 46], "uv_size": [0.5, 0.5]},
								"up": {"uv": [46, 5], "uv_size": [0.5, 0.5]},
								"down": {"uv": [6, 46.5], "uv_size": [0.5, -0.5]}
							}
						},
						{
							"origin": [1, 8.17581, 6.9011],
							"size": [0.0625, 0.125, 0.25],
							"pivot": [1.03125, 8.30081, 7.1511],
							"rotation": [30, 0, 0],
							"uv": {
								"north": {"uv": [43, 45], "uv_size": [0.5, 0.5]},
								"east": {"uv": [45, 43], "uv_size": [0.5, 0.5]},
								"south": {"uv": [44, 45], "uv_size": [0.5, 0.5]},
								"west": {"uv": [45, 44], "uv_size": [0.5, 0.5]},
								"up": {"uv": [45, 45], "uv_size": [0.5, 0.5]},
								"down": {"uv": [0, 46.5], "uv_size": [0.5, -0.5]}
							}
						},
						{
							"origin": [1.0075, 7.73831, 2.1511],
							"size": [0.0625, 0.4375, 5],
							"uv": {
								"north": {"uv": [46, 27], "uv_size": [0.5, 0.5]},
								"east": {"uv": [32, 26], "uv_size": [5, 0.5]},
								"south": {"uv": [28, 46], "uv_size": [0.5, 0.5]},
								"west": {"uv": [32, 27], "uv_size": [5, 0.5]},
								"up": {"uv": [19, 30], "uv_size": [0.5, 5]},
								"down": {"uv": [4, 37], "uv_size": [0.5, -5]}
							}
						},
						{
							"origin": [1, 7.36331, 4.5886],
							"size": [0.0625, 0.3125, 0.3125],
							"pivot": [1.03125, 7.55081, 4.7136],
							"rotation": [-45, 0, 0],
							"uv": {
								"north": {"uv": [6, 47], "uv_size": [0.5, 0.5]},
								"east": {"uv": [47, 6], "uv_size": [0.5, 0.5]},
								"south": {"uv": [7, 47], "uv_size": [0.5, 0.5]},
								"west": {"uv": [47, 7], "uv_size": [0.5, 0.5]},
								"up": {"uv": [8, 47], "uv_size": [0.5, 0.5]},
								"down": {"uv": [47, 8.5], "uv_size": [0.5, -0.5]}
							}
						},
						{
							"origin": [-1.125, 7.36331, -0.9114],
							"size": [2.25, 0.3125, 0.3125],
							"pivot": [1.03125, 7.55081, -0.7864],
							"rotation": [-45, 0, 0],
							"uv": {
								"north": {"uv": [37, 5], "uv_size": [2.5, 0.5]},
								"east": {"uv": [48, 3], "uv_size": [0.5, 0.5]},
								"south": {"uv": [6, 37], "uv_size": [2.5, 0.5]},
								"west": {"uv": [4, 48], "uv_size": [0.5, 0.5]},
								"up": {"uv": [9, 37], "uv_size": [2.5, 0.5]},
								"down": {"uv": [12, 37.5], "uv_size": [2.5, -0.5]}
							}
						},
						{
							"origin": [0.925, 7.23831, -0.9114],
							"size": [0.1, 0.3125, 0.3125],
							"pivot": [1.05625, 7.42581, -0.7864],
							"rotation": [-45, 0, 0],
							"uv": {
								"north": {"uv": [36, 37], "uv_size": [0.5, 0.5]},
								"east": {"uv": [37, 37], "uv_size": [0.5, 0.5]},
								"south": {"uv": [1, 38], "uv_size": [0.5, 0.5]},
								"west": {"uv": [2, 38], "uv_size": [0.5, 0.5]},
								"up": {"uv": [3, 38], "uv_size": [0.5, 0.5]},
								"down": {"uv": [4, 38.5], "uv_size": [0.5, -0.5]}
							}
						},
						{
							"origin": [0.925, 7.23831, 4.5886],
							"size": [0.1, 0.3125, 0.3125],
							"pivot": [1.05625, 7.42581, 4.7136],
							"rotation": [-45, 0, 0],
							"uv": {
								"north": {"uv": [36, 37], "uv_size": [0.5, 0.5]},
								"east": {"uv": [37, 37], "uv_size": [0.5, 0.5]},
								"south": {"uv": [1, 38], "uv_size": [0.5, 0.5]},
								"west": {"uv": [2, 38], "uv_size": [0.5, 0.5]},
								"up": {"uv": [3, 38], "uv_size": [0.5, 0.5]},
								"down": {"uv": [4, 38.5], "uv_size": [0.5, -0.5]}
							}
						},
						{
							"origin": [1.0625, 7.78519, 2.2761],
							"size": [0.0625, 0.1875, 0.8125],
							"pivot": [1.09375, 8.08206, 2.6511],
							"rotation": [7.5, 0, 0],
							"uv": {
								"north": {"uv": [46, 24], "uv_size": [0.5, 0.5]},
								"east": {"uv": [44, 15], "uv_size": [1, 0.5]},
								"south": {"uv": [25, 46], "uv_size": [0.5, 0.5]},
								"west": {"uv": [16, 44], "uv_size": [1, 0.5]},
								"up": {"uv": [44, 16], "uv_size": [0.5, 1]},
								"down": {"uv": [17, 45], "uv_size": [0.5, -1]}
							}
						},
						{
							"origin": [1.0375, 7.47646, 2.54397],
							"size": [0.0625, 0.1375, 0.7375],
							"pivot": [1.06875, 7.72333, 2.91897],
							"rotation": [7.5, 0, 0],
							"uv": {
								"north": {"uv": [9, 38], "uv_size": [0.5, 0.5]},
								"east": {"uv": [5, 38], "uv_size": [1, 0.5]},
								"south": {"uv": [10, 38], "uv_size": [0.5, 0.5]},
								"west": {"uv": [6, 38], "uv_size": [1, 0.5]},
								"up": {"uv": [7, 38], "uv_size": [0.5, 1]},
								"down": {"uv": [8, 39], "uv_size": [0.5, -1]}
							}
						},
						{
							"origin": [1.0375, 7.20146, 2.66897],
							"size": [0.0625, 0.1875, 0.7625],
							"pivot": [1.06875, 7.49833, 3.04397],
							"rotation": [7.5, 0, 0],
							"uv": {
								"north": {"uv": [9, 38], "uv_size": [0.5, 0.5]},
								"east": {"uv": [5, 38], "uv_size": [1, 0.5]},
								"south": {"uv": [10, 38], "uv_size": [0.5, 0.5]},
								"west": {"uv": [6, 38], "uv_size": [1, 0.5]},
								"up": {"uv": [7, 38], "uv_size": [0.5, 1]},
								"down": {"uv": [8, 39], "uv_size": [0.5, -1]}
							}
						},
						{
							"origin": [1.0375, 7.73519, 2.3761],
							"size": [0.0625, 0.1375, 0.7875],
							"pivot": [1.06875, 7.98206, 2.7511],
							"rotation": [7.5, 0, 0],
							"uv": {
								"north": {"uv": [9, 38], "uv_size": [0.5, 0.5]},
								"east": {"uv": [5, 38], "uv_size": [1, 0.5]},
								"south": {"uv": [10, 38], "uv_size": [0.5, 0.5]},
								"west": {"uv": [6, 38], "uv_size": [1, 0.5]},
								"up": {"uv": [7, 38], "uv_size": [0.5, 1]},
								"down": {"uv": [8, 39], "uv_size": [0.5, -1]}
							}
						},
						{
							"origin": [1.0625, 7.50394, 2.36985],
							"size": [0.0625, 0.1875, 0.8125],
							"pivot": [1.09375, 8.08206, 2.6511],
							"rotation": [7.5, 0, 0],
							"uv": {
								"north": {"uv": [46, 25], "uv_size": [0.5, 0.5]},
								"east": {"uv": [44, 17], "uv_size": [1, 0.5]},
								"south": {"uv": [26, 46], "uv_size": [0.5, 0.5]},
								"west": {"uv": [18, 44], "uv_size": [1, 0.5]},
								"up": {"uv": [44, 18], "uv_size": [0.5, 1]},
								"down": {"uv": [19, 45], "uv_size": [0.5, -1]}
							}
						},
						{
							"origin": [1.0625, 7.20706, 2.49485],
							"size": [0.0625, 0.1875, 0.8125],
							"pivot": [1.09375, 8.08206, 2.6511],
							"rotation": [7.5, 0, 0],
							"uv": {
								"north": {"uv": [46, 26], "uv_size": [0.5, 0.5]},
								"east": {"uv": [44, 19], "uv_size": [1, 0.5]},
								"south": {"uv": [27, 46], "uv_size": [0.5, 0.5]},
								"west": {"uv": [20, 44], "uv_size": [1, 0.5]},
								"up": {"uv": [44, 20], "uv_size": [0.5, 1]},
								"down": {"uv": [21, 45], "uv_size": [0.5, -1]}
							}
						},
						{
							"origin": [1, 7.42581, 3.4011],
							"size": [0.0625, 0.3125, 0.5625],
							"uv": {
								"north": {"uv": [46, 12], "uv_size": [0.5, 0.5]},
								"east": {"uv": [13, 46], "uv_size": [0.5, 0.5]},
								"south": {"uv": [46, 13], "uv_size": [0.5, 0.5]},
								"west": {"uv": [14, 46], "uv_size": [0.5, 0.5]},
								"up": {"uv": [46, 14], "uv_size": [0.5, 0.5]},
								"down": {"uv": [15, 46.5], "uv_size": [0.5, -0.5]}
							}
						},
						{
							"origin": [1, 7.42581, 3.9636],
							"size": [0.0625, 0.25, 0.625],
							"pivot": [1.03125, 7.42581, 3.9636],
							"rotation": [32.5, 0, 0],
							"uv": {
								"north": {"uv": [46, 21], "uv_size": [0.5, 0.5]},
								"east": {"uv": [22, 46], "uv_size": [0.5, 0.5]},
								"south": {"uv": [46, 22], "uv_size": [0.5, 0.5]},
								"west": {"uv": [23, 46], "uv_size": [0.5, 0.5]},
								"up": {"uv": [46, 23], "uv_size": [0.5, 0.5]},
								"down": {"uv": [24, 46.5], "uv_size": [0.5, -0.5]}
							}
						},
						{
							"origin": [1, 7.00376, 2.53349],
							"size": [0.0625, 0.73456, 0.86761],
							"uv": {
								"north": {"uv": [46, 8], "uv_size": [0.5, 0.5]},
								"east": {"uv": [44, 13], "uv_size": [1, 0.5]},
								"south": {"uv": [9, 46], "uv_size": [0.5, 0.5]},
								"west": {"uv": [14, 44], "uv_size": [1, 0.5]},
								"up": {"uv": [44, 14], "uv_size": [0.5, 1]},
								"down": {"uv": [15, 45], "uv_size": [0.5, -1]}
							}
						},
						{
							"origin": [1, 7.00376, 3.1511],
							"size": [0.0625, 0.5, 0.25],
							"pivot": [1.03125, 7.00376, 3.4011],
							"rotation": [-22.5, 0, 0],
							"uv": {
								"north": {"uv": [46, 15], "uv_size": [0.5, 0.5]},
								"east": {"uv": [16, 46], "uv_size": [0.5, 0.5]},
								"south": {"uv": [46, 16], "uv_size": [0.5, 0.5]},
								"west": {"uv": [17, 46], "uv_size": [0.5, 0.5]},
								"up": {"uv": [46, 17], "uv_size": [0.5, 0.5]},
								"down": {"uv": [18, 46.5], "uv_size": [0.5, -0.5]}
							}
						},
						{
							"origin": [1, 7.23473, 3.24677],
							"size": [0.0625, 0.375, 0.25],
							"pivot": [1.03125, 7.23473, 3.49677],
							"rotation": [-57.5, 0, 0],
							"uv": {
								"north": {"uv": [46, 18], "uv_size": [0.5, 0.5]},
								"east": {"uv": [19, 46], "uv_size": [0.5, 0.5]},
								"south": {"uv": [46, 19], "uv_size": [0.5, 0.5]},
								"west": {"uv": [20, 46], "uv_size": [0.5, 0.5]},
								"up": {"uv": [46, 20], "uv_size": [0.5, 0.5]},
								"down": {"uv": [21, 46.5], "uv_size": [0.5, -0.5]}
							}
						},
						{
							"origin": [1, 6.91019, 2.1511],
							"size": [0.0625, 1.21619, 0.20202],
							"pivot": [1.03125, 7.73831, 2.1511],
							"rotation": [27.5, 0, 0],
							"uv": {
								"north": {"uv": [44, 11], "uv_size": [0.5, 1]},
								"east": {"uv": [12, 44], "uv_size": [0.5, 1]},
								"south": {"uv": [44, 12], "uv_size": [0.5, 1]},
								"west": {"uv": [13, 44], "uv_size": [0.5, 1]},
								"up": {"uv": [46, 7], "uv_size": [0.5, 0.5]},
								"down": {"uv": [8, 46.5], "uv_size": [0.5, -0.5]}
							}
						},
						{
							"origin": [1, 7.28519, 2.35312],
							"size": [0.0625, 0.40369, 0.1875],
							"pivot": [1.03125, 7.73831, 2.1511],
							"rotation": [27.5, 0, 0],
							"uv": {
								"north": {"uv": [46, 9], "uv_size": [0.5, 0.5]},
								"east": {"uv": [10, 46], "uv_size": [0.5, 0.5]},
								"south": {"uv": [46, 10], "uv_size": [0.5, 0.5]},
								"west": {"uv": [11, 46], "uv_size": [0.5, 0.5]},
								"up": {"uv": [46, 11], "uv_size": [0.5, 0.5]},
								"down": {"uv": [12, 46.5], "uv_size": [0.5, -0.5]}
							}
						},
						{
							"origin": [1, 7.73831, 5.0261],
							"size": [0.0625, 0.25, 1.8125],
							"pivot": [1.03125, 7.73831, 5.0261],
							"rotation": [-7, 0, 0],
							"uv": {
								"north": {"uv": [46, 6], "uv_size": [0.5, 0.5]},
								"east": {"uv": [34, 40], "uv_size": [2, 0.5]},
								"south": {"uv": [7, 46], "uv_size": [0.5, 0.5]},
								"west": {"uv": [40, 35], "uv_size": [2, 0.5]},
								"up": {"uv": [36, 40], "uv_size": [0.5, 2]},
								"down": {"uv": [40, 38], "uv_size": [0.5, -2]}
							}
						},
						{
							"origin": [-0.875, 7, 4.8125],
							"size": [1.75, 0.5, 1.44354],
							"pivot": [0.125, 7, 6.25],
							"rotation": [14.93142, 0, 0],
							"uv": {
								"north": {"uv": [40, 16], "uv_size": [2, 0.5]},
								"east": {"uv": [33, 41], "uv_size": [1.5, 0.5]},
								"south": {"uv": [40, 17], "uv_size": [2, 0.5]},
								"west": {"uv": [41, 33], "uv_size": [1.5, 0.5]},
								"up": {"uv": [18, 28], "uv_size": [2, 1.5]},
								"down": {"uv": [31, 31.5], "uv_size": [2, -1.5]}
							}
						},
						{
							"origin": [-1, 7, -10.80862],
							"size": [2, 1, 8.55862],
							"pivot": [0, 7, -2.25],
							"rotation": [-6.70984, 0, 0],
							"uv": {
								"north": {"uv": [8, 29], "uv_size": [2, 1]},
								"east": {"uv": [18, 23], "uv_size": [8.5, 1]},
								"south": {"uv": [33, 31], "uv_size": [2, 1]},
								"west": {"uv": [24, 8], "uv_size": [8.5, 1]},
								"up": {"uv": [14, 13], "uv_size": [2, 8.5]},
								"down": {"uv": [16, 14.5], "uv_size": [2, -8.5]}
							}
						},
						{
							"origin": [-1, 8, -10.75],
							"size": [2, 2.25, 20],
							"inflate": 0.001,
							"uv": {
								"north": {"uv": [26, 9], "uv_size": [2, 2.5]},
								"east": {"uv": [6, 0], "uv_size": [20, 2.5]},
								"south": {"uv": [12, 26], "uv_size": [2, 2.5]},
								"west": {"uv": [6, 3], "uv_size": [20, 2.5]},
								"up": {"uv": [6, 6], "uv_size": [2, 20]},
								"down": {"uv": [8, 26], "uv_size": [2, -20]}
							}
						},
						{
							"origin": [1, 9.1875, -10.25],
							"size": [0.375, 0.5, 0.5],
							"pivot": [1.125, 9.4375, -10],
							"rotation": [-45, 0, 0],
							"uv": {
								"north": {"uv": [48, 4], "uv_size": [0.5, 0.5]},
								"east": {"uv": [5, 48], "uv_size": [0.5, 0.5]},
								"south": {"uv": [48, 5], "uv_size": [0.5, 0.5]},
								"west": {"uv": [6, 48], "uv_size": [0.5, 0.5]},
								"up": {"uv": [48, 6], "uv_size": [0.5, 0.5]},
								"down": {"uv": [7, 48.5], "uv_size": [0.5, -0.5]}
							}
						},
						{
							"origin": [1.025, 8.625, -1.875],
							"size": [0.125, 1.25, 1.6875],
							"uv": {
								"north": {"uv": [0, 42], "uv_size": [0.5, 1.5]},
								"east": {"uv": [21, 33], "uv_size": [1.5, 1.5]},
								"south": {"uv": [42, 1], "uv_size": [0.5, 1.5]},
								"west": {"uv": [23, 33], "uv_size": [1.5, 1.5]},
								"up": {"uv": [2, 42], "uv_size": [0.5, 1.5]},
								"down": {"uv": [3, 43.5], "uv_size": [0.5, -1.5]}
							}
						},
						{
							"origin": [1, 8.72015, -0.66585],
							"size": [0.125, 1.15485, 0.47835],
							"pivot": [0.0625, 9.875, -0.1875],
							"rotation": [22.5, 0, 0],
							"uv": {
								"north": {"uv": [44, 5], "uv_size": [0.5, 1]},
								"east": {"uv": [6, 44], "uv_size": [0.5, 1]},
								"south": {"uv": [44, 6], "uv_size": [0.5, 1]},
								"west": {"uv": [7, 44], "uv_size": [0.5, 1]},
								"up": {"uv": [40, 45], "uv_size": [0.5, 0.5]},
								"down": {"uv": [45, 40.5], "uv_size": [0.5, -0.5]}
							}
						},
						{
							"origin": [1, 8.625, -1.875],
							"size": [0.125, 1.15485, 0.47835],
							"inflate": 0.001,
							"pivot": [0.0625, 8.625, -1.875],
							"rotation": [22.5, 0, 0],
							"uv": {
								"north": {"uv": [44, 3], "uv_size": [0.5, 1]},
								"east": {"uv": [4, 44], "uv_size": [0.5, 1]},
								"south": {"uv": [44, 4], "uv_size": [0.5, 1]},
								"west": {"uv": [5, 44], "uv_size": [0.5, 1]},
								"up": {"uv": [39, 45], "uv_size": [0.5, 0.5]},
								"down": {"uv": [45, 39.5], "uv_size": [0.5, -0.5]}
							}
						},
						{
							"origin": [-1.125, 8.625, -4.8625],
							"size": [2.25, 1.15485, 0.47835],
							"inflate": 0.001,
							"pivot": [0.0625, 8.625, -4.8625],
							"rotation": [22.5, 0, 0],
							"uv": {
								"north": {"uv": [16, 32], "uv_size": [2.5, 1]},
								"east": {"uv": [44, 8], "uv_size": [0.5, 1]},
								"south": {"uv": [32, 25], "uv_size": [2.5, 1]},
								"west": {"uv": [9, 44], "uv_size": [0.5, 1]},
								"up": {"uv": [36, 16], "uv_size": [2.5, 0.5]},
								"down": {"uv": [21, 36.5], "uv_size": [2.5, -0.5]}
							}
						},
						{
							"origin": [-1.1375, 8.625, -4.8625],
							"size": [2.275, 1.25, 1.6875],
							"uv": {
								"north": {"uv": [28, 14], "uv_size": [2.5, 1.5]},
								"east": {"uv": [25, 33], "uv_size": [1.5, 1.5]},
								"south": {"uv": [28, 16], "uv_size": [2.5, 1.5]},
								"west": {"uv": [27, 33], "uv_size": [1.5, 1.5]},
								"up": {"uv": [28, 18], "uv_size": [2.5, 1.5]},
								"down": {"uv": [21, 29.5], "uv_size": [2.5, -1.5]}
							}
						},
						{
							"origin": [-1.125, 8.72015, -3.65335],
							"size": [2.25, 1.15485, 0.47835],
							"pivot": [0.0625, 9.875, -3.175],
							"rotation": [22.5, 0, 0],
							"uv": {
								"north": {"uv": [31, 23], "uv_size": [2.5, 1]},
								"east": {"uv": [44, 7], "uv_size": [0.5, 1]},
								"south": {"uv": [7, 32], "uv_size": [2.5, 1]},
								"west": {"uv": [8, 44], "uv_size": [0.5, 1]},
								"up": {"uv": [36, 14], "uv_size": [2.5, 0.5]},
								"down": {"uv": [36, 15.5], "uv_size": [2.5, -0.5]}
							}
						},
						{
							"origin": [-1.125, 8.40625, 7.5],
							"size": [2.25, 0.375, 1.625],
							"uv": {
								"north": {"uv": [35, 34], "uv_size": [2.5, 0.5]},
								"east": {"uv": [41, 37], "uv_size": [1.5, 0.5]},
								"south": {"uv": [35, 35], "uv_size": [2.5, 0.5]},
								"west": {"uv": [38, 41], "uv_size": [1.5, 0.5]},
								"up": {"uv": [28, 3], "uv_size": [2.5, 1.5]},
								"down": {"uv": [28, 10.5], "uv_size": [2.5, -1.5]}
							}
						},
						{
							"origin": [-1.125, 8.875, 6.625],
							"size": [2.25, 0.375, 2.5],
							"uv": {
								"north": {"uv": [36, 0], "uv_size": [2.5, 0.5]},
								"east": {"uv": [36, 1], "uv_size": [2.5, 0.5]},
								"south": {"uv": [36, 2], "uv_size": [2.5, 0.5]},
								"west": {"uv": [36, 3], "uv_size": [2.5, 0.5]},
								"up": {"uv": [25, 14], "uv_size": [2.5, 2.5]},
								"down": {"uv": [21, 27.5], "uv_size": [2.5, -2.5]}
							}
						},
						{
							"origin": [1, 8.7, 1.6875],
							"size": [0.125, 0.375, 2.375],
							"uv": {
								"north": {"uv": [32, 45], "uv_size": [0.5, 0.5]},
								"east": {"uv": [36, 4], "uv_size": [2.5, 0.5]},
								"south": {"uv": [45, 32], "uv_size": [0.5, 0.5]},
								"west": {"uv": [5, 36], "uv_size": [2.5, 0.5]},
								"up": {"uv": [19, 35], "uv_size": [0.5, 2.5]},
								"down": {"uv": [27, 37.5], "uv_size": [0.5, -2.5]}
							}
						},
						{
							"origin": [-1.125, 8.875, 3.25],
							"size": [0.125, 0.375, 1.625],
							"uv": {
								"north": {"uv": [37, 45], "uv_size": [0.5, 0.5]},
								"east": {"uv": [41, 38], "uv_size": [1.5, 0.5]},
								"south": {"uv": [45, 37], "uv_size": [0.5, 0.5]},
								"west": {"uv": [41, 39], "uv_size": [1.5, 0.5]},
								"up": {"uv": [40, 41], "uv_size": [0.5, 1.5]},
								"down": {"uv": [41, 42.5], "uv_size": [0.5, -1.5]}
							}
						},
						{
							"origin": [-1.125, 8.32813, 3.25],
							"size": [0.125, 0.375, 2.375],
							"uv": {
								"north": {"uv": [38, 45], "uv_size": [0.5, 0.5]},
								"east": {"uv": [36, 8], "uv_size": [2.5, 0.5]},
								"south": {"uv": [45, 38], "uv_size": [0.5, 0.5]},
								"west": {"uv": [36, 10], "uv_size": [2.5, 0.5]},
								"up": {"uv": [28, 35], "uv_size": [0.5, 2.5]},
								"down": {"uv": [30, 37.5], "uv_size": [0.5, -2.5]}
							}
						},
						{
							"origin": [1, 9.32188, 1.6875],
							"size": [0.125, 0.375, 1.9],
							"uv": {
								"north": {"uv": [33, 45], "uv_size": [0.5, 0.5]},
								"east": {"uv": [40, 31], "uv_size": [2, 0.5]},
								"south": {"uv": [45, 33], "uv_size": [0.5, 0.5]},
								"west": {"uv": [40, 32], "uv_size": [2, 0.5]},
								"up": {"uv": [38, 11], "uv_size": [0.5, 2]},
								"down": {"uv": [40, 35], "uv_size": [0.5, -2]}
							}
						},
						{
							"origin": [-1.0375, 9.42188, -9.5625],
							"size": [2.075, 0.325, 1.9],
							"uv": {
								"north": {"uv": [49, 1], "uv_size": [2, 0.5]},
								"east": {"uv": [2, 49], "uv_size": [2, 0.5]},
								"south": {"uv": [49, 2], "uv_size": [2, 0.5]},
								"west": {"uv": [49, 3], "uv_size": [2, 0.5]},
								"up": {"uv": [44, 48], "uv_size": [2, 2]},
								"down": {"uv": [48, 47], "uv_size": [2, -2]}
							}
						},
						{
							"origin": [-1.0375, 8.92188, -9.5625],
							"size": [2.075, 0.325, 2.5],
							"uv": {
								"north": {"uv": [0, 49], "uv_size": [2, 0.5]},
								"east": {"uv": [46, 48], "uv_size": [2.5, 0.5]},
								"south": {"uv": [49, 0], "uv_size": [2, 0.5]},
								"west": {"uv": [48, 47], "uv_size": [2.5, 0.5]},
								"up": {"uv": [42, 48], "uv_size": [2, 2.5]},
								"down": {"uv": [48, 44.5], "uv_size": [2, -2.5]}
							}
						},
						{
							"origin": [-1.125, 9.42188, 3.25],
							"size": [0.125, 0.375, 0.625],
							"uv": {
								"north": {"uv": [34, 45], "uv_size": [0.5, 0.5]},
								"east": {"uv": [45, 34], "uv_size": [0.5, 0.5]},
								"south": {"uv": [35, 45], "uv_size": [0.5, 0.5]},
								"west": {"uv": [45, 35], "uv_size": [0.5, 0.5]},
								"up": {"uv": [36, 45], "uv_size": [0.5, 0.5]},
								"down": {"uv": [45, 36.5], "uv_size": [0.5, -0.5]}
							}
						},
						{
							"origin": [0.4375, 10.375, 5.25],
							"size": [0.1875, 0.25, 4.5],
							"uv": {
								"north": {"uv": [29, 45], "uv_size": [0.5, 0.5]},
								"east": {"uv": [33, 11], "uv_size": [4.5, 0.5]},
								"south": {"uv": [45, 29], "uv_size": [0.5, 0.5]},
								"west": {"uv": [33, 12], "uv_size": [4.5, 0.5]},
								"up": {"uv": [17, 33], "uv_size": [0.5, 4.5]},
								"down": {"uv": [33, 21.5], "uv_size": [0.5, -4.5]}
							}
						},
						{
							"origin": [0.4375, 10.3125, 5.25],
							"size": [0.1875, 0.3125, 1.6875],
							"pivot": [0.53125, 10.625, 5.25],
							"rotation": [12, 0, 0],
							"uv": {
								"north": {"uv": [12, 47], "uv_size": [0.5, 0.5]},
								"east": {"uv": [42, 4], "uv_size": [1.5, 0.5]},
								"south": {"uv": [47, 12], "uv_size": [0.5, 0.5]},
								"west": {"uv": [42, 10], "uv_size": [1.5, 0.5]},
								"up": {"uv": [9, 42], "uv_size": [0.5, 1.5]},
								"down": {"uv": [11, 43.5], "uv_size": [0.5, -1.5]}
							}
						},
						{
							"origin": [0.4375, 10.60085, 6.83812],
							"size": [0.1875, 0.38047, 1.64929],
							"pivot": [0.53125, 10.97585, 6.90062],
							"rotation": [21.5, 0, 0],
							"uv": {
								"north": {"uv": [13, 47], "uv_size": [0.5, 0.5]},
								"east": {"uv": [42, 11], "uv_size": [1.5, 0.5]},
								"south": {"uv": [47, 13], "uv_size": [0.5, 0.5]},
								"west": {"uv": [42, 13], "uv_size": [1.5, 0.5]},
								"up": {"uv": [12, 42], "uv_size": [0.5, 1.5]},
								"down": {"uv": [42, 15.5], "uv_size": [0.5, -1.5]}
							}
						},
						{
							"origin": [0.4375, 10.625, 6],
							"size": [0.1875, 0.125, 3.75],
							"uv": {
								"north": {"uv": [9, 47], "uv_size": [0.5, 0.5]},
								"east": {"uv": [34, 19], "uv_size": [4, 0.5]},
								"south": {"uv": [47, 9], "uv_size": [0.5, 0.5]},
								"west": {"uv": [34, 20], "uv_size": [4, 0.5]},
								"up": {"uv": [32, 34], "uv_size": [0.5, 4]},
								"down": {"uv": [33, 38], "uv_size": [0.5, -4]}
							}
						},
						{
							"origin": [0.4375, 10.75, 9.375],
							"size": [0.1875, 0.8125, 0.375],
							"uv": {
								"north": {"uv": [44, 21], "uv_size": [0.5, 1]},
								"east": {"uv": [22, 44], "uv_size": [0.5, 1]},
								"south": {"uv": [44, 22], "uv_size": [0.5, 1]},
								"west": {"uv": [23, 44], "uv_size": [0.5, 1]},
								"up": {"uv": [10, 47], "uv_size": [0.5, 0.5]},
								"down": {"uv": [47, 10.5], "uv_size": [0.5, -0.5]}
							}
						},
						{
							"origin": [0.4375, 11.1875, 8.375],
							"size": [0.1875, 0.375, 1],
							"uv": {
								"north": {"uv": [11, 47], "uv_size": [0.5, 0.5]},
								"east": {"uv": [44, 23], "uv_size": [1, 0.5]},
								"south": {"uv": [47, 11], "uv_size": [0.5, 0.5]},
								"west": {"uv": [24, 44], "uv_size": [1, 0.5]},
								"up": {"uv": [44, 24], "uv_size": [0.5, 1]},
								"down": {"uv": [25, 45], "uv_size": [0.5, -1]}
							}
						},
						{
							"origin": [-0.625, 10.375, 5.25],
							"size": [0.1875, 0.25, 4.5],
							"uv": {
								"north": {"uv": [19, 47], "uv_size": [0.5, 0.5]},
								"east": {"uv": [33, 22], "uv_size": [4.5, 0.5]},
								"south": {"uv": [47, 19], "uv_size": [0.5, 0.5]},
								"west": {"uv": [33, 30], "uv_size": [4.5, 0.5]},
								"up": {"uv": [18, 33], "uv_size": [0.5, 4.5]},
								"down": {"uv": [29, 37.5], "uv_size": [0.5, -4.5]}
							}
						},
						{
							"origin": [-0.4375, 10.375, 7.25],
							"size": [0.875, 0.25, 1.5],
							"uv": {
								"north": {"uv": [44, 35], "uv_size": [1, 0.5]},
								"east": {"uv": [22, 42], "uv_size": [1.5, 0.5]},
								"south": {"uv": [36, 44], "uv_size": [1, 0.5]},
								"west": {"uv": [42, 22], "uv_size": [1.5, 0.5]},
								"up": {"uv": [3, 35], "uv_size": [1, 1.5]},
								"down": {"uv": [10, 36.5], "uv_size": [1, -1.5]}
							}
						},
						{
							"origin": [-0.625, 10.3125, 5.25],
							"size": [0.1875, 0.3125, 1.6875],
							"pivot": [-0.53125, 10.625, 5.25],
							"rotation": [12, 0, 0],
							"uv": {
								"north": {"uv": [18, 47], "uv_size": [0.5, 0.5]},
								"east": {"uv": [42, 19], "uv_size": [1.5, 0.5]},
								"south": {"uv": [47, 18], "uv_size": [0.5, 0.5]},
								"west": {"uv": [20, 42], "uv_size": [1.5, 0.5]},
								"up": {"uv": [18, 42], "uv_size": [0.5, 1.5]},
								"down": {"uv": [42, 21.5], "uv_size": [0.5, -1.5]}
							}
						},
						{
							"origin": [-0.625, 10.625, 6],
							"size": [0.1875, 0.125, 3.75],
							"uv": {
								"north": {"uv": [17, 47], "uv_size": [0.5, 0.5]},
								"east": {"uv": [34, 21], "uv_size": [4, 0.5]},
								"south": {"uv": [47, 17], "uv_size": [0.5, 0.5]},
								"west": {"uv": [34, 23], "uv_size": [4, 0.5]},
								"up": {"uv": [34, 33], "uv_size": [0.5, 4]},
								"down": {"uv": [0, 39], "uv_size": [0.5, -4]}
							}
						},
						{
							"origin": [-0.625, 10.60085, 6.83812],
							"size": [0.1875, 0.38047, 1.64929],
							"pivot": [-0.53125, 10.97585, 6.90062],
							"rotation": [21.5, 0, 0],
							"uv": {
								"north": {"uv": [16, 47], "uv_size": [0.5, 0.5]},
								"east": {"uv": [15, 42], "uv_size": [1.5, 0.5]},
								"south": {"uv": [47, 16], "uv_size": [0.5, 0.5]},
								"west": {"uv": [42, 16], "uv_size": [1.5, 0.5]},
								"up": {"uv": [17, 42], "uv_size": [0.5, 1.5]},
								"down": {"uv": [42, 18.5], "uv_size": [0.5, -1.5]}
							}
						},
						{
							"origin": [-0.625, 11.1875, 8.375],
							"size": [0.1875, 0.375, 1],
							"uv": {
								"north": {"uv": [15, 47], "uv_size": [0.5, 0.5]},
								"east": {"uv": [44, 27], "uv_size": [1, 0.5]},
								"south": {"uv": [47, 15], "uv_size": [0.5, 0.5]},
								"west": {"uv": [28, 44], "uv_size": [1, 0.5]},
								"up": {"uv": [44, 28], "uv_size": [0.5, 1]},
								"down": {"uv": [29, 45], "uv_size": [0.5, -1]}
							}
						},
						{
							"origin": [-0.625, 10.75, 9.375],
							"size": [0.1875, 0.8125, 0.375],
							"uv": {
								"north": {"uv": [44, 25], "uv_size": [0.5, 1]},
								"east": {"uv": [26, 44], "uv_size": [0.5, 1]},
								"south": {"uv": [44, 26], "uv_size": [0.5, 1]},
								"west": {"uv": [27, 44], "uv_size": [0.5, 1]},
								"up": {"uv": [14, 47], "uv_size": [0.5, 0.5]},
								"down": {"uv": [47, 14.5], "uv_size": [0.5, -0.5]}
							}
						},
						{
							"origin": [-0.4375, 10.375, 8.9375],
							"size": [0.3125, 0.875, 0.125],
							"uv": {
								"north": {"uv": [44, 29], "uv_size": [0.5, 1]},
								"east": {"uv": [30, 44], "uv_size": [0.5, 1]},
								"south": {"uv": [44, 30], "uv_size": [0.5, 1]},
								"west": {"uv": [31, 44], "uv_size": [0.5, 1]},
								"up": {"uv": [20, 47], "uv_size": [0.5, 0.5]},
								"down": {"uv": [47, 20.5], "uv_size": [0.5, -0.5]}
							}
						},
						{
							"origin": [0, 11.09911, 8.93],
							"size": [0.1875, 0.125, 0.125],
							"pivot": [0.125, 11.16161, 9],
							"rotation": [0, 0, -45],
							"uv": {
								"north": {"uv": [25, 47], "uv_size": [0.5, 0.5]},
								"east": {"uv": [47, 25], "uv_size": [0.5, 0.5]},
								"south": {"uv": [26, 47], "uv_size": [0.5, 0.5]},
								"west": {"uv": [47, 26], "uv_size": [0.5, 0.5]},
								"up": {"uv": [27, 47], "uv_size": [0.5, 0.5]},
								"down": {"uv": [47, 27.5], "uv_size": [0.5, -0.5]}
							}
						},
						{
							"origin": [-0.25, 11.03661, 8.93],
							"size": [0.1875, 0.1875, 0.125],
							"pivot": [-0.125, 11.16161, 9],
							"rotation": [0, 0, -45],
							"uv": {
								"north": {"uv": [28, 47], "uv_size": [0.5, 0.5]},
								"east": {"uv": [47, 28], "uv_size": [0.5, 0.5]},
								"south": {"uv": [29, 47], "uv_size": [0.5, 0.5]},
								"west": {"uv": [47, 29], "uv_size": [0.5, 0.5]},
								"up": {"uv": [30, 47], "uv_size": [0.5, 0.5]},
								"down": {"uv": [47, 30.5], "uv_size": [0.5, -0.5]}
							}
						},
						{
							"origin": [-0.125, 10.375, 8.93],
							"size": [0.25, 0.75, 0.125],
							"uv": {
								"north": {"uv": [44, 38], "uv_size": [0.5, 1]},
								"east": {"uv": [39, 44], "uv_size": [0.5, 1]},
								"south": {"uv": [44, 39], "uv_size": [0.5, 1]},
								"west": {"uv": [40, 44], "uv_size": [0.5, 1]},
								"up": {"uv": [24, 47], "uv_size": [0.5, 0.5]},
								"down": {"uv": [47, 24.5], "uv_size": [0.5, -0.5]}
							}
						},
						{
							"origin": [0.125, 10.375, 8.9375],
							"size": [0.3125, 0.875, 0.125],
							"uv": {
								"north": {"uv": [44, 36], "uv_size": [0.5, 1]},
								"east": {"uv": [37, 44], "uv_size": [0.5, 1]},
								"south": {"uv": [44, 37], "uv_size": [0.5, 1]},
								"west": {"uv": [38, 44], "uv_size": [0.5, 1]},
								"up": {"uv": [23, 47], "uv_size": [0.5, 0.5]},
								"down": {"uv": [47, 23.5], "uv_size": [0.5, -0.5]}
							}
						},
						{
							"origin": [-0.4375, 10.875, 8.9375],
							"size": [0.875, 0.25, 0.14063],
							"pivot": [0, 11.125, 8.9375],
							"rotation": [-32.5, 0, 0],
							"uv": {
								"north": {"uv": [44, 31], "uv_size": [1, 0.5]},
								"east": {"uv": [21, 47], "uv_size": [0.5, 0.5]},
								"south": {"uv": [32, 44], "uv_size": [1, 0.5]},
								"west": {"uv": [47, 21], "uv_size": [0.5, 0.5]},
								"up": {"uv": [44, 32], "uv_size": [1, 0.5]},
								"down": {"uv": [33, 44.5], "uv_size": [1, -0.5]}
							}
						},
						{
							"origin": [-0.4375, 10.41415, 8.80318],
							"size": [0.875, 0.5625, 0.25],
							"pivot": [0, 10.91415, 8.80318],
							"rotation": [-45, 0, 0],
							"uv": {
								"north": {"uv": [44, 33], "uv_size": [1, 0.5]},
								"east": {"uv": [22, 47], "uv_size": [0.5, 0.5]},
								"south": {"uv": [34, 44], "uv_size": [1, 0.5]},
								"west": {"uv": [47, 22], "uv_size": [0.5, 0.5]},
								"up": {"uv": [44, 34], "uv_size": [1, 0.5]},
								"down": {"uv": [35, 44.5], "uv_size": [1, -0.5]}
							}
						},
						{
							"origin": [-1.1375, 10, -10.75],
							"size": [2.275, 0.375, 20.875],
							"uv": {
								"north": {"uv": [24, 36], "uv_size": [2.5, 0.5]},
								"east": {"uv": [21, 6], "uv_size": [21, 0.5]},
								"south": {"uv": [36, 24], "uv_size": [2.5, 0.5]},
								"west": {"uv": [21, 7], "uv_size": [21, 0.5]},
								"up": {"uv": [0, 0], "uv_size": [2.5, 21]},
								"down": {"uv": [3, 21], "uv_size": [2.5, -21]}
							}
						},
						{
							"origin": [-0.375, 10.375, -10.625],
							"size": [0.75, 0.125, 2.25],
							"uv": {
								"north": {"uv": [44, 40], "uv_size": [1, 0.5]},
								"east": {"uv": [35, 36], "uv_size": [2.5, 0.5]},
								"south": {"uv": [41, 44], "uv_size": [1, 0.5]},
								"west": {"uv": [3, 37], "uv_size": [2.5, 0.5]},
								"up": {"uv": [10, 32], "uv_size": [1, 2.5]},
								"down": {"uv": [31, 34.5], "uv_size": [1, -2.5]}
							}
						},
						{
							"origin": [-0.25, 10.5, -10.625],
							"size": [0.5, 0.1875, 1.25],
							"uv": {
								"north": {"uv": [31, 47], "uv_size": [0.5, 0.5]},
								"east": {"uv": [42, 23], "uv_size": [1.5, 0.5]},
								"south": {"uv": [47, 31], "uv_size": [0.5, 0.5]},
								"west": {"uv": [24, 42], "uv_size": [1.5, 0.5]},
								"up": {"uv": [42, 24], "uv_size": [0.5, 1.5]},
								"down": {"uv": [26, 43.5], "uv_size": [0.5, -1.5]}
							}
						},
						{
							"origin": [-0.0625, 10.6875, -10.4375],
							"size": [0.125, 0.3125, 0.6875],
							"uv": {
								"north": {"uv": [38, 47], "uv_size": [0.5, 0.5]},
								"east": {"uv": [47, 38], "uv_size": [0.5, 0.5]},
								"south": {"uv": [39, 47], "uv_size": [0.5, 0.5]},
								"west": {"uv": [47, 39], "uv_size": [0.5, 0.5]},
								"up": {"uv": [40, 47], "uv_size": [0.5, 0.5]},
								"down": {"uv": [47, 40.5], "uv_size": [0.5, -0.5]}
							}
						},
						{
							"origin": [-0.0625, 10.64063, -10.4375],
							"size": [0.125, 0.35938, 0.25],
							"pivot": [0, 11, -10.4375],
							"rotation": [-30.96376, 0, 0],
							"uv": {
								"north": {"uv": [44, 47], "uv_size": [0.5, 0.5]},
								"east": {"uv": [47, 44], "uv_size": [0.5, 0.5]},
								"south": {"uv": [45, 47], "uv_size": [0.5, 0.5]},
								"west": {"uv": [47, 45], "uv_size": [0.5, 0.5]},
								"up": {"uv": [46, 47], "uv_size": [0.5, 0.5]},
								"down": {"uv": [47, 46.5], "uv_size": [0.5, -0.5]}
							}
						},
						{
							"origin": [-0.0625, 10.5, -10],
							"size": [0.125, 0.5, 0.25],
							"pivot": [0, 11, -9.75],
							"rotation": [50, 0, 0],
							"uv": {
								"north": {"uv": [41, 47], "uv_size": [0.5, 0.5]},
								"east": {"uv": [47, 41], "uv_size": [0.5, 0.5]},
								"south": {"uv": [42, 47], "uv_size": [0.5, 0.5]},
								"west": {"uv": [47, 42], "uv_size": [0.5, 0.5]},
								"up": {"uv": [43, 47], "uv_size": [0.5, 0.5]},
								"down": {"uv": [47, 43.5], "uv_size": [0.5, -0.5]}
							}
						},
						{
							"origin": [-0.25, 10.4375, -9.375],
							"size": [0.5, 0.25, 0.5],
							"pivot": [0, 10.6875, -9.375],
							"rotation": [-22.5, 0, 0],
							"uv": {
								"north": {"uv": [32, 47], "uv_size": [0.5, 0.5]},
								"east": {"uv": [47, 32], "uv_size": [0.5, 0.5]},
								"south": {"uv": [33, 47], "uv_size": [0.5, 0.5]},
								"west": {"uv": [47, 33], "uv_size": [0.5, 0.5]},
								"up": {"uv": [34, 47], "uv_size": [0.5, 0.5]},
								"down": {"uv": [47, 34.5], "uv_size": [0.5, -0.5]}
							}
						},
						{
							"origin": [-0.25, 10.32524, -9.10667],
							"size": [0.5, 0.25, 0.73438],
							"pivot": [0, 10.57524, -9.10667],
							"rotation": [-5.87156, 0, 0],
							"uv": {
								"north": {"uv": [35, 47], "uv_size": [0.5, 0.5]},
								"east": {"uv": [47, 35], "uv_size": [0.5, 0.5]},
								"south": {"uv": [36, 47], "uv_size": [0.5, 0.5]},
								"west": {"uv": [47, 36], "uv_size": [0.5, 0.5]},
								"up": {"uv": [37, 47], "uv_size": [0.5, 0.5]},
								"down": {"uv": [47, 37.5], "uv_size": [0.5, -0.5]}
							}
						},
						{
							"origin": [-0.25, 10.375, -6.75],
							"size": [0.5, 0.125, 13.25],
							"uv": {
								"north": {"uv": [31, 45], "uv_size": [0.5, 0.5]},
								"east": {"uv": [20, 24], "uv_size": [13.5, 0.5]},
								"south": {"uv": [45, 31], "uv_size": [0.5, 0.5]},
								"west": {"uv": [25, 13], "uv_size": [13.5, 0.5]},
								"up": {"uv": [15, 22], "uv_size": [0.5, 13.5]},
								"down": {"uv": [20, 38.5], "uv_size": [0.5, -13.5]}
							}
						},
						{
							"origin": [-1.125, 9.375, 6.125],
							"size": [2.25, 0.625, 4],
							"uv": {
								"north": {"uv": [35, 29], "uv_size": [2.5, 0.5]},
								"east": {"uv": [34, 17], "uv_size": [4, 0.5]},
								"south": {"uv": [35, 31], "uv_size": [2.5, 0.5]},
								"west": {"uv": [34, 18], "uv_size": [4, 0.5]},
								"up": {"uv": [12, 22], "uv_size": [2.5, 4]},
								"down": {"uv": [22, 17], "uv_size": [2.5, -4]}
							}
						},
						{
							"origin": [-1.125, 8.75, 5.04247],
							"size": [2.25, 1.25, 0.4375],
							"pivot": [0, 10, 5.04247],
							"rotation": [60, 0, 0],
							"uv": {
								"north": {"uv": [2, 28], "uv_size": [2.5, 1.5]},
								"east": {"uv": [35, 41], "uv_size": [0.5, 1.5]},
								"west": {"uv": [37, 41], "uv_size": [0.5, 1.5]},
								"down": {"uv": [35, 28.5], "uv_size": [2.5, -0.5]}
							}
						},
						{
							"origin": [-1.0125, 8.275, 5.16747],
							"size": [2.025, 1.85, 0.4375],
							"pivot": [0.1125, 9.525, 5.16747],
							"rotation": [60, 0, 0],
							"uv": {
								"north": {"uv": [48, 39], "uv_size": [2, 2]},
								"east": {"uv": [40, 48], "uv_size": [0.5, 2]},
								"west": {"uv": [41, 48], "uv_size": [0.5, 2]},
								"down": {"uv": [48, 41.5], "uv_size": [2, -0.5]}
							}
						},
						{
							"origin": [-1.125, 9, 5.47997],
							"size": [2.25, 0.25, 0.125],
							"pivot": [0, 10, 5.04247],
							"rotation": [60, 0, 0],
							"uv": {
								"north": {"uv": [35, 32], "uv_size": [2.5, 0.5]},
								"east": {"uv": [30, 45], "uv_size": [0.5, 0.5]},
								"west": {"uv": [45, 30], "uv_size": [0.5, 0.5]},
								"down": {"uv": [35, 33.5], "uv_size": [2.5, -0.5]}
							}
						},
						{
							"origin": [-1, 8, 9.25],
							"size": [2, 2.25, 0.75],
							"inflate": 0.001,
							"uv": {
								"north": {"uv": [10, 27], "uv_size": [2, 2.5]},
								"east": {"uv": [21, 8], "uv_size": [1, 2.5]},
								"south": {"uv": [16, 27], "uv_size": [2, 2.5]},
								"west": {"uv": [14, 26], "uv_size": [1, 2.5]},
								"up": {"uv": [32, 33], "uv_size": [2, 1]},
								"down": {"uv": [0, 35], "uv_size": [2, -1]}
							}
						},
						{
							"origin": [-0.375, 8.13286, 9.99822],
							"size": [0.75, 1, 0.5],
							"uv": {
								"north": {"uv": [37, 40], "uv_size": [1, 1]},
								"east": {"uv": [44, 43], "uv_size": [0.5, 1]},
								"south": {"uv": [38, 40], "uv_size": [1, 1]},
								"west": {"uv": [44, 44], "uv_size": [0.5, 1]},
								"up": {"uv": [0, 45], "uv_size": [1, 0.5]},
								"down": {"uv": [45, 0.5], "uv_size": [1, -0.5]}
							}
						},
						{
							"origin": [-0.5, 8.50786, 10.12322],
							"size": [1.125, 0.3125, 0.3125],
							"pivot": [0.125, 8.63286, 10.24822],
							"rotation": [45, 0, 0],
							"uv": {
								"north": {"uv": [9, 45], "uv_size": [1, 0.5]},
								"east": {"uv": [48, 2], "uv_size": [0.5, 0.5]},
								"south": {"uv": [45, 9], "uv_size": [1, 0.5]},
								"west": {"uv": [3, 48], "uv_size": [0.5, 0.5]},
								"up": {"uv": [10, 45], "uv_size": [1, 0.5]},
								"down": {"uv": [45, 10.5], "uv_size": [1, -0.5]}
							}
						},
						{
							"origin": [-0.25, 9.13286, 9.99822],
							"size": [0.5, 0.75, 0.5],
							"uv": {
								"north": {"uv": [7, 45], "uv_size": [0.5, 1]},
								"east": {"uv": [45, 7], "uv_size": [0.5, 1]},
								"south": {"uv": [8, 45], "uv_size": [0.5, 1]},
								"west": {"uv": [45, 8], "uv_size": [0.5, 1]},
								"up": {"uv": [48, 1], "uv_size": [0.5, 0.5]},
								"down": {"uv": [2, 48.5], "uv_size": [0.5, -0.5]}
							}
						},
						{
							"origin": [-0.375, 9.13286, 9.99822],
							"size": [0.75, 1, 0.5],
							"pivot": [0, 9.13286, 10.49822],
							"rotation": [32.5, 0, 0],
							"uv": {
								"north": {"uv": [40, 38], "uv_size": [1, 1]},
								"east": {"uv": [5, 45], "uv_size": [0.5, 1]},
								"south": {"uv": [40, 39], "uv_size": [1, 1]},
								"west": {"uv": [45, 5], "uv_size": [0.5, 1]},
								"up": {"uv": [6, 45], "uv_size": [1, 0.5]},
								"down": {"uv": [45, 6.5], "uv_size": [1, -0.5]}
							}
						},
						{
							"origin": [-0.25, 9.88286, 9.99822],
							"size": [0.5, 0.8125, 0.5],
							"pivot": [0, 9.88286, 10.49822],
							"rotation": [30, 0, 0],
							"uv": {
								"north": {"uv": [1, 45], "uv_size": [0.5, 1]},
								"east": {"uv": [45, 1], "uv_size": [0.5, 1]},
								"south": {"uv": [2, 45], "uv_size": [0.5, 1]},
								"west": {"uv": [45, 2], "uv_size": [0.5, 1]},
								"up": {"uv": [47, 47], "uv_size": [0.5, 0.5]},
								"down": {"uv": [0, 48.5], "uv_size": [0.5, -0.5]}
							}
						},
						{
							"origin": [-0.25, 10.3365, 9.09197],
							"size": [0.5, 0.25, 1],
							"pivot": [0, 10.5865, 10.09197],
							"rotation": [20, 0, 0],
							"uv": {
								"north": {"uv": [48, 0], "uv_size": [0.5, 0.5]},
								"east": {"uv": [3, 45], "uv_size": [1, 0.5]},
								"south": {"uv": [1, 48], "uv_size": [0.5, 0.5]},
								"west": {"uv": [45, 3], "uv_size": [1, 0.5]},
								"up": {"uv": [4, 45], "uv_size": [0.5, 1]},
								"down": {"uv": [45, 5], "uv_size": [0.5, -1]}
							}
						}
					]
				},
				{
					"name": "octagon3",
					"parent": "bone",
					"pivot": [1.625, 7.89063, 3.79688],
					"cubes": [
						{
							"origin": [1.0625, 7.78707, 3.54688],
							"size": [0.0625, 0.20711, 0.5],
							"pivot": [1.625, 7.89063, 3.79688],
							"rotation": [-45, 0, 0],
							"uv": {
								"north": {"uv": [46, 28], "uv_size": [0.5, 0.5]},
								"east": {"uv": [29, 46], "uv_size": [0.5, 0.5]},
								"south": {"uv": [46, 29], "uv_size": [0.5, 0.5]},
								"west": {"uv": [30, 46], "uv_size": [0.5, 0.5]},
								"up": {"uv": [46, 30], "uv_size": [0.5, 0.5]},
								"down": {"uv": [31, 46.5], "uv_size": [0.5, -0.5]}
							}
						},
						{
							"origin": [1.0625, 7.78707, 3.54688],
							"size": [0.0625, 0.20711, 0.5],
							"uv": {
								"north": {"uv": [46, 31], "uv_size": [0.5, 0.5]},
								"east": {"uv": [32, 46], "uv_size": [0.5, 0.5]},
								"south": {"uv": [46, 32], "uv_size": [0.5, 0.5]},
								"west": {"uv": [33, 46], "uv_size": [0.5, 0.5]},
								"up": {"uv": [46, 33], "uv_size": [0.5, 0.5]},
								"down": {"uv": [34, 46.5], "uv_size": [0.5, -0.5]}
							}
						},
						{
							"origin": [1.0625, 7.64063, 3.69332],
							"size": [0.0625, 0.5, 0.20711],
							"pivot": [1.625, 7.89063, 3.79688],
							"rotation": [-45, 0, 0],
							"uv": {
								"north": {"uv": [46, 34], "uv_size": [0.5, 0.5]},
								"east": {"uv": [35, 46], "uv_size": [0.5, 0.5]},
								"south": {"uv": [46, 35], "uv_size": [0.5, 0.5]},
								"west": {"uv": [36, 46], "uv_size": [0.5, 0.5]},
								"up": {"uv": [46, 36], "uv_size": [0.5, 0.5]},
								"down": {"uv": [37, 46.5], "uv_size": [0.5, -0.5]}
							}
						},
						{
							"origin": [1.0625, 7.64063, 3.69332],
							"size": [0.0625, 0.5, 0.20711],
							"uv": {
								"north": {"uv": [46, 37], "uv_size": [0.5, 0.5]},
								"east": {"uv": [38, 46], "uv_size": [0.5, 0.5]},
								"south": {"uv": [46, 38], "uv_size": [0.5, 0.5]},
								"west": {"uv": [39, 46], "uv_size": [0.5, 0.5]},
								"up": {"uv": [46, 39], "uv_size": [0.5, 0.5]},
								"down": {"uv": [40, 46.5], "uv_size": [0.5, -0.5]}
							}
						}
					]
				},
				{
					"name": "octagon4",
					"parent": "bone",
					"pivot": [1.625, 8.20313, 5.10938],
					"cubes": [
						{
							"origin": [1, 8.09957, 4.85938],
							"size": [0.125, 0.20711, 0.5],
							"pivot": [1.625, 8.20313, 5.10938],
							"rotation": [-45, 0, 0],
							"uv": {
								"north": {"uv": [46, 40], "uv_size": [0.5, 0.5]},
								"east": {"uv": [41, 46], "uv_size": [0.5, 0.5]},
								"south": {"uv": [46, 41], "uv_size": [0.5, 0.5]},
								"west": {"uv": [42, 46], "uv_size": [0.5, 0.5]},
								"up": {"uv": [46, 42], "uv_size": [0.5, 0.5]},
								"down": {"uv": [43, 46.5], "uv_size": [0.5, -0.5]}
							}
						},
						{
							"origin": [1, 8.09957, 4.85938],
							"size": [0.125, 0.20711, 0.5],
							"uv": {
								"north": {"uv": [46, 43], "uv_size": [0.5, 0.5]},
								"east": {"uv": [44, 46], "uv_size": [0.5, 0.5]},
								"south": {"uv": [46, 44], "uv_size": [0.5, 0.5]},
								"west": {"uv": [45, 46], "uv_size": [0.5, 0.5]},
								"up": {"uv": [46, 45], "uv_size": [0.5, 0.5]},
								"down": {"uv": [46, 46.5], "uv_size": [0.5, -0.5]}
							}
						},
						{
							"origin": [1, 7.95313, 5.00582],
							"size": [0.125, 0.5, 0.20711],
							"pivot": [1.625, 8.20313, 5.10938],
							"rotation": [-45, 0, 0],
							"uv": {
								"north": {"uv": [0, 47], "uv_size": [0.5, 0.5]},
								"east": {"uv": [47, 0], "uv_size": [0.5, 0.5]},
								"south": {"uv": [1, 47], "uv_size": [0.5, 0.5]},
								"west": {"uv": [47, 1], "uv_size": [0.5, 0.5]},
								"up": {"uv": [2, 47], "uv_size": [0.5, 0.5]},
								"down": {"uv": [47, 2.5], "uv_size": [0.5, -0.5]}
							}
						},
						{
							"origin": [1, 7.95313, 5.00582],
							"size": [0.125, 0.5, 0.20711],
							"uv": {
								"north": {"uv": [3, 47], "uv_size": [0.5, 0.5]},
								"east": {"uv": [47, 3], "uv_size": [0.5, 0.5]},
								"south": {"uv": [4, 47], "uv_size": [0.5, 0.5]},
								"west": {"uv": [47, 4], "uv_size": [0.5, 0.5]},
								"up": {"uv": [5, 47], "uv_size": [0.5, 0.5]},
								"down": {"uv": [47, 5.5], "uv_size": [0.5, -0.5]}
							}
						}
					]
				},
				{
					"name": "bone2",
					"parent": "bone",
					"pivot": [0, 9.1875, -10.75],
					"rotation": [90, 0, 0],
					"cubes": [
						{
							"origin": [-0.25882, 9.1875, -11.71593],
							"size": [0.51764, 0.5, 1.93185],
							"uv": {
								"north": {"uv": [48, 7], "uv_size": [0.5, 0.5]},
								"east": {"uv": [40, 40], "uv_size": [2, 0.5]},
								"south": {"uv": [8, 48], "uv_size": [0.5, 0.5]},
								"west": {"uv": [41, 0], "uv_size": [2, 0.5]},
								"up": {"uv": [1, 41], "uv_size": [0.5, 2]},
								"down": {"uv": [41, 3], "uv_size": [0.5, -2]}
							}
						},
						{
							"origin": [-0.25882, 9.1875, -11.71593],
							"size": [0.51764, 0.5, 1.93185],
							"pivot": [0, 9.1875, -10.75],
							"rotation": [0, -30, 0],
							"uv": {
								"north": {"uv": [48, 8], "uv_size": [0.5, 0.5]},
								"east": {"uv": [2, 41], "uv_size": [2, 0.5]},
								"south": {"uv": [9, 48], "uv_size": [0.5, 0.5]},
								"west": {"uv": [4, 41], "uv_size": [2, 0.5]},
								"up": {"uv": [6, 41], "uv_size": [0.5, 2]},
								"down": {"uv": [7, 43], "uv_size": [0.5, -2]}
							}
						},
						{
							"origin": [-0.25882, 9.1875, -11.71593],
							"size": [0.51764, 0.5, 1.93185],
							"pivot": [0, 9.1875, -10.75],
							"rotation": [0, -60, 0],
							"uv": {
								"north": {"uv": [48, 9], "uv_size": [0.5, 0.5]},
								"east": {"uv": [8, 41], "uv_size": [2, 0.5]},
								"south": {"uv": [10, 48], "uv_size": [0.5, 0.5]},
								"west": {"uv": [41, 9], "uv_size": [2, 0.5]},
								"up": {"uv": [10, 41], "uv_size": [0.5, 2]},
								"down": {"uv": [41, 12], "uv_size": [0.5, -2]}
							}
						},
						{
							"origin": [-0.25882, 9.1875, -11.71593],
							"size": [0.51764, 0.5, 1.93185],
							"pivot": [0, 9.1875, -10.75],
							"rotation": [0, -90, 0],
							"uv": {
								"north": {"uv": [48, 10], "uv_size": [0.5, 0.5]},
								"east": {"uv": [11, 41], "uv_size": [2, 0.5]},
								"south": {"uv": [11, 48], "uv_size": [0.5, 0.5]},
								"west": {"uv": [41, 12], "uv_size": [2, 0.5]},
								"up": {"uv": [13, 41], "uv_size": [0.5, 2]},
								"down": {"uv": [41, 15], "uv_size": [0.5, -2]}
							}
						},
						{
							"origin": [-0.25882, 9.1875, -11.71593],
							"size": [0.51764, 0.5, 1.93185],
							"pivot": [0, 9.1875, -10.75],
							"rotation": [0, -120, 0],
							"uv": {
								"north": {"uv": [48, 11], "uv_size": [0.5, 0.5]},
								"east": {"uv": [17, 41], "uv_size": [2, 0.5]},
								"south": {"uv": [12, 48], "uv_size": [0.5, 0.5]},
								"west": {"uv": [21, 41], "uv_size": [2, 0.5]},
								"up": {"uv": [14, 41], "uv_size": [0.5, 2]},
								"down": {"uv": [19, 43], "uv_size": [0.5, -2]}
							}
						},
						{
							"origin": [-0.25882, 9.1875, -11.71593],
							"size": [0.51764, 0.5, 1.93185],
							"pivot": [0, 9.1875, -10.75],
							"rotation": [0, -150, 0],
							"uv": {
								"north": {"uv": [48, 12], "uv_size": [0.5, 0.5]},
								"east": {"uv": [23, 41], "uv_size": [2, 0.5]},
								"south": {"uv": [13, 48], "uv_size": [0.5, 0.5]},
								"west": {"uv": [25, 41], "uv_size": [2, 0.5]},
								"up": {"uv": [27, 41], "uv_size": [0.5, 2]},
								"down": {"uv": [28, 43], "uv_size": [0.5, -2]}
							}
						}
					]
				},
				{
					"name": "bone3",
					"parent": "bone",
					"pivot": [0, 9.1875, -11.25],
					"rotation": [90, 0, 0],
					"cubes": [
						{
							"origin": [-0.1853, 9.1875, -11.94155],
							"size": [0.3706, 2.5625, 1.38311],
							"uv": {
								"north": {"uv": [31, 35], "uv_size": [0.5, 2.5]},
								"east": {"uv": [21, 30], "uv_size": [1.5, 2.5]},
								"south": {"uv": [15, 36], "uv_size": [0.5, 2.5]},
								"west": {"uv": [23, 30], "uv_size": [1.5, 2.5]},
								"up": {"uv": [42, 26], "uv_size": [0.5, 1.5]},
								"down": {"uv": [42, 29.5], "uv_size": [0.5, -1.5]}
							}
						},
						{
							"origin": [-0.1853, 9.1875, -11.94155],
							"size": [0.3706, 2.5625, 1.38311],
							"pivot": [0, 9.1875, -11.25],
							"rotation": [0, -30, 0],
							"uv": {
								"north": {"uv": [16, 36], "uv_size": [0.5, 2.5]},
								"east": {"uv": [25, 30], "uv_size": [1.5, 2.5]},
								"south": {"uv": [21, 37], "uv_size": [0.5, 2.5]},
								"west": {"uv": [27, 30], "uv_size": [1.5, 2.5]},
								"up": {"uv": [29, 42], "uv_size": [0.5, 1.5]},
								"down": {"uv": [30, 43.5], "uv_size": [0.5, -1.5]}
							}
						},
						{
							"origin": [-0.1853, 9.1875, -11.94155],
							"size": [0.3706, 2.5625, 1.38311],
							"pivot": [0, 9.1875, -11.25],
							"rotation": [0, -60, 0],
							"uv": {
								"north": {"uv": [22, 37], "uv_size": [0.5, 2.5]},
								"east": {"uv": [30, 27], "uv_size": [1.5, 2.5]},
								"south": {"uv": [23, 37], "uv_size": [0.5, 2.5]},
								"west": {"uv": [29, 30], "uv_size": [1.5, 2.5]},
								"up": {"uv": [42, 30], "uv_size": [0.5, 1.5]},
								"down": {"uv": [31, 43.5], "uv_size": [0.5, -1.5]}
							}
						},
						{
							"origin": [-0.1853, 9.1875, -11.94155],
							"size": [0.3706, 2.5625, 1.38311],
							"pivot": [0, 9.1875, -11.25],
							"rotation": [0, -90, 0],
							"uv": {
								"north": {"uv": [24, 37], "uv_size": [0.5, 2.5]},
								"east": {"uv": [0, 31], "uv_size": [1.5, 2.5]},
								"south": {"uv": [25, 37], "uv_size": [0.5, 2.5]},
								"west": {"uv": [31, 2], "uv_size": [1.5, 2.5]},
								"up": {"uv": [32, 42], "uv_size": [0.5, 1.5]},
								"down": {"uv": [33, 43.5], "uv_size": [0.5, -1.5]}
							}
						},
						{
							"origin": [-0.1853, 9.1875, -11.94155],
							"size": [0.3706, 2.5625, 1.38311],
							"pivot": [0, 9.1875, -11.25],
							"rotation": [0, -120, 0],
							"uv": {
								"north": {"uv": [37, 25], "uv_size": [0.5, 2.5]},
								"east": {"uv": [5, 31], "uv_size": [1.5, 2.5]},
								"south": {"uv": [26, 37], "uv_size": [0.5, 2.5]},
								"west": {"uv": [11, 31], "uv_size": [1.5, 2.5]},
								"up": {"uv": [34, 42], "uv_size": [0.5, 1.5]},
								"down": {"uv": [36, 43.5], "uv_size": [0.5, -1.5]}
							}
						},
						{
							"origin": [-0.1853, 9.1875, -11.94155],
							"size": [0.3706, 2.5625, 1.38311],
							"pivot": [0, 9.1875, -11.25],
							"rotation": [0, -150, 0],
							"uv": {
								"north": {"uv": [34, 37], "uv_size": [0.5, 2.5]},
								"east": {"uv": [13, 31], "uv_size": [1.5, 2.5]},
								"south": {"uv": [35, 37], "uv_size": [0.5, 2.5]},
								"west": {"uv": [31, 14], "uv_size": [1.5, 2.5]},
								"up": {"uv": [38, 42], "uv_size": [0.5, 1.5]},
								"down": {"uv": [39, 43.5], "uv_size": [0.5, -1.5]}
							}
						}
					]
				},
				{
					"name": "bone4",
					"parent": "bone",
					"pivot": [0, 9.1875, -13.8125],
					"rotation": [90, 0, 0]
				},
				{
					"name": "pump",
					"parent": "mag7",
					"pivot": [0, 7.39824, -4.62832],
					"rotation": [-3.5, 0, 0],
					"cubes": [
						{
							"origin": [-1.25, 6.93372, -7.86634],
							"size": [2.5, 1.5, 2.42187],
							"pivot": [0, 6.93372, -7.86634],
							"rotation": [-29.75, 0, 0],
							"uv": {
								"north": {"uv": [29, 0], "uv_size": [2.5, 1.5]},
								"east": {"uv": [5, 29], "uv_size": [2.5, 1.5]},
								"south": {"uv": [12, 29], "uv_size": [2.5, 1.5]},
								"west": {"uv": [29, 25], "uv_size": [2.5, 1.5]},
								"up": {"uv": [24, 25], "uv_size": [2.5, 2.5]},
								"down": {"uv": [26, 2.5], "uv_size": [2.5, -2.5]}
							}
						},
						{
							"origin": [-1.25, 6.93331, -10.86989],
							"size": [2.5, 1.625, 5.8125],
							"inflate": 0.001,
							"pivot": [0, 7.74581, -7.96364],
							"rotation": [0.25, 0, 0],
							"uv": {
								"north": {"uv": [24, 28], "uv_size": [2.5, 1.5]},
								"east": {"uv": [22, 17], "uv_size": [6, 1.5]},
								"south": {"uv": [27, 28], "uv_size": [2.5, 1.5]},
								"west": {"uv": [22, 19], "uv_size": [6, 1.5]},
								"up": {"uv": [19, 11], "uv_size": [2.5, 6]},
								"down": {"uv": [19, 23], "uv_size": [2.5, -6]}
							}
						},
						{
							"origin": [-1.25, 7.32098, -6.06096],
							"size": [2.5, 1.25, 1],
							"pivot": [0, 8.57098, -5.06096],
							"rotation": [20.25, 0, 0],
							"uv": {
								"north": {"uv": [2, 30], "uv_size": [2.5, 1.5]},
								"east": {"uv": [11, 35], "uv_size": [1, 1.5]},
								"south": {"uv": [8, 30], "uv_size": [2.5, 1.5]},
								"west": {"uv": [12, 35], "uv_size": [1, 1.5]},
								"up": {"uv": [32, 28], "uv_size": [2.5, 1]},
								"down": {"uv": [32, 30], "uv_size": [2.5, -1]}
							}
						},
						{
							"origin": [-1.2625, 5.64824, -5.62832],
							"size": [2.525, 1.75, 1],
							"pivot": [-0.0125, 7.39824, -4.62832],
							"rotation": [-4.75, 0, 0],
							"uv": {
								"north": {"uv": [30, 11], "uv_size": [2.5, 1.5]},
								"east": {"uv": [13, 35], "uv_size": [1, 1.5]},
								"south": {"uv": [16, 30], "uv_size": [2.5, 1.5]},
								"west": {"uv": [14, 35], "uv_size": [1, 1.5]},
								"up": {"uv": [32, 32], "uv_size": [2.5, 1]},
								"down": {"uv": [33, 3], "uv_size": [2.5, -1]}
							}
						}
					]
				},
				{
					"name": "additional_magazine",
					"parent": "mag7",
					"pivot": [0, -1.54953, 5.00288]
				},
				{
					"name": "bullet_in_mag2",
					"parent": "additional_magazine",
					"pivot": [0, 4.86677, 2.31678],
					"cubes": [
						{
							"origin": [-0.375, 5.86989, 1.89913],
							"size": [0.75, 0.75, 2.48015],
							"uv": {
								"north": {"uv": [31, 41], "uv_size": [1, 1]},
								"east": {"uv": [7, 33], "uv_size": [2.5, 1]},
								"south": {"uv": [32, 41], "uv_size": [1, 1]},
								"west": {"uv": [33, 8], "uv_size": [2.5, 1]},
								"up": {"uv": [33, 14], "uv_size": [1, 2.5]},
								"down": {"uv": [16, 35.5], "uv_size": [1, -2.5]}
							}
						},
						{
							"origin": [-0.4375, 5.80739, 4.37928],
							"size": [0.875, 0.875, 0.125],
							"uv": {
								"north": {"uv": [29, 41], "uv_size": [1, 1]},
								"east": {"uv": [16, 45], "uv_size": [0.5, 1]},
								"south": {"uv": [30, 41], "uv_size": [1, 1]},
								"west": {"uv": [45, 16], "uv_size": [0.5, 1]},
								"up": {"uv": [17, 45], "uv_size": [1, 0.5]},
								"down": {"uv": [45, 17.5], "uv_size": [1, -0.5]}
							}
						}
					]
				},
				{
					"name": "mag_standard2",
					"parent": "additional_magazine",
					"pivot": [-0.625, 5.86677, 3.35796],
					"cubes": [
						{
							"origin": [-0.6375, -1.41794, 2.6355],
							"size": [1.275, 7, 2.5],
							"pivot": [-0.0125, 4.20706, 4.1355],
							"rotation": [23.5, 0, 0],
							"uv": {
								"north": {"uv": [2, 21], "uv_size": [1.5, 7]},
								"east": {"uv": [10, 6], "uv_size": [2.5, 7]},
								"south": {"uv": [4, 21], "uv_size": [1.5, 7]},
								"west": {"uv": [13, 6], "uv_size": [2.5, 7]},
								"up": {"uv": [27, 25], "uv_size": [1.5, 2.5]},
								"down": {"uv": [0, 30.5], "uv_size": [1.5, -2.5]}
							}
						},
						{
							"origin": [-0.625, 5.58206, 2.6355],
							"size": [1.25, 0.91419, 0.3975],
							"pivot": [0, 4.20706, 4.1355],
							"rotation": [23.5, 0, 0],
							"uv": {
								"north": {"uv": [25, 35], "uv_size": [1.5, 1]},
								"east": {"uv": [15, 45], "uv_size": [0.5, 1]},
								"south": {"uv": [35, 25], "uv_size": [1.5, 1]},
								"west": {"uv": [45, 15], "uv_size": [0.5, 1]},
								"up": {"uv": [43, 0], "uv_size": [1.5, 0.5]},
								"down": {"uv": [43, 1.5], "uv_size": [1.5, -0.5]}
							}
						},
						{
							"origin": [-0.625, -2.2902, 4.64157],
							"size": [1.25, 0.87226, 0.49393],
							"pivot": [0, 4.20706, 4.1355],
							"rotation": [23.5, 0, 0],
							"uv": {
								"north": {"uv": [35, 5], "uv_size": [1.5, 1]},
								"east": {"uv": [44, 2], "uv_size": [0.5, 1]},
								"south": {"uv": [7, 35], "uv_size": [1.5, 1]},
								"west": {"uv": [3, 44], "uv_size": [0.5, 1]},
								"up": {"uv": [41, 34], "uv_size": [1.5, 0.5]},
								"down": {"uv": [41, 36.5], "uv_size": [1.5, -0.5]}
							}
						},
						{
							"origin": [-0.625, -1.54953, 5.00288],
							"size": [1.25, 1, 2.1875],
							"uv": {
								"north": {"uv": [34, 24], "uv_size": [1.5, 1]},
								"east": {"uv": [34, 15], "uv_size": [2, 1]},
								"south": {"uv": [5, 35], "uv_size": [1.5, 1]},
								"west": {"uv": [34, 16], "uv_size": [2, 1]},
								"up": {"uv": [32, 0], "uv_size": [1.5, 2]},
								"down": {"uv": [2, 34], "uv_size": [1.5, -2]}
							}
						},
						{
							"origin": [-0.625, 4.86989, 2.21163],
							"size": [1.25, 0.99687, 2.29265],
							"uv": {
								"north": {"uv": [21, 35], "uv_size": [1.5, 1]},
								"east": {"uv": [33, 3], "uv_size": [2.5, 1]},
								"south": {"uv": [23, 35], "uv_size": [1.5, 1]},
								"west": {"uv": [33, 4], "uv_size": [2.5, 1]},
								"up": {"uv": [31, 17], "uv_size": [1.5, 2.5]},
								"down": {"uv": [31, 22.5], "uv_size": [1.5, -2.5]}
							}
						},
						{
							"origin": [0.5, 5.86677, 2.21163],
							"size": [0.125, 0.5, 2.29265],
							"pivot": [0.625, 5.86677, 3.35796],
							"rotation": [0, 0, -22.5],
							"uv": {
								"north": {"uv": [48, 37], "uv_size": [0.5, 0.5]},
								"east": {"uv": [39, 3], "uv_size": [2.5, 0.5]},
								"south": {"uv": [38, 48], "uv_size": [0.5, 0.5]},
								"west": {"uv": [39, 4], "uv_size": [2.5, 0.5]},
								"up": {"uv": [39, 38], "uv_size": [0.5, 2.5]},
								"down": {"uv": [40, 2.5], "uv_size": [0.5, -2.5]}
							}
						},
						{
							"origin": [-0.625, 5.86677, 2.21163],
							"size": [0.125, 0.5, 2.29265],
							"pivot": [-0.625, 5.86677, 3.35796],
							"rotation": [0, 0, 22.5],
							"uv": {
								"north": {"uv": [48, 38], "uv_size": [0.5, 0.5]},
								"east": {"uv": [40, 5], "uv_size": [2.5, 0.5]},
								"south": {"uv": [39, 48], "uv_size": [0.5, 0.5]},
								"west": {"uv": [40, 8], "uv_size": [2.5, 0.5]},
								"up": {"uv": [40, 9], "uv_size": [0.5, 2.5]},
								"down": {"uv": [40, 14.5], "uv_size": [0.5, -2.5]}
							}
						}
					]
				},
				{
					"name": "mag_extended_2",
					"parent": "additional_magazine",
					"pivot": [-0.625, 5.86677, 3.35796],
					"cubes": [
						{
							"origin": [-0.625, -5.41794, 2.6355],
							"size": [1.25, 11, 2.5],
							"pivot": [0, 4.20706, 4.1355],
							"rotation": [23.5, 0, 0],
							"uv": {
								"north": {"uv": [14, 10], "uv_size": [2, 1]},
								"east": {"uv": [12, 6], "uv_size": [8.5, 1]},
								"south": {"uv": [14, 11], "uv_size": [2, 1]},
								"west": {"uv": [12, 7], "uv_size": [8.5, 1]},
								"up": {"uv": [4, 6], "uv_size": [2, 8.5]},
								"down": {"uv": [6, 14.5], "uv_size": [2, -8.5]}
							}
						},
						{
							"origin": [-0.625, 5.58206, 2.6355],
							"size": [1.25, 0.91419, 0.3975],
							"pivot": [0, 4.20706, 4.1355],
							"rotation": [23.5, 0, 0],
							"uv": {
								"north": {"uv": [14, 10], "uv_size": [2, 1]},
								"east": {"uv": [12, 6], "uv_size": [8.5, 1]},
								"south": {"uv": [14, 11], "uv_size": [2, 1]},
								"west": {"uv": [12, 7], "uv_size": [8.5, 1]},
								"up": {"uv": [4, 6], "uv_size": [2, 8.5]},
								"down": {"uv": [6, 14.5], "uv_size": [2, -8.5]}
							}
						},
						{
							"origin": [-0.625, -5.95844, 6.23657],
							"size": [1.25, 0.87226, 0.49393],
							"pivot": [0, 0.53882, 5.7305],
							"rotation": [23.5, 0, 0],
							"uv": {
								"north": {"uv": [14, 10], "uv_size": [2, 1]},
								"east": {"uv": [12, 6], "uv_size": [8.5, 1]},
								"south": {"uv": [14, 11], "uv_size": [2, 1]},
								"west": {"uv": [12, 7], "uv_size": [8.5, 1]},
								"up": {"uv": [4, 6], "uv_size": [2, 8.5]},
								"down": {"uv": [6, 14.5], "uv_size": [2, -8.5]}
							}
						},
						{
							"origin": [-0.625, -5.21777, 6.59787],
							"size": [1.25, 1, 2.1875],
							"uv": {
								"north": {"uv": [14, 10], "uv_size": [2, 1]},
								"east": {"uv": [12, 6], "uv_size": [8.5, 1]},
								"south": {"uv": [14, 11], "uv_size": [2, 1]},
								"west": {"uv": [12, 7], "uv_size": [8.5, 1]},
								"up": {"uv": [4, 6], "uv_size": [2, 8.5]},
								"down": {"uv": [6, 14.5], "uv_size": [2, -8.5]}
							}
						},
						{
							"origin": [-0.625, 4.86989, 2.21163],
							"size": [1.25, 0.99687, 2.29265],
							"uv": {
								"north": {"uv": [14, 10], "uv_size": [2, 1]},
								"east": {"uv": [12, 6], "uv_size": [8.5, 1]},
								"south": {"uv": [14, 11], "uv_size": [2, 1]},
								"west": {"uv": [12, 7], "uv_size": [8.5, 1]},
								"up": {"uv": [4, 6], "uv_size": [2, 8.5]},
								"down": {"uv": [6, 14.5], "uv_size": [2, -8.5]}
							}
						},
						{
							"origin": [0.5, 5.86677, 2.21163],
							"size": [0.125, 0.5, 2.29265],
							"pivot": [0.625, 5.86677, 3.35796],
							"rotation": [0, 0, -22.5],
							"uv": {
								"north": {"uv": [14, 10], "uv_size": [2, 1]},
								"east": {"uv": [12, 6], "uv_size": [8.5, 1]},
								"south": {"uv": [14, 11], "uv_size": [2, 1]},
								"west": {"uv": [12, 7], "uv_size": [8.5, 1]},
								"up": {"uv": [4, 6], "uv_size": [2, 8.5]},
								"down": {"uv": [6, 14.5], "uv_size": [2, -8.5]}
							}
						},
						{
							"origin": [-0.625, 5.86677, 2.21163],
							"size": [0.125, 0.5, 2.29265],
							"pivot": [-0.625, 5.86677, 3.35796],
							"rotation": [0, 0, 22.5],
							"uv": {
								"north": {"uv": [16, 10], "uv_size": [-2, 1]},
								"east": {"uv": [20.5, 7], "uv_size": [-8.5, 1]},
								"south": {"uv": [16, 11], "uv_size": [-2, 1]},
								"west": {"uv": [20.5, 6], "uv_size": [-8.5, 1]},
								"up": {"uv": [6, 6], "uv_size": [-2, 8.5]},
								"down": {"uv": [8, 14.5], "uv_size": [-2, -8.5]}
							}
						}
					]
				},
				{
					"name": "positioning2",
					"parent": "mag7",
					"pivot": [0, 7, -1.425]
				},
				{
					"name": "muzzle_flash",
					"parent": "positioning2",
					"pivot": [0, 9.175, -14.95]
				},
				{
					"name": "muzzle_pos",
					"parent": "positioning2",
					"pivot": [0, 9.175, -13.85]
				},
				{
					"name": "shell",
					"parent": "positioning2",
					"pivot": [-0.2, 9, 2.225]
				},
				{
					"name": "constraint",
					"parent": "mag7",
					"pivot": [0, 11.025, -10.125]
				},
				{
					"name": "camera",
					"pivot": [3, 12, 16]
				},
				{
					"name": "view",
					"pivot": [0, 0, 0]
				},
				{
					"name": "idle_view",
					"parent": "view",
					"pivot": [3, 12, 16]
				},
				{
					"name": "refit_extended_mag_view",
					"parent": "view",
					"pivot": [11.65, 0.7, 3],
					"rotation": [0, 90, 0]
				},
				{
					"name": "refit_view",
					"parent": "view",
					"pivot": [16.975, 6.825, -1],
					"rotation": [0, 90, 0]
				},
				{
					"name": "refit_muzzle_view",
					"parent": "view",
					"pivot": [9, 8.825, -18],
					"rotation": [0, 120, 0]
				},
				{
					"name": "iron_view",
					"parent": "view",
					"pivot": [0, 11.3, 16.25]
				},
				{
					"name": "positioning",
					"pivot": [0, 0, 0]
				},
				{
					"name": "thirdperson_hand",
					"parent": "positioning",
					"pivot": [0.95, 6.525, 1.1]
				},
				{
					"name": "fixed",
					"parent": "positioning",
					"pivot": [0.95, 8.55, 1.825],
					"rotation": [0, 90, 0]
				},
				{
					"name": "ground",
					"parent": "positioning",
					"pivot": [0, -2.875, 1]
				}
			]
		}
	]
}