{
    
    "model": "lrl:gun/pp19_shark_geo",
    
    "texture": "lrl:gun/uv/pp19_shark",
  
    "lod": {
        "model": "lrl:gun/lod/pp19_shark",
        "texture": "lrl:gun/lod/pp19_shark"
    },
    
    "hud": "lrl:gun/hud/pp19_shark",
    
    "slot": "lrl:gun/slot/pp19_shark",
    
    "animation": "lradd:pp19",
    
    
    "use_default_animation": "rifle",
    
    "third_person_animation": "default",
    
    "transform": {
        
        
        "scale": {
            "thirdperson": [0.5, 0.5, 0.5],
            "ground": [0.45, 0.45, 0.45],
            "fixed": [1, 1, 1]
        }
    },
    "muzzle_flash": {
      "texture": "lrl:flash/common_muzzle_flash",
      "scale": 1
    },
    
    "shell": {
        
        "initial_velocity": [8.0, 5.0, -0.5],
        
        "random_velocity": [2.5, 1.5, 0.25],
        
        "acceleration": [0.0, -20, 0.0],
        
        "angular_velocity": [720, 720, 90],
        
        "living_time": 1.0
    },
    
    "sounds": {
        "shoot": "lradd:item/pp19_fire",
        "silence": "lradd:item/pp19_fire_s",
        "draw": "lradd:item/pp19_draw",
        "put_away": "tacz:m4a1/m4a1_put_away",
        "shoot_3p": "lradd:item/pp19_fire_3p",
        "silence_3p": "lradd:item/pp19_fire_s_3p"
    }
}