{
  "ammo": "yeet:ammo_brick",
  "script": "yeet:impact_grenade_logic",
  "ammo_amount": 6,
  "extended_mag_ammo_amount": [
    6,
    6,
    6
  ],
  "bolt": "open_bolt",
  "rpm": 45,
  "bullet": {
    "life": 30,
    "bullet_amount": 1,
    "damage": 6,
    "tracer_count_interval": 0,
    "extra_damage": {
      "armor_ignore": 0,
      "head_shot_multiplier": 1.25,
      "damage_adjust": [
        {"distance": 5, "damage": 6},
        {"distance": 10, "damage": 5.5},
        {"distance": 15, "damage": 5},
        {"distance": 20, "damage": 4.5},
        {"distance": "infinite", "damage": 4}
      ]
    },
    "speed": 50,
    "gravity": 0.15,
    "knockback": 0,
    "friction": 0.16,
    "ignite": false,
    "pierce": 0,
    "explosion": {
      "explode": false,
      "damage": 0,
      "radius": 1,
      "knockback": false,
      "destroy_block": false,
      "delay": 30
    }
  },
  "reload": {
    "type": "inventory",
    "feed": {
      "empty": 1,
      "tactical": 1.75
    },
    "cooldown": {
      "empty": 1.83,
      "tactical": 2.5
    }
  },
  "draw_time": 0.6,
  "put_away_time": 0.38,
  "aim_time": 0.7,
  "sprint_time": 0.4,
  "weight": 6.1, 
  "movement_speed": {
    "base": 0.0,
    "aim": -0.1,
    "reload": -0.2
  },
  "crawl_recoil_multiplier": 1,
  "fire_mode": [
    "semi"
  ],
  "fire_mode_adjust": {
    "burst": {
      "speed": -20,
      "friction": -0.03
    }
  },
  "burst_data": {
    "continuous_shoot": false,
    "count": 1,
    "bpm": 32,
    "min_interval": 1.71
  },
  "recoil": {
    "pitch": [
      {"time": 0, "value": [0, 0]},
      {"time": 0.6, "value": [0, 0]}
    ],
    "yaw": [
      {"time": 0, "value": [0, 0]},
      {"time": 0.6, "value": [0, 0]}
    ]
  },
  "inaccuracy": {
    "stand": 8,
    "move": 8,
    "sneak": 8,
    "lie": 8,
    "aim": 0.25
  },
  "melee": {
    "distance": 0,
    "cooldown": 0.45,
    "default": {
      "animation_type": "melee_push",
      "distance": 2.5,
      "range_angle": 20,
      "damage": 8,
      "knockback": 0.5,
      "prep": 0.17
    }
  },
  "allow_attachment_types": [
  ]
}