{
  "materials": [
    {
      "item": {
        "type": "forge:partial_nbt",
        "item": "tacz:modern_kinetic_gun",
        "nbt": {
          "GunId": "rebel:rs1"
        }
      },
      "count": 1
    },
    {
      "item": {
        "tag": "forge:ingots/iron"
      },
      "count": 5
    },
    {
      "item": {
        "tag": "minecraft:planks"
      },
      "count": 6
    }
  ],
  "result": {
    "type": "gun",
    "id": "rebel:rs1ma"
  },
  "type": "tacz:gun_smith_table_crafting"
}