{
  "materials": [
    {
      "item": {
        "tag": "forge:ingots/gold"
      },
      "count": 10
    },
    {
      "item": {
        "tag": "forge:ingots/iron"
      },
      "count": 64
    },
    {
      "item": {
        "tag": "minecraft:logs"
      },
      "count": 2
    },
    {
      "item": {
        "tag": "forge:gems/diamond"
      },
      "count": 2
    }
  ],
  "result": {
    "type": "gun",
    "id": "wsp:fg42"
  },
  "type": "tacz:gun_smith_table_crafting"
}