{
  "materials": [
    {
      "item": {
        "tag": "forge:ingots/gold"
      },
      "count": 9
    },
    {
      "item": {
        "tag": "forge:ingots/iron"
      },
      "count": 72
    },
    {
      "item": {
        "tag": "forge:gems/quartz"
      },
      "count": 5
    },
    {
      "item": {
        "tag": "forge:gems/diamond"
      },
      "count": 1
    }
  ],
  "result": {
    "type": "gun",
    "id": "wsp:stg60"
  },
  "type": "tacz:gun_smith_table_crafting"
}