{
  "model": "z:gun/aa12_g_geo",
  "texture": "z:gun/uv/aa12_g",
  "lod": {
    "model": "z:gun/lod/aa12_g_lod",
    "texture": "z:gun/lod/aa12_g_lod"
  },
  "hud": "z:gun/hud/aa12_g_hud",
  "slot": "z:gun/slot/aa12_g_slot",
  "animation": "z:aa12",
  "use_default_animation": "rifle",
  "third_person_animation": "default",
  "transform": {
    "scale": {
      "thirdperson": [0.6, 0.6, 0.6],
      "ground": [0.6, 0.6, 0.6],
      "fixed": [1.2, 1.2, 1.2]
    }
  },
  "muzzle_flash": {
    "texture": "tacz:flash/common_muzzle_flash",
    "scale": 0.75
  },
  "shell": {
    "initial_velocity": [5, 2, 1],
    "random_velocity": [1, 1, 0.25],
    "acceleration": [0.0, -10, 0.0],
    "angular_velocity": [360, -1200, 90],
    "living_time": 1.0
  },
  "sounds": {
    "shoot": "tacz:aa12/aa12_shoot",
    "shoot_3p": "tacz:aa12/aa12_shoot_3p",
    "silence": "tacz:aa12/aa12_silence",
    "silence_3p": "tacz:aa12/aa12_silence_3p",
    "reload_empty": "tacz:aa12/aa12_reload_empty",
    "reload_tactical": "tacz:aa12/aa12_reload_tactical",
    "inspect": "tacz:aa12/aa12_inspect",
    "inspect_empty": "tacz:aa12/aa12_inspect_empty",
    "draw": "tacz:aa12/aa12_draw",
    "put_away": "tacz:aa12/aa12_put_away",
    "melee_push": "tacz:melee_stock/melee_stock_01",
    "melee_stock": "tacz:melee_stock/melee_stock_02"
  },
  "offhand_show": {
    "pos": [1, 19, 4],
    "rotate": [0, 0, 50],
    "scale": [0.5, 0.5, 0.5]
  },
  "hotbar_show": {
    "0": {
      "pos": [-1, 19, 3],
      "rotate": [-180, 0, 130],
      "scale": [0.5, 0.5, 0.5]
    }
  }
}