{
  "model": "z:gun/mk556_g_geo",
  "texture": "z:gun/uv/mk556_g",
  "lod": {
    "model": "z:gun/lod/mk556_g_lod",
    "texture": "z:gun/lod/mk556_g_lod"
  },
  "hud": "z:gun/hud/mk556_g_hud",
  "slot": "z:gun/slot/mk556_g_slot",
  "animation": "z:mk556_g",
  "state_machine": "tacz:ak47_state_machine",
  "damage_style": "per_projectile",
  "ammo_count_style": "normal",
  "player_animator_3rd": "tacz:rifle_default.player_animation",
  "use_default_animation": "rifle",
  "third_person_animation": "default",
  "transform": {
    "scale": {
      "thirdperson": [0.6, 0.6, 0.6],
      "ground": [0.6, 0.6, 0.6],
      "fixed": [1.2, 1.2, 1.2]
    }
  },
  "muzzle_flash": {
    "texture": "tacz:flash/common_muzzle_flash",
    "scale": 0.75
  },
  "iron_zoom": 1.33,
  "zoom_model_fov": 60,
  "shell": {
    "initial_velocity": [5, 2, 1],
    "random_velocity": [1, 1, 0.25],
    "acceleration": [0.0, -10, 0.0],
    "angular_velocity": [360, -1200, 90],
    "living_time": 1.0
  },
  "sounds": {
    "shoot": "tacz:hk416d/hk416d_shoot",
    "shoot_3p": "tacz:hk416d/hk416d_shoot_3p",
    "inspect": "tacz:hk416d/hk416d_inspect",
    "inspect_empty": "tacz:hk416d/hk416d_inspect_empty",
    "draw": "tacz:hk416d/hk416d_draw",
    "put_away": "tacz:hk416d/hk416d_put_away",
    "silence": "tacz:hk416d/hk416d_silence",
    "silence_3p": "tacz:hk416d/hk416d_silence_3p",
    "melee_push": "tacz:melee_stock/melee_stock_01",
    "melee_stock": "tacz:melee_stock/melee_stock_02"
  },
  "offhand_show": {
    "pos": [1, 19, 4],
    "rotate": [0, 0, 50],
    "scale": [0.5, 0.5, 0.5]
  },
  "hotbar_show": {
    "0": {
      "pos": [-1, 19, 3],
      "rotate": [-180, 0, 130],
      "scale": [0.5, 0.5, 0.5]
    }
  }
}