{
  "model": "z:gun/iso_g_geo",
  "texture": "z:gun/uv/iso_g",
  "lod": {
    "model": "z:gun/lod/iso_g_lod",
    "texture": "z:gun/lod/iso_g_lod"
  },
  "hud": "z:gun/hud/iso_hud",
  "slot": "z:gun/slot/iso_slot",
  "animation": "z:iso_g",
  "use_default_animation": "rifle",
  "third_person_animation": "default",
  "state_machine": "tacz:scar_l_state_machine",
  "transform": {
    "scale": {
      "thirdperson": [0.6, 0.6, 0.6],
      "ground": [0.6, 0.6, 0.6],
      "fixed": [1.2, 1.2, 1.2]
    }
  },
  "muzzle_flash": {
    "texture": "z:flash/common_muzzle_flash",
    "scale": 0.6
  },
  "shell": {
    "initial_velocity": [5, 2, 1],
    "random_velocity": [1, 1, 0.25],
    "acceleration": [0.0, -10, 0.0],
    "angular_velocity": [360, -1200, 90],
    "living_time": 1.0
  },
  "sounds": {
    "shoot": "z:iso/iso_shoot",
    "shoot_3p": "z:iso/iso_shoot_3p",
    "inspect": "z:iso/iso_inspect",
    "inspect_empty": "z:iso/iso_inspect_empty",
    "draw": "z:iso/iso_draw",
    "put_away": "z:iso/iso_put_away",
    "silence": "z:iso/iso_silence",
    "silence_3p": "z:iso/iso_silence_3p",
    "head_hit": "tacz:head_hit",
    "flesh_hit": "tacz:flesh_hit",
    "kill": "tacz:kill",
    "melee_push": "tacz:melee_stock/melee_stock_01",
    "melee_stock": "tacz:melee_stock/melee_stock_03"
  },
  "offhand_show": {
    "pos": [1, 19, 4],
    "rotate": [0, 0, 30],
    "scale": [0.5, 0.5, 0.5]
  },
  "hotbar_show": {
    "0": {
      "pos": [1, 16, -2],
    "rotate": [0, 0, 20],
    "scale": [0.5, 0.5, 0.5]
    }
  }
}