{
	"format_version": "1.12.0",
	"minecraft:geometry": [
		{
			"description": {
				"identifier": "geometry.laser_an_peq15",
				"texture_width": 32,
				"texture_height": 32,
				"visible_bounds_width": 2,
				"visible_bounds_height": 1.5,
				"visible_bounds_offset": [0, 0.25, 0]
			},
			"bones": [
				{
					"name": "bone6",
					"pivot": [0, 2, 0],
					"cubes": [
						{
							"origin": [0.36911, -0.1875, -1.748],
							"size": [0.371, 1.375, 0.371],
							"inflate": 0.001,
							"pivot": [0.55461, 0.5, -1.5625],
							"rotation": [90, 0, -45],
							"uv": {
								"north": {"uv": [2, 24], "uv_size": [0.5, 1.5]},
								"east": {"uv": [8, 24], "uv_size": [0.5, 1.5]},
								"south": {"uv": [24, 8], "uv_size": [0.5, 1.5]},
								"west": {"uv": [10, 24], "uv_size": [0.5, 1.5]},
								"up": {"uv": [30, 42], "uv_size": [0.5, 0.5]}
							}
						},
						{
							"origin": [-0.875, -0.0625, -1.5],
							"size": [1.75, 1, 3.25],
							"uv": {
								"south": {"uv": [6, 9], "uv_size": [2, 1]},
								"up": {"uv": [0, 0], "uv_size": [2, 3.5]},
								"down": {"uv": [3, 3.5], "uv_size": [2, -3.5]}
							}
						},
						{
							"origin": [0.1875, 0.125, -1.75],
							"size": [0.75, 0.75, 0.25],
							"pivot": [0.5625, 0.5, -0.625],
							"rotation": [0, 0, -45],
							"uv": {
								"north": {"uv": [11, 13], "uv_size": [1, 1]},
								"east": {"uv": [4, 15], "uv_size": [0.5, 1]},
								"south": {"uv": [13, 13], "uv_size": [1, 1]},
								"west": {"uv": [15, 4], "uv_size": [0.5, 1]},
								"up": {"uv": [15, 6], "uv_size": [1, 0.5]},
								"down": {"uv": [8, 15.5], "uv_size": [1, -0.5]}
							}
						},
						{
							"origin": [0.25, 0.1875, -2.25],
							"size": [0.625, 0.625, 0.5],
							"pivot": [0.5625, 0.5, -0.625],
							"rotation": [0, 0, -45],
							"uv": {
								"north": {"uv": [12, 15], "uv_size": [0.5, 0.5]},
								"east": {"uv": [15, 12], "uv_size": [0.5, 0.5]},
								"west": {"uv": [16, 0], "uv_size": [0.5, 0.5]},
								"up": {"uv": [16, 2], "uv_size": [0.5, 0.5]},
								"down": {"uv": [6, 16.5], "uv_size": [0.5, -0.5]}
							}
						},
						{
							"origin": [-0.8125, 0.25, -1.625],
							"size": [0.5, 0.5, 0.125],
							"pivot": [-0.5625, 0.5, -0.625],
							"rotation": [0, 0, -45],
							"uv": {
								"north": {"uv": [16, 10], "uv_size": [0.5, 0.5]},
								"east": {"uv": [16, 14], "uv_size": [0.5, 0.5]},
								"south": {"uv": [16, 16], "uv_size": [0.5, 0.5]},
								"west": {"uv": [0, 17], "uv_size": [0.5, 0.5]},
								"up": {"uv": [2, 17], "uv_size": [0.5, 0.5]},
								"down": {"uv": [4, 17.5], "uv_size": [0.5, -0.5]}
							}
						},
						{
							"origin": [-0.875, -0.0625, -1.5],
							"size": [1.75, 1.125, 1.3125],
							"inflate": 0.001,
							"uv": {
								"north": {"uv": [9, 7], "uv_size": [2, 1]},
								"east": {"uv": [11, 2], "uv_size": [1.5, 1]},
								"south": {"uv": [9, 9], "uv_size": [2, 1]},
								"west": {"uv": [8, 11], "uv_size": [1.5, 1]},
								"up": {"uv": [0, 7], "uv_size": [2, 1.5]}
							}
						},
						{
							"origin": [0.77773, 0.09727, -1.5],
							"size": [0.70711, 1.01961, 3.25],
							"inflate": -0.001,
							"pivot": [0.60983, 0.90977, 0.125],
							"rotation": [0, 0, 45],
							"uv": {
								"north": {"uv": [0, 15], "uv_size": [0.5, 1]},
								"south": {"uv": [2, 15], "uv_size": [0.5, 1]},
								"west": {"uv": [6, 2], "uv_size": [3.5, 1]},
								"up": {"uv": [0, 10], "uv_size": [0.5, 3.5]},
								"down": {"uv": [2, 13.5], "uv_size": [0.5, -3.5]}
							}
						},
						{
							"origin": [-0.86558, -0.28347, -0.4375],
							"size": [1.51961, 1.01961, 0.9375],
							"uv": {
								"north": {"uv": [11, 11], "uv_size": [1.5, 1]},
								"east": {"uv": [14, 2], "uv_size": [1, 1]},
								"south": {"uv": [12, 6], "uv_size": [1.5, 1]},
								"down": {"uv": [8, 14], "uv_size": [1.5, -1]}
							}
						},
						{
							"origin": [-1.48483, 0.40977, -1.5],
							"size": [0.70711, 0.70711, 3.25],
							"inflate": -0.001,
							"pivot": [-0.60983, 0.90977, 0.125],
							"rotation": [0, 0, -45],
							"uv": {
								"north": {"uv": [15, 8], "uv_size": [0.5, 0.5]},
								"east": {"uv": [10, 4], "uv_size": [3.5, 0.5]},
								"south": {"uv": [10, 15], "uv_size": [0.5, 0.5]},
								"up": {"uv": [4, 10], "uv_size": [0.5, 3.5]}
							}
						}
					]
				},
				{
					"name": "laser_beam",
					"pivot": [-0.5625, 0.51563, -0.625]
				}
			]
		}
	]
}