{
	"format_version": "1.12.0",
	"minecraft:geometry": [
		{
			"description": {
				"identifier": "geometry.unknown",
				"texture_width": 64,
				"texture_height": 64,
				"visible_bounds_width": 13,
				"visible_bounds_height": 9,
				"visible_bounds_offset": [0, 0.5, 0]
			},
			"bones": [
				{
					"name": "lod",
					"pivot": [0, 1, 0],
					"cubes": [
						{
							"origin": [-1.04419, 0.875, -12.25],
							"size": [2.125, 2.125, 3],
							"pivot": [-0.04419, 1.9375, -9.4375],
							"rotation": [0, 0, 45],
							"uv": {
								"north": {"uv": [0, 17], "uv_size": [2, 2]},
								"east": {"uv": [16, 6], "uv_size": [3, 2]},
								"south": {"uv": [3, 18], "uv_size": [2, 2]},
								"west": {"uv": [16, 9], "uv_size": [3, 2]},
								"up": {"uv": [16, 12], "uv_size": [2, 3]},
								"down": {"uv": [16, 19], "uv_size": [2, -3]}
							}
						},
						{
							"origin": [-1.79419, 1.375, -11.75],
							"size": [0.75, 1.125, 0.3125],
							"pivot": [-0.04419, 1.9375, -9.4375],
							"rotation": [0, 0, 45],
							"uv": {
								"north": {"uv": [31, 23], "uv_size": [1, 1]},
								"east": {"uv": [30, 32], "uv_size": [0.5, 1]},
								"south": {"uv": [28, 31], "uv_size": [1, 1]},
								"up": {"uv": [33, 0], "uv_size": [1, 0.5]},
								"down": {"uv": [2, 33.5], "uv_size": [1, -0.5]}
							}
						},
						{
							"origin": [-2.92514, 2.66591, -11.03582],
							"size": [2.3125, 2.3125, 0.25],
							"pivot": [-1.98764, 3.79091, -10.91082],
							"rotation": [0, 30, 45],
							"uv": {
								"north": {"uv": [3, 14], "uv_size": [2.5, 2.5]},
								"east": {"uv": [29, 21], "uv_size": [0.5, 2.5]},
								"south": {"uv": [7, 15], "uv_size": [2.5, 2.5]},
								"west": {"uv": [22, 29], "uv_size": [0.5, 2.5]},
								"up": {"uv": [29, 25], "uv_size": [2.5, 0.5]},
								"down": {"uv": [29, 27.5], "uv_size": [2.5, -0.5]}
							}
						},
						{
							"origin": [-1.48169, 1.4375, 3.4375],
							"size": [0.625, 0.75, 0.3125],
							"pivot": [0.14331, 1.8125, 1.4375],
							"rotation": [0, 0, 45],
							"uv": {
								"north": {"uv": [29, 31], "uv_size": [-1, 1]},
								"east": {"uv": [30.5, 32], "uv_size": [-0.5, 1]},
								"south": {"uv": [32, 23], "uv_size": [-1, 1]},
								"up": {"uv": [33, 0.5], "uv_size": [1, -0.5]},
								"down": {"uv": [2, 33], "uv_size": [1, 0.5]}
							}
						},
						{
							"origin": [-1.92514, 2.91591, 2.72332],
							"size": [1.625, 1.625, 0.25],
							"pivot": [-1.80014, 3.66591, 2.91082],
							"rotation": [0, -30, 45],
							"uv": {
								"north": {"uv": [9.5, 15], "uv_size": [-2.5, 2.5]},
								"east": {"uv": [29.5, 21], "uv_size": [-0.5, 2.5]},
								"south": {"uv": [5.5, 14], "uv_size": [-2.5, 2.5]},
								"west": {"uv": [22.5, 29], "uv_size": [-0.5, 2.5]},
								"up": {"uv": [29, 25.5], "uv_size": [2.5, -0.5]},
								"down": {"uv": [29, 27], "uv_size": [2.5, 0.5]}
							}
						},
						{
							"origin": [-1, 0.26518, -9.31792],
							"size": [2, 3.52259, 0.877],
							"inflate": -0.4375,
							"pivot": [0, 1.89331, -8.07365],
							"rotation": [101.09781, 0, -135],
							"uv": {
								"north": {"uv": [10, 10], "uv_size": [2, 3.5]},
								"east": {"uv": [19, 17], "uv_size": [1, 3.5]},
								"south": {"uv": [0, 12], "uv_size": [2, 3.5]},
								"west": {"uv": [0, 20], "uv_size": [1, 3.5]},
								"up": {"uv": [0, 28], "uv_size": [2, 1]},
								"down": {"uv": [28, 1], "uv_size": [2, -1]}
							}
						},
						{
							"origin": [-1, 0.26518, -9.31792],
							"size": [2, 3.52259, 0.877],
							"inflate": -0.4375,
							"pivot": [0, 1.89331, -8.07365],
							"rotation": [101.09781, 0, 45],
							"uv": {
								"north": {"uv": [10, 0], "uv_size": [2, 3.5]},
								"east": {"uv": [8, 19], "uv_size": [1, 3.5]},
								"south": {"uv": [10, 5], "uv_size": [2, 3.5]},
								"west": {"uv": [19, 12], "uv_size": [1, 3.5]},
								"down": {"uv": [21, 28], "uv_size": [2, -1]}
							}
						},
						{
							"origin": [-1, 0.26518, -9.31792],
							"size": [2, 3.52259, 0.877],
							"inflate": -0.4375,
							"pivot": [0, 1.89331, -8.07365],
							"rotation": [101.09781, 0, -45],
							"uv": {
								"north": {"uv": [4, 4], "uv_size": [2, 3.5]},
								"east": {"uv": [11, 15], "uv_size": [1, 3.5]},
								"south": {"uv": [7, 4], "uv_size": [2, 3.5]},
								"west": {"uv": [13, 18], "uv_size": [1, 3.5]},
								"up": {"uv": [27, 3], "uv_size": [2, 1]}
							}
						},
						{
							"origin": [0.04119, 0.59094, -9.11485],
							"size": [1, 3.08846, 1],
							"inflate": -0.24519,
							"pivot": [0, 1.89331, -8.07365],
							"rotation": [101.30993, -11.0958, 43.89789],
							"uv": {
								"north": {"uv": [22, 4], "uv_size": [1, 3]},
								"east": {"uv": [19, 22], "uv_size": [1, 3]},
								"south": {"uv": [23, 0], "uv_size": [1, 3]},
								"west": {"uv": [23, 8], "uv_size": [1, 3]},
								"down": {"uv": [31, 7], "uv_size": [1, -1]}
							}
						},
						{
							"origin": [0.04119, 0.59094, -9.11485],
							"size": [1, 3.08846, 1],
							"inflate": -0.24519,
							"pivot": [0, 1.89331, -8.07365],
							"rotation": [101.30993, -11.0958, 133.89789],
							"uv": {
								"north": {"uv": [21, 9], "uv_size": [1, 3]},
								"east": {"uv": [21, 13], "uv_size": [1, 3]},
								"south": {"uv": [21, 17], "uv_size": [1, 3]},
								"west": {"uv": [21, 21], "uv_size": [1, 3]},
								"up": {"uv": [26, 30], "uv_size": [1, 1]}
							}
						},
						{
							"origin": [0.04119, 0.59094, -9.11485],
							"size": [1, 3.08846, 1],
							"inflate": -0.24519,
							"pivot": [0, 1.89331, -8.07365],
							"rotation": [101.30993, -11.0958, -136.10211],
							"uv": {
								"north": {"uv": [17, 20], "uv_size": [1, 3]},
								"east": {"uv": [21, 0], "uv_size": [1, 3]},
								"west": {"uv": [4, 21], "uv_size": [1, 3]}
							}
						},
						{
							"origin": [0.04119, 0.59094, -9.11485],
							"size": [1, 3.08846, 1],
							"inflate": -0.24519,
							"pivot": [0, 1.89331, -8.07365],
							"rotation": [101.30993, -11.0958, -46.10211],
							"uv": {
								"north": {"uv": [8, 0], "uv_size": [1, 3]},
								"east": {"uv": [20, 5], "uv_size": [1, 3]},
								"west": {"uv": [15, 20], "uv_size": [1, 3]}
							}
						},
						{
							"origin": [-0.79419, 1.125, 0],
							"size": [1.625, 1.625, 4.25],
							"pivot": [-0.04419, 1.9375, 2.5625],
							"rotation": [0, 0, 45],
							"uv": {
								"north": {"uv": [12, 23], "uv_size": [1.5, 1.5]},
								"east": {"uv": [13, 0], "uv_size": [4.5, 1.5]},
								"south": {"uv": [23, 12], "uv_size": [1.5, 1.5]},
								"west": {"uv": [13, 3], "uv_size": [4.5, 1.5]},
								"up": {"uv": [13, 6], "uv_size": [1.5, 4.5]},
								"down": {"uv": [13, 16.5], "uv_size": [1.5, -4.5]}
							}
						},
						{
							"origin": [0.14331, 2.9375, 0.6875],
							"size": [0.625, 1.0625, 0.375],
							"pivot": [-0.04419, 2.4375, 2.5625],
							"rotation": [0, 0, 45],
							"uv": {
								"north": {"uv": [33, 6], "uv_size": [0.5, 1]},
								"east": {"uv": [9, 33], "uv_size": [0.5, 1]},
								"south": {"uv": [33, 11], "uv_size": [0.5, 1]},
								"west": {"uv": [14, 33], "uv_size": [0.5, 1]},
								"up": {"uv": [33, 16], "uv_size": [0.5, 0.5]}
							}
						},
						{
							"origin": [-0.79419, 1.125, -4.5625],
							"size": [1.625, 1.625, 1.625],
							"pivot": [-0.04419, 1.9375, -2.4375],
							"rotation": [0, 0, 45],
							"uv": {
								"north": {"uv": [3, 25], "uv_size": [1.5, 1.5]},
								"east": {"uv": [25, 7], "uv_size": [1.5, 1.5]},
								"south": {"uv": [26, 10], "uv_size": [1.5, 1.5]},
								"west": {"uv": [12, 26], "uv_size": [1.5, 1.5]},
								"up": {"uv": [26, 13], "uv_size": [1.5, 1.5]},
								"down": {"uv": [26, 17.5], "uv_size": [1.5, -1.5]}
							}
						},
						{
							"origin": [-0.54419, 1.375, -6.75],
							"size": [1.125, 1.125, 6.75],
							"pivot": [-0.04419, 1.9375, -1.6875],
							"rotation": [0, 0, 45],
							"uv": {
								"north": {"uv": [21, 25], "uv_size": [1, 1]},
								"east": {"uv": [0, 0], "uv_size": [7, 1]},
								"west": {"uv": [0, 2], "uv_size": [7, 1]},
								"up": {"uv": [0, 4], "uv_size": [1, 7]},
								"down": {"uv": [2, 11], "uv_size": [1, -7]}
							}
						},
						{
							"origin": [-0.73169, 1.1875, -6],
							"size": [1.5, 1.5, 1],
							"pivot": [-0.04419, 1.9375, -1.6875],
							"rotation": [0, 0, 45],
							"uv": {
								"north": {"uv": [23, 15], "uv_size": [1.5, 1.5]},
								"east": {"uv": [24, 27], "uv_size": [1, 1.5]},
								"south": {"uv": [23, 18], "uv_size": [1.5, 1.5]},
								"west": {"uv": [3, 28], "uv_size": [1, 1.5]},
								"up": {"uv": [28, 7], "uv_size": [1.5, 1]},
								"down": {"uv": [26, 29], "uv_size": [1.5, -1]}
							}
						},
						{
							"origin": [-0.625, -0.16919, -6],
							"size": [1.25, 1.5, 1],
							"uv": {
								"north": {"uv": [6, 24], "uv_size": [1.5, 1.5]},
								"east": {"uv": [29, 11], "uv_size": [1, 1.5]},
								"south": {"uv": [9, 24], "uv_size": [1.5, 1.5]},
								"west": {"uv": [12, 29], "uv_size": [1, 1.5]},
								"up": {"uv": [14, 29], "uv_size": [1.5, 1]},
								"down": {"uv": [29, 15], "uv_size": [1.5, -1]}
							}
						},
						{
							"origin": [-0.625, -0.16919, -1.5],
							"size": [1.25, 1.5, 1],
							"uv": {
								"north": {"uv": [15, 24], "uv_size": [1.5, 1.5]},
								"east": {"uv": [29, 16], "uv_size": [1, 1.5]},
								"south": {"uv": [23, 24], "uv_size": [1.5, 1.5]},
								"west": {"uv": [17, 29], "uv_size": [1, 1.5]},
								"up": {"uv": [19, 29], "uv_size": [1.5, 1]},
								"down": {"uv": [29, 20], "uv_size": [1.5, -1]}
							}
						},
						{
							"origin": [-0.73169, 1.1875, -1.5],
							"size": [1.5, 1.5, 1],
							"pivot": [-0.04419, 1.9375, 2.8125],
							"rotation": [0, 0, 45],
							"uv": {
								"north": {"uv": [23, 21], "uv_size": [1.5, 1.5]},
								"east": {"uv": [5, 29], "uv_size": [1, 1.5]},
								"south": {"uv": [24, 4], "uv_size": [1.5, 1.5]},
								"west": {"uv": [7, 29], "uv_size": [1, 1.5]},
								"up": {"uv": [9, 29], "uv_size": [1.5, 1]},
								"down": {"uv": [29, 10], "uv_size": [1.5, -1]}
							}
						},
						{
							"origin": [-0.6875, 2.64331, -3.875],
							"size": [1.375, 1.375, 0.625],
							"pivot": [0, 3.33081, -3.75],
							"rotation": [90, -45, 0],
							"uv": {
								"north": {"uv": [0, 25], "uv_size": [1.5, 1.5]},
								"east": {"uv": [31, 29], "uv_size": [0.5, 1.5]},
								"south": {"uv": [25, 0], "uv_size": [1.5, 1.5]},
								"west": {"uv": [0, 32], "uv_size": [0.5, 1.5]},
								"up": {"uv": [32, 2], "uv_size": [1.5, 0.5]},
								"down": {"uv": [4, 32.5], "uv_size": [1.5, -0.5]}
							}
						},
						{
							"origin": [-1, 0.26518, -9.31792],
							"size": [2, 3.52259, 0.877],
							"inflate": -0.4375,
							"pivot": [0, 1.89331, -8.07365],
							"rotation": [101.09781, 0, 135],
							"uv": {
								"north": {"uv": [4, 9], "uv_size": [2, 3.5]},
								"east": {"uv": [19, 0], "uv_size": [1, 3.5]},
								"south": {"uv": [7, 9], "uv_size": [2, 3.5]},
								"west": {"uv": [6, 19], "uv_size": [1, 3.5]},
								"up": {"uv": [6, 27], "uv_size": [2, 1]},
								"down": {"uv": [9, 28], "uv_size": [2, -1]}
							}
						},
						{
							"origin": [-0.5625, 2.76831, -5.0625],
							"size": [1.125, 1.125, 1.1875],
							"pivot": [0, 3.33081, -3.75],
							"rotation": [90, -45, 0],
							"uv": {
								"north": {"uv": [9, 31], "uv_size": [1, 1]},
								"east": {"uv": [31, 11], "uv_size": [1, 1]},
								"west": {"uv": [31, 16], "uv_size": [1, 1]},
								"up": {"uv": [19, 31], "uv_size": [1, 1]},
								"down": {"uv": [31, 22], "uv_size": [1, -1]}
							}
						},
						{
							"origin": [0.25, 1.25268, -3.60937],
							"size": [1.25, 1.25, 0.625],
							"pivot": [0.875, 1.87768, -3.75],
							"rotation": [90, -45, 90],
							"uv": {
								"north": {"uv": [18, 26], "uv_size": [1.5, 1.5]},
								"east": {"uv": [7, 32], "uv_size": [0.5, 1.5]},
								"south": {"uv": [26, 19], "uv_size": [1.5, 1.5]},
								"west": {"uv": [32, 8], "uv_size": [0.5, 1.5]},
								"up": {"uv": [32, 4], "uv_size": [1.5, 0.5]},
								"down": {"uv": [11, 32.5], "uv_size": [1.5, -0.5]}
							}
						},
						{
							"origin": [-1.5, 1.25268, -3.60937],
							"size": [1.25, 1.25, 0.625],
							"pivot": [-0.875, 1.87768, -3.75],
							"rotation": [90, 45, -90],
							"uv": {
								"north": {"uv": [26, 22], "uv_size": [1.5, 1.5]},
								"east": {"uv": [32, 13], "uv_size": [0.5, 1.5]},
								"south": {"uv": [26, 25], "uv_size": [1.5, 1.5]},
								"west": {"uv": [16, 32], "uv_size": [0.5, 1.5]},
								"up": {"uv": [32, 18], "uv_size": [1.5, 0.5]},
								"down": {"uv": [24, 32.5], "uv_size": [1.5, -0.5]}
							}
						}
					]
				}
			]
		}
	]
}