{
	"format_version": "1.12.0",
	"minecraft:geometry": [
		{
			"description": {
				"identifier": "geometry.scope_acog_ta31 - Converted",
				"texture_width": 16,
				"texture_height": 16,
				"visible_bounds_width": 35,
				"visible_bounds_height": 9,
				"visible_bounds_offset": [0, 0.5, 0]
			},
			"bones": [
				{
					"name": "bone7",
					"pivot": [0, 0, 0],
					"cubes": [
						{
							"origin": [-0.625, -0.3125, -4.1875],
							"size": [1.25, 0.5625, 4.1875],
							"uv": {
								"north": {"uv": [12, 0], "uv_size": [1.5, 0.5]},
								"east": {"uv": [10, 4], "uv_size": [4, 0.5]},
								"south": {"uv": [12, 1], "uv_size": [1.5, 0.5]},
								"west": {"uv": [10, 5], "uv_size": [4, 0.5]},
								"up": {"uv": [4, 4], "uv_size": [1.5, 4]},
								"down": {"uv": [5, 4], "uv_size": [1.5, -4]}
							}
						},
						{
							"origin": [0.625, -0.3125, -1],
							"size": [0.25, 0.6875, 0.6875],
							"pivot": [0.75, 0.03125, -0.65625],
							"rotation": [45, 0, 0],
							"uv": {
								"north": {"uv": [8, 13], "uv_size": [0.5, 0.5]},
								"east": {"uv": [13, 8], "uv_size": [0.5, 0.5]},
								"south": {"uv": [13, 9], "uv_size": [0.5, 0.5]},
								"west": {"uv": [13, 10], "uv_size": [0.5, 0.5]},
								"up": {"uv": [11, 13], "uv_size": [0.5, 0.5]},
								"down": {"uv": [12, 13.5], "uv_size": [0.5, -0.5]}
							}
						},
						{
							"origin": [0.625, -0.3125, -3.625],
							"size": [0.25, 0.6875, 0.6875],
							"pivot": [0.75, 0.03125, -3.28125],
							"rotation": [45, 0, 0],
							"uv": {
								"north": {"uv": [13, 12], "uv_size": [0.5, 0.5]},
								"east": {"uv": [13, 13], "uv_size": [0.5, 0.5]},
								"south": {"uv": [0, 14], "uv_size": [0.5, 0.5]},
								"west": {"uv": [14, 0], "uv_size": [0.5, 0.5]},
								"up": {"uv": [1, 14], "uv_size": [0.5, 0.5]},
								"down": {"uv": [14, 1.5], "uv_size": [0.5, -0.5]}
							}
						},
						{
							"origin": [-0.625, 0.25, -1.9375],
							"size": [1.25, 0.5, 1.9375],
							"uv": {
								"north": {"uv": [12, 2], "uv_size": [1.5, 0.5]},
								"east": {"uv": [10, 10], "uv_size": [2, 0.5]},
								"south": {"uv": [12, 3], "uv_size": [1.5, 0.5]},
								"west": {"uv": [0, 11], "uv_size": [2, 0.5]},
								"up": {"uv": [4, 8], "uv_size": [1.5, 2]},
								"down": {"uv": [8, 6], "uv_size": [1.5, -2]}
							}
						},
						{
							"origin": [-1.04727, 0.45273, -2.83238],
							"size": [1.4375, 1.75, 0.3125],
							"pivot": [-0.35977, 1.51523, -1.55113],
							"rotation": [-100, 0, 45],
							"uv": {
								"north": {"uv": [8, 8], "uv_size": [1.5, 1.5]},
								"east": {"uv": [1, 12], "uv_size": [0.5, 1.5]},
								"south": {"uv": [0, 9], "uv_size": [1.5, 1.5]},
								"west": {"uv": [4, 12], "uv_size": [0.5, 1.5]},
								"up": {"uv": [5, 12], "uv_size": [1.5, 0.5]},
								"down": {"uv": [7, 12.5], "uv_size": [1.5, -0.5]}
							}
						},
						{
							"origin": [-1.18751, 1.42457, -1.69668],
							"size": [1.4375, 1.75, 0.3125],
							"pivot": [-0.46876, 2.29957, -1.54043],
							"rotation": [-100, 0, -45],
							"uv": {
								"north": {"uv": [9.5, 8], "uv_size": [-1.5, 1.5]},
								"east": {"uv": [4.5, 12], "uv_size": [-0.5, 1.5]},
								"south": {"uv": [1.5, 9], "uv_size": [-1.5, 1.5]},
								"west": {"uv": [1.5, 12], "uv_size": [-0.5, 1.5]},
								"up": {"uv": [5, 12.5], "uv_size": [1.5, -0.5]},
								"down": {"uv": [7, 12.5], "uv_size": [1.5, -0.5]}
							}
						},
						{
							"origin": [-0.9375, 0.8125, -3.5625],
							"size": [2, 2, 1.1875],
							"pivot": [0, 1.875, -2.09375],
							"rotation": [0, 0, 45],
							"uv": {
								"north": {"uv": [6, 4], "uv_size": [2, 2]},
								"east": {"uv": [6, 10], "uv_size": [1, 2]},
								"south": {"uv": [6, 6], "uv_size": [2, 2]},
								"west": {"uv": [10, 6], "uv_size": [1, 2]},
								"up": {"uv": [7, 10], "uv_size": [2, 1]},
								"down": {"uv": [10, 9], "uv_size": [2, -1]}
							}
						},
						{
							"origin": [0.39014, 0.58397, -2.41516],
							"size": [0.3125, 1.4375, 1.8125],
							"pivot": [0.51514, 1.27147, -1.91516],
							"rotation": [0, -10, 45],
							"uv": {
								"north": {"uv": [12, 7], "uv_size": [0.5, 1.5]},
								"east": {"uv": [6, 8], "uv_size": [2, 1.5]},
								"south": {"uv": [9, 12], "uv_size": [0.5, 1.5]},
								"west": {"uv": [8, 6], "uv_size": [2, 1.5]},
								"up": {"uv": [11, 0], "uv_size": [0.5, 2]},
								"down": {"uv": [2, 13], "uv_size": [0.5, -2]}
							}
						},
						{
							"origin": [-0.66537, 0.60294, -2.41591],
							"size": [0.3125, 1.4375, 1.8125],
							"pivot": [-0.50912, 1.32169, -1.50966],
							"rotation": [0, 10, -45],
							"uv": {
								"north": {"uv": [12.5, 7], "uv_size": [-0.5, 1.5]},
								"east": {"uv": [10, 6], "uv_size": [-2, 1.5]},
								"south": {"uv": [9.5, 12], "uv_size": [-0.5, 1.5]},
								"west": {"uv": [8, 8], "uv_size": [-2, 1.5]},
								"up": {"uv": [11, 2], "uv_size": [0.5, -2]},
								"down": {"uv": [2, 13], "uv_size": [0.5, -2]}
							}
						},
						{
							"origin": [-0.9375, 0.8125, -4.3125],
							"size": [2, 2, 0.75],
							"pivot": [0, 1.875, -2.09375],
							"rotation": [0, 0, 45],
							"uv": {
								"east": {"uv": [9, 10], "uv_size": [1, 2]},
								"up": {"uv": [10, 9], "uv_size": [2, 1]}
							}
						},
						{
							"origin": [-1.0625, 0.8125, 0.6875],
							"size": [2.125, 2.0625, 0.6875],
							"uv": {
								"north": {"uv": [7, 0], "uv_size": [2, 2]},
								"east": {"uv": [11, 2], "uv_size": [0.5, 2]},
								"south": {"uv": [7, 2], "uv_size": [2, 2]},
								"west": {"uv": [3, 11], "uv_size": [0.5, 2]},
								"up": {"uv": [11, 6], "uv_size": [2, 0.5]},
								"down": {"uv": [7, 11.5], "uv_size": [2, -0.5]}
							}
						},
						{
							"origin": [-0.875, 1.0625, -0.375],
							"size": [1.6875, 1.625, 0.6875],
							"pivot": [-0.03125, 1.8125, -0.03125],
							"rotation": [0, 0, 45],
							"uv": {
								"north": {"uv": [9, 0], "uv_size": [1.5, 1.5]},
								"east": {"uv": [12, 9], "uv_size": [0.5, 1.5]},
								"south": {"uv": [2, 9], "uv_size": [1.5, 1.5]},
								"west": {"uv": [10, 12], "uv_size": [0.5, 1.5]},
								"up": {"uv": [11, 12], "uv_size": [1.5, 0.5]},
								"down": {"uv": [12, 11.5], "uv_size": [1.5, -0.5]}
							}
						},
						{
							"origin": [-0.6875, 1.125, -2.375],
							"size": [1.4375, 1.4375, 5.125],
							"inflate": 0.0002,
							"pivot": [0, 1.875, 1.71875],
							"rotation": [0, 0, 45],
							"uv": {
								"north": {"uv": [9, 2], "uv_size": [1.5, 1.5]},
								"east": {"uv": [0, 0], "uv_size": [5, 1.5]},
								"south": {"uv": [4, 10], "uv_size": [1.5, 1.5]},
								"west": {"uv": [0, 2], "uv_size": [5, 1.5]},
								"up": {"uv": [0, 4], "uv_size": [1.5, 5]},
								"down": {"uv": [2, 9], "uv_size": [1.5, -5]}
							}
						},
						{
							"origin": [0.6875, 1.48706, -0.34375],
							"size": [0.625, 0.625, 0.625],
							"pivot": [1, 1.79956, -0.03125],
							"rotation": [45, 0, 0],
							"uv": {
								"north": {"uv": [2, 14], "uv_size": [0.5, 0.5]},
								"east": {"uv": [14, 2], "uv_size": [0.5, 0.5]},
								"south": {"uv": [3, 14], "uv_size": [0.5, 0.5]},
								"west": {"uv": [14, 3], "uv_size": [0.5, 0.5]},
								"up": {"uv": [4, 14], "uv_size": [0.5, 0.5]},
								"down": {"uv": [14, 4.5], "uv_size": [0.5, -0.5]}
							}
						},
						{
							"origin": [-1.4375, 1.375, -0.5],
							"size": [0.5625, 0.875, 0.875],
							"pivot": [-0.0625, 1.84375, -0.03125],
							"rotation": [45, 0, 0],
							"uv": {
								"north": {"uv": [0, 13], "uv_size": [0.5, 1]},
								"east": {"uv": [11, 7], "uv_size": [1, 1]},
								"south": {"uv": [2, 13], "uv_size": [0.5, 1]},
								"west": {"uv": [10, 11], "uv_size": [1, 1]},
								"up": {"uv": [3, 13], "uv_size": [0.5, 1]},
								"down": {"uv": [5, 14], "uv_size": [0.5, -1]}
							}
						},
						{
							"origin": [-0.4375, 2.5, -0.5],
							"size": [0.9375, 0.6875, 0.9375],
							"pivot": [0, 2.65625, 0],
							"rotation": [0, 45, 0],
							"uv": {
								"north": {"uv": [6, 13], "uv_size": [1, 0.5]},
								"east": {"uv": [13, 6], "uv_size": [1, 0.5]},
								"south": {"uv": [7, 13], "uv_size": [1, 0.5]},
								"west": {"uv": [13, 7], "uv_size": [1, 0.5]},
								"up": {"uv": [11, 11], "uv_size": [1, 1]},
								"down": {"uv": [0, 13], "uv_size": [1, -1]}
							}
						}
					]
				}
			]
		}
	]
}