{
	"format_version": "1.12.0",
	"minecraft:geometry": [
		{
			"description": {
				"identifier": "geometry.sight_coyote - Converted",
				"texture_width": 16,
				"texture_height": 16,
				"visible_bounds_width": 15,
				"visible_bounds_height": 2.5,
				"visible_bounds_offset": [0, 0.75, 0]
			},
			"bones": [
				{
					"name": "LOD",
					"pivot": [0, 0, 0],
					"cubes": [
						{
							"origin": [-1.3125, 0.0625, -1.75],
							"size": [2.8125, 1.6875, 2.75],
							"inflate": 0.001,
							"uv": {
								"north": {"uv": [3, 0], "uv_size": [3, 1.5]},
								"east": {"uv": [3, 2], "uv_size": [3, 1.5]},
								"south": {"uv": [3, 4], "uv_size": [3, 1.5]},
								"west": {"uv": [0, 6], "uv_size": [3, 1.5]},
								"up": {"uv": [0, 0], "uv_size": [3, 3]},
								"down": {"uv": [0, 6], "uv_size": [3, -3]}
							}
						},
						{
							"origin": [-0.9375, -0.4375, -3.0625],
							"size": [0.5, 0.8125, 4.0625],
							"uv": {
								"north": {"uv": [2, 13], "uv_size": [0.5, 1]},
								"east": {"uv": [9, 8], "uv_size": [4, 1]},
								"south": {"uv": [13, 5], "uv_size": [0.5, 1]},
								"west": {"uv": [9, 9], "uv_size": [4, 1]},
								"up": {"uv": [7, 12], "uv_size": [0.5, 4]},
								"down": {"uv": [8, 16], "uv_size": [0.5, -4]}
							}
						},
						{
							"origin": [0.4375, -0.4375, -3.0625],
							"size": [0.5, 0.8125, 4.0625],
							"uv": {
								"north": {"uv": [13, 6], "uv_size": [0.5, 1]},
								"east": {"uv": [0, 10], "uv_size": [4, 1]},
								"south": {"uv": [13, 7], "uv_size": [0.5, 1]},
								"west": {"uv": [4, 10], "uv_size": [4, 1]},
								"up": {"uv": [9, 12], "uv_size": [0.5, 4]},
								"down": {"uv": [10, 16], "uv_size": [0.5, -4]}
							}
						},
						{
							"origin": [-1.3125, 0.375, -3.0625],
							"size": [2.8125, 1.3125, 1.3125],
							"uv": {
								"north": {"uv": [6, 0], "uv_size": [3, 1.5]},
								"east": {"uv": [12, 1], "uv_size": [1.5, 1.5]},
								"south": {"uv": [6, 2], "uv_size": [3, 1.5]},
								"west": {"uv": [3, 12], "uv_size": [1.5, 1.5]},
								"up": {"uv": [3, 6], "uv_size": [3, 1.5]},
								"down": {"uv": [6, 5.5], "uv_size": [3, -1.5]}
							}
						},
						{
							"origin": [-1.3125, 1.3125, -0.375],
							"size": [2.8125, 1.6875, 0.75],
							"inflate": 0.002,
							"pivot": [0.09375, 2.40625, -0.21875],
							"rotation": [28, 0, 0],
							"uv": {
								"north": {"uv": [6, 6], "uv_size": [3, 1.5]},
								"east": {"uv": [12, 5], "uv_size": [1, 1.5]},
								"south": {"uv": [0, 8], "uv_size": [3, 1.5]},
								"west": {"uv": [11, 12], "uv_size": [1, 1.5]},
								"up": {"uv": [8, 10], "uv_size": [3, 1]},
								"down": {"uv": [0, 12], "uv_size": [3, -1]}
							}
						},
						{
							"origin": [-1.3125, 1.9905, -1.192],
							"size": [2.8125, 1.5, 0.75],
							"inflate": 0.0002,
							"pivot": [0.09375, 2.83425, -0.817],
							"rotation": [90, 0, 0],
							"uv": {
								"north": {"uv": [3, 8], "uv_size": [3, 1.5]},
								"east": {"uv": [12, 11], "uv_size": [1, 1.5]},
								"south": {"uv": [6, 8], "uv_size": [3, 1.5]},
								"west": {"uv": [0, 13], "uv_size": [1, 1.5]},
								"up": {"uv": [3, 11], "uv_size": [3, 1]},
								"down": {"uv": [6, 12], "uv_size": [3, -1]}
							}
						},
						{
							"origin": [-1.3125, 1.43425, -2.28575],
							"size": [2.8125, 1.9, 1.5125],
							"pivot": [0.09375, 2.83425, -0.72325],
							"rotation": [63, 0, 0],
							"uv": {
								"north": {"uv": [9, 0], "uv_size": [3, 1.5]},
								"east": {"uv": [12, 3], "uv_size": [1.5, 1.5]},
								"south": {"uv": [9, 2], "uv_size": [3, 1.5]},
								"west": {"uv": [5, 12], "uv_size": [1.5, 1.5]},
								"up": {"uv": [9, 4], "uv_size": [3, 1.5]},
								"down": {"uv": [9, 7.5], "uv_size": [3, -1.5]}
							}
						},
						{
							"origin": [-1.3125, 0.48759, -3.33433],
							"size": [2.8125, 0.92808, 0.92808],
							"inflate": 0.001,
							"pivot": [0.09375, 0.75942, -3.0625],
							"rotation": [45, 0, 0],
							"uv": {
								"north": {"uv": [9, 11], "uv_size": [3, 1]},
								"east": {"uv": [12, 7], "uv_size": [1, 1]},
								"south": {"uv": [11, 10], "uv_size": [3, 1]},
								"west": {"uv": [1, 13], "uv_size": [1, 1]},
								"up": {"uv": [0, 12], "uv_size": [3, 1]},
								"down": {"uv": [12, 1], "uv_size": [3, -1]}
							}
						}
					]
				}
			]
		}
	]
}