{
	"format_version": "1.12.0",
	"minecraft:geometry": [
		{
			"description": {
				"identifier": "geometry.unknown",
				"texture_width": 32,
				"texture_height": 32,
				"visible_bounds_width": 8,
				"visible_bounds_height": 1.5,
				"visible_bounds_offset": [0, 0.25, 0]
			},
			"bones": [
				{
					"name": "koei_is_slut",
					"pivot": [0, 0, 0],
					"cubes": [
						{
							"origin": [-1.125, 1.21599, -4.125],
							"size": [2.25, 0.9375, 2.5625],
							"inflate": 0.001,
							"uv": {
								"north": {"uv": [14, 0], "uv_size": [2.5, 1]},
								"east": {"uv": [14, 13], "uv_size": [2.5, 1]},
								"south": {"uv": [14, 15], "uv_size": [2.5, 1]},
								"west": {"uv": [16, 2], "uv_size": [2.5, 1]},
								"up": {"uv": [0, 5], "uv_size": [2.5, 2.5]},
								"down": {"uv": [4, 7.5], "uv_size": [2.5, -2.5]}
							}
						},
						{
							"origin": [-0.875, -0.40901, -4.125],
							"size": [1.75, 1.125, 4.125],
							"uv": {
								"north": {"uv": [18, 0], "uv_size": [2, 1]},
								"east": {"uv": [8, 8], "uv_size": [4, 1]},
								"south": {"uv": [18, 8], "uv_size": [2, 1]},
								"west": {"uv": [0, 9], "uv_size": [4, 1]},
								"up": {"uv": [0, 0], "uv_size": [2, 4]},
								"down": {"uv": [3, 4], "uv_size": [2, -4]}
							}
						},
						{
							"origin": [-0.375, 0.46599, -4.125],
							"size": [0.75, 2.4375, 2.5625],
							"inflate": -0.001,
							"uv": {
								"north": {"uv": [0, 15], "uv_size": [1, 2.5]},
								"east": {"uv": [6, 0], "uv_size": [2.5, 2.5]},
								"south": {"uv": [2, 17], "uv_size": [1, 2.5]},
								"west": {"uv": [8, 4], "uv_size": [2.5, 2.5]},
								"up": {"uv": [4, 17], "uv_size": [1, 2.5]},
								"down": {"uv": [17, 6.5], "uv_size": [1, -2.5]}
							}
						},
						{
							"origin": [-0.46794, 1.2207, -4.125],
							"size": [1.59099, 1.59099, 2.5625],
							"inflate": -0.002,
							"pivot": [-0.00195, 1.68945, -2.84375],
							"rotation": [0, 0, -45],
							"uv": {
								"north": {"uv": [16, 10], "uv_size": [1.5, 1.5]},
								"east": {"uv": [10, 0], "uv_size": [2.5, 1.5]},
								"south": {"uv": [6, 17], "uv_size": [1.5, 1.5]},
								"west": {"uv": [5, 10], "uv_size": [2.5, 1.5]},
								"up": {"uv": [9, 10], "uv_size": [1.5, 2.5]},
								"down": {"uv": [0, 13.5], "uv_size": [1.5, -2.5]}
							}
						},
						{
							"origin": [-0.46794, 0.7207, -1.5625],
							"size": [1.59099, 1.59099, 0.625],
							"pivot": [-0.00195, 1.18945, -0.28125],
							"rotation": [0, 0, -45],
							"uv": {
								"north": {"uv": [11, 18], "uv_size": [1.5, 1.5]},
								"east": {"uv": [9, 19], "uv_size": [0.5, 1.5]},
								"south": {"uv": [18, 13], "uv_size": [1.5, 1.5]},
								"west": {"uv": [19, 10], "uv_size": [0.5, 1.5]},
								"up": {"uv": [20, 2], "uv_size": [1.5, 0.5]},
								"down": {"uv": [6, 20.5], "uv_size": [1.5, -0.5]}
							}
						},
						{
							"origin": [-1.15544, 0.2832, -4.4375],
							"size": [0.84099, 0.84099, 3.375],
							"pivot": [-1.00195, 0.18945, -0.28125],
							"rotation": [0, 0, -45],
							"uv": {
								"north": {"uv": [19, 4], "uv_size": [1, 1]},
								"east": {"uv": [12, 6], "uv_size": [3.5, 1]},
								"south": {"uv": [19, 6], "uv_size": [1, 1]},
								"west": {"uv": [13, 8], "uv_size": [3.5, 1]},
								"up": {"uv": [12, 13], "uv_size": [1, 3.5]},
								"down": {"uv": [9, 17.5], "uv_size": [1, -3.5]}
							}
						},
						{
							"origin": [-0.608, 1.10799, -0.9375],
							"size": [1.21599, 1.21599, 0.625],
							"uv": {
								"north": {"uv": [3, 11], "uv_size": [1, 1]},
								"east": {"uv": [14, 20], "uv_size": [0.5, 1]},
								"south": {"uv": [0, 19], "uv_size": [1, 1]},
								"west": {"uv": [16, 20], "uv_size": [0.5, 1]},
								"up": {"uv": [20, 16], "uv_size": [1, 0.5]},
								"down": {"uv": [18, 20.5], "uv_size": [1, -0.5]}
							}
						},
						{
							"origin": [-0.46794, 0.2832, -4.125],
							"size": [1.59099, 1.59099, 2.5625],
							"pivot": [-0.00195, 0.75195, -2.84375],
							"rotation": [0, 0, -45],
							"uv": {
								"north": {"uv": [14, 17], "uv_size": [1.5, 1.5]},
								"east": {"uv": [12, 3], "uv_size": [2.5, 1.5]},
								"south": {"uv": [17, 17], "uv_size": [1.5, 1.5]},
								"west": {"uv": [12, 10], "uv_size": [2.5, 1.5]},
								"up": {"uv": [3, 13], "uv_size": [1.5, 2.5]},
								"down": {"uv": [6, 15.5], "uv_size": [1.5, -2.5]}
							}
						}
					]
				}
			]
		}
	]
}