{
  "model": "rebel:gun/92g_geo",
  "texture": "rebel:gun/uv/92g",
  "lod": {
    "model": "rebel:gun/lod/92g",
    "texture": "rebel:gun/lod/92g"
  },
  "hud": "rebel:gun/hud/92g",
  "slot": "rebel:gun/slot/92g",
  "animation": "rebel:92g",
  "use_default_animation": "pistol",
  "player_animator_3rd": "tacz:pistol_default.player_animation",
  "transform": {
    "scale": {
      "thirdperson": [0.6, 0.6, 0.6],
      "ground": [0.6, 0.6, 0.6],
      "fixed": [1.2, 1.2, 1.2]
    }
  },
  "shell": {
    "initial_velocity": [6.0, 5.0, 0.5],
    "random_velocity": [2, 1.5, 0.25],
    "acceleration": [0.0, -20, 0.0],
    "angular_velocity": [360, -720, 90],
    "living_time": 1.0
  },
  "muzzle_flash": {
    "texture": "tacz:flash/common_muzzle_flash",
    "scale": 0.55
  },
  "sounds": {
    "shoot_3p": "tacz:glock_17/glock_17_shoot_3p",
    "silence": "rebel:92g/92g_silence",
    "silence_3p": "tacz:glock_17/glock_17_silence_3p",
    "reload_empty": "rebel:92g/92g_reload_empty",
    "reload_tactical": "rebel:92g/92g_reload_tactical",
    "inspect": "rebel:92g/92g_inspect",
    "inspect_empty": "rebel:92g/92g_inspect_empty",
    "draw": "rebel:92g/92g_draw",
    "put_away": "rebel:92g/92g_put_away",
    "dry_fire": "rebel:dry_fire",
    "flesh_hit": "rebel:flesh_hit",
    "head_hit": "rebel:head_hit",
    "kill": "rebel:kill",
    "shoot": "rebel:92g/92g_shoot"
  },
  "offhand_show": {
    "pos": [4, 13, -1],
    "rotate": [-90, -35, 90],
    "scale": [0.5, 0.5, 0.5]
  },
  "hotbar_show": {
    "0": {
      "pos": [-5, 13, -1],
      "rotate": [-90, -35, 90],
      "scale": [0.5, 0.5, 0.5]
    }
  }
}