{
  "model": "rebel:gun/lpm2020_geo",
  "texture": "rebel:gun/uv/lpm2020",
  "hud": "rebel:gun/hud/lpm2020",
  "slot": "rebel:gun/slot/lpm2020",
  "animation": "rebel:lpm2020",
  "use_default_animation": "pistol",
  "player_animator_3rd": "tacz:pistol_default.player_animation",
  "transform": {
    "scale": {
      "thirdperson": [0.6, 0.6, 0.6],
      "ground": [0.6, 0.6, 0.6],
      "fixed": [1.2, 1.2, 1.2]
    }
  },
  "shell": {
           
            "initial_velocity": [1, 7, -2],
           
            "random_velocity": [8, 3, 0.25],
           
            "acceleration": [0.0, -15, 0.0],
           
            "angular_velocity": [360, -1200, 90],
           
            "living_time": 1.5
        },

  "muzzle_flash": {
    "texture": "tacz:flash/common_muzzle_flash",
    "scale": 0.4
  },
  "sounds": {
    "reload_empty": "rebel:lpm2020/lpm2020_reload_empty",
    "reload_tactical": "rebel:lpm2020/lpm2020_reload_tactical",
    "inspect": "rebel:lpm2020/lpm2020_inspect",
    "inspect_empty": "rebel:lpm2020/lpm2020_inspect_empty",
    "draw": "rebel:lpm2020/lpm2020_draw",
    "dry_fire": "rebel:dry_fire",
    "flesh_hit": "rebel:flesh_hit",
    "head_hit": "rebel:head_hit",
    "kill": "rebel:kill",
    "shoot": "rebel:lpm2020/lpm2020_shoot",
    "shoot_3p": "rebel:lpm2020/lpm2020_shoot_3p",
    "silence": "tacz:glock_17/glock17_silence",
    "silence_3p": "tacz:glock_17/glock17_silence_3p"

  },
  "offhand_show": {
    "pos": [4, 13, -1],
    "rotate": [-90, -35, 90],
    "scale": [0.5, 0.5, 0.5]
  },
  "hotbar_show": {
    "0": {
      "pos": [-5, 13, -1],
      "rotate": [-90, -35, 90],
      "scale": [0.5, 0.5, 0.5]
    }
  }
}