{
  "materials": [
    {
      "item": {
        "tag": "forge:ingots/copper"
      },
      "count": 40
    },
    {
      "item": {
        "tag": "forge:ingots/iron"
      },
      "count": 20
    },
    {
      "item": {
        "tag": "forge:gunpowder"
      },
      "count": 30
    },
    {
      "item": {
        "tag": "forge:gems/lapis"
      },
      "count": 16
    },
    {
      "item": {
        "tag": "forge:dusts/redstone"
      },
      "count": 10
    },
    {
      "item": {
        "item": "minecraft:emerald"
      },
      "count": 2
    }
  ],
  "result": {
    "type": "ammo",
    "id": "rebel:105ac",
    "count": 2
  },
  "type": "tacz:gun_smith_table_crafting"
}