{
	"format_version": "1.8.0",
	"animations": {
		"static_idle": {
			"loop": true,
			"bones": {
				"mag_and_lh": {
					"rotation": [135, 0, 0],
					"position": [13, -12, 8]
				},
				"gun_and_rh": {
					"rotation": [75.47021, 4.80902, 14.25938],
					"position": [-15, -8, 7]
				},
				"lefthand": {
					"rotation": [0, 180, 0],
					"scale": [1, 1.5, 1]
				},
				"righthand": {
					"rotation": [0, 160, 0],
					"scale": [1, 1.5, 1]
				},
				"brick": {
					"rotation": [-153.9473, 20.43663, -77.15172],
					"position": [7.53798, 18.15924, 1.55542]
				}
			}
		},
		"static_bolt_caught": {
			"loop": true,
			"bones": {
				"mag_and_lh": {
					"rotation": [135, 0, 0],
					"position": [13, -12, 8]
				},
				"gun_and_rh": {
					"rotation": [135, 0, 0],
					"position": [-13, -12, 8]
				},
				"m33a1": {
					"rotation": [-90, 0, 0],
					"position": [6, 15, -1],
					"scale": 0
				},
				"cap": {
					"scale": 0
				},
				"lefthand": {
					"rotation": [0, 180, 0],
					"scale": [1, 1.5, 1]
				},
				"righthand": {
					"rotation": [0, 180, 0],
					"scale": [1, 1.5, 1]
				},
				"ammo_box": {
					"rotation": [-90, 0, 0],
					"position": [6, 10.7, 2],
					"scale": 0
				}
			}
		},
		"draw": {
			"animation_length": 0.6,
			"bones": {
				"mag_and_lh": {
					"rotation": {
						"0.0": {
							"post": [135, 0, 0],
							"lerp_mode": "catmullrom"
						}
					},
					"position": {
						"0.0": {
							"post": [13, -12, 8],
							"lerp_mode": "catmullrom"
						}
					}
				},
				"lefthand": {
					"rotation": [0, 180, 0],
					"scale": [1, 1.5, 1]
				},
				"gun_and_rh": {
					"rotation": {
						"0.0": {
							"post": [135, 0, 0],
							"lerp_mode": "catmullrom"
						},
						"0.2": {
							"post": [105.36001, -10.90133, -28.44271],
							"lerp_mode": "catmullrom"
						},
						"0.4": {
							"post": [75.52023, -1.00007, 9.46233],
							"lerp_mode": "catmullrom"
						},
						"0.6": {
							"post": [75.47021, 4.80902, 14.25938],
							"lerp_mode": "catmullrom"
						}
					},
					"position": {
						"0.0": {
							"post": [-13, -12, 8],
							"lerp_mode": "catmullrom"
						},
						"0.1": {
							"post": [-14, -8.4, 7],
							"lerp_mode": "catmullrom"
						},
						"0.2": {
							"post": [-14, -8, 7],
							"lerp_mode": "catmullrom"
						},
						"0.4": {
							"post": [-15, -8, 7],
							"lerp_mode": "catmullrom"
						}
					}
				},
				"righthand": {
					"rotation": [0, 160, 0],
					"scale": [1, 1.5, 1]
				},
				"brick": {
					"rotation": [-153.9473, 20.43663, -77.15172],
					"position": [7.53798, 18.15924, 1.55542]
				}
			}
		},
		"draw_aim": {
			"animation_length": 0.5,
			"bones": {
				"gun_and_rh": {
					"rotation": {
						"0.0": {
							"post": [75.47021, 4.80902, 14.25938],
							"lerp_mode": "catmullrom"
						},
						"0.2": {
							"post": [-12, 0, 0],
							"lerp_mode": "catmullrom"
						},
						"0.5": {
							"post": [-25, 0, 0],
							"lerp_mode": "catmullrom"
						}
					},
					"position": {
						"0.0": {
							"post": [-15, -8, 7],
							"lerp_mode": "catmullrom"
						},
						"0.2": {
							"post": [-15, 0, 10],
							"lerp_mode": "catmullrom"
						},
						"0.5": {
							"post": [-15, 0, 10],
							"lerp_mode": "catmullrom"
						}
					}
				},
				"mag_and_lh": {
					"rotation": {
						"0.0": {
							"post": [135, 0, 0],
							"lerp_mode": "catmullrom"
						},
						"0.2": {
							"post": [76.19617, 6.87773, -17.4448],
							"lerp_mode": "catmullrom"
						},
						"0.5": {
							"post": [70, 10, -18],
							"lerp_mode": "catmullrom"
						}
					},
					"position": {
						"0.0": {
							"post": [13, -12, 8],
							"lerp_mode": "catmullrom"
						},
						"0.1": {
							"post": [13, -3.1, 8],
							"lerp_mode": "catmullrom"
						},
						"0.5": {
							"post": [13, -2, 8],
							"lerp_mode": "catmullrom"
						}
					}
				},
				"lefthand": {
					"rotation": [0, 180, 0],
					"scale": [1, 1.5, 1]
				},
				"righthand": {
					"rotation": [0, 160, 0],
					"scale": [1, 1.5, 1]
				},
				"brick": {
					"rotation": [-153.9473, 20.43663, -77.15172],
					"position": [7.53798, 18.15924, 1.55542]
				}
			}
		},
		"put_away": {
			"animation_length": 0.375,
			"bones": {
				"gun_and_rh": {
					"rotation": {
						"0.0": {
							"post": [75.47021, 4.80902, 14.25938],
							"lerp_mode": "catmullrom"
						},
						"0.125": {
							"post": [77.15812, -7.76038, 50.68455],
							"lerp_mode": "catmullrom"
						},
						"0.25": {
							"post": [104.208, -8.92364, 44.5225],
							"lerp_mode": "catmullrom"
						},
						"0.375": {
							"post": [132.73421, -15.69986, 16.32495],
							"lerp_mode": "catmullrom"
						}
					},
					"position": {
						"0.0": {
							"post": [-15, -8, 7],
							"lerp_mode": "catmullrom"
						},
						"0.125": {
							"post": [-14.9, -8.1, 9],
							"lerp_mode": "catmullrom"
						},
						"0.375": {
							"post": [-13, -14, 12],
							"lerp_mode": "catmullrom"
						}
					}
				},
				"mag_and_lh": {
					"rotation": {
						"0.0": {
							"post": [135, 0, 0],
							"lerp_mode": "catmullrom"
						}
					},
					"position": {
						"0.0": {
							"post": [13, -12, 8],
							"lerp_mode": "catmullrom"
						}
					}
				},
				"lefthand": {
					"rotation": [0, 180, 0],
					"scale": [1, 1.5, 1]
				},
				"righthand": {
					"rotation": [0, 160, 0],
					"scale": [1, 1.5, 1]
				},
				"brick": {
					"rotation": [-153.9473, 20.43663, -77.15172],
					"position": [7.53798, 18.15924, 1.55542]
				}
			}
		},
		"put_away_aim": {
			"animation_length": 0.5,
			"bones": {
				"gun_and_rh": {
					"rotation": {
						"0.0": {
							"post": [-25, 0, 0],
							"lerp_mode": "catmullrom"
						},
						"0.1667": {
							"post": [8.1, 0, 0],
							"lerp_mode": "catmullrom"
						},
						"0.3333": {
							"post": [72.77021, 4.80902, 12.95938],
							"lerp_mode": "catmullrom"
						},
						"0.5": {
							"post": [75.47, 4.81, 14.26],
							"lerp_mode": "catmullrom"
						}
					},
					"position": {
						"0.0": {
							"post": [-15, 0, 10],
							"lerp_mode": "catmullrom"
						},
						"0.1667": {
							"post": [-15, 0, 10],
							"lerp_mode": "catmullrom"
						},
						"0.2917": {
							"post": [-15, -6.1, 7.1],
							"lerp_mode": "catmullrom"
						},
						"0.5": {
							"post": [-15, -8, 7],
							"lerp_mode": "catmullrom"
						}
					}
				},
				"mag_and_lh": {
					"rotation": {
						"0.0": {
							"post": [70, 10, -18],
							"lerp_mode": "catmullrom"
						},
						"0.0833": {
							"post": [84.09617, 6.87773, -17.4448],
							"lerp_mode": "catmullrom"
						},
						"0.25": {
							"post": [125.9, 2, -4],
							"lerp_mode": "catmullrom"
						},
						"0.4583": {
							"post": [135, 0, 0],
							"lerp_mode": "catmullrom"
						}
					},
					"position": {
						"0.0": {
							"post": [13, -2, 8],
							"lerp_mode": "catmullrom"
						},
						"0.1667": {
							"post": [13, -4.4, 8],
							"lerp_mode": "catmullrom"
						},
						"0.2917": {
							"post": [13, -11, 8],
							"lerp_mode": "catmullrom"
						},
						"0.4167": {
							"post": [13, -12, 8],
							"lerp_mode": "catmullrom"
						}
					}
				},
				"lefthand": {
					"rotation": {
						"0.0": {
							"post": [0, 180, 0],
							"lerp_mode": "catmullrom"
						}
					},
					"scale": {
						"0.0": {
							"post": [1, 1.5, 1],
							"lerp_mode": "catmullrom"
						}
					}
				},
				"righthand": {
					"rotation": {
						"0.0": {
							"post": [0, 160, 0],
							"lerp_mode": "catmullrom"
						}
					},
					"scale": {
						"0.0": {
							"post": [1, 1.5, 1],
							"lerp_mode": "catmullrom"
						}
					}
				},
				"brick": {
					"rotation": {
						"0.0": {
							"post": [-153.9473, 20.43663, -77.15172],
							"lerp_mode": "catmullrom"
						}
					},
					"position": {
						"0.0": {
							"post": [7.53798, 18.15924, 1.55542],
							"lerp_mode": "catmullrom"
						}
					}
				}
			}
		},
		"shoot": {
			"animation_length": 1.4,
			"bones": {
				"mag_and_lh": {
					"rotation": {
						"0.0": {
							"post": [0, 0, 0],
							"lerp_mode": "catmullrom"
						},
						"0.0667": {
							"post": [35.3666, -41.0186, 38.707],
							"lerp_mode": "catmullrom"
						},
						"0.3667": {
							"post": [35.3666, -41.0186, 38.707],
							"lerp_mode": "catmullrom"
						},
						"0.6": {
							"post": [65, -10, 18],
							"lerp_mode": "catmullrom"
						},
						"0.7667": {
							"post": [65, -10, 18],
							"lerp_mode": "catmullrom"
						},
						"1.0": {
							"post": [13, -3, 5],
							"lerp_mode": "catmullrom"
						},
						"1.2667": {
							"post": [0, 0, 0],
							"lerp_mode": "catmullrom"
						}
					},
					"position": {
						"0.0": {
							"post": [0, 0, 0],
							"lerp_mode": "catmullrom"
						},
						"0.0667": {
							"post": [-1, -3, 0],
							"lerp_mode": "catmullrom"
						},
						"0.3667": {
							"post": [-1, -3, 0],
							"lerp_mode": "catmullrom"
						},
						"0.6": {
							"post": [0, -10, 0],
							"lerp_mode": "catmullrom"
						},
						"0.7667": {
							"post": [0, -10, 0],
							"lerp_mode": "catmullrom"
						},
						"0.9": {
							"post": [0, -3.24, 0],
							"lerp_mode": "catmullrom"
						},
						"1.0667": {
							"post": [0, -0.4, 0],
							"lerp_mode": "catmullrom"
						},
						"1.2667": {
							"post": [0, 0, 0],
							"lerp_mode": "catmullrom"
						}
					}
				},
				"gun_and_rh": {
					"rotation": {
						"0.0": {
							"post": [0, 0, 0],
							"lerp_mode": "catmullrom"
						},
						"0.0333": {
							"post": [145.885, -21.27098, 10.10555],
							"lerp_mode": "catmullrom"
						},
						"0.3667": {
							"post": [145.885, -21.27098, 10.10555],
							"lerp_mode": "catmullrom"
						},
						"0.6": {
							"post": [160, 0, 0],
							"lerp_mode": "catmullrom"
						},
						"0.8667": {
							"post": [160, 0, 0],
							"lerp_mode": "catmullrom"
						},
						"1.0667": {
							"post": [76.07166, -30.11118, -17.93841],
							"lerp_mode": "catmullrom"
						},
						"1.2": {
							"post": [0, 0, 0],
							"lerp_mode": "catmullrom"
						},
						"1.4": {
							"post": [0, 0, 0],
							"lerp_mode": "catmullrom"
						}
					},
					"position": {
						"0.0": {
							"post": [0, 0, 0],
							"lerp_mode": "catmullrom"
						},
						"0.6": {
							"post": [0, -10, 0],
							"lerp_mode": "catmullrom"
						},
						"0.7667": {
							"post": [0, -10, 0],
							"lerp_mode": "catmullrom"
						},
						"0.9333": {
							"post": [-1, -3.3, -1.9],
							"lerp_mode": "catmullrom"
						},
						"1.2": {
							"post": [0, 0, 0],
							"lerp_mode": "catmullrom"
						},
						"1.3333": {
							"post": [0, 0, 0],
							"lerp_mode": "catmullrom"
						},
						"1.4": {
							"post": [0, 0, 0],
							"lerp_mode": "catmullrom"
						}
					}
				},
				"camera": {
					"rotation": {
						"0.0": {
							"post": [0, 0, 0],
							"lerp_mode": "catmullrom"
						},
						"0.0667": {
							"post": [18.2947, -10.67835, -14.73837],
							"lerp_mode": "catmullrom"
						},
						"0.1667": {
							"post": [18.2947, -10.67835, -14.73837],
							"lerp_mode": "catmullrom"
						},
						"0.4": {
							"post": [0, 0, 0],
							"lerp_mode": "catmullrom"
						}
					}
				},
				"brick": {
					"scale": {
						"0.0": [0, 0, 0],
						"0.6": {"pre": [0, 0, 0], "post": [1, 1, 1]}
					}
				}
			},
			"sound_effects": {
				"0.0": {
					"effect": "yeet:asset/swing_1"
				}
			}
		},
		"bolt": {
			"animation_length": 0.6,
			"bones": {
				"mag_and_lh": {
					"rotation": {
						"0.0": {
							"post": [135, 0, 0],
							"lerp_mode": "catmullrom"
						}
					},
					"position": {
						"0.0": {
							"post": [13, -12, 8],
							"lerp_mode": "catmullrom"
						}
					}
				},
				"gun_and_rh": {
					"rotation": {
						"0.0": {
							"post": [135, 0, 0],
							"lerp_mode": "catmullrom"
						},
						"0.2": {
							"post": [105.36001, -10.90133, -28.44271],
							"lerp_mode": "catmullrom"
						},
						"0.4": {
							"post": [75.52023, -1.00007, 9.46233],
							"lerp_mode": "catmullrom"
						},
						"0.6": {
							"post": [75.47021, 4.80902, 14.25938],
							"lerp_mode": "catmullrom"
						}
					},
					"position": {
						"0.0": {
							"post": [-13, -12, 8],
							"lerp_mode": "catmullrom"
						},
						"0.1": {
							"post": [-14, -8.4, 7],
							"lerp_mode": "catmullrom"
						},
						"0.2": {
							"post": [-14, -8, 7],
							"lerp_mode": "catmullrom"
						},
						"0.4": {
							"post": [-15, -8, 7],
							"lerp_mode": "catmullrom"
						}
					}
				},
				"lefthand": {
					"rotation": [0, 180, 0],
					"scale": [1, 1.5, 1]
				},
				"righthand": {
					"rotation": [0, 160, 0],
					"scale": [1, 1.5, 1]
				},
				"brick": {
					"rotation": [-153.9473, 20.43663, -77.15172],
					"position": [7.53798, 18.15924, 1.55542]
				}
			}
		},
		"bolt_aim": {
			"animation_length": 0.6667,
			"bones": {
				"mag_and_lh": {
					"rotation": {
						"0.0": {
							"post": [135, 0, 0],
							"lerp_mode": "catmullrom"
						},
						"0.1333": {
							"post": [135, 0, 0],
							"lerp_mode": "catmullrom"
						},
						"0.3667": {
							"post": [76.19617, 6.87773, -17.4448],
							"lerp_mode": "catmullrom"
						},
						"0.6667": {
							"post": [70, 10, -18],
							"lerp_mode": "catmullrom"
						}
					},
					"position": {
						"0.0": {
							"post": [13, -12, 8],
							"lerp_mode": "catmullrom"
						},
						"0.1333": {
							"post": [13, -12, 8],
							"lerp_mode": "catmullrom"
						},
						"0.2667": {
							"post": [13, -3.1, 8],
							"lerp_mode": "catmullrom"
						},
						"0.6667": {
							"post": [13, -2, 8],
							"lerp_mode": "catmullrom"
						}
					}
				},
				"gun_and_rh": {
					"rotation": {
						"0.0": {
							"post": [135, 0, 0],
							"lerp_mode": "catmullrom"
						},
						"0.1333": {
							"post": [75.47021, 4.80902, 14.25938],
							"lerp_mode": "catmullrom"
						},
						"0.3667": {
							"post": [-12, 0, 0],
							"lerp_mode": "catmullrom"
						},
						"0.6667": {
							"post": [-25, 0, 0],
							"lerp_mode": "catmullrom"
						}
					},
					"position": {
						"0.0": {
							"post": [-13, -12, 8],
							"lerp_mode": "catmullrom"
						},
						"0.1333": {
							"post": [-15, -8, 7],
							"lerp_mode": "catmullrom"
						},
						"0.3667": {
							"post": [-15, 0, 10],
							"lerp_mode": "catmullrom"
						},
						"0.6667": {
							"post": [-15, 0, 10],
							"lerp_mode": "catmullrom"
						}
					}
				},
				"lefthand": {
					"rotation": [0, 180, 0],
					"scale": [1, 1.5, 1]
				},
				"righthand": {
					"rotation": [0, 160, 0],
					"scale": [1, 1.5, 1]
				},
				"brick": {
					"rotation": [-153.9473, 20.43663, -77.15172],
					"position": [7.53798, 18.15924, 1.55542]
				}
			}
		},
		"reload_empty": {
			"animation_length": 1.8333,
			"bones": {
				"gun_and_rh": {
					"rotation": {
						"0.0": {
							"post": [135, 0, 0],
							"lerp_mode": "catmullrom"
						},
						"1.25": {
							"post": [135, 0, 0],
							"lerp_mode": "catmullrom"
						},
						"1.4167": {
							"post": [105.36001, -10.90133, -28.44271],
							"lerp_mode": "catmullrom"
						},
						"1.625": {
							"post": [75.52023, -1.00007, 9.46233],
							"lerp_mode": "catmullrom"
						},
						"1.8333": {
							"post": [75.47021, 4.80902, 14.25938],
							"lerp_mode": "catmullrom"
						}
					},
					"position": {
						"0.0": {
							"post": [-13, -12, 20],
							"lerp_mode": "catmullrom"
						},
						"1.0833": {
							"post": [-13, -12, 20],
							"lerp_mode": "catmullrom"
						},
						"1.25": {
							"post": [-13, -12, 8],
							"lerp_mode": "catmullrom"
						},
						"1.3333": {
							"post": [-14, -8.4, 7],
							"lerp_mode": "catmullrom"
						},
						"1.4167": {
							"post": [-14, -8, 7],
							"lerp_mode": "catmullrom"
						},
						"1.625": {
							"post": [-15, -8, 7],
							"lerp_mode": "catmullrom"
						}
					}
				},
				"mag_and_lh": {
					"rotation": {
						"0.0": {
							"post": [135, 0, 0],
							"lerp_mode": "catmullrom"
						}
					},
					"position": {
						"0.0": {
							"post": [13, -12, 8],
							"lerp_mode": "catmullrom"
						}
					}
				},
				"camera": {
					"rotation": {
						"0.0": {
							"post": [0, 0, 0],
							"lerp_mode": "catmullrom"
						},
						"0.0833": {
							"post": [1.78, -1.31, -1.8],
							"lerp_mode": "catmullrom"
						},
						"0.2917": {
							"post": [14.81733, -4.67592, -11.58065],
							"lerp_mode": "catmullrom"
						},
						"0.7083": {
							"post": [15.08764, -6.59703, -4.36207],
							"lerp_mode": "catmullrom"
						},
						"1.0833": {
							"post": [15.08764, -6.59703, -4.36207],
							"lerp_mode": "catmullrom"
						},
						"1.4167": {
							"post": [0, 0, 0],
							"lerp_mode": "catmullrom"
						},
						"1.5833": {
							"post": [0, 0, 0],
							"lerp_mode": "catmullrom"
						}
					}
				},
				"lefthand": {
					"rotation": [0, 180, 0],
					"scale": [1, 1.5, 1]
				},
				"righthand": {
					"rotation": [0, 160, 0],
					"scale": [1, 1.5, 1]
				},
				"brick": {
					"rotation": [-153.9473, 20.43663, -77.15172],
					"position": [7.53798, 18.15924, 1.55542]
				}
			},
			"sound_effects": {
				"0.5833": {
					"effect": "tacz:m95/m95_reload_raise"
				}
			}
		},
		"reload_tactical": {
			"animation_length": 2.5,
			"bones": {
				"gun_and_rh": {
					"rotation": {
						"0.0": {
							"post": [75.47021, 4.80902, 14.25938],
							"lerp_mode": "catmullrom"
						},
						"0.125": {
							"post": [77.15812, -7.76038, 50.68455],
							"lerp_mode": "catmullrom"
						},
						"0.25": {
							"post": [104.208, -8.92364, 44.5225],
							"lerp_mode": "catmullrom"
						},
						"0.375": {
							"post": [132.73421, -15.69986, 16.32495],
							"lerp_mode": "catmullrom"
						},
						"1.9167": {
							"post": [135, 0, 0],
							"lerp_mode": "catmullrom"
						},
						"2.0833": {
							"post": [105.36001, -10.90133, -28.44271],
							"lerp_mode": "catmullrom"
						},
						"2.2917": {
							"post": [75.52023, -1.00007, 9.46233],
							"lerp_mode": "catmullrom"
						},
						"2.5": {
							"post": [75.47021, 4.80902, 14.25938],
							"lerp_mode": "catmullrom"
						}
					},
					"position": {
						"0.0": {
							"post": [-15, -8, 7],
							"lerp_mode": "catmullrom"
						},
						"0.125": {
							"post": [-14.9, -8.1, 9],
							"lerp_mode": "catmullrom"
						},
						"0.375": {
							"post": [-13, -12, 20],
							"lerp_mode": "catmullrom"
						},
						"1.75": {
							"post": [-13, -12, 20],
							"lerp_mode": "catmullrom"
						},
						"1.9167": {
							"post": [-13, -12, 8],
							"lerp_mode": "catmullrom"
						},
						"2.0": {
							"post": [-14, -8.4, 7],
							"lerp_mode": "catmullrom"
						},
						"2.0833": {
							"post": [-14, -8, 7],
							"lerp_mode": "catmullrom"
						},
						"2.2917": {
							"post": [-15, -8, 7],
							"lerp_mode": "catmullrom"
						}
					}
				},
				"mag_and_lh": {
					"rotation": [135, 0, 0],
					"position": [13, -12, 8]
				},
				"camera": {
					"rotation": {
						"0.3333": {
							"pre": [0, 0, 0],
							"post": [0, 0, 0],
							"lerp_mode": "catmullrom"
						},
						"0.5": {
							"post": [2.76, -0.97, -2.1],
							"lerp_mode": "catmullrom"
						},
						"0.75": {
							"post": [14.81733, -4.67592, -11.58065],
							"lerp_mode": "catmullrom"
						},
						"1.1667": {
							"post": [15.08764, -6.59703, -4.36207],
							"lerp_mode": "catmullrom"
						},
						"1.875": {
							"post": [15.08764, -6.59703, -4.36207],
							"lerp_mode": "catmullrom"
						},
						"2.1667": {
							"post": [2.1, -1.6, -0.7],
							"lerp_mode": "catmullrom"
						},
						"2.4167": {
							"post": [0, 0, 0],
							"lerp_mode": "catmullrom"
						}
					}
				},
				"lefthand": {
					"rotation": [0, 180, 0],
					"scale": [1, 1.5, 1]
				},
				"righthand": {
					"rotation": [0, 160, 0],
					"scale": [1, 1.5, 1]
				},
				"brick": {
					"rotation": [-153.9473, 20.43663, -77.15172],
					"position": [7.53798, 18.15924, 1.55542]
				}
			}
		},
		"inspect_empty": {
			"animation_length": 7.9667
		},
		"inspect": {
			"animation_length": 7.9667
		},
		"run_start": {
			"animation_length": 0.25,
			"bones": {
				"mag_and_lh": {
					"rotation": {
						"0.0": {
							"post": [0, 0, 0],
							"lerp_mode": "catmullrom"
						},
						"0.0833": {
							"post": [67.5, 0, 0],
							"lerp_mode": "catmullrom"
						},
						"0.25": {
							"post": [135, 0, 0],
							"lerp_mode": "catmullrom"
						}
					},
					"position": {
						"0.0": {
							"post": [0, 0, 0],
							"lerp_mode": "catmullrom"
						},
						"0.0833": {
							"post": [0, -2.58, -3],
							"lerp_mode": "catmullrom"
						},
						"0.25": {
							"post": [0, -12, 8],
							"lerp_mode": "catmullrom"
						}
					}
				},
				"gun_and_rh": {
					"rotation": {
						"0.0": {
							"post": [0, 0, 0],
							"lerp_mode": "catmullrom"
						},
						"0.0833": {
							"post": [67.00992, -11.53486, 4.8493],
							"lerp_mode": "catmullrom"
						},
						"0.25": {
							"post": [135, 0, 0],
							"lerp_mode": "catmullrom"
						}
					},
					"position": {
						"0.0": {
							"post": [0, 0, 0],
							"lerp_mode": "catmullrom"
						},
						"0.0833": {
							"post": [0, -2.58, -3],
							"lerp_mode": "catmullrom"
						},
						"0.25": {
							"post": [0, -12, 8],
							"lerp_mode": "catmullrom"
						}
					}
				}
			}
		},
		"run_end": {
			"animation_length": 0.375,
			"bones": {
				"mag_and_lh": {
					"rotation": {
						"0.0": {
							"post": [135, 0, 0],
							"lerp_mode": "catmullrom"
						},
						"0.125": {
							"post": [67.5, 0, 0],
							"lerp_mode": "catmullrom"
						},
						"0.25": {
							"post": [0, 0, 0],
							"lerp_mode": "catmullrom"
						},
						"0.375": {
							"post": [0, 0, 0],
							"lerp_mode": "catmullrom"
						}
					},
					"position": {
						"0.0": {
							"post": [0, -12, 8],
							"lerp_mode": "catmullrom"
						},
						"0.125": {
							"post": [0, -2.58, -3],
							"lerp_mode": "catmullrom"
						},
						"0.25": {
							"post": [0, 0, 0],
							"lerp_mode": "catmullrom"
						},
						"0.375": {
							"post": [0, 0, 0],
							"lerp_mode": "catmullrom"
						}
					}
				},
				"gun_and_rh": {
					"rotation": {
						"0.0": {
							"post": [135, 0, 0],
							"lerp_mode": "catmullrom"
						},
						"0.125": {
							"post": [67.00992, -11.53486, 4.8493],
							"lerp_mode": "catmullrom"
						},
						"0.25": {
							"post": [0, 0, 0],
							"lerp_mode": "catmullrom"
						},
						"0.375": {
							"post": [0, 0, 0],
							"lerp_mode": "catmullrom"
						}
					},
					"position": {
						"0.0": {
							"post": [0, -12, 8],
							"lerp_mode": "catmullrom"
						},
						"0.125": {
							"post": [0, -2.58, -3],
							"lerp_mode": "catmullrom"
						},
						"0.25": {
							"post": [0, 0, 0],
							"lerp_mode": "catmullrom"
						},
						"0.375": {
							"post": [0, 0, 0],
							"lerp_mode": "catmullrom"
						}
					}
				}
			}
		},
		"run": {
			"loop": true,
			"animation_length": 0.6667,
			"bones": {
				"root": {
					"rotation": {
						"0.0": {
							"post": [0, 0, 0],
							"lerp_mode": "catmullrom"
						},
						"0.1667": {
							"post": [-5, 0, -5],
							"lerp_mode": "catmullrom"
						},
						"0.25": {
							"post": [-2.5, 0, -2.5],
							"lerp_mode": "catmullrom"
						},
						"0.3333": {
							"post": [0, 0, 0],
							"lerp_mode": "catmullrom"
						},
						"0.5": {
							"post": [-5, 0, 5],
							"lerp_mode": "catmullrom"
						},
						"0.6667": {
							"post": [0, 0, 0],
							"lerp_mode": "catmullrom"
						}
					},
					"position": {
						"0.0": {
							"post": [0, 0, 0],
							"lerp_mode": "catmullrom"
						},
						"0.0833": {
							"post": [0.2, 1, 0],
							"lerp_mode": "catmullrom"
						},
						"0.1667": {
							"post": [0.4, 0, 0],
							"lerp_mode": "catmullrom"
						},
						"0.25": {
							"post": [0.2, -1, 0],
							"lerp_mode": "catmullrom"
						},
						"0.3333": {
							"post": [0, 0, 0],
							"lerp_mode": "catmullrom"
						},
						"0.4167": {
							"post": [-0.2, 1, 0],
							"lerp_mode": "catmullrom"
						},
						"0.5": {
							"post": [-0.4, 0, 0],
							"lerp_mode": "catmullrom"
						},
						"0.5833": {
							"post": [-0.2, -1, 0],
							"lerp_mode": "catmullrom"
						},
						"0.6667": {
							"post": [0, 0, 0],
							"lerp_mode": "catmullrom"
						}
					}
				},
				"mag_and_lh": {
					"rotation": {
						"0.0": {
							"post": [135, 0, 0],
							"lerp_mode": "catmullrom"
						}
					},
					"position": {
						"0.0": {
							"post": [0, -12, 8],
							"lerp_mode": "catmullrom"
						}
					}
				},
				"gun_and_rh": {
					"rotation": {
						"0.0": {
							"post": [135, 0, 0],
							"lerp_mode": "catmullrom"
						}
					},
					"position": {
						"0.0": {
							"post": [0, -12, 8],
							"lerp_mode": "catmullrom"
						}
					}
				}
			}
		},
		"run_hold": {
			"loop": true,
			"bones": {
				"root": {
					"rotation": {
						"0.0": {
							"post": [0, 0, 0],
							"lerp_mode": "catmullrom"
						}
					},
					"position": {
						"0.0": {
							"post": [0, 0, 0],
							"lerp_mode": "catmullrom"
						}
					}
				},
				"mag_and_lh": {
					"rotation": {
						"0.0": {
							"post": [135, 0, 0],
							"lerp_mode": "catmullrom"
						}
					},
					"position": {
						"0.0": {
							"post": [0, -12, 8],
							"lerp_mode": "catmullrom"
						}
					}
				},
				"gun_and_rh": {
					"rotation": {
						"0.0": {
							"post": [135, 0, 0],
							"lerp_mode": "catmullrom"
						}
					},
					"position": {
						"0.0": {
							"post": [0, -12, 8],
							"lerp_mode": "catmullrom"
						}
					}
				}
			}
		},
		"melee_push": {
			"animation_length": 0.625,
			"bones": {
				"mag_and_lh": {
					"rotation": {
						"0.0": {
							"post": [135, 0, 0],
							"lerp_mode": "catmullrom"
						}
					},
					"position": {
						"0.0": {
							"post": [13, -12, 8],
							"lerp_mode": "catmullrom"
						}
					}
				},
				"lefthand": {
					"rotation": {
						"0.0": {
							"post": [0, 180, 0],
							"lerp_mode": "catmullrom"
						}
					},
					"scale": {
						"0.0": {
							"post": [1, 1.5, 1],
							"lerp_mode": "catmullrom"
						}
					}
				},
				"gun_and_rh": {
					"rotation": {
						"0.0": {
							"post": [75.47021, 4.80902, 14.25938],
							"lerp_mode": "catmullrom"
						},
						"0.125": {
							"post": [129.8241, 15.11515, 95.18118],
							"lerp_mode": "catmullrom"
						},
						"0.1667": {
							"post": [64.8241, 15.11515, 95.18118],
							"lerp_mode": "catmullrom"
						},
						"0.25": {
							"post": [61.61, 7.86, 24.74],
							"lerp_mode": "catmullrom"
						},
						"0.375": {
							"post": [77.97021, 4.80902, 10.85938],
							"lerp_mode": "catmullrom"
						},
						"0.4583": {
							"post": [76.27, 4.81, 12.56],
							"lerp_mode": "catmullrom"
						},
						"0.5417": {
							"post": [75.47, 4.81, 14.26],
							"lerp_mode": "catmullrom"
						}
					},
					"position": {
						"0.0": {
							"post": [-15, -8, 7],
							"lerp_mode": "catmullrom"
						},
						"0.125": {
							"post": [-19, -9, 10],
							"lerp_mode": "catmullrom"
						},
						"0.1667": {
							"post": [-18, -9, -5],
							"lerp_mode": "catmullrom"
						},
						"0.2917": {
							"post": [-15.59, -8.3, 4.32],
							"lerp_mode": "catmullrom"
						},
						"0.375": {
							"post": [-15, -8, 7.6],
							"lerp_mode": "catmullrom"
						},
						"0.4583": {
							"post": [-15, -8, 7],
							"lerp_mode": "catmullrom"
						}
					},
					"scale": {
						"0.125": [1, 1, 1],
						"0.1667": [1, 1.6, 1],
						"0.25": [1, 1, 1]
					}
				},
				"righthand": {
					"rotation": {
						"0.0": {
							"post": [0, 160, 0],
							"lerp_mode": "catmullrom"
						}
					},
					"scale": {
						"0.0": {
							"post": [1, 1.5, 1],
							"lerp_mode": "catmullrom"
						}
					}
				},
				"brick": {
					"rotation": {
						"0.0": {
							"post": [-153.9473, 20.43663, -77.15172],
							"lerp_mode": "catmullrom"
						}
					},
					"position": {
						"0.0": {
							"post": [7.53798, 18.15924, 1.55542],
							"lerp_mode": "catmullrom"
						}
					}
				},
				"camera": {
					"rotation": {
						"0.0": {
							"post": [0, 0, 0],
							"lerp_mode": "catmullrom"
						},
						"0.125": {
							"post": [5, 9, 0],
							"lerp_mode": "catmullrom"
						},
						"0.1667": {
							"post": [8.60189, -6.1719, 7.43327],
							"lerp_mode": "catmullrom"
						},
						"0.3333": {
							"post": [-7.47178, 0.65182, 4.95744],
							"lerp_mode": "catmullrom"
						},
						"0.5": {
							"post": [-1.5, 0.6, 0.9],
							"lerp_mode": "catmullrom"
						},
						"0.625": {
							"post": [0, 0, 0],
							"lerp_mode": "catmullrom"
						}
					}
				}
			},
			"sound_effects": {
				"0.0833": {
					"effect": "yeet:asset/swing_1"
				}
			}
		}
	}
}