{
	"format_version": "1.12.0",
	"minecraft:geometry": [
		{
			"description": {
				"identifier": "geometry.unknown",
				"texture_width": 64,
				"texture_height": 64,
				"visible_bounds_width": 30,
				"visible_bounds_height": 17,
				"visible_bounds_offset": [0, 2.5, 0]
			},
			"bones": [
				{
					"name": "root",
					"pivot": [0, 0, 0]
				},
				{
					"name": "gun_and_rh",
					"parent": "root",
					"pivot": [6, 10.9, 0]
				},
				{
					"name": "ammo_box",
					"parent": "gun_and_rh",
					"pivot": [0, 0.9, 0]
				},
				{
					"name": "box",
					"parent": "ammo_box",
					"pivot": [0, 1.78, 0.02]
				},
				{
					"name": "box_cover",
					"parent": "box",
					"pivot": [5.28, 3.58, -3.86],
					"cubes": [
						{
							"origin": [-5.28, 3.58, -4.14],
							"size": [10.56, 0.4, 8.16],
							"uv": {
								"north": {"uv": [32, 35], "uv_size": [13.25, 0.5]},
								"east": {"uv": [36, 31], "uv_size": [10.25, 0.5]},
								"south": {"uv": [36, 30], "uv_size": [13.25, 0.5]},
								"west": {"uv": [32, 36], "uv_size": [10.25, 0.5]},
								"up": {"uv": [15, 0], "uv_size": [13.25, 10.25]},
								"down": {"uv": [15, 21.25], "uv_size": [13.25, -10.25]}
							}
						},
						{
							"origin": [-4.08, 3.98, -3.9],
							"size": [1.12, 0.4, 7.84],
							"pivot": [-3.52, 4.18, -0.02],
							"rotation": [0, 0, -180],
							"uv": {
								"north": {"uv": [42, 19], "uv_size": [1.5, 0.5]},
								"east": {"uv": [32, 37], "uv_size": [9.75, 0.5]},
								"south": {"uv": [20, 42], "uv_size": [1.5, 0.5]},
								"west": {"uv": [32, 38], "uv_size": [9.75, 0.5]},
								"up": {"uv": [8, 32], "uv_size": [1.5, 9.75]},
								"down": {"uv": [10, 41.75], "uv_size": [1.5, -9.75]}
							}
						},
						{
							"origin": [2.96, 3.98, -3.9],
							"size": [1.12, 0.4, 7.84],
							"pivot": [3.52, 4.18, -0.02],
							"rotation": [0, 0, -180],
							"uv": {
								"north": {"uv": [22, 42], "uv_size": [1.5, 0.5]},
								"east": {"uv": [39, 8], "uv_size": [9.75, 0.5]},
								"south": {"uv": [24, 42], "uv_size": [1.5, 0.5]},
								"west": {"uv": [39, 9], "uv_size": [9.75, 0.5]},
								"up": {"uv": [12, 32], "uv_size": [1.5, 9.75]},
								"down": {"uv": [14, 41.75], "uv_size": [1.5, -9.75]}
							}
						}
					]
				},
				{
					"name": "box_body",
					"parent": "box",
					"pivot": [0, 1.58, -3.78],
					"cubes": [
						{
							"origin": [-5.76, 0.14, -4.14],
							"size": [11.52, 0.24, 8.32],
							"uv": {
								"north": {"uv": [39, 14], "uv_size": [14.25, 0.25]},
								"east": {"uv": [39, 16], "uv_size": [10.25, 0.25]},
								"south": {"uv": [39, 15], "uv_size": [14.25, 0.25]},
								"west": {"uv": [39, 17], "uv_size": [10.25, 0.25]},
								"up": {"uv": [0, 0], "uv_size": [14.25, 10.25]},
								"down": {"uv": [0, 21.25], "uv_size": [14.25, -10.25]}
							}
						},
						{
							"origin": [-5.68, 1.3, 2.62],
							"size": [11.36, 0.4, 3.2],
							"pivot": [0, 1.58, 3.82],
							"rotation": [90, 0, 0],
							"uv": {
								"north": {"uv": [29, 20], "uv_size": [14.25, 0.5]},
								"east": {"uv": [41, 22], "uv_size": [4, 0.5]},
								"south": {"uv": [29, 21], "uv_size": [14.25, 0.5]},
								"west": {"uv": [41, 23], "uv_size": [4, 0.5]},
								"up": {"uv": [26, 22], "uv_size": [14.25, 4]},
								"down": {"uv": [26, 30], "uv_size": [14.25, -4]}
							}
						},
						{
							"origin": [-0.76, 0.5, -2.46],
							"size": [7.36, 0.4, 3.2],
							"pivot": [5, 0.78, -2.06],
							"rotation": [0, 90, -90],
							"uv": {
								"north": {"uv": [39, 12], "uv_size": [9.25, 0.5]},
								"east": {"uv": [41, 27], "uv_size": [4, 0.5]},
								"south": {"uv": [39, 13], "uv_size": [9.25, 0.5]},
								"west": {"uv": [41, 28], "uv_size": [4, 0.5]},
								"up": {"uv": [29, 16], "uv_size": [9.25, 4]},
								"down": {"uv": [26, 34], "uv_size": [9.25, -4]}
							}
						},
						{
							"origin": [4.92, 3.06, 0.1],
							"size": [1.12, 0.4, 3.52],
							"pivot": [5.48, 3.26, 2.98],
							"rotation": [0, 90, -90],
							"uv": {
								"north": {"uv": [41, 41], "uv_size": [1.5, 0.5]},
								"east": {"uv": [38, 39], "uv_size": [4.5, 0.5]},
								"south": {"uv": [0, 42], "uv_size": [1.5, 0.5]},
								"west": {"uv": [16, 40], "uv_size": [4.5, 0.5]},
								"up": {"uv": [16, 35], "uv_size": [1.5, 4.5]},
								"down": {"uv": [18, 39.5], "uv_size": [1.5, -4.5]}
							}
						},
						{
							"origin": [4.92, 3.06, -5.82],
							"size": [1.12, 0.4, 3.52],
							"pivot": [5.48, 3.26, -2.94],
							"rotation": [0, 90, -90],
							"uv": {
								"north": {"uv": [2, 42], "uv_size": [1.5, 0.5]},
								"east": {"uv": [21, 40], "uv_size": [4.5, 0.5]},
								"south": {"uv": [4, 42], "uv_size": [1.5, 0.5]},
								"west": {"uv": [26, 40], "uv_size": [4.5, 0.5]},
								"up": {"uv": [20, 35], "uv_size": [1.5, 4.5]},
								"down": {"uv": [22, 39.5], "uv_size": [1.5, -4.5]}
							}
						},
						{
							"origin": [5.32, 1.98, -4.02],
							"size": [1.12, 0.4, 8.08],
							"pivot": [5.88, 2.18, 0.02],
							"rotation": [0, 0, -90],
							"uv": {
								"north": {"uv": [14, 42], "uv_size": [1.5, 0.5]},
								"east": {"uv": [16, 32], "uv_size": [10, 0.5]},
								"south": {"uv": [16, 42], "uv_size": [1.5, 0.5]},
								"west": {"uv": [16, 33], "uv_size": [10, 0.5]},
								"up": {"uv": [0, 32], "uv_size": [1.5, 10]},
								"down": {"uv": [2, 42], "uv_size": [1.5, -10]}
							}
						},
						{
							"origin": [-6.44, 1.98, -4.02],
							"size": [1.12, 0.4, 8.08],
							"pivot": [-5.88, 2.18, 0.02],
							"rotation": [0, 0, -90],
							"uv": {
								"north": {"uv": [18, 42], "uv_size": [1.5, 0.5]},
								"east": {"uv": [36, 32], "uv_size": [10, 0.5]},
								"south": {"uv": [42, 18], "uv_size": [1.5, 0.5]},
								"west": {"uv": [36, 33], "uv_size": [10, 0.5]},
								"up": {"uv": [4, 32], "uv_size": [1.5, 10]},
								"down": {"uv": [6, 42], "uv_size": [1.5, -10]}
							}
						},
						{
							"origin": [-6.04, 3.06, 0.1],
							"size": [1.12, 0.4, 3.52],
							"pivot": [-5.48, 3.26, 2.98],
							"rotation": [0, 90, -90],
							"uv": {
								"north": {"uv": [10, 42], "uv_size": [1.5, 0.5]},
								"east": {"uv": [16, 41], "uv_size": [4.5, 0.5]},
								"south": {"uv": [12, 42], "uv_size": [1.5, 0.5]},
								"west": {"uv": [21, 41], "uv_size": [4.5, 0.5]},
								"up": {"uv": [28, 35], "uv_size": [1.5, 4.5]},
								"down": {"uv": [30, 39.5], "uv_size": [1.5, -4.5]}
							}
						},
						{
							"origin": [-6.04, 3.06, -5.82],
							"size": [1.12, 0.4, 3.52],
							"pivot": [-5.48, 3.26, -2.94],
							"rotation": [0, 90, -90],
							"uv": {
								"north": {"uv": [6, 42], "uv_size": [1.5, 0.5]},
								"east": {"uv": [31, 40], "uv_size": [4.5, 0.5]},
								"south": {"uv": [8, 42], "uv_size": [1.5, 0.5]},
								"west": {"uv": [36, 40], "uv_size": [4.5, 0.5]},
								"up": {"uv": [24, 35], "uv_size": [1.5, 4.5]},
								"down": {"uv": [26, 39.5], "uv_size": [1.5, -4.5]}
							}
						},
						{
							"origin": [-10.76, 0.66, -2.46],
							"size": [7.36, 0.4, 3.2],
							"pivot": [-5, 0.78, -2.06],
							"rotation": [0, 90, -90],
							"uv": {
								"north": {"uv": [39, 10], "uv_size": [9.25, 0.5]},
								"east": {"uv": [41, 24], "uv_size": [4, 0.5]},
								"south": {"uv": [39, 11], "uv_size": [9.25, 0.5]},
								"west": {"uv": [41, 25], "uv_size": [4, 0.5]},
								"up": {"uv": [29, 8], "uv_size": [9.25, 4]},
								"down": {"uv": [29, 16], "uv_size": [9.25, -4]}
							}
						},
						{
							"origin": [-5.68, 1.46, -4.98],
							"size": [11.36, 0.4, 3.2],
							"pivot": [0, 1.58, -3.78],
							"rotation": [90, 0, 0],
							"uv": {
								"north": {"uv": [16, 34], "uv_size": [14.25, 0.5]},
								"east": {"uv": [26, 41], "uv_size": [4, 0.5]},
								"south": {"uv": [31, 34], "uv_size": [14.25, 0.5]},
								"west": {"uv": [41, 26], "uv_size": [4, 0.5]},
								"up": {"uv": [29, 0], "uv_size": [14.25, 4]},
								"down": {"uv": [29, 8], "uv_size": [14.25, -4]}
							}
						}
					]
				},
				{
					"name": "text",
					"parent": "box",
					"pivot": [2.44448, 2.72792, 4.18216],
					"cubes": [
						{
							"origin": [4.24448, 2.60792, 4.02216],
							"size": [0.88, 0.24, 0.088],
							"pivot": [4.6844, 2.72792, 4.18216],
							"rotation": [0, 0, -90],
							"uv": {
								"north": {"uv": [32, 39], "uv_size": [2.25, 1]},
								"east": {"uv": [45, 5], "uv_size": [0.25, 1]},
								"south": {"uv": [35, 39], "uv_size": [2.25, 1]},
								"west": {"uv": [6, 45], "uv_size": [0.25, 1]},
								"up": {"uv": [6, 43], "uv_size": [2.25, 0.25]},
								"down": {"uv": [9, 43.25], "uv_size": [2.25, -0.25]}
							}
						},
						{
							"origin": [4.26784, 2.82168, 4.02216],
							"size": [0.44, 0.24, 0.088],
							"pivot": [4.50784, 2.94168, 4.18216],
							"rotation": [0, 0, -45],
							"uv": {
								"north": {"uv": [32, 39], "uv_size": [2.25, 1]},
								"east": {"uv": [45, 5], "uv_size": [0.25, 1]},
								"south": {"uv": [35, 39], "uv_size": [2.25, 1]},
								"west": {"uv": [6, 45], "uv_size": [0.25, 1]},
								"up": {"uv": [6, 43], "uv_size": [2.25, 0.25]},
								"down": {"uv": [9, 43.25], "uv_size": [2.25, -0.25]}
							}
						},
						{
							"origin": [3.98104, 2.82168, 4.02216],
							"size": [0.44, 0.24, 0.088],
							"pivot": [4.22104, 2.94168, 4.18216],
							"rotation": [0, 0, -135],
							"uv": {
								"north": {"uv": [32, 39], "uv_size": [2.25, 1]},
								"east": {"uv": [45, 5], "uv_size": [0.25, 1]},
								"south": {"uv": [35, 39], "uv_size": [2.25, 1]},
								"west": {"uv": [6, 45], "uv_size": [0.25, 1]},
								"up": {"uv": [6, 43], "uv_size": [2.25, 0.25]},
								"down": {"uv": [9, 43.25], "uv_size": [2.25, -0.25]}
							}
						},
						{
							"origin": [4.30584, 2.68712, 4.02216],
							"size": [0.11712, 0.08, 0.088],
							"uv": {
								"north": {"uv": [32, 39], "uv_size": [2.25, 1]},
								"east": {"uv": [45, 5], "uv_size": [0.25, 1]},
								"south": {"uv": [35, 39], "uv_size": [2.25, 1]},
								"west": {"uv": [6, 45], "uv_size": [0.25, 1]},
								"up": {"uv": [6, 43], "uv_size": [2.25, 0.25]},
								"down": {"uv": [9, 43.25], "uv_size": [2.25, -0.25]}
							}
						},
						{
							"origin": [3.60448, 2.60792, 4.02216],
							"size": [0.88, 0.24, 0.088],
							"pivot": [4.0444, 2.72792, 4.18216],
							"rotation": [0, 0, -90],
							"uv": {
								"north": {"uv": [32, 39], "uv_size": [2.25, 1]},
								"east": {"uv": [45, 5], "uv_size": [0.25, 1]},
								"south": {"uv": [35, 39], "uv_size": [2.25, 1]},
								"west": {"uv": [6, 45], "uv_size": [0.25, 1]},
								"up": {"uv": [6, 43], "uv_size": [2.25, 0.25]},
								"down": {"uv": [9, 43.25], "uv_size": [2.25, -0.25]}
							}
						},
						{
							"origin": [3.44448, 2.20792, 4.02216],
							"size": [0.24, 0.4, 0.088],
							"pivot": [3.24448, 2.72792, 4.18216],
							"rotation": [0, 0, -90],
							"uv": {
								"north": {"uv": [32, 39], "uv_size": [2.25, 1]},
								"east": {"uv": [45, 5], "uv_size": [0.25, 1]},
								"south": {"uv": [35, 39], "uv_size": [2.25, 1]},
								"west": {"uv": [6, 45], "uv_size": [0.25, 1]},
								"up": {"uv": [6, 43], "uv_size": [2.25, 0.25]},
								"down": {"uv": [9, 43.25], "uv_size": [2.25, -0.25]}
							}
						},
						{
							"origin": [3.44448, 1.88792, 4.02216],
							"size": [0.24, 0.4, 0.088],
							"pivot": [3.24448, 2.40792, 4.18216],
							"rotation": [0, 0, -90],
							"uv": {
								"north": {"uv": [32, 39], "uv_size": [2.25, 1]},
								"east": {"uv": [45, 5], "uv_size": [0.25, 1]},
								"south": {"uv": [35, 39], "uv_size": [2.25, 1]},
								"west": {"uv": [6, 45], "uv_size": [0.25, 1]},
								"up": {"uv": [6, 43], "uv_size": [2.25, 0.25]},
								"down": {"uv": [9, 43.25], "uv_size": [2.25, -0.25]}
							}
						},
						{
							"origin": [2.80448, 2.60792, 4.02216],
							"size": [0.88, 0.24, 0.088],
							"pivot": [3.24448, 2.72792, 4.18216],
							"rotation": [0, 0, -90],
							"uv": {
								"north": {"uv": [32, 39], "uv_size": [2.25, 1]},
								"east": {"uv": [45, 5], "uv_size": [0.25, 1]},
								"south": {"uv": [35, 39], "uv_size": [2.25, 1]},
								"west": {"uv": [6, 45], "uv_size": [0.25, 1]},
								"up": {"uv": [6, 43], "uv_size": [2.25, 0.25]},
								"down": {"uv": [9, 43.25], "uv_size": [2.25, -0.25]}
							}
						},
						{
							"origin": [3.44448, 1.56792, 4.02216],
							"size": [0.24, 0.4, 0.088],
							"pivot": [3.24448, 2.08792, 4.18216],
							"rotation": [0, 0, -90],
							"uv": {
								"north": {"uv": [32, 39], "uv_size": [2.25, 1]},
								"east": {"uv": [45, 5], "uv_size": [0.25, 1]},
								"south": {"uv": [35, 39], "uv_size": [2.25, 1]},
								"west": {"uv": [6, 45], "uv_size": [0.25, 1]},
								"up": {"uv": [6, 43], "uv_size": [2.25, 0.25]},
								"down": {"uv": [9, 43.25], "uv_size": [2.25, -0.25]}
							}
						},
						{
							"origin": [2.64448, 1.56792, 4.02216],
							"size": [0.24, 0.4, 0.088],
							"pivot": [2.44448, 2.08792, 4.18216],
							"rotation": [0, 0, -90],
							"uv": {
								"north": {"uv": [32, 39], "uv_size": [2.25, 1]},
								"east": {"uv": [45, 5], "uv_size": [0.25, 1]},
								"south": {"uv": [35, 39], "uv_size": [2.25, 1]},
								"west": {"uv": [6, 45], "uv_size": [0.25, 1]},
								"up": {"uv": [6, 43], "uv_size": [2.25, 0.25]},
								"down": {"uv": [9, 43.25], "uv_size": [2.25, -0.25]}
							}
						},
						{
							"origin": [2.64448, 1.88792, 4.02216],
							"size": [0.24, 0.4, 0.088],
							"pivot": [2.44448, 2.40792, 4.18216],
							"rotation": [0, 0, -90],
							"uv": {
								"north": {"uv": [32, 39], "uv_size": [2.25, 1]},
								"east": {"uv": [45, 5], "uv_size": [0.25, 1]},
								"south": {"uv": [35, 39], "uv_size": [2.25, 1]},
								"west": {"uv": [6, 45], "uv_size": [0.25, 1]},
								"up": {"uv": [6, 43], "uv_size": [2.25, 0.25]},
								"down": {"uv": [9, 43.25], "uv_size": [2.25, -0.25]}
							}
						},
						{
							"origin": [2.64448, 2.20792, 4.02216],
							"size": [0.24, 0.4, 0.088],
							"pivot": [2.44448, 2.72792, 4.18216],
							"rotation": [0, 0, -90],
							"uv": {
								"north": {"uv": [32, 39], "uv_size": [2.25, 1]},
								"east": {"uv": [45, 5], "uv_size": [0.25, 1]},
								"south": {"uv": [35, 39], "uv_size": [2.25, 1]},
								"west": {"uv": [6, 45], "uv_size": [0.25, 1]},
								"up": {"uv": [6, 43], "uv_size": [2.25, 0.25]},
								"down": {"uv": [9, 43.25], "uv_size": [2.25, -0.25]}
							}
						},
						{
							"origin": [2.00448, 2.60792, 4.02216],
							"size": [0.88, 0.24, 0.088],
							"pivot": [2.44448, 2.72792, 4.18216],
							"rotation": [0, 0, -90],
							"uv": {
								"north": {"uv": [32, 39], "uv_size": [2.25, 1]},
								"east": {"uv": [45, 5], "uv_size": [0.25, 1]},
								"south": {"uv": [35, 39], "uv_size": [2.25, 1]},
								"west": {"uv": [6, 45], "uv_size": [0.25, 1]},
								"up": {"uv": [6, 43], "uv_size": [2.25, 0.25]},
								"down": {"uv": [9, 43.25], "uv_size": [2.25, -0.25]}
							}
						},
						{
							"origin": [0.64448, 2.60792, 4.02216],
							"size": [0.88, 0.24, 0.088],
							"pivot": [1.08448, 2.72792, 4.18216],
							"rotation": [0, 0, -90],
							"uv": {
								"north": {"uv": [32, 39], "uv_size": [2.25, 1]},
								"east": {"uv": [45, 5], "uv_size": [0.25, 1]},
								"south": {"uv": [35, 39], "uv_size": [2.25, 1]},
								"west": {"uv": [6, 45], "uv_size": [0.25, 1]},
								"up": {"uv": [6, 43], "uv_size": [2.25, 0.25]},
								"down": {"uv": [9, 43.25], "uv_size": [2.25, -0.25]}
							}
						},
						{
							"origin": [1.55072, 2.652, 4.02216],
							"size": [0.32, 0.24, 0.088],
							"pivot": [1.43072, 2.772, 4.18216],
							"rotation": [0, 0, -135],
							"uv": {
								"north": {"uv": [32, 39], "uv_size": [2.25, 1]},
								"east": {"uv": [45, 5], "uv_size": [0.25, 1]},
								"south": {"uv": [35, 39], "uv_size": [2.25, 1]},
								"west": {"uv": [6, 45], "uv_size": [0.25, 1]},
								"up": {"uv": [6, 43], "uv_size": [2.25, 0.25]},
								"down": {"uv": [9, 43.25], "uv_size": [2.25, -0.25]}
							}
						},
						{
							"origin": [1.60448, 2.60792, 4.02216],
							"size": [0.88, 0.24, 0.088],
							"pivot": [2.0444, 2.72792, 4.18216],
							"rotation": [0, 0, -90],
							"uv": {
								"north": {"uv": [32, 39], "uv_size": [2.25, 1]},
								"east": {"uv": [45, 5], "uv_size": [0.25, 1]},
								"south": {"uv": [35, 39], "uv_size": [2.25, 1]},
								"west": {"uv": [6, 45], "uv_size": [0.25, 1]},
								"up": {"uv": [6, 43], "uv_size": [2.25, 0.25]},
								"down": {"uv": [9, 43.25], "uv_size": [2.25, -0.25]}
							}
						},
						{
							"origin": [1.0444, 2.92792, 4.02216],
							"size": [0.15848, 0.24, 0.088],
							"pivot": [1.4844, 3.04792, 4.18216],
							"rotation": [0, 0, -180],
							"uv": {
								"north": {"uv": [32, 39], "uv_size": [2.25, 1]},
								"east": {"uv": [45, 5], "uv_size": [0.25, 1]},
								"south": {"uv": [35, 39], "uv_size": [2.25, 1]},
								"west": {"uv": [6, 45], "uv_size": [0.25, 1]},
								"up": {"uv": [6, 43], "uv_size": [2.25, 0.25]},
								"down": {"uv": [9, 43.25], "uv_size": [2.25, -0.25]}
							}
						},
						{
							"origin": [1.0444, 2.60792, 4.02216],
							"size": [0.15848, 0.24, 0.088],
							"pivot": [1.4844, 2.72792, 4.18216],
							"rotation": [0, 0, -180],
							"uv": {
								"north": {"uv": [32, 39], "uv_size": [2.25, 1]},
								"east": {"uv": [45, 5], "uv_size": [0.25, 1]},
								"south": {"uv": [35, 39], "uv_size": [2.25, 1]},
								"west": {"uv": [6, 45], "uv_size": [0.25, 1]},
								"up": {"uv": [6, 43], "uv_size": [2.25, 0.25]},
								"down": {"uv": [9, 43.25], "uv_size": [2.25, -0.25]}
							}
						},
						{
							"origin": [1.20592, 2.60792, 4.02216],
							"size": [0.88, 0.24, 0.088],
							"pivot": [1.64592, 2.72792, 4.18216],
							"rotation": [0, 0, -90],
							"uv": {
								"north": {"uv": [32, 39], "uv_size": [2.25, 1]},
								"east": {"uv": [45, 5], "uv_size": [0.25, 1]},
								"south": {"uv": [35, 39], "uv_size": [2.25, 1]},
								"west": {"uv": [6, 45], "uv_size": [0.25, 1]},
								"up": {"uv": [6, 43], "uv_size": [2.25, 0.25]},
								"down": {"uv": [9, 43.25], "uv_size": [2.25, -0.25]}
							}
						},
						{
							"origin": [3.8444, 1.32792, 4.02216],
							"size": [0.56, 0.24, 0.088],
							"pivot": [4.28448, 1.44792, 4.18216],
							"rotation": [0, 0, -90],
							"uv": {
								"north": {"uv": [32, 39], "uv_size": [2.25, 1]},
								"east": {"uv": [45, 5], "uv_size": [0.25, 1]},
								"south": {"uv": [35, 39], "uv_size": [2.25, 1]},
								"west": {"uv": [6, 45], "uv_size": [0.25, 1]},
								"up": {"uv": [6, 43], "uv_size": [2.25, 0.25]},
								"down": {"uv": [9, 43.25], "uv_size": [2.25, -0.25]}
							}
						},
						{
							"origin": [3.2044, 1.64792, 4.02216],
							"size": [0.39848, 0.24, 0.088],
							"pivot": [3.8844, 1.76792, 4.18216],
							"rotation": [0, 0, -180],
							"uv": {
								"north": {"uv": [32, 39], "uv_size": [2.25, 1]},
								"east": {"uv": [45, 5], "uv_size": [0.25, 1]},
								"south": {"uv": [35, 39], "uv_size": [2.25, 1]},
								"west": {"uv": [6, 45], "uv_size": [0.25, 1]},
								"up": {"uv": [6, 43], "uv_size": [2.25, 0.25]},
								"down": {"uv": [9, 43.25], "uv_size": [2.25, -0.25]}
							}
						},
						{
							"origin": [3.6844, 1.32792, 4.02216],
							"size": [0.15848, 0.24, 0.088],
							"pivot": [4.1244, 1.44792, 4.18216],
							"rotation": [0, 0, -180],
							"uv": {
								"north": {"uv": [32, 39], "uv_size": [2.25, 1]},
								"east": {"uv": [45, 5], "uv_size": [0.25, 1]},
								"south": {"uv": [35, 39], "uv_size": [2.25, 1]},
								"west": {"uv": [6, 45], "uv_size": [0.25, 1]},
								"up": {"uv": [6, 43], "uv_size": [2.25, 0.25]},
								"down": {"uv": [9, 43.25], "uv_size": [2.25, -0.25]}
							}
						},
						{
							"origin": [3.6844, 1.00792, 4.02216],
							"size": [0.15848, 0.24, 0.088],
							"pivot": [4.1244, 1.12792, 4.18216],
							"rotation": [0, 0, -180],
							"uv": {
								"north": {"uv": [32, 39], "uv_size": [2.25, 1]},
								"east": {"uv": [45, 5], "uv_size": [0.25, 1]},
								"south": {"uv": [35, 39], "uv_size": [2.25, 1]},
								"west": {"uv": [6, 45], "uv_size": [0.25, 1]},
								"up": {"uv": [6, 43], "uv_size": [2.25, 0.25]},
								"down": {"uv": [9, 43.25], "uv_size": [2.25, -0.25]}
							}
						},
						{
							"origin": [4.24592, 1.32792, 4.02216],
							"size": [0.88, 0.24, 0.088],
							"pivot": [4.68592, 1.44792, 4.18216],
							"rotation": [0, 0, -90],
							"uv": {
								"north": {"uv": [32, 39], "uv_size": [2.25, 1]},
								"east": {"uv": [45, 5], "uv_size": [0.25, 1]},
								"south": {"uv": [35, 39], "uv_size": [2.25, 1]},
								"west": {"uv": [6, 45], "uv_size": [0.25, 1]},
								"up": {"uv": [6, 43], "uv_size": [2.25, 0.25]},
								"down": {"uv": [9, 43.25], "uv_size": [2.25, -0.25]}
							}
						},
						{
							"origin": [3.44592, 1.32792, 4.02216],
							"size": [0.88, 0.24, 0.088],
							"pivot": [3.88592, 1.44792, 4.18216],
							"rotation": [0, 0, -90],
							"uv": {
								"north": {"uv": [32, 39], "uv_size": [2.25, 1]},
								"east": {"uv": [45, 5], "uv_size": [0.25, 1]},
								"south": {"uv": [35, 39], "uv_size": [2.25, 1]},
								"west": {"uv": [6, 45], "uv_size": [0.25, 1]},
								"up": {"uv": [6, 43], "uv_size": [2.25, 0.25]},
								"down": {"uv": [9, 43.25], "uv_size": [2.25, -0.25]}
							}
						},
						{
							"origin": [2.64592, 1.32792, 4.02216],
							"size": [0.88, 0.24, 0.088],
							"pivot": [3.08592, 1.44792, 4.18216],
							"rotation": [0, 0, -90],
							"uv": {
								"north": {"uv": [32, 39], "uv_size": [2.25, 1]},
								"east": {"uv": [45, 5], "uv_size": [0.25, 1]},
								"south": {"uv": [35, 39], "uv_size": [2.25, 1]},
								"west": {"uv": [6, 45], "uv_size": [0.25, 1]},
								"up": {"uv": [6, 43], "uv_size": [2.25, 0.25]},
								"down": {"uv": [9, 43.25], "uv_size": [2.25, -0.25]}
							}
						},
						{
							"origin": [2.24592, 1.32792, 4.02216],
							"size": [0.88, 0.24, 0.088],
							"pivot": [2.68592, 1.44792, 4.18216],
							"rotation": [0, 0, -90],
							"uv": {
								"north": {"uv": [32, 39], "uv_size": [2.25, 1]},
								"east": {"uv": [45, 5], "uv_size": [0.25, 1]},
								"south": {"uv": [35, 39], "uv_size": [2.25, 1]},
								"west": {"uv": [6, 45], "uv_size": [0.25, 1]},
								"up": {"uv": [6, 43], "uv_size": [2.25, 0.25]},
								"down": {"uv": [9, 43.25], "uv_size": [2.25, -0.25]}
							}
						},
						{
							"origin": [3.36592, 1.32792, 4.02216],
							"size": [0.56, 0.24, 0.088],
							"pivot": [3.48592, 1.44792, 4.18216],
							"rotation": [0, 0, -90],
							"uv": {
								"north": {"uv": [32, 39], "uv_size": [2.25, 1]},
								"east": {"uv": [45, 5], "uv_size": [0.25, 1]},
								"south": {"uv": [35, 39], "uv_size": [2.25, 1]},
								"west": {"uv": [6, 45], "uv_size": [0.25, 1]},
								"up": {"uv": [6, 43], "uv_size": [2.25, 0.25]},
								"down": {"uv": [9, 43.25], "uv_size": [2.25, -0.25]}
							}
						},
						{
							"origin": [3.60592, 1.64792, 4.02216],
							"size": [0.16, 0.24, 0.088],
							"uv": {
								"north": {"uv": [32, 39], "uv_size": [2.25, 1]},
								"east": {"uv": [45, 5], "uv_size": [0.25, 1]},
								"south": {"uv": [35, 39], "uv_size": [2.25, 1]},
								"west": {"uv": [6, 45], "uv_size": [0.25, 1]},
								"up": {"uv": [6, 43], "uv_size": [2.25, 0.25]},
								"down": {"uv": [9, 43.25], "uv_size": [2.25, -0.25]}
							}
						},
						{
							"origin": [2.16592, 1.64792, 4.02216],
							"size": [0.4, 0.24, 0.088],
							"uv": {
								"north": {"uv": [32, 39], "uv_size": [2.25, 1]},
								"east": {"uv": [45, 5], "uv_size": [0.25, 1]},
								"south": {"uv": [35, 39], "uv_size": [2.25, 1]},
								"west": {"uv": [6, 45], "uv_size": [0.25, 1]},
								"up": {"uv": [6, 43], "uv_size": [2.25, 0.25]},
								"down": {"uv": [9, 43.25], "uv_size": [2.25, -0.25]}
							}
						},
						{
							"origin": [2.16592, 1.00792, 4.02216],
							"size": [0.4, 0.24, 0.088],
							"uv": {
								"north": {"uv": [32, 39], "uv_size": [2.25, 1]},
								"east": {"uv": [45, 5], "uv_size": [0.25, 1]},
								"south": {"uv": [35, 39], "uv_size": [2.25, 1]},
								"west": {"uv": [6, 45], "uv_size": [0.25, 1]},
								"up": {"uv": [6, 43], "uv_size": [2.25, 0.25]},
								"down": {"uv": [9, 43.25], "uv_size": [2.25, -0.25]}
							}
						},
						{
							"origin": [1.84592, 1.00792, 4.02216],
							"size": [0.16, 0.16, 0.088],
							"uv": {
								"north": {"uv": [32, 39], "uv_size": [2.25, 1]},
								"east": {"uv": [45, 5], "uv_size": [0.25, 1]},
								"south": {"uv": [35, 39], "uv_size": [2.25, 1]},
								"west": {"uv": [6, 45], "uv_size": [0.25, 1]},
								"up": {"uv": [6, 43], "uv_size": [2.25, 0.25]},
								"down": {"uv": [9, 43.25], "uv_size": [2.25, -0.25]}
							}
						},
						{
							"origin": [3.60592, 1.32792, 4.02216],
							"size": [0.16, 0.24, 0.088],
							"uv": {
								"north": {"uv": [32, 39], "uv_size": [2.25, 1]},
								"east": {"uv": [45, 5], "uv_size": [0.25, 1]},
								"south": {"uv": [35, 39], "uv_size": [2.25, 1]},
								"west": {"uv": [6, 45], "uv_size": [0.25, 1]},
								"up": {"uv": [6, 43], "uv_size": [2.25, 0.25]},
								"down": {"uv": [9, 43.25], "uv_size": [2.25, -0.25]}
							}
						}
					]
				},
				{
					"name": "positioning",
					"pivot": [0, 4, 4]
				},
				{
					"name": "ground",
					"parent": "positioning",
					"pivot": [0, 0, 0]
				},
				{
					"name": "thirdperson_hand",
					"parent": "positioning",
					"pivot": [0, 0, 0]
				},
				{
					"name": "fixed",
					"parent": "positioning",
					"pivot": [0, 1, 0]
				}
			]
		}
	]
}