{
	"format_version": "1.12.0",
	"minecraft:geometry": [
		{
			"description": {
				"identifier": "geometry.unknown",
				"texture_width": 32,
				"texture_height": 32,
				"visible_bounds_width": 3,
				"visible_bounds_height": 1.5,
				"visible_bounds_offset": [0, 0.25, 0]
			},
			"bones": [
				{
					"name": "body",
					"pivot": [0, 0, 0],
					"cubes": [
						{
							"origin": [-1.8, 0.14, 3.3],
							"size": [3.6, 2.36, 0.7],
							"uv": {
								"north": {"uv": [8, 9], "uv_size": [4, 3]},
								"east": {"uv": [20, 9], "uv_size": [1, 3]},
								"south": {"uv": [0, 11], "uv_size": [4, 3]},
								"west": {"uv": [12, 20], "uv_size": [1, 3]},
								"up": {"uv": [8, 17], "uv_size": [4, 1]},
								"down": {"uv": [12, 18], "uv_size": [4, -1]}
							}
						},
						{
							"origin": [-1.8, 0, 4],
							"size": [3.6, 2.35858, 0.24142],
							"uv": {
								"north": {"uv": [15, 4], "uv_size": [4, 2]},
								"east": {"uv": [24, 12], "uv_size": [1, 2]},
								"south": {"uv": [15, 6], "uv_size": [4, 2]},
								"west": {"uv": [24, 14], "uv_size": [1, 2]},
								"up": {"uv": [19, 6], "uv_size": [4, 1]},
								"down": {"uv": [19, 8], "uv_size": [4, -1]}
							}
						},
						{
							"origin": [-0.8, 0.14, 0.8],
							"size": [1.6, 2.36, 0.9],
							"uv": {
								"north": {"uv": [0, 17], "uv_size": [2, 3]},
								"east": {"uv": [14, 20], "uv_size": [1, 3]},
								"south": {"uv": [2, 17], "uv_size": [2, 3]},
								"west": {"uv": [15, 20], "uv_size": [1, 3]},
								"up": {"uv": [6, 24], "uv_size": [2, 1]},
								"down": {"uv": [24, 7], "uv_size": [2, -1]}
							}
						},
						{
							"origin": [-4.1, 0.14, 2],
							"size": [6.6, 2.36, 1],
							"pivot": [1.5, 1.25, 2.3],
							"rotation": [0, -90, 0],
							"uv": {
								"north": {"uv": [0, 0], "uv_size": [7, 3]},
								"east": {"uv": [20, 12], "uv_size": [1, 3]},
								"south": {"uv": [0, 3], "uv_size": [7, 3]},
								"west": {"uv": [13, 20], "uv_size": [1, 3]},
								"up": {"uv": [15, 8], "uv_size": [7, 1]},
								"down": {"uv": [0, 17], "uv_size": [7, -1]}
							}
						},
						{
							"origin": [-2.32071, 0, -0.12071],
							"size": [8.48284, 2.35858, 0.24142],
							"pivot": [1.92071, 1.17929, 0],
							"rotation": [0, -90, 0],
							"uv": {
								"north": {"uv": [7, 3], "uv_size": [8, 2]},
								"east": {"uv": [24, 8], "uv_size": [1, 2]},
								"south": {"uv": [7, 5], "uv_size": [8, 2]},
								"west": {"uv": [10, 24], "uv_size": [1, 2]},
								"up": {"uv": [12, 13], "uv_size": [8, 1]},
								"down": {"uv": [0, 15], "uv_size": [8, -1]}
							}
						},
						{
							"origin": [-2.34, 2.25858, -0.1],
							"size": [8.28, 0.2, 0.2],
							"pivot": [1.8, 2.35858, 0],
							"rotation": [0, -90, -45],
							"uv": {
								"north": {"uv": [12, 9], "uv_size": [8, 1]},
								"east": {"uv": [25, 14], "uv_size": [1, 1]},
								"south": {"uv": [12, 10], "uv_size": [8, 1]},
								"west": {"uv": [25, 15], "uv_size": [1, 1]},
								"up": {"uv": [12, 11], "uv_size": [8, 1]},
								"down": {"uv": [12, 13], "uv_size": [8, -1]}
							}
						},
						{
							"origin": [-6.6, 2.25858, 3.9],
							"size": [3.6, 0.2, 0.2],
							"pivot": [-2.4, 2.35858, 4],
							"rotation": [135, 0, -180],
							"uv": {
								"north": {"uv": [12, 18], "uv_size": [4, 1]},
								"east": {"uv": [25, 18], "uv_size": [1, 1]},
								"south": {"uv": [16, 18], "uv_size": [4, 1]},
								"west": {"uv": [25, 19], "uv_size": [1, 1]},
								"up": {"uv": [19, 4], "uv_size": [4, 1]},
								"down": {"uv": [19, 6], "uv_size": [4, -1]}
							}
						},
						{
							"origin": [-1.8, 0, -4.12071],
							"size": [3.6, 2.35858, 0.24142],
							"pivot": [0, 1.76894, -4.06036],
							"rotation": [-180, 0, 180],
							"uv": {
								"north": {"uv": [8, 15], "uv_size": [4, 2]},
								"east": {"uv": [24, 16], "uv_size": [1, 2]},
								"south": {"uv": [12, 15], "uv_size": [4, 2]},
								"west": {"uv": [24, 18], "uv_size": [1, 2]},
								"up": {"uv": [4, 20], "uv_size": [4, 1]},
								"down": {"uv": [8, 21], "uv_size": [4, -1]}
							}
						},
						{
							"origin": [-1.8, 2.12856, -4.53462],
							"size": [3.6, 0.2, 0.2],
							"pivot": [0, 1.76894, -4.06036],
							"rotation": [-45, 0, 0],
							"uv": {
								"north": {"uv": [8, 19], "uv_size": [4, 1]},
								"east": {"uv": [25, 20], "uv_size": [1, 1]},
								"south": {"uv": [12, 19], "uv_size": [4, 1]},
								"west": {"uv": [25, 21], "uv_size": [1, 1]},
								"up": {"uv": [16, 19], "uv_size": [4, 1]},
								"down": {"uv": [0, 21], "uv_size": [4, -1]}
							}
						},
						{
							"origin": [-5.94, 2.25858, -0.1],
							"size": [8.28, 0.2, 0.2],
							"pivot": [-1.8, 2.35858, 0],
							"rotation": [0, -90, -45],
							"uv": {
								"north": {"uv": [14, 2], "uv_size": [8, 1]},
								"east": {"uv": [25, 16], "uv_size": [1, 1]},
								"south": {"uv": [12, 14], "uv_size": [8, 1]},
								"west": {"uv": [25, 17], "uv_size": [1, 1]},
								"up": {"uv": [0, 15], "uv_size": [8, 1]},
								"down": {"uv": [15, 4], "uv_size": [8, -1]}
							}
						},
						{
							"origin": [-6.16213, 0, -0.12071],
							"size": [8.48284, 2.35858, 0.24142],
							"pivot": [-1.92071, 1.17929, 0],
							"rotation": [0, -90, 0],
							"uv": {
								"north": {"uv": [7, 7], "uv_size": [8, 2]},
								"east": {"uv": [24, 10], "uv_size": [1, 2]},
								"south": {"uv": [0, 9], "uv_size": [8, 2]},
								"west": {"uv": [11, 24], "uv_size": [1, 2]},
								"up": {"uv": [14, 0], "uv_size": [8, 1]},
								"down": {"uv": [14, 2], "uv_size": [8, -1]}
							}
						},
						{
							"origin": [-7.1, 0.14, 1.6],
							"size": [6.6, 2.36, 1],
							"pivot": [-1.5, 1.25, 2.3],
							"rotation": [0, -90, 0],
							"uv": {
								"north": {"uv": [0, 6], "uv_size": [7, 3]},
								"east": {"uv": [16, 20], "uv_size": [1, 3]},
								"south": {"uv": [7, 0], "uv_size": [7, 3]},
								"west": {"uv": [17, 20], "uv_size": [1, 3]},
								"up": {"uv": [16, 15], "uv_size": [7, 1]},
								"down": {"uv": [16, 17], "uv_size": [7, -1]}
							}
						},
						{
							"origin": [-1.0454, 0.14, 1.60756],
							"size": [0.71, 2.36, 0.4],
							"pivot": [-0.6904, 1.25, 1.80756],
							"rotation": [0, -135, 0],
							"uv": {
								"north": {"uv": [20, 17], "uv_size": [1, 3]},
								"east": {"uv": [18, 20], "uv_size": [1, 3]},
								"south": {"uv": [19, 20], "uv_size": [1, 3]},
								"west": {"uv": [20, 20], "uv_size": [1, 3]},
								"up": {"uv": [7, 16], "uv_size": [1, 1]},
								"down": {"uv": [22, 15], "uv_size": [1, -1]}
							}
						},
						{
							"origin": [-1.0454, 0.14, 2.99244],
							"size": [0.71, 2.36, 0.4],
							"pivot": [-0.6904, 1.25, 3.19244],
							"rotation": [0, -45, 0],
							"uv": {
								"north": {"uv": [0, 21], "uv_size": [1, 3]},
								"east": {"uv": [1, 21], "uv_size": [1, 3]},
								"south": {"uv": [2, 21], "uv_size": [1, 3]},
								"west": {"uv": [3, 21], "uv_size": [1, 3]},
								"up": {"uv": [24, 20], "uv_size": [1, 1]},
								"down": {"uv": [24, 22], "uv_size": [1, -1]}
							}
						},
						{
							"origin": [-0.15424, 0.14, 2.78963],
							"size": [0.71, 2.36, 0.4],
							"pivot": [0.6904, 1.25, 2.5],
							"rotation": [0, 45, 0],
							"uv": {
								"north": {"uv": [8, 21], "uv_size": [1, 3]},
								"east": {"uv": [9, 21], "uv_size": [1, 3]},
								"south": {"uv": [21, 9], "uv_size": [1, 3]},
								"west": {"uv": [10, 21], "uv_size": [1, 3]},
								"up": {"uv": [24, 23], "uv_size": [1, 1]},
								"down": {"uv": [24, 25], "uv_size": [1, -1]}
							}
						},
						{
							"origin": [0.82503, 0.14, 2.78963],
							"size": [0.71, 2.36, 0.4],
							"pivot": [0.6904, 1.25, 2.5],
							"rotation": [-180, 45, 180],
							"uv": {
								"north": {"uv": [4, 21], "uv_size": [1, 3]},
								"east": {"uv": [5, 21], "uv_size": [1, 3]},
								"south": {"uv": [6, 21], "uv_size": [1, 3]},
								"west": {"uv": [7, 21], "uv_size": [1, 3]},
								"up": {"uv": [24, 22], "uv_size": [1, 1]},
								"down": {"uv": [23, 25], "uv_size": [1, -1]}
							}
						},
						{
							"origin": [-0.8, 0.14, -1.7],
							"size": [1.6, 2.36, 0.9],
							"uv": {
								"north": {"uv": [4, 17], "uv_size": [2, 3]},
								"east": {"uv": [14, 23], "uv_size": [1, 3]},
								"south": {"uv": [6, 17], "uv_size": [2, 3]},
								"west": {"uv": [15, 23], "uv_size": [1, 3]},
								"up": {"uv": [24, 7], "uv_size": [2, 1]},
								"down": {"uv": [8, 25], "uv_size": [2, -1]}
							}
						},
						{
							"origin": [-1.0454, 0.14, -0.89244],
							"size": [0.71, 2.36, 0.4],
							"pivot": [-0.6904, 1.25, -0.69244],
							"rotation": [0, -135, 0],
							"uv": {
								"north": {"uv": [23, 9], "uv_size": [1, 3]},
								"east": {"uv": [12, 23], "uv_size": [1, 3]},
								"south": {"uv": [23, 12], "uv_size": [1, 3]},
								"west": {"uv": [13, 23], "uv_size": [1, 3]},
								"up": {"uv": [6, 25], "uv_size": [1, 1]},
								"down": {"uv": [7, 26], "uv_size": [1, -1]}
							}
						},
						{
							"origin": [0.82503, 0.14, 0.28963],
							"size": [0.71, 2.36, 0.4],
							"pivot": [0.6904, 1.25, 0],
							"rotation": [-180, 45, 180],
							"uv": {
								"north": {"uv": [22, 20], "uv_size": [1, 3]},
								"east": {"uv": [23, 0], "uv_size": [1, 3]},
								"south": {"uv": [23, 3], "uv_size": [1, 3]},
								"west": {"uv": [23, 6], "uv_size": [1, 3]},
								"up": {"uv": [25, 4], "uv_size": [1, 1]},
								"down": {"uv": [25, 6], "uv_size": [1, -1]}
							}
						},
						{
							"origin": [-0.15424, 0.14, 0.28963],
							"size": [0.71, 2.36, 0.4],
							"pivot": [0.6904, 1.25, 0],
							"rotation": [0, 45, 0],
							"uv": {
								"north": {"uv": [22, 0], "uv_size": [1, 3]},
								"east": {"uv": [22, 8], "uv_size": [1, 3]},
								"south": {"uv": [22, 11], "uv_size": [1, 3]},
								"west": {"uv": [22, 17], "uv_size": [1, 3]},
								"up": {"uv": [25, 2], "uv_size": [1, 1]},
								"down": {"uv": [25, 4], "uv_size": [1, -1]}
							}
						},
						{
							"origin": [-1.0454, 0.14, 0.49244],
							"size": [0.71, 2.36, 0.4],
							"pivot": [-0.6904, 1.25, 0.69244],
							"rotation": [0, -45, 0],
							"uv": {
								"north": {"uv": [11, 21], "uv_size": [1, 3]},
								"east": {"uv": [21, 12], "uv_size": [1, 3]},
								"south": {"uv": [21, 17], "uv_size": [1, 3]},
								"west": {"uv": [21, 20], "uv_size": [1, 3]},
								"up": {"uv": [25, 0], "uv_size": [1, 1]},
								"down": {"uv": [25, 2], "uv_size": [1, -1]}
							}
						},
						{
							"origin": [-1.8, 0.14, -4],
							"size": [3.6, 2.36, 0.7],
							"uv": {
								"north": {"uv": [4, 11], "uv_size": [4, 3]},
								"east": {"uv": [4, 24], "uv_size": [1, 3]},
								"south": {"uv": [8, 12], "uv_size": [4, 3]},
								"west": {"uv": [5, 24], "uv_size": [1, 3]},
								"up": {"uv": [16, 17], "uv_size": [4, 1]},
								"down": {"uv": [8, 19], "uv_size": [4, -1]}
							}
						},
						{
							"origin": [-1.0454, 0.14, -3.39244],
							"size": [0.71, 2.36, 0.4],
							"pivot": [-0.6904, 1.25, -3.19244],
							"rotation": [0, -135, 0],
							"uv": {
								"north": {"uv": [1, 24], "uv_size": [1, 3]},
								"east": {"uv": [2, 24], "uv_size": [1, 3]},
								"south": {"uv": [3, 24], "uv_size": [1, 3]},
								"west": {"uv": [24, 3], "uv_size": [1, 3]},
								"up": {"uv": [25, 12], "uv_size": [1, 1]},
								"down": {"uv": [25, 14], "uv_size": [1, -1]}
							}
						},
						{
							"origin": [0.82503, 0.14, -2.21037],
							"size": [0.71, 2.36, 0.4],
							"pivot": [0.6904, 1.25, -2.5],
							"rotation": [-180, 45, 180],
							"uv": {
								"north": {"uv": [23, 21], "uv_size": [1, 3]},
								"east": {"uv": [22, 23], "uv_size": [1, 3]},
								"south": {"uv": [0, 24], "uv_size": [1, 3]},
								"west": {"uv": [24, 0], "uv_size": [1, 3]},
								"up": {"uv": [25, 10], "uv_size": [1, 1]},
								"down": {"uv": [25, 12], "uv_size": [1, -1]}
							}
						},
						{
							"origin": [-0.15424, 0.14, -2.21037],
							"size": [0.71, 2.3599, 0.4],
							"pivot": [0.6904, 1.25, -2.5],
							"rotation": [0, 45, 0],
							"uv": {
								"north": {"uv": [23, 18], "uv_size": [1, 3]},
								"east": {"uv": [19, 23], "uv_size": [1, 3]},
								"south": {"uv": [20, 23], "uv_size": [1, 3]},
								"west": {"uv": [21, 23], "uv_size": [1, 3]},
								"up": {"uv": [9, 25], "uv_size": [1, 1]},
								"down": {"uv": [25, 10], "uv_size": [1, -1]}
							}
						},
						{
							"origin": [-1.0454, 0.14, -2.00756],
							"size": [0.71, 2.36, 0.4],
							"pivot": [-0.6904, 1.25, -1.80756],
							"rotation": [0, -45, 0],
							"uv": {
								"north": {"uv": [23, 15], "uv_size": [1, 3]},
								"east": {"uv": [16, 23], "uv_size": [1, 3]},
								"south": {"uv": [17, 23], "uv_size": [1, 3]},
								"west": {"uv": [18, 23], "uv_size": [1, 3]},
								"up": {"uv": [8, 25], "uv_size": [1, 1]},
								"down": {"uv": [25, 9], "uv_size": [1, -1]}
							}
						}
					]
				},
				{
					"name": "body4",
					"pivot": [-4, 0, -5.3],
					"rotation": [0, -30, 0],
					"cubes": [
						{
							"origin": [-5.8, 0.14, -2],
							"size": [3.6, 2.36, 0.7],
							"uv": {
								"north": {"uv": [8, 9], "uv_size": [4, 3]},
								"east": {"uv": [20, 9], "uv_size": [1, 3]},
								"south": {"uv": [0, 11], "uv_size": [4, 3]},
								"west": {"uv": [12, 20], "uv_size": [1, 3]},
								"up": {"uv": [8, 17], "uv_size": [4, 1]},
								"down": {"uv": [12, 18], "uv_size": [4, -1]}
							}
						},
						{
							"origin": [-5.8, 0, -1.3],
							"size": [3.6, 2.35858, 0.24142],
							"uv": {
								"north": {"uv": [15, 4], "uv_size": [4, 2]},
								"east": {"uv": [24, 12], "uv_size": [1, 2]},
								"south": {"uv": [15, 6], "uv_size": [4, 2]},
								"west": {"uv": [24, 14], "uv_size": [1, 2]},
								"up": {"uv": [19, 6], "uv_size": [4, 1]},
								"down": {"uv": [19, 8], "uv_size": [4, -1]}
							}
						},
						{
							"origin": [-4.8, 0.14, -4.5],
							"size": [1.6, 2.36, 0.9],
							"uv": {
								"north": {"uv": [0, 17], "uv_size": [2, 3]},
								"east": {"uv": [14, 20], "uv_size": [1, 3]},
								"south": {"uv": [2, 17], "uv_size": [2, 3]},
								"west": {"uv": [15, 20], "uv_size": [1, 3]},
								"up": {"uv": [6, 24], "uv_size": [2, 1]},
								"down": {"uv": [24, 7], "uv_size": [2, -1]}
							}
						},
						{
							"origin": [-8.1, 0.14, -3.3],
							"size": [6.6, 2.36, 1],
							"pivot": [-2.5, 1.25, -3],
							"rotation": [0, -90, 0],
							"uv": {
								"north": {"uv": [0, 0], "uv_size": [7, 3]},
								"east": {"uv": [20, 12], "uv_size": [1, 3]},
								"south": {"uv": [0, 3], "uv_size": [7, 3]},
								"west": {"uv": [13, 20], "uv_size": [1, 3]},
								"up": {"uv": [15, 8], "uv_size": [7, 1]},
								"down": {"uv": [0, 17], "uv_size": [7, -1]}
							}
						},
						{
							"origin": [-6.32071, 0, -5.42071],
							"size": [8.48284, 2.35858, 0.24142],
							"pivot": [-2.07929, 1.17929, -5.3],
							"rotation": [0, -90, 0],
							"uv": {
								"north": {"uv": [7, 3], "uv_size": [8, 2]},
								"east": {"uv": [24, 8], "uv_size": [1, 2]},
								"south": {"uv": [7, 5], "uv_size": [8, 2]},
								"west": {"uv": [10, 24], "uv_size": [1, 2]},
								"up": {"uv": [12, 13], "uv_size": [8, 1]},
								"down": {"uv": [0, 15], "uv_size": [8, -1]}
							}
						},
						{
							"origin": [-6.34, 2.25858, -5.4],
							"size": [8.28, 0.2, 0.2],
							"pivot": [-2.2, 2.35858, -5.3],
							"rotation": [0, -90, -45],
							"uv": {
								"north": {"uv": [12, 9], "uv_size": [8, 1]},
								"east": {"uv": [25, 14], "uv_size": [1, 1]},
								"south": {"uv": [12, 10], "uv_size": [8, 1]},
								"west": {"uv": [25, 15], "uv_size": [1, 1]},
								"up": {"uv": [12, 11], "uv_size": [8, 1]},
								"down": {"uv": [12, 13], "uv_size": [8, -1]}
							}
						},
						{
							"origin": [-10.6, 2.25858, -1.4],
							"size": [3.6, 0.2, 0.2],
							"pivot": [-6.4, 2.35858, -1.3],
							"rotation": [135, 0, -180],
							"uv": {
								"north": {"uv": [12, 18], "uv_size": [4, 1]},
								"east": {"uv": [25, 18], "uv_size": [1, 1]},
								"south": {"uv": [16, 18], "uv_size": [4, 1]},
								"west": {"uv": [25, 19], "uv_size": [1, 1]},
								"up": {"uv": [19, 4], "uv_size": [4, 1]},
								"down": {"uv": [19, 6], "uv_size": [4, -1]}
							}
						},
						{
							"origin": [-5.8, 0, -9.42071],
							"size": [3.6, 2.35858, 0.24142],
							"pivot": [-4, 1.76894, -9.36036],
							"rotation": [-180, 0, 180],
							"uv": {
								"north": {"uv": [8, 15], "uv_size": [4, 2]},
								"east": {"uv": [24, 16], "uv_size": [1, 2]},
								"south": {"uv": [12, 15], "uv_size": [4, 2]},
								"west": {"uv": [24, 18], "uv_size": [1, 2]},
								"up": {"uv": [4, 20], "uv_size": [4, 1]},
								"down": {"uv": [8, 21], "uv_size": [4, -1]}
							}
						},
						{
							"origin": [-5.8, 2.12856, -9.83462],
							"size": [3.6, 0.2, 0.2],
							"pivot": [-4, 1.76894, -9.36036],
							"rotation": [-45, 0, 0],
							"uv": {
								"north": {"uv": [8, 19], "uv_size": [4, 1]},
								"east": {"uv": [25, 20], "uv_size": [1, 1]},
								"south": {"uv": [12, 19], "uv_size": [4, 1]},
								"west": {"uv": [25, 21], "uv_size": [1, 1]},
								"up": {"uv": [16, 19], "uv_size": [4, 1]},
								"down": {"uv": [0, 21], "uv_size": [4, -1]}
							}
						},
						{
							"origin": [-9.94, 2.25858, -5.4],
							"size": [8.28, 0.2, 0.2],
							"pivot": [-5.8, 2.35858, -5.3],
							"rotation": [0, -90, -45],
							"uv": {
								"north": {"uv": [14, 2], "uv_size": [8, 1]},
								"east": {"uv": [25, 16], "uv_size": [1, 1]},
								"south": {"uv": [12, 14], "uv_size": [8, 1]},
								"west": {"uv": [25, 17], "uv_size": [1, 1]},
								"up": {"uv": [0, 15], "uv_size": [8, 1]},
								"down": {"uv": [15, 4], "uv_size": [8, -1]}
							}
						},
						{
							"origin": [-10.16213, 0, -5.42071],
							"size": [8.48284, 2.35858, 0.24142],
							"pivot": [-5.92071, 1.17929, -5.3],
							"rotation": [0, -90, 0],
							"uv": {
								"north": {"uv": [7, 7], "uv_size": [8, 2]},
								"east": {"uv": [24, 10], "uv_size": [1, 2]},
								"south": {"uv": [0, 9], "uv_size": [8, 2]},
								"west": {"uv": [11, 24], "uv_size": [1, 2]},
								"up": {"uv": [14, 0], "uv_size": [8, 1]},
								"down": {"uv": [14, 2], "uv_size": [8, -1]}
							}
						},
						{
							"origin": [-11.1, 0.14, -3.7],
							"size": [6.6, 2.36, 1],
							"pivot": [-5.5, 1.25, -3],
							"rotation": [0, -90, 0],
							"uv": {
								"north": {"uv": [0, 6], "uv_size": [7, 3]},
								"east": {"uv": [16, 20], "uv_size": [1, 3]},
								"south": {"uv": [7, 0], "uv_size": [7, 3]},
								"west": {"uv": [17, 20], "uv_size": [1, 3]},
								"up": {"uv": [16, 15], "uv_size": [7, 1]},
								"down": {"uv": [16, 17], "uv_size": [7, -1]}
							}
						},
						{
							"origin": [-5.0454, 0.14, -3.69244],
							"size": [0.71, 2.36, 0.4],
							"pivot": [-4.6904, 1.25, -3.49244],
							"rotation": [0, -135, 0],
							"uv": {
								"north": {"uv": [20, 17], "uv_size": [1, 3]},
								"east": {"uv": [18, 20], "uv_size": [1, 3]},
								"south": {"uv": [19, 20], "uv_size": [1, 3]},
								"west": {"uv": [20, 20], "uv_size": [1, 3]},
								"up": {"uv": [7, 16], "uv_size": [1, 1]},
								"down": {"uv": [22, 15], "uv_size": [1, -1]}
							}
						},
						{
							"origin": [-5.0454, 0.14, -2.30756],
							"size": [0.71, 2.36, 0.4],
							"pivot": [-4.6904, 1.25, -2.10756],
							"rotation": [0, -45, 0],
							"uv": {
								"north": {"uv": [0, 21], "uv_size": [1, 3]},
								"east": {"uv": [1, 21], "uv_size": [1, 3]},
								"south": {"uv": [2, 21], "uv_size": [1, 3]},
								"west": {"uv": [3, 21], "uv_size": [1, 3]},
								"up": {"uv": [24, 20], "uv_size": [1, 1]},
								"down": {"uv": [24, 22], "uv_size": [1, -1]}
							}
						},
						{
							"origin": [-4.15424, 0.14, -2.51037],
							"size": [0.71, 2.36, 0.4],
							"pivot": [-3.3096, 1.25, -2.8],
							"rotation": [0, 45, 0],
							"uv": {
								"north": {"uv": [8, 21], "uv_size": [1, 3]},
								"east": {"uv": [9, 21], "uv_size": [1, 3]},
								"south": {"uv": [21, 9], "uv_size": [1, 3]},
								"west": {"uv": [10, 21], "uv_size": [1, 3]},
								"up": {"uv": [24, 23], "uv_size": [1, 1]},
								"down": {"uv": [24, 25], "uv_size": [1, -1]}
							}
						},
						{
							"origin": [-3.17497, 0.14, -2.51037],
							"size": [0.71, 2.36, 0.4],
							"pivot": [-3.3096, 1.25, -2.8],
							"rotation": [-180, 45, 180],
							"uv": {
								"north": {"uv": [4, 21], "uv_size": [1, 3]},
								"east": {"uv": [5, 21], "uv_size": [1, 3]},
								"south": {"uv": [6, 21], "uv_size": [1, 3]},
								"west": {"uv": [7, 21], "uv_size": [1, 3]},
								"up": {"uv": [24, 22], "uv_size": [1, 1]},
								"down": {"uv": [23, 25], "uv_size": [1, -1]}
							}
						},
						{
							"origin": [-4.8, 0.14, -7],
							"size": [1.6, 2.36, 0.9],
							"uv": {
								"north": {"uv": [4, 17], "uv_size": [2, 3]},
								"east": {"uv": [14, 23], "uv_size": [1, 3]},
								"south": {"uv": [6, 17], "uv_size": [2, 3]},
								"west": {"uv": [15, 23], "uv_size": [1, 3]},
								"up": {"uv": [24, 7], "uv_size": [2, 1]},
								"down": {"uv": [8, 25], "uv_size": [2, -1]}
							}
						},
						{
							"origin": [-5.0454, 0.14, -6.19244],
							"size": [0.71, 2.36, 0.4],
							"pivot": [-4.6904, 1.25, -5.99244],
							"rotation": [0, -135, 0],
							"uv": {
								"north": {"uv": [23, 9], "uv_size": [1, 3]},
								"east": {"uv": [12, 23], "uv_size": [1, 3]},
								"south": {"uv": [23, 12], "uv_size": [1, 3]},
								"west": {"uv": [13, 23], "uv_size": [1, 3]},
								"up": {"uv": [6, 25], "uv_size": [1, 1]},
								"down": {"uv": [7, 26], "uv_size": [1, -1]}
							}
						},
						{
							"origin": [-3.17497, 0.14, -5.01037],
							"size": [0.71, 2.36, 0.4],
							"pivot": [-3.3096, 1.25, -5.3],
							"rotation": [-180, 45, 180],
							"uv": {
								"north": {"uv": [22, 20], "uv_size": [1, 3]},
								"east": {"uv": [23, 0], "uv_size": [1, 3]},
								"south": {"uv": [23, 3], "uv_size": [1, 3]},
								"west": {"uv": [23, 6], "uv_size": [1, 3]},
								"up": {"uv": [25, 4], "uv_size": [1, 1]},
								"down": {"uv": [25, 6], "uv_size": [1, -1]}
							}
						},
						{
							"origin": [-4.15424, 0.14, -5.01037],
							"size": [0.71, 2.36, 0.4],
							"pivot": [-3.3096, 1.25, -5.3],
							"rotation": [0, 45, 0],
							"uv": {
								"north": {"uv": [22, 0], "uv_size": [1, 3]},
								"east": {"uv": [22, 8], "uv_size": [1, 3]},
								"south": {"uv": [22, 11], "uv_size": [1, 3]},
								"west": {"uv": [22, 17], "uv_size": [1, 3]},
								"up": {"uv": [25, 2], "uv_size": [1, 1]},
								"down": {"uv": [25, 4], "uv_size": [1, -1]}
							}
						},
						{
							"origin": [-5.0454, 0.14, -4.80756],
							"size": [0.71, 2.36, 0.4],
							"pivot": [-4.6904, 1.25, -4.60756],
							"rotation": [0, -45, 0],
							"uv": {
								"north": {"uv": [11, 21], "uv_size": [1, 3]},
								"east": {"uv": [21, 12], "uv_size": [1, 3]},
								"south": {"uv": [21, 17], "uv_size": [1, 3]},
								"west": {"uv": [21, 20], "uv_size": [1, 3]},
								"up": {"uv": [25, 0], "uv_size": [1, 1]},
								"down": {"uv": [25, 2], "uv_size": [1, -1]}
							}
						},
						{
							"origin": [-5.8, 0.14, -9.3],
							"size": [3.6, 2.36, 0.7],
							"uv": {
								"north": {"uv": [4, 11], "uv_size": [4, 3]},
								"east": {"uv": [4, 24], "uv_size": [1, 3]},
								"south": {"uv": [8, 12], "uv_size": [4, 3]},
								"west": {"uv": [5, 24], "uv_size": [1, 3]},
								"up": {"uv": [16, 17], "uv_size": [4, 1]},
								"down": {"uv": [8, 19], "uv_size": [4, -1]}
							}
						},
						{
							"origin": [-5.0454, 0.14, -8.69244],
							"size": [0.71, 2.36, 0.4],
							"pivot": [-4.6904, 1.25, -8.49244],
							"rotation": [0, -135, 0],
							"uv": {
								"north": {"uv": [1, 24], "uv_size": [1, 3]},
								"east": {"uv": [2, 24], "uv_size": [1, 3]},
								"south": {"uv": [3, 24], "uv_size": [1, 3]},
								"west": {"uv": [24, 3], "uv_size": [1, 3]},
								"up": {"uv": [25, 12], "uv_size": [1, 1]},
								"down": {"uv": [25, 14], "uv_size": [1, -1]}
							}
						},
						{
							"origin": [-3.17497, 0.14, -7.51037],
							"size": [0.71, 2.36, 0.4],
							"pivot": [-3.3096, 1.25, -7.8],
							"rotation": [-180, 45, 180],
							"uv": {
								"north": {"uv": [23, 21], "uv_size": [1, 3]},
								"east": {"uv": [22, 23], "uv_size": [1, 3]},
								"south": {"uv": [0, 24], "uv_size": [1, 3]},
								"west": {"uv": [24, 0], "uv_size": [1, 3]},
								"up": {"uv": [25, 10], "uv_size": [1, 1]},
								"down": {"uv": [25, 12], "uv_size": [1, -1]}
							}
						},
						{
							"origin": [-4.15424, 0.14, -7.51037],
							"size": [0.71, 2.3599, 0.4],
							"pivot": [-3.3096, 1.25, -7.8],
							"rotation": [0, 45, 0],
							"uv": {
								"north": {"uv": [23, 18], "uv_size": [1, 3]},
								"east": {"uv": [19, 23], "uv_size": [1, 3]},
								"south": {"uv": [20, 23], "uv_size": [1, 3]},
								"west": {"uv": [21, 23], "uv_size": [1, 3]},
								"up": {"uv": [9, 25], "uv_size": [1, 1]},
								"down": {"uv": [25, 10], "uv_size": [1, -1]}
							}
						},
						{
							"origin": [-5.0454, 0.14, -7.30756],
							"size": [0.71, 2.36, 0.4],
							"pivot": [-4.6904, 1.25, -7.10756],
							"rotation": [0, -45, 0],
							"uv": {
								"north": {"uv": [23, 15], "uv_size": [1, 3]},
								"east": {"uv": [16, 23], "uv_size": [1, 3]},
								"south": {"uv": [17, 23], "uv_size": [1, 3]},
								"west": {"uv": [18, 23], "uv_size": [1, 3]},
								"up": {"uv": [8, 25], "uv_size": [1, 1]},
								"down": {"uv": [25, 9], "uv_size": [1, -1]}
							}
						}
					]
				},
				{
					"name": "body5",
					"pivot": [2.5, 2, 3.7],
					"rotation": [-22.5, 0, 90],
					"cubes": [
						{
							"origin": [0.7, 2.14, 7],
							"size": [3.6, 2.36, 0.7],
							"uv": {
								"north": {"uv": [8, 9], "uv_size": [4, 3]},
								"east": {"uv": [20, 9], "uv_size": [1, 3]},
								"south": {"uv": [0, 11], "uv_size": [4, 3]},
								"west": {"uv": [12, 20], "uv_size": [1, 3]},
								"up": {"uv": [8, 17], "uv_size": [4, 1]},
								"down": {"uv": [12, 18], "uv_size": [4, -1]}
							}
						},
						{
							"origin": [0.7, 2, 7.7],
							"size": [3.6, 2.35858, 0.24142],
							"uv": {
								"north": {"uv": [15, 4], "uv_size": [4, 2]},
								"east": {"uv": [24, 12], "uv_size": [1, 2]},
								"south": {"uv": [15, 6], "uv_size": [4, 2]},
								"west": {"uv": [24, 14], "uv_size": [1, 2]},
								"up": {"uv": [19, 6], "uv_size": [4, 1]},
								"down": {"uv": [19, 8], "uv_size": [4, -1]}
							}
						},
						{
							"origin": [1.7, 2.14, 4.5],
							"size": [1.6, 2.36, 0.9],
							"uv": {
								"north": {"uv": [0, 17], "uv_size": [2, 3]},
								"east": {"uv": [14, 20], "uv_size": [1, 3]},
								"south": {"uv": [2, 17], "uv_size": [2, 3]},
								"west": {"uv": [15, 20], "uv_size": [1, 3]},
								"up": {"uv": [6, 24], "uv_size": [2, 1]},
								"down": {"uv": [24, 7], "uv_size": [2, -1]}
							}
						},
						{
							"origin": [-1.6, 2.14, 5.7],
							"size": [6.6, 2.36, 1],
							"pivot": [4, 3.25, 6],
							"rotation": [0, -90, 0],
							"uv": {
								"north": {"uv": [0, 0], "uv_size": [7, 3]},
								"east": {"uv": [20, 12], "uv_size": [1, 3]},
								"south": {"uv": [0, 3], "uv_size": [7, 3]},
								"west": {"uv": [13, 20], "uv_size": [1, 3]},
								"up": {"uv": [15, 8], "uv_size": [7, 1]},
								"down": {"uv": [0, 17], "uv_size": [7, -1]}
							}
						},
						{
							"origin": [0.17929, 2, 3.57929],
							"size": [8.48284, 2.35858, 0.24142],
							"pivot": [4.42071, 3.17929, 3.7],
							"rotation": [0, -90, 0],
							"uv": {
								"north": {"uv": [7, 3], "uv_size": [8, 2]},
								"east": {"uv": [24, 8], "uv_size": [1, 2]},
								"south": {"uv": [7, 5], "uv_size": [8, 2]},
								"west": {"uv": [10, 24], "uv_size": [1, 2]},
								"up": {"uv": [12, 13], "uv_size": [8, 1]},
								"down": {"uv": [0, 15], "uv_size": [8, -1]}
							}
						},
						{
							"origin": [0.16, 4.25858, 3.6],
							"size": [8.28, 0.2, 0.2],
							"pivot": [4.3, 4.35858, 3.7],
							"rotation": [0, -90, -45],
							"uv": {
								"north": {"uv": [12, 9], "uv_size": [8, 1]},
								"east": {"uv": [25, 14], "uv_size": [1, 1]},
								"south": {"uv": [12, 10], "uv_size": [8, 1]},
								"west": {"uv": [25, 15], "uv_size": [1, 1]},
								"up": {"uv": [12, 11], "uv_size": [8, 1]},
								"down": {"uv": [12, 13], "uv_size": [8, -1]}
							}
						},
						{
							"origin": [-4.1, 4.25858, 7.6],
							"size": [3.6, 0.2, 0.2],
							"pivot": [0.1, 4.35858, 7.7],
							"rotation": [135, 0, -180],
							"uv": {
								"north": {"uv": [12, 18], "uv_size": [4, 1]},
								"east": {"uv": [25, 18], "uv_size": [1, 1]},
								"south": {"uv": [16, 18], "uv_size": [4, 1]},
								"west": {"uv": [25, 19], "uv_size": [1, 1]},
								"up": {"uv": [19, 4], "uv_size": [4, 1]},
								"down": {"uv": [19, 6], "uv_size": [4, -1]}
							}
						},
						{
							"origin": [0.7, 2, -0.42071],
							"size": [3.6, 2.35858, 0.24142],
							"pivot": [2.5, 3.76894, -0.36036],
							"rotation": [-180, 0, 180],
							"uv": {
								"north": {"uv": [8, 15], "uv_size": [4, 2]},
								"east": {"uv": [24, 16], "uv_size": [1, 2]},
								"south": {"uv": [12, 15], "uv_size": [4, 2]},
								"west": {"uv": [24, 18], "uv_size": [1, 2]},
								"up": {"uv": [4, 20], "uv_size": [4, 1]},
								"down": {"uv": [8, 21], "uv_size": [4, -1]}
							}
						},
						{
							"origin": [0.7, 4.12856, -0.83462],
							"size": [3.6, 0.2, 0.2],
							"pivot": [2.5, 3.76894, -0.36036],
							"rotation": [-45, 0, 0],
							"uv": {
								"north": {"uv": [8, 19], "uv_size": [4, 1]},
								"east": {"uv": [25, 20], "uv_size": [1, 1]},
								"south": {"uv": [12, 19], "uv_size": [4, 1]},
								"west": {"uv": [25, 21], "uv_size": [1, 1]},
								"up": {"uv": [16, 19], "uv_size": [4, 1]},
								"down": {"uv": [0, 21], "uv_size": [4, -1]}
							}
						},
						{
							"origin": [-3.44, 4.25858, 3.6],
							"size": [8.28, 0.2, 0.2],
							"pivot": [0.7, 4.35858, 3.7],
							"rotation": [0, -90, -45],
							"uv": {
								"north": {"uv": [14, 2], "uv_size": [8, 1]},
								"east": {"uv": [25, 16], "uv_size": [1, 1]},
								"south": {"uv": [12, 14], "uv_size": [8, 1]},
								"west": {"uv": [25, 17], "uv_size": [1, 1]},
								"up": {"uv": [0, 15], "uv_size": [8, 1]},
								"down": {"uv": [15, 4], "uv_size": [8, -1]}
							}
						},
						{
							"origin": [-3.66213, 2, 3.57929],
							"size": [8.48284, 2.35858, 0.24142],
							"pivot": [0.57929, 3.17929, 3.7],
							"rotation": [0, -90, 0],
							"uv": {
								"north": {"uv": [7, 7], "uv_size": [8, 2]},
								"east": {"uv": [24, 10], "uv_size": [1, 2]},
								"south": {"uv": [0, 9], "uv_size": [8, 2]},
								"west": {"uv": [11, 24], "uv_size": [1, 2]},
								"up": {"uv": [14, 0], "uv_size": [8, 1]},
								"down": {"uv": [14, 2], "uv_size": [8, -1]}
							}
						},
						{
							"origin": [-4.6, 2.14, 5.3],
							"size": [6.6, 2.36, 1],
							"pivot": [1, 3.25, 6],
							"rotation": [0, -90, 0],
							"uv": {
								"north": {"uv": [0, 6], "uv_size": [7, 3]},
								"east": {"uv": [16, 20], "uv_size": [1, 3]},
								"south": {"uv": [7, 0], "uv_size": [7, 3]},
								"west": {"uv": [17, 20], "uv_size": [1, 3]},
								"up": {"uv": [16, 15], "uv_size": [7, 1]},
								"down": {"uv": [16, 17], "uv_size": [7, -1]}
							}
						},
						{
							"origin": [1.4546, 2.14, 5.30756],
							"size": [0.71, 2.36, 0.4],
							"pivot": [1.8096, 3.25, 5.50756],
							"rotation": [0, -135, 0],
							"uv": {
								"north": {"uv": [20, 17], "uv_size": [1, 3]},
								"east": {"uv": [18, 20], "uv_size": [1, 3]},
								"south": {"uv": [19, 20], "uv_size": [1, 3]},
								"west": {"uv": [20, 20], "uv_size": [1, 3]},
								"up": {"uv": [7, 16], "uv_size": [1, 1]},
								"down": {"uv": [22, 15], "uv_size": [1, -1]}
							}
						},
						{
							"origin": [1.4546, 2.14, 6.69244],
							"size": [0.71, 2.36, 0.4],
							"pivot": [1.8096, 3.25, 6.89244],
							"rotation": [0, -45, 0],
							"uv": {
								"north": {"uv": [0, 21], "uv_size": [1, 3]},
								"east": {"uv": [1, 21], "uv_size": [1, 3]},
								"south": {"uv": [2, 21], "uv_size": [1, 3]},
								"west": {"uv": [3, 21], "uv_size": [1, 3]},
								"up": {"uv": [24, 20], "uv_size": [1, 1]},
								"down": {"uv": [24, 22], "uv_size": [1, -1]}
							}
						},
						{
							"origin": [2.34576, 2.14, 6.48963],
							"size": [0.71, 2.36, 0.4],
							"pivot": [3.1904, 3.25, 6.2],
							"rotation": [0, 45, 0],
							"uv": {
								"north": {"uv": [8, 21], "uv_size": [1, 3]},
								"east": {"uv": [9, 21], "uv_size": [1, 3]},
								"south": {"uv": [21, 9], "uv_size": [1, 3]},
								"west": {"uv": [10, 21], "uv_size": [1, 3]},
								"up": {"uv": [24, 23], "uv_size": [1, 1]},
								"down": {"uv": [24, 25], "uv_size": [1, -1]}
							}
						},
						{
							"origin": [3.32503, 2.14, 6.48963],
							"size": [0.71, 2.36, 0.4],
							"pivot": [3.1904, 3.25, 6.2],
							"rotation": [-180, 45, 180],
							"uv": {
								"north": {"uv": [4, 21], "uv_size": [1, 3]},
								"east": {"uv": [5, 21], "uv_size": [1, 3]},
								"south": {"uv": [6, 21], "uv_size": [1, 3]},
								"west": {"uv": [7, 21], "uv_size": [1, 3]},
								"up": {"uv": [24, 22], "uv_size": [1, 1]},
								"down": {"uv": [23, 25], "uv_size": [1, -1]}
							}
						},
						{
							"origin": [1.7, 2.14, 2],
							"size": [1.6, 2.36, 0.9],
							"uv": {
								"north": {"uv": [4, 17], "uv_size": [2, 3]},
								"east": {"uv": [14, 23], "uv_size": [1, 3]},
								"south": {"uv": [6, 17], "uv_size": [2, 3]},
								"west": {"uv": [15, 23], "uv_size": [1, 3]},
								"up": {"uv": [24, 7], "uv_size": [2, 1]},
								"down": {"uv": [8, 25], "uv_size": [2, -1]}
							}
						},
						{
							"origin": [1.4546, 2.14, 2.80756],
							"size": [0.71, 2.36, 0.4],
							"pivot": [1.8096, 3.25, 3.00756],
							"rotation": [0, -135, 0],
							"uv": {
								"north": {"uv": [23, 9], "uv_size": [1, 3]},
								"east": {"uv": [12, 23], "uv_size": [1, 3]},
								"south": {"uv": [23, 12], "uv_size": [1, 3]},
								"west": {"uv": [13, 23], "uv_size": [1, 3]},
								"up": {"uv": [6, 25], "uv_size": [1, 1]},
								"down": {"uv": [7, 26], "uv_size": [1, -1]}
							}
						},
						{
							"origin": [3.32503, 2.14, 3.98963],
							"size": [0.71, 2.36, 0.4],
							"pivot": [3.1904, 3.25, 3.7],
							"rotation": [-180, 45, 180],
							"uv": {
								"north": {"uv": [22, 20], "uv_size": [1, 3]},
								"east": {"uv": [23, 0], "uv_size": [1, 3]},
								"south": {"uv": [23, 3], "uv_size": [1, 3]},
								"west": {"uv": [23, 6], "uv_size": [1, 3]},
								"up": {"uv": [25, 4], "uv_size": [1, 1]},
								"down": {"uv": [25, 6], "uv_size": [1, -1]}
							}
						},
						{
							"origin": [2.34576, 2.14, 3.98963],
							"size": [0.71, 2.36, 0.4],
							"pivot": [3.1904, 3.25, 3.7],
							"rotation": [0, 45, 0],
							"uv": {
								"north": {"uv": [22, 0], "uv_size": [1, 3]},
								"east": {"uv": [22, 8], "uv_size": [1, 3]},
								"south": {"uv": [22, 11], "uv_size": [1, 3]},
								"west": {"uv": [22, 17], "uv_size": [1, 3]},
								"up": {"uv": [25, 2], "uv_size": [1, 1]},
								"down": {"uv": [25, 4], "uv_size": [1, -1]}
							}
						},
						{
							"origin": [1.4546, 2.14, 4.19244],
							"size": [0.71, 2.36, 0.4],
							"pivot": [1.8096, 3.25, 4.39244],
							"rotation": [0, -45, 0],
							"uv": {
								"north": {"uv": [11, 21], "uv_size": [1, 3]},
								"east": {"uv": [21, 12], "uv_size": [1, 3]},
								"south": {"uv": [21, 17], "uv_size": [1, 3]},
								"west": {"uv": [21, 20], "uv_size": [1, 3]},
								"up": {"uv": [25, 0], "uv_size": [1, 1]},
								"down": {"uv": [25, 2], "uv_size": [1, -1]}
							}
						},
						{
							"origin": [0.7, 2.14, -0.3],
							"size": [3.6, 2.36, 0.7],
							"uv": {
								"north": {"uv": [4, 11], "uv_size": [4, 3]},
								"east": {"uv": [4, 24], "uv_size": [1, 3]},
								"south": {"uv": [8, 12], "uv_size": [4, 3]},
								"west": {"uv": [5, 24], "uv_size": [1, 3]},
								"up": {"uv": [16, 17], "uv_size": [4, 1]},
								"down": {"uv": [8, 19], "uv_size": [4, -1]}
							}
						},
						{
							"origin": [1.4546, 2.14, 0.30756],
							"size": [0.71, 2.36, 0.4],
							"pivot": [1.8096, 3.25, 0.50756],
							"rotation": [0, -135, 0],
							"uv": {
								"north": {"uv": [1, 24], "uv_size": [1, 3]},
								"east": {"uv": [2, 24], "uv_size": [1, 3]},
								"south": {"uv": [3, 24], "uv_size": [1, 3]},
								"west": {"uv": [24, 3], "uv_size": [1, 3]},
								"up": {"uv": [25, 12], "uv_size": [1, 1]},
								"down": {"uv": [25, 14], "uv_size": [1, -1]}
							}
						},
						{
							"origin": [3.32503, 2.14, 1.48963],
							"size": [0.71, 2.36, 0.4],
							"pivot": [3.1904, 3.25, 1.2],
							"rotation": [-180, 45, 180],
							"uv": {
								"north": {"uv": [23, 21], "uv_size": [1, 3]},
								"east": {"uv": [22, 23], "uv_size": [1, 3]},
								"south": {"uv": [0, 24], "uv_size": [1, 3]},
								"west": {"uv": [24, 0], "uv_size": [1, 3]},
								"up": {"uv": [25, 10], "uv_size": [1, 1]},
								"down": {"uv": [25, 12], "uv_size": [1, -1]}
							}
						},
						{
							"origin": [2.34576, 2.14, 1.48963],
							"size": [0.71, 2.3599, 0.4],
							"pivot": [3.1904, 3.25, 1.2],
							"rotation": [0, 45, 0],
							"uv": {
								"north": {"uv": [23, 18], "uv_size": [1, 3]},
								"east": {"uv": [19, 23], "uv_size": [1, 3]},
								"south": {"uv": [20, 23], "uv_size": [1, 3]},
								"west": {"uv": [21, 23], "uv_size": [1, 3]},
								"up": {"uv": [9, 25], "uv_size": [1, 1]},
								"down": {"uv": [25, 10], "uv_size": [1, -1]}
							}
						},
						{
							"origin": [1.4546, 2.14, 1.69244],
							"size": [0.71, 2.36, 0.4],
							"pivot": [1.8096, 3.25, 1.89244],
							"rotation": [0, -45, 0],
							"uv": {
								"north": {"uv": [23, 15], "uv_size": [1, 3]},
								"east": {"uv": [16, 23], "uv_size": [1, 3]},
								"south": {"uv": [17, 23], "uv_size": [1, 3]},
								"west": {"uv": [18, 23], "uv_size": [1, 3]},
								"up": {"uv": [8, 25], "uv_size": [1, 1]},
								"down": {"uv": [25, 9], "uv_size": [1, -1]}
							}
						}
					]
				},
				{
					"name": "body6",
					"pivot": [3, 1.5, -5.2],
					"rotation": [23.05787, 19.7426, 51.56568],
					"cubes": [
						{
							"origin": [1.2, 1.64, -1.9],
							"size": [3.6, 2.36, 0.7],
							"uv": {
								"north": {"uv": [8, 9], "uv_size": [4, 3]},
								"east": {"uv": [20, 9], "uv_size": [1, 3]},
								"south": {"uv": [0, 11], "uv_size": [4, 3]},
								"west": {"uv": [12, 20], "uv_size": [1, 3]},
								"up": {"uv": [8, 17], "uv_size": [4, 1]},
								"down": {"uv": [12, 18], "uv_size": [4, -1]}
							}
						},
						{
							"origin": [1.2, 1.5, -1.2],
							"size": [3.6, 2.35858, 0.24142],
							"uv": {
								"north": {"uv": [15, 4], "uv_size": [4, 2]},
								"east": {"uv": [24, 12], "uv_size": [1, 2]},
								"south": {"uv": [15, 6], "uv_size": [4, 2]},
								"west": {"uv": [24, 14], "uv_size": [1, 2]},
								"up": {"uv": [19, 6], "uv_size": [4, 1]},
								"down": {"uv": [19, 8], "uv_size": [4, -1]}
							}
						},
						{
							"origin": [2.2, 1.64, -4.4],
							"size": [1.6, 2.36, 0.9],
							"uv": {
								"north": {"uv": [0, 17], "uv_size": [2, 3]},
								"east": {"uv": [14, 20], "uv_size": [1, 3]},
								"south": {"uv": [2, 17], "uv_size": [2, 3]},
								"west": {"uv": [15, 20], "uv_size": [1, 3]},
								"up": {"uv": [6, 24], "uv_size": [2, 1]},
								"down": {"uv": [24, 7], "uv_size": [2, -1]}
							}
						},
						{
							"origin": [-1.1, 1.64, -3.2],
							"size": [6.6, 2.36, 1],
							"pivot": [4.5, 2.75, -2.9],
							"rotation": [0, -90, 0],
							"uv": {
								"north": {"uv": [0, 0], "uv_size": [7, 3]},
								"east": {"uv": [20, 12], "uv_size": [1, 3]},
								"south": {"uv": [0, 3], "uv_size": [7, 3]},
								"west": {"uv": [13, 20], "uv_size": [1, 3]},
								"up": {"uv": [15, 8], "uv_size": [7, 1]},
								"down": {"uv": [0, 17], "uv_size": [7, -1]}
							}
						},
						{
							"origin": [0.67929, 1.5, -5.32071],
							"size": [8.48284, 2.35858, 0.24142],
							"pivot": [4.92071, 2.67929, -5.2],
							"rotation": [0, -90, 0],
							"uv": {
								"north": {"uv": [7, 3], "uv_size": [8, 2]},
								"east": {"uv": [24, 8], "uv_size": [1, 2]},
								"south": {"uv": [7, 5], "uv_size": [8, 2]},
								"west": {"uv": [10, 24], "uv_size": [1, 2]},
								"up": {"uv": [12, 13], "uv_size": [8, 1]},
								"down": {"uv": [0, 15], "uv_size": [8, -1]}
							}
						},
						{
							"origin": [0.66, 3.75858, -5.3],
							"size": [8.28, 0.2, 0.2],
							"pivot": [4.8, 3.85858, -5.2],
							"rotation": [0, -90, -45],
							"uv": {
								"north": {"uv": [12, 9], "uv_size": [8, 1]},
								"east": {"uv": [25, 14], "uv_size": [1, 1]},
								"south": {"uv": [12, 10], "uv_size": [8, 1]},
								"west": {"uv": [25, 15], "uv_size": [1, 1]},
								"up": {"uv": [12, 11], "uv_size": [8, 1]},
								"down": {"uv": [12, 13], "uv_size": [8, -1]}
							}
						},
						{
							"origin": [-3.6, 3.75858, -1.3],
							"size": [3.6, 0.2, 0.2],
							"pivot": [0.6, 3.85858, -1.2],
							"rotation": [135, 0, -180],
							"uv": {
								"north": {"uv": [12, 18], "uv_size": [4, 1]},
								"east": {"uv": [25, 18], "uv_size": [1, 1]},
								"south": {"uv": [16, 18], "uv_size": [4, 1]},
								"west": {"uv": [25, 19], "uv_size": [1, 1]},
								"up": {"uv": [19, 4], "uv_size": [4, 1]},
								"down": {"uv": [19, 6], "uv_size": [4, -1]}
							}
						},
						{
							"origin": [1.2, 1.5, -9.32071],
							"size": [3.6, 2.35858, 0.24142],
							"pivot": [3, 3.26894, -9.26036],
							"rotation": [-180, 0, 180],
							"uv": {
								"north": {"uv": [8, 15], "uv_size": [4, 2]},
								"east": {"uv": [24, 16], "uv_size": [1, 2]},
								"south": {"uv": [12, 15], "uv_size": [4, 2]},
								"west": {"uv": [24, 18], "uv_size": [1, 2]},
								"up": {"uv": [4, 20], "uv_size": [4, 1]},
								"down": {"uv": [8, 21], "uv_size": [4, -1]}
							}
						},
						{
							"origin": [1.2, 3.62856, -9.73462],
							"size": [3.6, 0.2, 0.2],
							"pivot": [3, 3.26894, -9.26036],
							"rotation": [-45, 0, 0],
							"uv": {
								"north": {"uv": [8, 19], "uv_size": [4, 1]},
								"east": {"uv": [25, 20], "uv_size": [1, 1]},
								"south": {"uv": [12, 19], "uv_size": [4, 1]},
								"west": {"uv": [25, 21], "uv_size": [1, 1]},
								"up": {"uv": [16, 19], "uv_size": [4, 1]},
								"down": {"uv": [0, 21], "uv_size": [4, -1]}
							}
						},
						{
							"origin": [-2.94, 3.75858, -5.3],
							"size": [8.28, 0.2, 0.2],
							"pivot": [1.2, 3.85858, -5.2],
							"rotation": [0, -90, -45],
							"uv": {
								"north": {"uv": [14, 2], "uv_size": [8, 1]},
								"east": {"uv": [25, 16], "uv_size": [1, 1]},
								"south": {"uv": [12, 14], "uv_size": [8, 1]},
								"west": {"uv": [25, 17], "uv_size": [1, 1]},
								"up": {"uv": [0, 15], "uv_size": [8, 1]},
								"down": {"uv": [15, 4], "uv_size": [8, -1]}
							}
						},
						{
							"origin": [-3.16213, 1.5, -5.32071],
							"size": [8.48284, 2.35858, 0.24142],
							"pivot": [1.07929, 2.67929, -5.2],
							"rotation": [0, -90, 0],
							"uv": {
								"north": {"uv": [7, 7], "uv_size": [8, 2]},
								"east": {"uv": [24, 10], "uv_size": [1, 2]},
								"south": {"uv": [0, 9], "uv_size": [8, 2]},
								"west": {"uv": [11, 24], "uv_size": [1, 2]},
								"up": {"uv": [14, 0], "uv_size": [8, 1]},
								"down": {"uv": [14, 2], "uv_size": [8, -1]}
							}
						},
						{
							"origin": [-4.1, 1.64, -3.6],
							"size": [6.6, 2.36, 1],
							"pivot": [1.5, 2.75, -2.9],
							"rotation": [0, -90, 0],
							"uv": {
								"north": {"uv": [0, 6], "uv_size": [7, 3]},
								"east": {"uv": [16, 20], "uv_size": [1, 3]},
								"south": {"uv": [7, 0], "uv_size": [7, 3]},
								"west": {"uv": [17, 20], "uv_size": [1, 3]},
								"up": {"uv": [16, 15], "uv_size": [7, 1]},
								"down": {"uv": [16, 17], "uv_size": [7, -1]}
							}
						},
						{
							"origin": [1.9546, 1.64, -3.59244],
							"size": [0.71, 2.36, 0.4],
							"pivot": [2.3096, 2.75, -3.39244],
							"rotation": [0, -135, 0],
							"uv": {
								"north": {"uv": [20, 17], "uv_size": [1, 3]},
								"east": {"uv": [18, 20], "uv_size": [1, 3]},
								"south": {"uv": [19, 20], "uv_size": [1, 3]},
								"west": {"uv": [20, 20], "uv_size": [1, 3]},
								"up": {"uv": [7, 16], "uv_size": [1, 1]},
								"down": {"uv": [22, 15], "uv_size": [1, -1]}
							}
						},
						{
							"origin": [1.9546, 1.64, -2.20756],
							"size": [0.71, 2.36, 0.4],
							"pivot": [2.3096, 2.75, -2.00756],
							"rotation": [0, -45, 0],
							"uv": {
								"north": {"uv": [0, 21], "uv_size": [1, 3]},
								"east": {"uv": [1, 21], "uv_size": [1, 3]},
								"south": {"uv": [2, 21], "uv_size": [1, 3]},
								"west": {"uv": [3, 21], "uv_size": [1, 3]},
								"up": {"uv": [24, 20], "uv_size": [1, 1]},
								"down": {"uv": [24, 22], "uv_size": [1, -1]}
							}
						},
						{
							"origin": [2.84576, 1.64, -2.41037],
							"size": [0.71, 2.36, 0.4],
							"pivot": [3.6904, 2.75, -2.7],
							"rotation": [0, 45, 0],
							"uv": {
								"north": {"uv": [8, 21], "uv_size": [1, 3]},
								"east": {"uv": [9, 21], "uv_size": [1, 3]},
								"south": {"uv": [21, 9], "uv_size": [1, 3]},
								"west": {"uv": [10, 21], "uv_size": [1, 3]},
								"up": {"uv": [24, 23], "uv_size": [1, 1]},
								"down": {"uv": [24, 25], "uv_size": [1, -1]}
							}
						},
						{
							"origin": [3.82503, 1.64, -2.41037],
							"size": [0.71, 2.36, 0.4],
							"pivot": [3.6904, 2.75, -2.7],
							"rotation": [-180, 45, 180],
							"uv": {
								"north": {"uv": [4, 21], "uv_size": [1, 3]},
								"east": {"uv": [5, 21], "uv_size": [1, 3]},
								"south": {"uv": [6, 21], "uv_size": [1, 3]},
								"west": {"uv": [7, 21], "uv_size": [1, 3]},
								"up": {"uv": [24, 22], "uv_size": [1, 1]},
								"down": {"uv": [23, 25], "uv_size": [1, -1]}
							}
						},
						{
							"origin": [2.2, 1.64, -6.9],
							"size": [1.6, 2.36, 0.9],
							"uv": {
								"north": {"uv": [4, 17], "uv_size": [2, 3]},
								"east": {"uv": [14, 23], "uv_size": [1, 3]},
								"south": {"uv": [6, 17], "uv_size": [2, 3]},
								"west": {"uv": [15, 23], "uv_size": [1, 3]},
								"up": {"uv": [24, 7], "uv_size": [2, 1]},
								"down": {"uv": [8, 25], "uv_size": [2, -1]}
							}
						},
						{
							"origin": [1.9546, 1.64, -6.09244],
							"size": [0.71, 2.36, 0.4],
							"pivot": [2.3096, 2.75, -5.89244],
							"rotation": [0, -135, 0],
							"uv": {
								"north": {"uv": [23, 9], "uv_size": [1, 3]},
								"east": {"uv": [12, 23], "uv_size": [1, 3]},
								"south": {"uv": [23, 12], "uv_size": [1, 3]},
								"west": {"uv": [13, 23], "uv_size": [1, 3]},
								"up": {"uv": [6, 25], "uv_size": [1, 1]},
								"down": {"uv": [7, 26], "uv_size": [1, -1]}
							}
						},
						{
							"origin": [3.82503, 1.64, -4.91037],
							"size": [0.71, 2.36, 0.4],
							"pivot": [3.6904, 2.75, -5.2],
							"rotation": [-180, 45, 180],
							"uv": {
								"north": {"uv": [22, 20], "uv_size": [1, 3]},
								"east": {"uv": [23, 0], "uv_size": [1, 3]},
								"south": {"uv": [23, 3], "uv_size": [1, 3]},
								"west": {"uv": [23, 6], "uv_size": [1, 3]},
								"up": {"uv": [25, 4], "uv_size": [1, 1]},
								"down": {"uv": [25, 6], "uv_size": [1, -1]}
							}
						},
						{
							"origin": [2.84576, 1.64, -4.91037],
							"size": [0.71, 2.36, 0.4],
							"pivot": [3.6904, 2.75, -5.2],
							"rotation": [0, 45, 0],
							"uv": {
								"north": {"uv": [22, 0], "uv_size": [1, 3]},
								"east": {"uv": [22, 8], "uv_size": [1, 3]},
								"south": {"uv": [22, 11], "uv_size": [1, 3]},
								"west": {"uv": [22, 17], "uv_size": [1, 3]},
								"up": {"uv": [25, 2], "uv_size": [1, 1]},
								"down": {"uv": [25, 4], "uv_size": [1, -1]}
							}
						},
						{
							"origin": [1.9546, 1.64, -4.70756],
							"size": [0.71, 2.36, 0.4],
							"pivot": [2.3096, 2.75, -4.50756],
							"rotation": [0, -45, 0],
							"uv": {
								"north": {"uv": [11, 21], "uv_size": [1, 3]},
								"east": {"uv": [21, 12], "uv_size": [1, 3]},
								"south": {"uv": [21, 17], "uv_size": [1, 3]},
								"west": {"uv": [21, 20], "uv_size": [1, 3]},
								"up": {"uv": [25, 0], "uv_size": [1, 1]},
								"down": {"uv": [25, 2], "uv_size": [1, -1]}
							}
						},
						{
							"origin": [1.2, 1.64, -9.2],
							"size": [3.6, 2.36, 0.7],
							"uv": {
								"north": {"uv": [4, 11], "uv_size": [4, 3]},
								"east": {"uv": [4, 24], "uv_size": [1, 3]},
								"south": {"uv": [8, 12], "uv_size": [4, 3]},
								"west": {"uv": [5, 24], "uv_size": [1, 3]},
								"up": {"uv": [16, 17], "uv_size": [4, 1]},
								"down": {"uv": [8, 19], "uv_size": [4, -1]}
							}
						},
						{
							"origin": [1.9546, 1.64, -8.59244],
							"size": [0.71, 2.36, 0.4],
							"pivot": [2.3096, 2.75, -8.39244],
							"rotation": [0, -135, 0],
							"uv": {
								"north": {"uv": [1, 24], "uv_size": [1, 3]},
								"east": {"uv": [2, 24], "uv_size": [1, 3]},
								"south": {"uv": [3, 24], "uv_size": [1, 3]},
								"west": {"uv": [24, 3], "uv_size": [1, 3]},
								"up": {"uv": [25, 12], "uv_size": [1, 1]},
								"down": {"uv": [25, 14], "uv_size": [1, -1]}
							}
						},
						{
							"origin": [3.82503, 1.64, -7.41037],
							"size": [0.71, 2.36, 0.4],
							"pivot": [3.6904, 2.75, -7.7],
							"rotation": [-180, 45, 180],
							"uv": {
								"north": {"uv": [23, 21], "uv_size": [1, 3]},
								"east": {"uv": [22, 23], "uv_size": [1, 3]},
								"south": {"uv": [0, 24], "uv_size": [1, 3]},
								"west": {"uv": [24, 0], "uv_size": [1, 3]},
								"up": {"uv": [25, 10], "uv_size": [1, 1]},
								"down": {"uv": [25, 12], "uv_size": [1, -1]}
							}
						},
						{
							"origin": [2.84576, 1.64, -7.41037],
							"size": [0.71, 2.3599, 0.4],
							"pivot": [3.6904, 2.75, -7.7],
							"rotation": [0, 45, 0],
							"uv": {
								"north": {"uv": [23, 18], "uv_size": [1, 3]},
								"east": {"uv": [19, 23], "uv_size": [1, 3]},
								"south": {"uv": [20, 23], "uv_size": [1, 3]},
								"west": {"uv": [21, 23], "uv_size": [1, 3]},
								"up": {"uv": [9, 25], "uv_size": [1, 1]},
								"down": {"uv": [25, 10], "uv_size": [1, -1]}
							}
						},
						{
							"origin": [1.9546, 1.64, -7.20756],
							"size": [0.71, 2.36, 0.4],
							"pivot": [2.3096, 2.75, -7.00756],
							"rotation": [0, -45, 0],
							"uv": {
								"north": {"uv": [23, 15], "uv_size": [1, 3]},
								"east": {"uv": [16, 23], "uv_size": [1, 3]},
								"south": {"uv": [17, 23], "uv_size": [1, 3]},
								"west": {"uv": [18, 23], "uv_size": [1, 3]},
								"up": {"uv": [8, 25], "uv_size": [1, 1]},
								"down": {"uv": [25, 9], "uv_size": [1, -1]}
							}
						}
					]
				},
				{
					"name": "body3",
					"pivot": [0, 2.4, 0],
					"cubes": [
						{
							"origin": [-1.8, 2.54, 3.3],
							"size": [3.6, 2.36, 0.7],
							"uv": {
								"north": {"uv": [8, 9], "uv_size": [4, 3]},
								"east": {"uv": [20, 9], "uv_size": [1, 3]},
								"south": {"uv": [0, 11], "uv_size": [4, 3]},
								"west": {"uv": [12, 20], "uv_size": [1, 3]},
								"up": {"uv": [8, 17], "uv_size": [4, 1]},
								"down": {"uv": [12, 18], "uv_size": [4, -1]}
							}
						},
						{
							"origin": [-1.8, 2.4, 4],
							"size": [3.6, 2.35858, 0.24142],
							"uv": {
								"north": {"uv": [15, 4], "uv_size": [4, 2]},
								"east": {"uv": [24, 12], "uv_size": [1, 2]},
								"south": {"uv": [15, 6], "uv_size": [4, 2]},
								"west": {"uv": [24, 14], "uv_size": [1, 2]},
								"up": {"uv": [19, 6], "uv_size": [4, 1]},
								"down": {"uv": [19, 8], "uv_size": [4, -1]}
							}
						},
						{
							"origin": [-0.8, 2.54, 0.8],
							"size": [1.6, 2.36, 0.9],
							"uv": {
								"north": {"uv": [0, 17], "uv_size": [2, 3]},
								"east": {"uv": [14, 20], "uv_size": [1, 3]},
								"south": {"uv": [2, 17], "uv_size": [2, 3]},
								"west": {"uv": [15, 20], "uv_size": [1, 3]},
								"up": {"uv": [6, 24], "uv_size": [2, 1]},
								"down": {"uv": [24, 7], "uv_size": [2, -1]}
							}
						},
						{
							"origin": [-4.1, 2.54, 2],
							"size": [6.6, 2.36, 1],
							"pivot": [1.5, 3.65, 2.3],
							"rotation": [0, -90, 0],
							"uv": {
								"north": {"uv": [0, 0], "uv_size": [7, 3]},
								"east": {"uv": [20, 12], "uv_size": [1, 3]},
								"south": {"uv": [0, 3], "uv_size": [7, 3]},
								"west": {"uv": [13, 20], "uv_size": [1, 3]},
								"up": {"uv": [15, 8], "uv_size": [7, 1]},
								"down": {"uv": [0, 17], "uv_size": [7, -1]}
							}
						},
						{
							"origin": [-2.32071, 2.4, -0.12071],
							"size": [8.48284, 2.35858, 0.24142],
							"pivot": [1.92071, 3.57929, 0],
							"rotation": [0, -90, 0],
							"uv": {
								"north": {"uv": [7, 3], "uv_size": [8, 2]},
								"east": {"uv": [24, 8], "uv_size": [1, 2]},
								"south": {"uv": [7, 5], "uv_size": [8, 2]},
								"west": {"uv": [10, 24], "uv_size": [1, 2]},
								"up": {"uv": [12, 13], "uv_size": [8, 1]},
								"down": {"uv": [0, 15], "uv_size": [8, -1]}
							}
						},
						{
							"origin": [-2.34, 4.65858, -0.1],
							"size": [8.28, 0.2, 0.2],
							"pivot": [1.8, 4.75858, 0],
							"rotation": [0, -90, -45],
							"uv": {
								"north": {"uv": [12, 9], "uv_size": [8, 1]},
								"east": {"uv": [25, 14], "uv_size": [1, 1]},
								"south": {"uv": [12, 10], "uv_size": [8, 1]},
								"west": {"uv": [25, 15], "uv_size": [1, 1]},
								"up": {"uv": [12, 11], "uv_size": [8, 1]},
								"down": {"uv": [12, 13], "uv_size": [8, -1]}
							}
						},
						{
							"origin": [-6.6, 4.65858, 3.9],
							"size": [3.6, 0.2, 0.2],
							"pivot": [-2.4, 4.75858, 4],
							"rotation": [135, 0, -180],
							"uv": {
								"north": {"uv": [12, 18], "uv_size": [4, 1]},
								"east": {"uv": [25, 18], "uv_size": [1, 1]},
								"south": {"uv": [16, 18], "uv_size": [4, 1]},
								"west": {"uv": [25, 19], "uv_size": [1, 1]},
								"up": {"uv": [19, 4], "uv_size": [4, 1]},
								"down": {"uv": [19, 6], "uv_size": [4, -1]}
							}
						},
						{
							"origin": [-1.8, 2.4, -4.12071],
							"size": [3.6, 2.35858, 0.24142],
							"pivot": [0, 4.16894, -4.06036],
							"rotation": [-180, 0, 180],
							"uv": {
								"north": {"uv": [8, 15], "uv_size": [4, 2]},
								"east": {"uv": [24, 16], "uv_size": [1, 2]},
								"south": {"uv": [12, 15], "uv_size": [4, 2]},
								"west": {"uv": [24, 18], "uv_size": [1, 2]},
								"up": {"uv": [4, 20], "uv_size": [4, 1]},
								"down": {"uv": [8, 21], "uv_size": [4, -1]}
							}
						},
						{
							"origin": [-1.8, 4.52856, -4.53462],
							"size": [3.6, 0.2, 0.2],
							"pivot": [0, 4.16894, -4.06036],
							"rotation": [-45, 0, 0],
							"uv": {
								"north": {"uv": [8, 19], "uv_size": [4, 1]},
								"east": {"uv": [25, 20], "uv_size": [1, 1]},
								"south": {"uv": [12, 19], "uv_size": [4, 1]},
								"west": {"uv": [25, 21], "uv_size": [1, 1]},
								"up": {"uv": [16, 19], "uv_size": [4, 1]},
								"down": {"uv": [0, 21], "uv_size": [4, -1]}
							}
						},
						{
							"origin": [-5.94, 4.65858, -0.1],
							"size": [8.28, 0.2, 0.2],
							"pivot": [-1.8, 4.75858, 0],
							"rotation": [0, -90, -45],
							"uv": {
								"north": {"uv": [14, 2], "uv_size": [8, 1]},
								"east": {"uv": [25, 16], "uv_size": [1, 1]},
								"south": {"uv": [12, 14], "uv_size": [8, 1]},
								"west": {"uv": [25, 17], "uv_size": [1, 1]},
								"up": {"uv": [0, 15], "uv_size": [8, 1]},
								"down": {"uv": [15, 4], "uv_size": [8, -1]}
							}
						},
						{
							"origin": [-6.16213, 2.4, -0.12071],
							"size": [8.48284, 2.35858, 0.24142],
							"pivot": [-1.92071, 3.57929, 0],
							"rotation": [0, -90, 0],
							"uv": {
								"north": {"uv": [7, 7], "uv_size": [8, 2]},
								"east": {"uv": [24, 10], "uv_size": [1, 2]},
								"south": {"uv": [0, 9], "uv_size": [8, 2]},
								"west": {"uv": [11, 24], "uv_size": [1, 2]},
								"up": {"uv": [14, 0], "uv_size": [8, 1]},
								"down": {"uv": [14, 2], "uv_size": [8, -1]}
							}
						},
						{
							"origin": [-7.1, 2.54, 1.6],
							"size": [6.6, 2.36, 1],
							"pivot": [-1.5, 3.65, 2.3],
							"rotation": [0, -90, 0],
							"uv": {
								"north": {"uv": [0, 6], "uv_size": [7, 3]},
								"east": {"uv": [16, 20], "uv_size": [1, 3]},
								"south": {"uv": [7, 0], "uv_size": [7, 3]},
								"west": {"uv": [17, 20], "uv_size": [1, 3]},
								"up": {"uv": [16, 15], "uv_size": [7, 1]},
								"down": {"uv": [16, 17], "uv_size": [7, -1]}
							}
						},
						{
							"origin": [-1.0454, 2.54, 1.60756],
							"size": [0.71, 2.36, 0.4],
							"pivot": [-0.6904, 3.65, 1.80756],
							"rotation": [0, -135, 0],
							"uv": {
								"north": {"uv": [20, 17], "uv_size": [1, 3]},
								"east": {"uv": [18, 20], "uv_size": [1, 3]},
								"south": {"uv": [19, 20], "uv_size": [1, 3]},
								"west": {"uv": [20, 20], "uv_size": [1, 3]},
								"up": {"uv": [7, 16], "uv_size": [1, 1]},
								"down": {"uv": [22, 15], "uv_size": [1, -1]}
							}
						},
						{
							"origin": [-1.0454, 2.54, 2.99244],
							"size": [0.71, 2.36, 0.4],
							"pivot": [-0.6904, 3.65, 3.19244],
							"rotation": [0, -45, 0],
							"uv": {
								"north": {"uv": [0, 21], "uv_size": [1, 3]},
								"east": {"uv": [1, 21], "uv_size": [1, 3]},
								"south": {"uv": [2, 21], "uv_size": [1, 3]},
								"west": {"uv": [3, 21], "uv_size": [1, 3]},
								"up": {"uv": [24, 20], "uv_size": [1, 1]},
								"down": {"uv": [24, 22], "uv_size": [1, -1]}
							}
						},
						{
							"origin": [-0.15424, 2.54, 2.78963],
							"size": [0.71, 2.36, 0.4],
							"pivot": [0.6904, 3.65, 2.5],
							"rotation": [0, 45, 0],
							"uv": {
								"north": {"uv": [8, 21], "uv_size": [1, 3]},
								"east": {"uv": [9, 21], "uv_size": [1, 3]},
								"south": {"uv": [21, 9], "uv_size": [1, 3]},
								"west": {"uv": [10, 21], "uv_size": [1, 3]},
								"up": {"uv": [24, 23], "uv_size": [1, 1]},
								"down": {"uv": [24, 25], "uv_size": [1, -1]}
							}
						},
						{
							"origin": [0.82503, 2.54, 2.78963],
							"size": [0.71, 2.36, 0.4],
							"pivot": [0.6904, 3.65, 2.5],
							"rotation": [-180, 45, 180],
							"uv": {
								"north": {"uv": [4, 21], "uv_size": [1, 3]},
								"east": {"uv": [5, 21], "uv_size": [1, 3]},
								"south": {"uv": [6, 21], "uv_size": [1, 3]},
								"west": {"uv": [7, 21], "uv_size": [1, 3]},
								"up": {"uv": [24, 22], "uv_size": [1, 1]},
								"down": {"uv": [23, 25], "uv_size": [1, -1]}
							}
						},
						{
							"origin": [-0.8, 2.54, -1.7],
							"size": [1.6, 2.36, 0.9],
							"uv": {
								"north": {"uv": [4, 17], "uv_size": [2, 3]},
								"east": {"uv": [14, 23], "uv_size": [1, 3]},
								"south": {"uv": [6, 17], "uv_size": [2, 3]},
								"west": {"uv": [15, 23], "uv_size": [1, 3]},
								"up": {"uv": [24, 7], "uv_size": [2, 1]},
								"down": {"uv": [8, 25], "uv_size": [2, -1]}
							}
						},
						{
							"origin": [-1.0454, 2.54, -0.89244],
							"size": [0.71, 2.36, 0.4],
							"pivot": [-0.6904, 3.65, -0.69244],
							"rotation": [0, -135, 0],
							"uv": {
								"north": {"uv": [23, 9], "uv_size": [1, 3]},
								"east": {"uv": [12, 23], "uv_size": [1, 3]},
								"south": {"uv": [23, 12], "uv_size": [1, 3]},
								"west": {"uv": [13, 23], "uv_size": [1, 3]},
								"up": {"uv": [6, 25], "uv_size": [1, 1]},
								"down": {"uv": [7, 26], "uv_size": [1, -1]}
							}
						},
						{
							"origin": [0.82503, 2.54, 0.28963],
							"size": [0.71, 2.36, 0.4],
							"pivot": [0.6904, 3.65, 0],
							"rotation": [-180, 45, 180],
							"uv": {
								"north": {"uv": [22, 20], "uv_size": [1, 3]},
								"east": {"uv": [23, 0], "uv_size": [1, 3]},
								"south": {"uv": [23, 3], "uv_size": [1, 3]},
								"west": {"uv": [23, 6], "uv_size": [1, 3]},
								"up": {"uv": [25, 4], "uv_size": [1, 1]},
								"down": {"uv": [25, 6], "uv_size": [1, -1]}
							}
						},
						{
							"origin": [-0.15424, 2.54, 0.28963],
							"size": [0.71, 2.36, 0.4],
							"pivot": [0.6904, 3.65, 0],
							"rotation": [0, 45, 0],
							"uv": {
								"north": {"uv": [22, 0], "uv_size": [1, 3]},
								"east": {"uv": [22, 8], "uv_size": [1, 3]},
								"south": {"uv": [22, 11], "uv_size": [1, 3]},
								"west": {"uv": [22, 17], "uv_size": [1, 3]},
								"up": {"uv": [25, 2], "uv_size": [1, 1]},
								"down": {"uv": [25, 4], "uv_size": [1, -1]}
							}
						},
						{
							"origin": [-1.0454, 2.54, 0.49244],
							"size": [0.71, 2.36, 0.4],
							"pivot": [-0.6904, 3.65, 0.69244],
							"rotation": [0, -45, 0],
							"uv": {
								"north": {"uv": [11, 21], "uv_size": [1, 3]},
								"east": {"uv": [21, 12], "uv_size": [1, 3]},
								"south": {"uv": [21, 17], "uv_size": [1, 3]},
								"west": {"uv": [21, 20], "uv_size": [1, 3]},
								"up": {"uv": [25, 0], "uv_size": [1, 1]},
								"down": {"uv": [25, 2], "uv_size": [1, -1]}
							}
						},
						{
							"origin": [-1.8, 2.54, -4],
							"size": [3.6, 2.36, 0.7],
							"uv": {
								"north": {"uv": [4, 11], "uv_size": [4, 3]},
								"east": {"uv": [4, 24], "uv_size": [1, 3]},
								"south": {"uv": [8, 12], "uv_size": [4, 3]},
								"west": {"uv": [5, 24], "uv_size": [1, 3]},
								"up": {"uv": [16, 17], "uv_size": [4, 1]},
								"down": {"uv": [8, 19], "uv_size": [4, -1]}
							}
						},
						{
							"origin": [-1.0454, 2.54, -3.39244],
							"size": [0.71, 2.36, 0.4],
							"pivot": [-0.6904, 3.65, -3.19244],
							"rotation": [0, -135, 0],
							"uv": {
								"north": {"uv": [1, 24], "uv_size": [1, 3]},
								"east": {"uv": [2, 24], "uv_size": [1, 3]},
								"south": {"uv": [3, 24], "uv_size": [1, 3]},
								"west": {"uv": [24, 3], "uv_size": [1, 3]},
								"up": {"uv": [25, 12], "uv_size": [1, 1]},
								"down": {"uv": [25, 14], "uv_size": [1, -1]}
							}
						},
						{
							"origin": [0.82503, 2.54, -2.21037],
							"size": [0.71, 2.36, 0.4],
							"pivot": [0.6904, 3.65, -2.5],
							"rotation": [-180, 45, 180],
							"uv": {
								"north": {"uv": [23, 21], "uv_size": [1, 3]},
								"east": {"uv": [22, 23], "uv_size": [1, 3]},
								"south": {"uv": [0, 24], "uv_size": [1, 3]},
								"west": {"uv": [24, 0], "uv_size": [1, 3]},
								"up": {"uv": [25, 10], "uv_size": [1, 1]},
								"down": {"uv": [25, 12], "uv_size": [1, -1]}
							}
						},
						{
							"origin": [-0.15424, 2.54, -2.21037],
							"size": [0.71, 2.3599, 0.4],
							"pivot": [0.6904, 3.65, -2.5],
							"rotation": [0, 45, 0],
							"uv": {
								"north": {"uv": [23, 18], "uv_size": [1, 3]},
								"east": {"uv": [19, 23], "uv_size": [1, 3]},
								"south": {"uv": [20, 23], "uv_size": [1, 3]},
								"west": {"uv": [21, 23], "uv_size": [1, 3]},
								"up": {"uv": [9, 25], "uv_size": [1, 1]},
								"down": {"uv": [25, 10], "uv_size": [1, -1]}
							}
						},
						{
							"origin": [-1.0454, 2.54, -2.00756],
							"size": [0.71, 2.36, 0.4],
							"pivot": [-0.6904, 3.65, -1.80756],
							"rotation": [0, -45, 0],
							"uv": {
								"north": {"uv": [23, 15], "uv_size": [1, 3]},
								"east": {"uv": [16, 23], "uv_size": [1, 3]},
								"south": {"uv": [17, 23], "uv_size": [1, 3]},
								"west": {"uv": [18, 23], "uv_size": [1, 3]},
								"up": {"uv": [8, 25], "uv_size": [1, 1]},
								"down": {"uv": [25, 9], "uv_size": [1, -1]}
							}
						}
					]
				},
				{
					"name": "body2",
					"pivot": [-3.8, 2.5, 1.7],
					"rotation": [0, 90, -50],
					"cubes": [
						{
							"origin": [-5.6, 2.64, 5],
							"size": [3.6, 2.36, 0.7],
							"uv": {
								"north": {"uv": [8, 9], "uv_size": [4, 3]},
								"east": {"uv": [20, 9], "uv_size": [1, 3]},
								"south": {"uv": [0, 11], "uv_size": [4, 3]},
								"west": {"uv": [12, 20], "uv_size": [1, 3]},
								"up": {"uv": [8, 17], "uv_size": [4, 1]},
								"down": {"uv": [12, 18], "uv_size": [4, -1]}
							}
						},
						{
							"origin": [-5.6, 2.5, 5.7],
							"size": [3.6, 2.35858, 0.24142],
							"uv": {
								"north": {"uv": [15, 4], "uv_size": [4, 2]},
								"east": {"uv": [24, 12], "uv_size": [1, 2]},
								"south": {"uv": [15, 6], "uv_size": [4, 2]},
								"west": {"uv": [24, 14], "uv_size": [1, 2]},
								"up": {"uv": [19, 6], "uv_size": [4, 1]},
								"down": {"uv": [19, 8], "uv_size": [4, -1]}
							}
						},
						{
							"origin": [-4.6, 2.64, 2.5],
							"size": [1.6, 2.36, 0.9],
							"uv": {
								"north": {"uv": [0, 17], "uv_size": [2, 3]},
								"east": {"uv": [14, 20], "uv_size": [1, 3]},
								"south": {"uv": [2, 17], "uv_size": [2, 3]},
								"west": {"uv": [15, 20], "uv_size": [1, 3]},
								"up": {"uv": [6, 24], "uv_size": [2, 1]},
								"down": {"uv": [24, 7], "uv_size": [2, -1]}
							}
						},
						{
							"origin": [-7.9, 2.64, 3.7],
							"size": [6.6, 2.36, 1],
							"pivot": [-2.3, 3.75, 4],
							"rotation": [0, -90, 0],
							"uv": {
								"north": {"uv": [0, 0], "uv_size": [7, 3]},
								"east": {"uv": [20, 12], "uv_size": [1, 3]},
								"south": {"uv": [0, 3], "uv_size": [7, 3]},
								"west": {"uv": [13, 20], "uv_size": [1, 3]},
								"up": {"uv": [15, 8], "uv_size": [7, 1]},
								"down": {"uv": [0, 17], "uv_size": [7, -1]}
							}
						},
						{
							"origin": [-6.12071, 2.5, 1.57929],
							"size": [8.48284, 2.35858, 0.24142],
							"pivot": [-1.87929, 3.67929, 1.7],
							"rotation": [0, -90, 0],
							"uv": {
								"north": {"uv": [7, 3], "uv_size": [8, 2]},
								"east": {"uv": [24, 8], "uv_size": [1, 2]},
								"south": {"uv": [7, 5], "uv_size": [8, 2]},
								"west": {"uv": [10, 24], "uv_size": [1, 2]},
								"up": {"uv": [12, 13], "uv_size": [8, 1]},
								"down": {"uv": [0, 15], "uv_size": [8, -1]}
							}
						},
						{
							"origin": [-6.14, 4.75858, 1.6],
							"size": [8.28, 0.2, 0.2],
							"pivot": [-2, 4.85858, 1.7],
							"rotation": [0, -90, -45],
							"uv": {
								"north": {"uv": [12, 9], "uv_size": [8, 1]},
								"east": {"uv": [25, 14], "uv_size": [1, 1]},
								"south": {"uv": [12, 10], "uv_size": [8, 1]},
								"west": {"uv": [25, 15], "uv_size": [1, 1]},
								"up": {"uv": [12, 11], "uv_size": [8, 1]},
								"down": {"uv": [12, 13], "uv_size": [8, -1]}
							}
						},
						{
							"origin": [-10.4, 4.75858, 5.6],
							"size": [3.6, 0.2, 0.2],
							"pivot": [-6.2, 4.85858, 5.7],
							"rotation": [135, 0, -180],
							"uv": {
								"north": {"uv": [12, 18], "uv_size": [4, 1]},
								"east": {"uv": [25, 18], "uv_size": [1, 1]},
								"south": {"uv": [16, 18], "uv_size": [4, 1]},
								"west": {"uv": [25, 19], "uv_size": [1, 1]},
								"up": {"uv": [19, 4], "uv_size": [4, 1]},
								"down": {"uv": [19, 6], "uv_size": [4, -1]}
							}
						},
						{
							"origin": [-5.6, 2.5, -2.42071],
							"size": [3.6, 2.35858, 0.24142],
							"pivot": [-3.8, 4.26894, -2.36036],
							"rotation": [-180, 0, 180],
							"uv": {
								"north": {"uv": [8, 15], "uv_size": [4, 2]},
								"east": {"uv": [24, 16], "uv_size": [1, 2]},
								"south": {"uv": [12, 15], "uv_size": [4, 2]},
								"west": {"uv": [24, 18], "uv_size": [1, 2]},
								"up": {"uv": [4, 20], "uv_size": [4, 1]},
								"down": {"uv": [8, 21], "uv_size": [4, -1]}
							}
						},
						{
							"origin": [-5.6, 4.62856, -2.83462],
							"size": [3.6, 0.2, 0.2],
							"pivot": [-3.8, 4.26894, -2.36036],
							"rotation": [-45, 0, 0],
							"uv": {
								"north": {"uv": [8, 19], "uv_size": [4, 1]},
								"east": {"uv": [25, 20], "uv_size": [1, 1]},
								"south": {"uv": [12, 19], "uv_size": [4, 1]},
								"west": {"uv": [25, 21], "uv_size": [1, 1]},
								"up": {"uv": [16, 19], "uv_size": [4, 1]},
								"down": {"uv": [0, 21], "uv_size": [4, -1]}
							}
						},
						{
							"origin": [-9.74, 4.75858, 1.6],
							"size": [8.28, 0.2, 0.2],
							"pivot": [-5.6, 4.85858, 1.7],
							"rotation": [0, -90, -45],
							"uv": {
								"north": {"uv": [14, 2], "uv_size": [8, 1]},
								"east": {"uv": [25, 16], "uv_size": [1, 1]},
								"south": {"uv": [12, 14], "uv_size": [8, 1]},
								"west": {"uv": [25, 17], "uv_size": [1, 1]},
								"up": {"uv": [0, 15], "uv_size": [8, 1]},
								"down": {"uv": [15, 4], "uv_size": [8, -1]}
							}
						},
						{
							"origin": [-9.96213, 2.5, 1.57929],
							"size": [8.48284, 2.35858, 0.24142],
							"pivot": [-5.72071, 3.67929, 1.7],
							"rotation": [0, -90, 0],
							"uv": {
								"north": {"uv": [7, 7], "uv_size": [8, 2]},
								"east": {"uv": [24, 10], "uv_size": [1, 2]},
								"south": {"uv": [0, 9], "uv_size": [8, 2]},
								"west": {"uv": [11, 24], "uv_size": [1, 2]},
								"up": {"uv": [14, 0], "uv_size": [8, 1]},
								"down": {"uv": [14, 2], "uv_size": [8, -1]}
							}
						},
						{
							"origin": [-10.9, 2.64, 3.3],
							"size": [6.6, 2.36, 1],
							"pivot": [-5.3, 3.75, 4],
							"rotation": [0, -90, 0],
							"uv": {
								"north": {"uv": [0, 6], "uv_size": [7, 3]},
								"east": {"uv": [16, 20], "uv_size": [1, 3]},
								"south": {"uv": [7, 0], "uv_size": [7, 3]},
								"west": {"uv": [17, 20], "uv_size": [1, 3]},
								"up": {"uv": [16, 15], "uv_size": [7, 1]},
								"down": {"uv": [16, 17], "uv_size": [7, -1]}
							}
						},
						{
							"origin": [-4.8454, 2.64, 3.30756],
							"size": [0.71, 2.36, 0.4],
							"pivot": [-4.4904, 3.75, 3.50756],
							"rotation": [0, -135, 0],
							"uv": {
								"north": {"uv": [20, 17], "uv_size": [1, 3]},
								"east": {"uv": [18, 20], "uv_size": [1, 3]},
								"south": {"uv": [19, 20], "uv_size": [1, 3]},
								"west": {"uv": [20, 20], "uv_size": [1, 3]},
								"up": {"uv": [7, 16], "uv_size": [1, 1]},
								"down": {"uv": [22, 15], "uv_size": [1, -1]}
							}
						},
						{
							"origin": [-4.8454, 2.64, 4.69244],
							"size": [0.71, 2.36, 0.4],
							"pivot": [-4.4904, 3.75, 4.89244],
							"rotation": [0, -45, 0],
							"uv": {
								"north": {"uv": [0, 21], "uv_size": [1, 3]},
								"east": {"uv": [1, 21], "uv_size": [1, 3]},
								"south": {"uv": [2, 21], "uv_size": [1, 3]},
								"west": {"uv": [3, 21], "uv_size": [1, 3]},
								"up": {"uv": [24, 20], "uv_size": [1, 1]},
								"down": {"uv": [24, 22], "uv_size": [1, -1]}
							}
						},
						{
							"origin": [-3.95424, 2.64, 4.48963],
							"size": [0.71, 2.36, 0.4],
							"pivot": [-3.1096, 3.75, 4.2],
							"rotation": [0, 45, 0],
							"uv": {
								"north": {"uv": [8, 21], "uv_size": [1, 3]},
								"east": {"uv": [9, 21], "uv_size": [1, 3]},
								"south": {"uv": [21, 9], "uv_size": [1, 3]},
								"west": {"uv": [10, 21], "uv_size": [1, 3]},
								"up": {"uv": [24, 23], "uv_size": [1, 1]},
								"down": {"uv": [24, 25], "uv_size": [1, -1]}
							}
						},
						{
							"origin": [-2.97497, 2.64, 4.48963],
							"size": [0.71, 2.36, 0.4],
							"pivot": [-3.1096, 3.75, 4.2],
							"rotation": [-180, 45, 180],
							"uv": {
								"north": {"uv": [4, 21], "uv_size": [1, 3]},
								"east": {"uv": [5, 21], "uv_size": [1, 3]},
								"south": {"uv": [6, 21], "uv_size": [1, 3]},
								"west": {"uv": [7, 21], "uv_size": [1, 3]},
								"up": {"uv": [24, 22], "uv_size": [1, 1]},
								"down": {"uv": [23, 25], "uv_size": [1, -1]}
							}
						},
						{
							"origin": [-4.6, 2.64, 0],
							"size": [1.6, 2.36, 0.9],
							"uv": {
								"north": {"uv": [4, 17], "uv_size": [2, 3]},
								"east": {"uv": [14, 23], "uv_size": [1, 3]},
								"south": {"uv": [6, 17], "uv_size": [2, 3]},
								"west": {"uv": [15, 23], "uv_size": [1, 3]},
								"up": {"uv": [24, 7], "uv_size": [2, 1]},
								"down": {"uv": [8, 25], "uv_size": [2, -1]}
							}
						},
						{
							"origin": [-4.8454, 2.64, 0.80756],
							"size": [0.71, 2.36, 0.4],
							"pivot": [-4.4904, 3.75, 1.00756],
							"rotation": [0, -135, 0],
							"uv": {
								"north": {"uv": [23, 9], "uv_size": [1, 3]},
								"east": {"uv": [12, 23], "uv_size": [1, 3]},
								"south": {"uv": [23, 12], "uv_size": [1, 3]},
								"west": {"uv": [13, 23], "uv_size": [1, 3]},
								"up": {"uv": [6, 25], "uv_size": [1, 1]},
								"down": {"uv": [7, 26], "uv_size": [1, -1]}
							}
						},
						{
							"origin": [-2.97497, 2.64, 1.98963],
							"size": [0.71, 2.36, 0.4],
							"pivot": [-3.1096, 3.75, 1.7],
							"rotation": [-180, 45, 180],
							"uv": {
								"north": {"uv": [22, 20], "uv_size": [1, 3]},
								"east": {"uv": [23, 0], "uv_size": [1, 3]},
								"south": {"uv": [23, 3], "uv_size": [1, 3]},
								"west": {"uv": [23, 6], "uv_size": [1, 3]},
								"up": {"uv": [25, 4], "uv_size": [1, 1]},
								"down": {"uv": [25, 6], "uv_size": [1, -1]}
							}
						},
						{
							"origin": [-3.95424, 2.64, 1.98963],
							"size": [0.71, 2.36, 0.4],
							"pivot": [-3.1096, 3.75, 1.7],
							"rotation": [0, 45, 0],
							"uv": {
								"north": {"uv": [22, 0], "uv_size": [1, 3]},
								"east": {"uv": [22, 8], "uv_size": [1, 3]},
								"south": {"uv": [22, 11], "uv_size": [1, 3]},
								"west": {"uv": [22, 17], "uv_size": [1, 3]},
								"up": {"uv": [25, 2], "uv_size": [1, 1]},
								"down": {"uv": [25, 4], "uv_size": [1, -1]}
							}
						},
						{
							"origin": [-4.8454, 2.64, 2.19244],
							"size": [0.71, 2.36, 0.4],
							"pivot": [-4.4904, 3.75, 2.39244],
							"rotation": [0, -45, 0],
							"uv": {
								"north": {"uv": [11, 21], "uv_size": [1, 3]},
								"east": {"uv": [21, 12], "uv_size": [1, 3]},
								"south": {"uv": [21, 17], "uv_size": [1, 3]},
								"west": {"uv": [21, 20], "uv_size": [1, 3]},
								"up": {"uv": [25, 0], "uv_size": [1, 1]},
								"down": {"uv": [25, 2], "uv_size": [1, -1]}
							}
						},
						{
							"origin": [-5.6, 2.64, -2.3],
							"size": [3.6, 2.36, 0.7],
							"uv": {
								"north": {"uv": [4, 11], "uv_size": [4, 3]},
								"east": {"uv": [4, 24], "uv_size": [1, 3]},
								"south": {"uv": [8, 12], "uv_size": [4, 3]},
								"west": {"uv": [5, 24], "uv_size": [1, 3]},
								"up": {"uv": [16, 17], "uv_size": [4, 1]},
								"down": {"uv": [8, 19], "uv_size": [4, -1]}
							}
						},
						{
							"origin": [-4.8454, 2.64, -1.69244],
							"size": [0.71, 2.36, 0.4],
							"pivot": [-4.4904, 3.75, -1.49244],
							"rotation": [0, -135, 0],
							"uv": {
								"north": {"uv": [1, 24], "uv_size": [1, 3]},
								"east": {"uv": [2, 24], "uv_size": [1, 3]},
								"south": {"uv": [3, 24], "uv_size": [1, 3]},
								"west": {"uv": [24, 3], "uv_size": [1, 3]},
								"up": {"uv": [25, 12], "uv_size": [1, 1]},
								"down": {"uv": [25, 14], "uv_size": [1, -1]}
							}
						},
						{
							"origin": [-2.97497, 2.64, -0.51037],
							"size": [0.71, 2.36, 0.4],
							"pivot": [-3.1096, 3.75, -0.8],
							"rotation": [-180, 45, 180],
							"uv": {
								"north": {"uv": [23, 21], "uv_size": [1, 3]},
								"east": {"uv": [22, 23], "uv_size": [1, 3]},
								"south": {"uv": [0, 24], "uv_size": [1, 3]},
								"west": {"uv": [24, 0], "uv_size": [1, 3]},
								"up": {"uv": [25, 10], "uv_size": [1, 1]},
								"down": {"uv": [25, 12], "uv_size": [1, -1]}
							}
						},
						{
							"origin": [-3.95424, 2.64, -0.51037],
							"size": [0.71, 2.3599, 0.4],
							"pivot": [-3.1096, 3.75, -0.8],
							"rotation": [0, 45, 0],
							"uv": {
								"north": {"uv": [23, 18], "uv_size": [1, 3]},
								"east": {"uv": [19, 23], "uv_size": [1, 3]},
								"south": {"uv": [20, 23], "uv_size": [1, 3]},
								"west": {"uv": [21, 23], "uv_size": [1, 3]},
								"up": {"uv": [9, 25], "uv_size": [1, 1]},
								"down": {"uv": [25, 10], "uv_size": [1, -1]}
							}
						},
						{
							"origin": [-4.8454, 2.64, -0.30756],
							"size": [0.71, 2.36, 0.4],
							"pivot": [-4.4904, 3.75, -0.10756],
							"rotation": [0, -45, 0],
							"uv": {
								"north": {"uv": [23, 15], "uv_size": [1, 3]},
								"east": {"uv": [16, 23], "uv_size": [1, 3]},
								"south": {"uv": [17, 23], "uv_size": [1, 3]},
								"west": {"uv": [18, 23], "uv_size": [1, 3]},
								"up": {"uv": [8, 25], "uv_size": [1, 1]},
								"down": {"uv": [25, 9], "uv_size": [1, -1]}
							}
						}
					]
				},
				{
					"name": "positioning",
					"pivot": [0, 0, 0]
				},
				{
					"name": "ground",
					"parent": "positioning",
					"pivot": [0, 0, 0]
				},
				{
					"name": "thirdperson_hand",
					"parent": "positioning",
					"pivot": [0, 0, 0]
				},
				{
					"name": "fixed",
					"parent": "positioning",
					"pivot": [0, 1, 0]
				}
			]
		}
	]
}