{
	"format_version": "1.12.0",
	"minecraft:geometry": [
		{
			"description": {
				"identifier": "geometry.unknown",
				"texture_width": 16,
				"texture_height": 16,
				"visible_bounds_width": 2,
				"visible_bounds_height": 1.5,
				"visible_bounds_offset": [0, 0.25, 0]
			},
			"bones": [
				{
					"name": "muzzle_default",
					"pivot": [0, 0.00781, -1.25],
					"cubes": [
						{
							"origin": [-0.18122, -0.42969, -2.25],
							"size": [0.36244, 0.875, 2.25],
							"pivot": [0, 0.00781, -1.25],
							"rotation": [0, 0, 45],
							"uv": {
								"north": {"uv": [10, 3], "uv_size": [0.5, 1]},
								"east": {"uv": [0, 0], "uv_size": [2.5, 1]},
								"south": {"uv": [4, 10], "uv_size": [0.5, 1]},
								"west": {"uv": [0, 1], "uv_size": [2.5, 1]},
								"up": {"uv": [5, 0], "uv_size": [0.5, 2.5]},
								"down": {"uv": [4, 7.5], "uv_size": [0.5, -2.5]}
							}
						},
						{
							"origin": [-0.18122, -0.42969, -2.25],
							"size": [0.36244, 0.875, 2.25],
							"uv": {
								"north": {"uv": [10, 4], "uv_size": [0.5, 1]},
								"east": {"uv": [0, 2], "uv_size": [2.5, 1]},
								"south": {"uv": [5, 10], "uv_size": [0.5, 1]},
								"west": {"uv": [0, 3], "uv_size": [2.5, 1]},
								"up": {"uv": [5, 5], "uv_size": [0.5, 2.5]},
								"down": {"uv": [6, 2.5], "uv_size": [0.5, -2.5]}
							}
						},
						{
							"origin": [-0.4375, -0.17341, -2.25],
							"size": [0.875, 0.36244, 2.25],
							"pivot": [0, 0.00781, -1.25],
							"rotation": [0, 0, 45],
							"uv": {
								"north": {"uv": [10, 6], "uv_size": [1, 0.5]},
								"east": {"uv": [1, 6], "uv_size": [2.5, 0.5]},
								"south": {"uv": [7, 10], "uv_size": [1, 0.5]},
								"west": {"uv": [6, 3], "uv_size": [2.5, 0.5]},
								"up": {"uv": [3, 0], "uv_size": [1, 2.5]},
								"down": {"uv": [3, 5.5], "uv_size": [1, -2.5]}
							}
						},
						{
							"origin": [-0.4375, -0.17341, -2.25],
							"size": [0.875, 0.36244, 2.25],
							"uv": {
								"north": {"uv": [10, 7], "uv_size": [1, 0.5]},
								"east": {"uv": [6, 4], "uv_size": [2.5, 0.5]},
								"south": {"uv": [8, 10], "uv_size": [1, 0.5]},
								"west": {"uv": [6, 5], "uv_size": [2.5, 0.5]},
								"up": {"uv": [0, 4], "uv_size": [1, 2.5]},
								"down": {"uv": [4, 2.5], "uv_size": [1, -2.5]}
							}
						},
						{
							"origin": [-0.5, -0.42341, -1.75],
							"size": [1, 0.86244, 1],
							"uv": {
								"north": {"uv": [6, 6], "uv_size": [1, 1]},
								"east": {"uv": [0, 7], "uv_size": [1, 1]},
								"south": {"uv": [7, 0], "uv_size": [1, 1]},
								"west": {"uv": [1, 7], "uv_size": [1, 1]},
								"up": {"uv": [7, 1], "uv_size": [1, 1]},
								"down": {"uv": [2, 8], "uv_size": [1, -1]}
							}
						},
						{
							"origin": [0.4375, 0.28909, -2.5625],
							"size": [0.0625, 0.14994, 0.8125],
							"uv": {
								"north": {"uv": [1, 12], "uv_size": [0.5, 0.5]},
								"east": {"uv": [10, 8], "uv_size": [1, 0.5]},
								"south": {"uv": [12, 1], "uv_size": [0.5, 0.5]},
								"west": {"uv": [9, 10], "uv_size": [1, 0.5]},
								"up": {"uv": [10, 9], "uv_size": [0.5, 1]},
								"down": {"uv": [10, 11], "uv_size": [0.5, -1]}
							}
						},
						{
							"origin": [0.4375, -0.42341, -2.5625],
							"size": [0.0625, 0.71556, 0.15625],
							"uv": {
								"north": {"uv": [2, 12], "uv_size": [0.5, 0.5]},
								"east": {"uv": [12, 2], "uv_size": [0.5, 0.5]},
								"south": {"uv": [3, 12], "uv_size": [0.5, 0.5]},
								"west": {"uv": [12, 3], "uv_size": [0.5, 0.5]},
								"up": {"uv": [4, 12], "uv_size": [0.5, 0.5]},
								"down": {"uv": [12, 4.5], "uv_size": [0.5, -0.5]}
							}
						},
						{
							"origin": [0.4375, -0.42341, -2.2875],
							"size": [0.0625, 0.71556, 0.11875],
							"uv": {
								"north": {"uv": [5, 12], "uv_size": [0.5, 0.5]},
								"east": {"uv": [12, 5], "uv_size": [0.5, 0.5]},
								"south": {"uv": [6, 12], "uv_size": [0.5, 0.5]},
								"west": {"uv": [12, 6], "uv_size": [0.5, 0.5]},
								"up": {"uv": [7, 12], "uv_size": [0.5, 0.5]},
								"down": {"uv": [12, 7.5], "uv_size": [0.5, -0.5]}
							}
						},
						{
							"origin": [0.4375, -0.42341, -2.0125],
							"size": [0.0625, 0.71556, 0.11875],
							"uv": {
								"north": {"uv": [8, 12], "uv_size": [0.5, 0.5]},
								"east": {"uv": [12, 8], "uv_size": [0.5, 0.5]},
								"south": {"uv": [9, 12], "uv_size": [0.5, 0.5]},
								"west": {"uv": [12, 9], "uv_size": [0.5, 0.5]},
								"up": {"uv": [10, 12], "uv_size": [0.5, 0.5]},
								"down": {"uv": [12, 10.5], "uv_size": [0.5, -0.5]}
							}
						},
						{
							"origin": [-0.25, -0.56403, -1.75],
							"size": [0.5, 1.37806, 1.25],
							"uv": {
								"north": {"uv": [3, 7], "uv_size": [0.5, 1.5]},
								"east": {"uv": [1, 4], "uv_size": [1.5, 1.5]},
								"south": {"uv": [6, 7], "uv_size": [0.5, 1.5]},
								"west": {"uv": [4, 3], "uv_size": [1.5, 1.5]},
								"up": {"uv": [7, 6], "uv_size": [0.5, 1.5]},
								"down": {"uv": [0, 9.5], "uv_size": [0.5, -1.5]}
							}
						},
						{
							"origin": [-0.25, -0.56403, -2.5625],
							"size": [0.5, 0.06556, 1.25],
							"uv": {
								"north": {"uv": [11, 12], "uv_size": [0.5, 0.5]},
								"east": {"uv": [7, 2], "uv_size": [1.5, 0.5]},
								"south": {"uv": [12, 11], "uv_size": [0.5, 0.5]},
								"west": {"uv": [8, 0], "uv_size": [1.5, 0.5]},
								"up": {"uv": [1, 8], "uv_size": [0.5, 1.5]},
								"down": {"uv": [2, 9.5], "uv_size": [0.5, -1.5]}
							}
						},
						{
							"origin": [-0.25, 0.74847, -2.6875],
							"size": [0.5, 0.06556, 0.9375],
							"uv": {
								"north": {"uv": [12, 12], "uv_size": [0.5, 0.5]},
								"east": {"uv": [0, 11], "uv_size": [1, 0.5]},
								"south": {"uv": [0, 13], "uv_size": [0.5, 0.5]},
								"west": {"uv": [11, 0], "uv_size": [1, 0.5]},
								"up": {"uv": [1, 11], "uv_size": [0.5, 1]},
								"down": {"uv": [11, 2], "uv_size": [0.5, -1]}
							}
						},
						{
							"origin": [0.125, -0.56403, -1.75],
							"size": [0.125, 0.28125, 1.25],
							"pivot": [0.25, -0.56403, -1.125],
							"rotation": [0, 0, 60],
							"uv": {
								"north": {"uv": [13, 0], "uv_size": [0.5, 0.5]},
								"east": {"uv": [8, 1], "uv_size": [1.5, 0.5]},
								"south": {"uv": [1, 13], "uv_size": [0.5, 0.5]},
								"west": {"uv": [4, 8], "uv_size": [1.5, 0.5]},
								"up": {"uv": [8, 6], "uv_size": [0.5, 1.5]},
								"down": {"uv": [7, 9.5], "uv_size": [0.5, -1.5]}
							}
						},
						{
							"origin": [0.1875, -0.56403, -2.5625],
							"size": [0.0625, 0.28125, 0.8125],
							"pivot": [0.25, -0.56403, -1.9375],
							"rotation": [0, 0, 60],
							"uv": {
								"north": {"uv": [13, 1], "uv_size": [0.5, 0.5]},
								"east": {"uv": [11, 2], "uv_size": [1, 0.5]},
								"south": {"uv": [2, 13], "uv_size": [0.5, 0.5]},
								"west": {"uv": [3, 11], "uv_size": [1, 0.5]},
								"up": {"uv": [11, 3], "uv_size": [0.5, 1]},
								"down": {"uv": [4, 12], "uv_size": [0.5, -1]}
							}
						},
						{
							"origin": [-0.25, -0.56403, -1.75],
							"size": [0.125, 0.28125, 1.25],
							"pivot": [-0.25, -0.56403, -1.125],
							"rotation": [0, 0, -60],
							"uv": {
								"north": {"uv": [13, 2], "uv_size": [0.5, 0.5]},
								"east": {"uv": [8, 8], "uv_size": [1.5, 0.5]},
								"south": {"uv": [3, 13], "uv_size": [0.5, 0.5]},
								"west": {"uv": [9, 2], "uv_size": [1.5, 0.5]},
								"up": {"uv": [3, 9], "uv_size": [0.5, 1.5]},
								"down": {"uv": [9, 4.5], "uv_size": [0.5, -1.5]}
							}
						},
						{
							"origin": [0.04688, 0.3609, -1.75],
							"size": [0.20313, 0.45313, 1.25],
							"pivot": [0.25, 0.81403, -1.125],
							"rotation": [0, 0, -34],
							"uv": {
								"north": {"uv": [13, 3], "uv_size": [0.5, 0.5]},
								"east": {"uv": [4, 9], "uv_size": [1.5, 0.5]},
								"south": {"uv": [4, 13], "uv_size": [0.5, 0.5]},
								"west": {"uv": [9, 5], "uv_size": [1.5, 0.5]},
								"up": {"uv": [6, 9], "uv_size": [0.5, 1.5]},
								"down": {"uv": [9, 7.5], "uv_size": [0.5, -1.5]}
							}
						},
						{
							"origin": [0.17188, 0.3609, -2.5625],
							"size": [0.07813, 0.45313, 0.15625],
							"pivot": [0.25, 0.81403, -1.9375],
							"rotation": [0, 0, -34],
							"uv": {
								"north": {"uv": [13, 4], "uv_size": [0.5, 0.5]},
								"east": {"uv": [5, 13], "uv_size": [0.5, 0.5]},
								"south": {"uv": [13, 5], "uv_size": [0.5, 0.5]},
								"west": {"uv": [6, 13], "uv_size": [0.5, 0.5]},
								"up": {"uv": [13, 6], "uv_size": [0.5, 0.5]},
								"down": {"uv": [7, 13.5], "uv_size": [0.5, -0.5]}
							}
						},
						{
							"origin": [0.17188, 0.6734, -2.6875],
							"size": [0.07813, 0.14063, 0.125],
							"pivot": [0.25, 0.81403, -1.9375],
							"rotation": [0, 0, -34],
							"uv": {
								"north": {"uv": [13, 7], "uv_size": [0.5, 0.5]},
								"east": {"uv": [8, 13], "uv_size": [0.5, 0.5]},
								"south": {"uv": [13, 8], "uv_size": [0.5, 0.5]},
								"west": {"uv": [9, 13], "uv_size": [0.5, 0.5]},
								"up": {"uv": [13, 9], "uv_size": [0.5, 0.5]},
								"down": {"uv": [10, 13.5], "uv_size": [0.5, -0.5]}
							}
						},
						{
							"origin": [0.17188, 0.3609, -2.2875],
							"size": [0.07813, 0.45313, 0.11875],
							"pivot": [0.25, 0.81403, -1.6625],
							"rotation": [0, 0, -34],
							"uv": {
								"north": {"uv": [13, 10], "uv_size": [0.5, 0.5]},
								"east": {"uv": [11, 13], "uv_size": [0.5, 0.5]},
								"south": {"uv": [13, 11], "uv_size": [0.5, 0.5]},
								"west": {"uv": [12, 13], "uv_size": [0.5, 0.5]},
								"up": {"uv": [13, 12], "uv_size": [0.5, 0.5]},
								"down": {"uv": [13, 13.5], "uv_size": [0.5, -0.5]}
							}
						},
						{
							"origin": [0.17188, 0.3609, -2.0125],
							"size": [0.07813, 0.45313, 0.11875],
							"pivot": [0.25, 0.81403, -1.3625],
							"rotation": [0, 0, -34],
							"uv": {
								"north": {"uv": [0, 14], "uv_size": [0.5, 0.5]},
								"east": {"uv": [14, 0], "uv_size": [0.5, 0.5]},
								"south": {"uv": [1, 14], "uv_size": [0.5, 0.5]},
								"west": {"uv": [14, 1], "uv_size": [0.5, 0.5]},
								"up": {"uv": [2, 14], "uv_size": [0.5, 0.5]},
								"down": {"uv": [14, 2.5], "uv_size": [0.5, -0.5]}
							}
						},
						{
							"origin": [-0.25, -0.56403, -2.5625],
							"size": [0.0625, 0.28125, 0.8125],
							"pivot": [-0.25, -0.56403, -1.9375],
							"rotation": [0, 0, -60],
							"uv": {
								"north": {"uv": [3, 14], "uv_size": [0.5, 0.5]},
								"east": {"uv": [11, 4], "uv_size": [1, 0.5]},
								"south": {"uv": [14, 3], "uv_size": [0.5, 0.5]},
								"west": {"uv": [5, 11], "uv_size": [1, 0.5]},
								"up": {"uv": [11, 5], "uv_size": [0.5, 1]},
								"down": {"uv": [6, 12], "uv_size": [0.5, -1]}
							}
						},
						{
							"origin": [-0.5, -0.42341, -2.5625],
							"size": [0.0625, 0.71556, 0.15625],
							"uv": {
								"north": {"uv": [4, 14], "uv_size": [0.5, 0.5]},
								"east": {"uv": [14, 4], "uv_size": [0.5, 0.5]},
								"south": {"uv": [5, 14], "uv_size": [0.5, 0.5]},
								"west": {"uv": [14, 5], "uv_size": [0.5, 0.5]},
								"up": {"uv": [6, 14], "uv_size": [0.5, 0.5]},
								"down": {"uv": [14, 6.5], "uv_size": [0.5, -0.5]}
							}
						},
						{
							"origin": [-0.5, -0.42341, -2.2875],
							"size": [0.0625, 0.71556, 0.11875],
							"uv": {
								"north": {"uv": [7, 14], "uv_size": [0.5, 0.5]},
								"east": {"uv": [14, 7], "uv_size": [0.5, 0.5]},
								"south": {"uv": [8, 14], "uv_size": [0.5, 0.5]},
								"west": {"uv": [14, 8], "uv_size": [0.5, 0.5]},
								"up": {"uv": [9, 14], "uv_size": [0.5, 0.5]},
								"down": {"uv": [14, 9.5], "uv_size": [0.5, -0.5]}
							}
						},
						{
							"origin": [-0.5, -0.42341, -2.0125],
							"size": [0.0625, 0.71556, 0.11875],
							"uv": {
								"north": {"uv": [10, 14], "uv_size": [0.5, 0.5]},
								"east": {"uv": [14, 10], "uv_size": [0.5, 0.5]},
								"south": {"uv": [11, 14], "uv_size": [0.5, 0.5]},
								"west": {"uv": [14, 11], "uv_size": [0.5, 0.5]},
								"up": {"uv": [12, 14], "uv_size": [0.5, 0.5]},
								"down": {"uv": [14, 12.5], "uv_size": [0.5, -0.5]}
							}
						},
						{
							"origin": [-0.5, 0.28909, -2.5625],
							"size": [0.0625, 0.14994, 0.8125],
							"uv": {
								"north": {"uv": [13, 14], "uv_size": [0.5, 0.5]},
								"east": {"uv": [11, 6], "uv_size": [1, 0.5]},
								"south": {"uv": [14, 13], "uv_size": [0.5, 0.5]},
								"west": {"uv": [7, 11], "uv_size": [1, 0.5]},
								"up": {"uv": [11, 7], "uv_size": [0.5, 1]},
								"down": {"uv": [8, 12], "uv_size": [0.5, -1]}
							}
						},
						{
							"origin": [-0.25, 0.3609, -2.5625],
							"size": [0.07813, 0.45313, 0.15625],
							"pivot": [-0.25, 0.81403, -1.9375],
							"rotation": [0, 0, 34],
							"uv": {
								"north": {"uv": [14, 14], "uv_size": [0.5, 0.5]},
								"east": {"uv": [0, 15], "uv_size": [0.5, 0.5]},
								"south": {"uv": [15, 0], "uv_size": [0.5, 0.5]},
								"west": {"uv": [1, 15], "uv_size": [0.5, 0.5]},
								"up": {"uv": [15, 1], "uv_size": [0.5, 0.5]},
								"down": {"uv": [2, 15.5], "uv_size": [0.5, -0.5]}
							}
						},
						{
							"origin": [-0.25, 0.3609, -2.2875],
							"size": [0.07813, 0.45313, 0.11875],
							"pivot": [-0.25, 0.81403, -1.6625],
							"rotation": [0, 0, 34],
							"uv": {
								"north": {"uv": [15, 2], "uv_size": [0.5, 0.5]},
								"east": {"uv": [3, 15], "uv_size": [0.5, 0.5]},
								"south": {"uv": [15, 3], "uv_size": [0.5, 0.5]},
								"west": {"uv": [4, 15], "uv_size": [0.5, 0.5]},
								"up": {"uv": [15, 4], "uv_size": [0.5, 0.5]},
								"down": {"uv": [5, 15.5], "uv_size": [0.5, -0.5]}
							}
						},
						{
							"origin": [-0.25, 0.3609, -2.0125],
							"size": [0.07813, 0.45313, 0.11875],
							"pivot": [-0.25, 0.81403, -1.3625],
							"rotation": [0, 0, 34],
							"uv": {
								"north": {"uv": [15, 5], "uv_size": [0.5, 0.5]},
								"east": {"uv": [6, 15], "uv_size": [0.5, 0.5]},
								"south": {"uv": [15, 6], "uv_size": [0.5, 0.5]},
								"west": {"uv": [7, 15], "uv_size": [0.5, 0.5]},
								"up": {"uv": [15, 7], "uv_size": [0.5, 0.5]},
								"down": {"uv": [8, 15.5], "uv_size": [0.5, -0.5]}
							}
						},
						{
							"origin": [-0.25, 0.6734, -2.6875],
							"size": [0.07813, 0.14063, 0.125],
							"pivot": [-0.25, 0.81403, -1.9375],
							"rotation": [0, 0, 34],
							"uv": {
								"north": {"uv": [15, 8], "uv_size": [0.5, 0.5]},
								"east": {"uv": [9, 15], "uv_size": [0.5, 0.5]},
								"south": {"uv": [15, 9], "uv_size": [0.5, 0.5]},
								"west": {"uv": [10, 15], "uv_size": [0.5, 0.5]},
								"up": {"uv": [15, 10], "uv_size": [0.5, 0.5]},
								"down": {"uv": [11, 15.5], "uv_size": [0.5, -0.5]}
							}
						},
						{
							"origin": [-0.25, 0.3609, -1.75],
							"size": [0.20313, 0.45313, 1.25],
							"pivot": [-0.25, 0.81403, -1.125],
							"rotation": [0, 0, 34],
							"uv": {
								"north": {"uv": [15, 11], "uv_size": [0.5, 0.5]},
								"east": {"uv": [8, 9], "uv_size": [1.5, 0.5]},
								"south": {"uv": [12, 15], "uv_size": [0.5, 0.5]},
								"west": {"uv": [0, 10], "uv_size": [1.5, 0.5]},
								"up": {"uv": [10, 0], "uv_size": [0.5, 1.5]},
								"down": {"uv": [2, 11.5], "uv_size": [0.5, -1.5]}
							}
						},
						{
							"origin": [-0.5, 0.26409, -0.75],
							"size": [1, 0.17494, 0.25],
							"uv": {
								"north": {"uv": [11, 8], "uv_size": [1, 0.5]},
								"east": {"uv": [15, 12], "uv_size": [0.5, 0.5]},
								"south": {"uv": [9, 11], "uv_size": [1, 0.5]},
								"west": {"uv": [13, 15], "uv_size": [0.5, 0.5]},
								"up": {"uv": [11, 9], "uv_size": [1, 0.5]},
								"down": {"uv": [10, 11.5], "uv_size": [1, -0.5]}
							}
						},
						{
							"origin": [-0.5, -0.07966, -0.67187],
							"size": [1, 0.34375, 0.17188],
							"pivot": [0, 0.26409, -0.5],
							"rotation": [-45, 0, 0],
							"uv": {
								"north": {"uv": [11, 10], "uv_size": [1, 0.5]},
								"east": {"uv": [15, 13], "uv_size": [0.5, 0.5]},
								"south": {"uv": [11, 11], "uv_size": [1, 0.5]},
								"west": {"uv": [14, 15], "uv_size": [0.5, 0.5]},
								"up": {"uv": [0, 12], "uv_size": [1, 0.5]},
								"down": {"uv": [12, 0.5], "uv_size": [1, -0.5]}
							}
						}
					]
				}
			]
		}
	]
}