{
    "model": "fallout:gun/x26_geo",
    "texture": "fallout:gun/uv/x26",
    "lod": {
        "model": "fallout:gun/lod/x26_lod",
        "texture": "fallout:gun/lod/x26_lod"
    },
    "hud": "fallout:gun/hud/x26",
    "slot": "fallout:gun/slot/x26",
    "animation": "fallout:x26",
    "use_default_animation": "pistol",
    "third_person_animation": "default",
    "transform": {
        "scale": {
            "thirdperson": [1, 1, 1],
            "ground": [1, 1, 1],
            "fixed": [1.5, 1.5, 1.5]
        }
    },
    "ammo": {
      "tracer_color": "#0dc2ff",
      "particle": {
        "name": "enchanted_hit",
        "delta": [
          0,
          0,
          0
        ],
        "speed": 0,
        "life_time": 40,
        "count": 5
      }
    },
    "sounds": {
        "shoot": "fallout:item/x26_fire",
        "reload_empty": "fallout:item/x26_reload",
        "reload_tactical": "fallout:item/x26_reload",
        "inspect": "fallout:item/x26_inspect",
        "inspect_empty": "fallout:item/x26_inspect",
        "draw": "fallout:item/x26_draw",
        "put_away": "fallout:item/x26_put_away",
        "shoot_3p": "fallout:item/x26_fire_3p",
        "kill": "fallout:item/x26_kill"
    },
    "offhand_show": {
      "pos": [4, 13, -1],
      "rotate": [-90, -35, 90],
      "scale": [0.5, 0.5, 0.5]
    },
    "hotbar_show": {
      "0": {
        "pos": [4, 13, -1],
        "rotate": [-90, -35, 90],
        "scale": [0.5, 0.5, 0.5]
      },
      "1": {
        "pos": [4, 13, -1],
        "rotate": [-90, -35, 90],
        "scale": [0.5, 0.5, 0.5]
      },
      "2": {
        "pos": [4, 13, -1],
        "rotate": [-90, -35, 90],
        "scale": [0.5, 0.5, 0.5]
      },
      "3": {
        "pos": [4, 13, -1],
        "rotate": [-90, -35, 90],
        "scale": [0.5, 0.5, 0.5]
      }
    }
}