{
    "materials": [
      {
        "item": {
          "type": "forge:partial_nbt",
          "item": "tacz:attachment",
          "nbt": {
            "AttachmentId": "tacz:laser_lopro"
          }
        },
        "count": 1
      },
      {
        "item": {
          "tag": "forge:ingots/gold"
        },
        "count": 10
      }
    ],
    "result": {
      "type": "attachment",
      "id": "z:laser_lopro_g"
    },
    "type": "tacz:gun_smith_table_crafting"
  }