{
  "materials": [
    {
      "item": {
        "tag": "forge:ingots/iron"
      },
      "count": 10
    },
    {
      "item": {
        "tag": "forge:ingots/gold"
      },
      "count": 10
    },
    {
      "item": {
        "tag": "forge:dusts/redstone"
      },
      "count": 4
    },
    {
      "item": {
        "tag": "forge:gems/amethyst"
      },
      "count": 4
    }
  ],
  "result": {
    "type": "attachment",
    "id": "z:laser_3eir_dirv_g"
  },
  "type": "tacz:gun_smith_table_crafting"
}