{
  "model": "wsp:gun/p60_geo",
  "texture": "wsp:gun/uv/p60",
  "hud": "wsp:gun/hud/p60",
  "slot": "wsp:gun/slot/p60",
  "animation": "wsp:p60",
  "use_default_animation": "pistol",
  "player_animator_3rd": "tacz:pistol_default.player_animation",
  "state_machine": "wsp:p60_state_machine",
  "transform": {
    "scale": {
      "thirdperson": [0.6, 0.6, 0.6],
      "ground": [0.6, 0.6, 0.6],
      "fixed": [1.2, 1.2, 1.2]
    }
  },
  "shell": {
    "initial_velocity": [5.0, 3.0, 1],
    "random_velocity": [2.5, 2, 0.25],
    "acceleration": [0.0, -20, 0.0],
    "angular_velocity": [360, -960, 90],
    "living_time": 1.0
  },
  "muzzle_flash": {
    "texture": "tacz:flash/common_muzzle_flash",
    "scale": 0.1
  },
  "sounds": {
    "reload_empty": "wsp:p60/p60_reload_empty",
    "reload_tactical": "wsp:p60/p60_reload_tactical",
    "inspect": "wsp:p60/p60_inspect",
    "inspect_empty": "wsp:p60/p60_inspect_empty",
    "draw": "wsp:p60/p60_draw",
    "put_away": "wsp:p60/p60_put_away",
    "fire_select": "no",
    "shoot_3p": "wsp:p60/p60_shoot_3p",
    "silence_3p": "wsp:p60/p60_silence_3p"
  },
  "offhand_show": {
    "pos": [4, 13, -1],
    "rotate": [-90, -35, 90],
    "scale": [0.5, 0.5, 0.5]
  },
  "hotbar_show": {
    "0": {
      "pos": [-5, 13, -1],
      "rotate": [-90, -35, 90],
      "scale": [0.5, 0.5, 0.5]
    }
  }
}