{
  "model": "wsp:gun/panzerfaust_geo",
  "texture": "wsp:gun/uv/panzerfaust",
  "lod": {
    "model": "wsp:gun/lod/panzerfaust",
    "texture": "wsp:gun/lod/panzerfaust"
  },
  "hud": "wsp:gun/hud/panzerfaust",
  "slot": "wsp:gun/slot/panzerfaust",
  "animation": "wsp:panzerfaust",
  "use_default_animation": "rifle",
  "third_person_animation": "default",
  "transform": {
    "scale": {
      "thirdperson": [0.75, 0.75, 0.75],
      "ground": [0.75, 0.75, 0.75],
      "fixed": [1.5, 1.5, 1.5]
    }
  },
  "muzzle_flash": {
    "texture": "wsp:flash/common_muzzle_flash",
    "scale": 1.5
  },
  "sounds": {
    "reload_empty": "wsp:panzerfaust/reload",
    "inspect": "wsp:panzerfaust/inspect",
    "inspect_empty": "wsp:panzerfaust/inspect",
    "draw": "wsp:panzerfaust/panzerfaust_draw",
    "put_away": "wsp:panzerfaust/put_away",
    "dry_fire": "wsp:noammo_classic",
    "shoot": "wsp:panzerfaust/shoot",
    "shoot_3p": "wsp:panzerfaust/shoot",
    "melee_push": "tacz:melee_stock/melee_stock_02",
    "melee_stock": "tacz:melee_stock/melee_stock_03"
  },
  "offhand_show": {
    "pos": [0, 18, 3],
    "rotate": [-20, 0, -45],
    "scale": [0.5, 0.5, 0.5]
  },
  "hotbar_show": {
    "0": {
      "pos": [0, 18, 3],
      "rotate": [-20, 0, -135],
      "scale": [0.5, 0.5, 0.5]
    }
  }
}