{
  "model": "wsp:gun/stg60_geo",
  "texture": "wsp:gun/uv/stg60",
  "lod": {
    "model": "wsp:gun/lod/stg60",
    "texture": "wsp:gun/lod/stg60"
  },
  "hud": "wsp:gun/hud/stg60",
  "slot": "wsp:gun/slot/stg60",
  "animation": "wsp:stg60",
  "use_default_animation": "rifle",
  "third_person_animation": "default",
  "state_machine": "wsp:stg60_state_machine",
  "transform": {
    "scale": {
      "thirdperson": [0.6, 0.6, 0.6],
      "ground": [0.6, 0.6, 0.6],
      "fixed": [1.2, 1.2, 1.2]
    }
  },
  "muzzle_flash": {
    "texture": "wsp:flash/common_muzzle_flash",
    "scale": 1.0
  },
  "iron_zoom": 1.33,
  "zoom_model_fov": 60,
  "shell": {
    "initial_velocity": [5, 2, 1],
    "random_velocity": [1, 1, 0.25],
    "acceleration": [0.0, -10, 0.0],
    "angular_velocity": [360, -1200, 90],
    "living_time": 1.0
  },
  "sounds": {
    "shoot": "wsp:stg60/stg60_shoot",
    "shoot_3p": "wsp:stg60/stg60_shoot_3p",
    "reload_empty": "wsp:stg60/stg60_reload_empty",
    "reload_tactical": "wsp:stg60/stg60_reload_tactical",
    "inspect": "wsp:stg60/stg60_inspect",
    "inspect_empty": "wsp:stg60/stg60_inspect_empty",
    "draw": "wsp:stg60/stg60_draw",
    "put_away": "wsp:stg60/stg60_put_away",
    "silence": "wsp:stg60/stg60_silence",
    "silence_3p": "wsp:stg60/stg60_silence_3p",
    "dry_fire": "tacz:dry_fire",
    "fire_select": "wsp:stg60/stg60_fire_select",
    "melee_push": "tacz:melee_stock/melee_stock_01",
    "melee_stock": "tacz:melee_stock/melee_stock_03"
  },
  "offhand_show": {
    "pos": [0, 19, 4],
    "rotate": [0, 0, 60],
    "scale": [0.5, 0.5, 0.5]
  },
  "hotbar_show": {
    "0": {
      "pos": [0, 19, 3],
      "rotate": [-180, 0, 120],
      "scale": [0.5, 0.5, 0.5]
    }
  }
}