{
	"format_version": "1.8.0",
	"animations": {
		"static_idle": {
			"loop": true,
			"bones": {
				"lefthand": {
					"rotation": [93.21968, -31.69163, -141.4455],
					"position": [8.05, -8.32, -11.07],
					"scale": [1, 1.5, 1]
				},
				"righthand": {
					"rotation": [93.97282, 13.38518, -187.12336],
					"position": [-6.225, -9.5375, 9.15],
					"scale": [1, 1.5, 1]
				},
				"root": {
					"rotation": [0, 0, 0],
					"position": [0, 0, 0]
				},
				"constraint": {
					"rotation": [0.8, 0.8, 0.8],
					"position": [0.8, 0.8, 0.8]
				},
				"hammer": {
					"rotation": [0, 0, 0]
				}
			}
		},
		"static_bolt_caught": {
			"loop": true,
			"bones": {
				"bolt": {
					"position": [0, 0, 4]
				},
				"hammer": {
					"rotation": [52.5, 0, 0]
				}
			}
		},
		"draw": {
			"animation_length": 0.7083,
			"bones": {
				"root": {
					"rotation": {
						"0.0": [38.5, -35, 57.5],
						"0.0417": [36.39, -34.06, 54.23],
						"0.0833": [33.39, -32.75, 49.59],
						"0.125": [29.92, -31.05, 44.01],
						"0.1667": [26.43, -28.93, 37.9],
						"0.2083": [22.85, -26.2, 30.51],
						"0.25": [18.98, -22.94, 21.91],
						"0.2917": [15.17, -19.51, 13.73],
						"0.3333": [11.75, -16.27, 7.6],
						"0.375": [5.76, -10.01, 2.67],
						"0.4167": [1.38, -4.78, 1.45],
						"0.4583": [-0.21, -1.95, 0.82],
						"0.5": [-0.45, -0.4, 0.82],
						"0.5417": [-0.38, 0.5, 0.22],
						"0.5833": [-0.06, 0.76, -0.27],
						"0.625": [-0.04, 0.51, -0.18],
						"0.6667": [-0.02, 0.25, -0.09],
						"0.7083": [0, 0, 0]
					},
					"position": {
						"0.0": [-4.4, -8, 2],
						"0.0417": [-3.84, -8.19, 1.58],
						"0.0833": [-3.03, -8.49, 0.98],
						"0.125": [-2.19, -8.62, 0.34],
						"0.1667": [-1.54, -8.28, -0.19],
						"0.2083": [-0.93, -5.64, -0.91],
						"0.25": [-0.62, -2.66, -1.42],
						"0.2917": [-0.32, -1.18, -1.9],
						"0.3333": [-0.12, -0.38, -1.97],
						"0.375": [-0.03, -0.22, -0.98],
						"0.4167": [0, -0.3, 0.05],
						"0.4583": [0.03, -0.21, 0.13],
						"0.5": [0.05, -0.09, -0.03],
						"0.5417": [0.05, 0, -0.15],
						"0.5833": [0.01, 0.02, -0.06],
						"0.625": [-0.02, 0, 0.05],
						"0.6667": [-0.02, 0, 0.05],
						"0.7083": [-0.01, 0, 0.02],
						"0.75": [0, 0, 0]
					}
				},
				"lefthand": {
					"rotation": [93.21968, -31.69163, -141.4455],
					"position": [8.05, -8.32, -11.07],
					"scale": [1, 1.5, 1]
				},
				"righthand": {
					"rotation": [93.97282, 13.38518, -187.12336],
					"position": [-6.225, -9.5375, 9.15],
					"scale": [1, 1.5, 1]
				},
				"camera": {
					"rotation": {
						"0.0": {
							"post": [0, 0, 0],
							"lerp_mode": "catmullrom"
						},
						"0.0833": {
							"post": [-0.11, 0, -0.06],
							"lerp_mode": "catmullrom"
						},
						"0.125": {
							"post": [-0.2, 0, -0.1],
							"lerp_mode": "catmullrom"
						},
						"0.2083": {
							"post": [-0.29, 0, 0.19],
							"lerp_mode": "catmullrom"
						},
						"0.25": {
							"post": [-0.2, 0, -0.1],
							"lerp_mode": "catmullrom"
						},
						"0.375": {
							"post": [0.1, 0, -0.2],
							"lerp_mode": "catmullrom"
						},
						"0.4583": {
							"post": [-0.43, 0, -0.06],
							"lerp_mode": "catmullrom"
						},
						"0.5417": {
							"post": [-0.1, 0, 0.1],
							"lerp_mode": "catmullrom"
						},
						"0.625": {
							"post": [0.01, 0, 0.11],
							"lerp_mode": "catmullrom"
						},
						"0.7083": {
							"post": [0, 0, 0.1],
							"lerp_mode": "catmullrom"
						}
					}
				}
			}
		},
		"put_away": {
			"animation_length": 0.5833,
			"bones": {
				"lefthand": {
					"rotation": [93.21968, -31.69163, -141.4455],
					"position": [8.05, -8.32, -11.07],
					"scale": [1, 1.5, 1]
				},
				"righthand": {
					"rotation": [93.97282, 13.38518, -187.12336],
					"position": [-6.225, -9.5375, 9.15],
					"scale": [1, 1.5, 1]
				},
				"root": {
					"rotation": {
						"0.0": [0, 0, 0],
						"0.0417": [6.05, -0.25, 4.4],
						"0.0833": [14.76, -0.61, 10.79],
						"0.125": [24.35, -1.03, 17.38],
						"0.1667": [33.06, -1.46, 22.35],
						"0.2083": [43.57, -2.07, 25.68],
						"0.25": [53.56, -2.73, 27.2],
						"0.2917": [61.35, -3.43, 28.43],
						"0.3333": [66.37, -4.11, 29.85],
						"0.375": [69.18, -4.81, 30.98],
						"0.4167": [69.74, -5.69, 31.86],
						"0.4583": [67.92, -6.61, 32.33],
						"0.5": [64.33, -7.71, 32.64],
						"0.5417": [60.47, -8.74, 32.84],
						"0.5833": [57.86, -9.46, 32.99]
					},
					"position": {
						"0.0": [0, 0, 0],
						"0.0417": [-0.24, -0.75, 0.59],
						"0.0833": [-0.58, -1.82, 1.44],
						"0.125": [-0.96, -3.11, 2.34],
						"0.1667": [-1.3, -4.54, 3.1],
						"0.2083": [-1.48, -5.64, 3.49],
						"0.25": [-1.64, -6.93, 3.84],
						"0.2917": [-1.79, -8.29, 4.16],
						"0.3333": [-1.95, -9.61, 4.44],
						"0.375": [-2.15, -10.77, 4.68],
						"0.4167": [-2.4, -11.65, 4.9],
						"0.4583": [-2.94, -12.42, 5.15],
						"0.5": [-3.62, -12.77, 5.31],
						"0.5417": [-4.26, -12.89, 5.42],
						"0.5833": [-4.7, -13, 5.5]
					}
				},
				"camera": {
					"rotation": {
						"0.0": {
							"post": [0, 0, 0],
							"lerp_mode": "catmullrom"
						},
						"0.125": {
							"post": [1.5, 0, -0.9],
							"lerp_mode": "catmullrom"
						},
						"0.2083": {
							"post": [1.33, 0, -0.4],
							"lerp_mode": "catmullrom"
						},
						"0.2917": {
							"post": [0.5, 0, 0.5],
							"lerp_mode": "catmullrom"
						},
						"0.375": {
							"post": [0.02, 0, 0.1],
							"lerp_mode": "catmullrom"
						},
						"0.4583": {
							"post": [-0.1, 0, 0],
							"lerp_mode": "catmullrom"
						},
						"0.5833": {
							"post": [0, 0, 0],
							"lerp_mode": "catmullrom"
						}
					}
				}
			}
		},
		"bolt": {
			"animation_length": 0.75,
			"bones": {
				"lefthand": {
					"rotation": {
						"0.0": [93.21968, -31.69163, -141.4455],
						"0.2917": [93.21968, -31.69163, -141.4455]
					},
					"position": {
						"0.0": [8.05, -8.32, -11.07],
						"0.0833": [8.05, -8.32, -6.8825],
						"0.2083": [8.05, -8.32, -6.8825],
						"0.25": [8.05, -8.32, -9.3825],
						"0.2917": [8.05, -8.32, -11.07]
					},
					"scale": {
						"0.0": [1, 1.5, 1],
						"0.2917": [1, 1.5, 1]
					}
				},
				"righthand": {
					"rotation": [93.97282, 13.38518, -187.12336],
					"position": [-6.225, -9.5375, 9.15],
					"scale": [1, 1.5, 1]
				},
				"root": {
					"rotation": {
						"0.0": [0, 0, 0],
						"0.0417": [-2.85, 0.21, 10.31],
						"0.0833": [-5.97, 0.52, 20.2],
						"0.125": [-7.72, 1.1, 20.47],
						"0.1667": [-8.2, 1.41, 16.91],
						"0.2083": [-6.4, 0.65, 12.15],
						"0.25": [-4.01, -0.24, 6.43],
						"0.2917": [-1.49, -0.4, -4.56],
						"0.3333": [-0.59, -0.46, -3.88],
						"0.375": [0.01, -0.44, -1.56],
						"0.4167": [0.12, -0.27, -0.69],
						"0.4583": [0.06, -0.03, 0.09],
						"0.5": [0, 0.13, 0.56],
						"0.5417": [0, 0.13, 0.55],
						"0.5833": [0, 0.06, 0.25],
						"0.625": [0, 0, 0],
						"0.6667": [0, -0.01, -0.04],
						"0.7083": [0, 0, -0.02],
						"0.75": [0, 0, 0]
					},
					"position": {
						"0.0": [0, 0, 0],
						"0.0417": [-0.01, 0.03, 0.7],
						"0.0833": [0, 0.08, 1.38],
						"0.125": [0.07, 0.12, 1.5],
						"0.1667": [0.13, 0.13, 1.25],
						"0.2083": [0.07, 0.08, 0.45],
						"0.25": [0, 0, -0.3],
						"0.2917": [0, -0.19, 0.1],
						"0.3333": [0, -0.18, 0.08],
						"0.375": [0, -0.12, 0],
						"0.4167": [0, -0.05, -0.01],
						"0.4583": [0, 0.01, -0.01],
						"0.5": [0, 0.02, -0.01],
						"0.5417": [0, 0.01, -0.01],
						"0.5833": [0, 0.01, -0.01],
						"0.625": [0, 0.01, -0.01],
						"0.6667": [0, 0, 0],
						"0.7083": [0, 0, 0],
						"0.75": [0, 0, 0]
					}
				},
				"constraint": {
					"rotation": [0.8, 0.8, 0.8],
					"position": [0.8, 0.8, 0.8]
				},
				"pump": {
					"position": {
						"0.0": [0, 0, 0],
						"0.0417": [0, 0, 2],
						"0.0833": [0, 0, 4],
						"0.2083": [0, 0, 4],
						"0.2917": [0, 0, 0]
					}
				},
				"hammer": {
					"rotation": {
						"0.0": [52.5, 0, 0],
						"0.0833": [-10, 0, 0],
						"0.2083": [-10, 0, 0],
						"0.2917": [0, 0, 0]
					}
				},
				"bone5": {
					"position": {
						"0.0": [0, 0, 0],
						"0.0417": [0, 0, 2.06],
						"0.0833": [0, 0, 4.125],
						"0.2083": [0, 0, 4.125],
						"0.2917": [0, 0, 0]
					}
				},
				"bone7": {
					"rotation": {
						"0.0": [0, 0, 0],
						"0.0417": [2.5, 0, 0],
						"0.0833": [5, 0, 0],
						"0.2083": [5, 0, 0],
						"0.2917": [0, 0, 0]
					}
				},
				"bone6": {
					"rotation": {
						"0.0": [0, 0, 0],
						"0.0417": [15.76, 0, 0],
						"0.0833": [31.5, 0, 0],
						"0.2083": [31.5, 0, 0],
						"0.2917": [0, 0, 0]
					},
					"position": {
						"0.0": [0, 0, 0],
						"0.0417": [0, -0.16, -0.22],
						"0.0833": [0, -0.3125, -0.4375],
						"0.2083": [0, -0.3125, -0.4375],
						"0.2917": [0, 0, 0]
					}
				},
				"bullet12g": {
					"rotation": {
						"0.0": [0, 0, 0],
						"0.0833": [0, 0, 0],
						"0.125": [-7.1837, 32.03037, 23.41927],
						"0.1667": [148.04408, 35.87491, 191.76856],
						"0.2083": [172.43592, -18.18471, 195.67972],
						"0.3333": [147.30494, -7.7222, -195.69409],
						"0.4583": [114.90226, -56.69242, -125.95164],
						"0.5417": [0, 0, 0]
					},
					"position": {
						"0.0": [0, 0, 0],
						"0.0833": [0, 0, 0],
						"0.2083": [-10, -0.37, 7.32],
						"0.3333": [-30.75, -0.37, 16.07],
						"0.4583": [-35.4375, -12.1825, 17.07],
						"0.5": [-5.6725, -14.6125, 1.27],
						"0.5417": [0, 0, 0]
					},
					"scale": {
						"0.0": [1, 1, 1],
						"0.3333": [1, 1, 1],
						"0.4583": [0, 0, 0],
						"0.5": [0, 0, 0],
						"0.5417": [1, 1, 1]
					}
				},
				"camera": {
					"rotation": {
						"0.0": {
							"post": [0, 0, 0],
							"lerp_mode": "catmullrom"
						},
						"0.0417": {
							"post": [0, 0, 0.0625],
							"lerp_mode": "catmullrom"
						},
						"0.0833": {
							"post": [0, 0, 0.315],
							"lerp_mode": "catmullrom"
						},
						"0.125": {
							"post": [0, 0, -0.2475],
							"lerp_mode": "catmullrom"
						},
						"0.1667": {
							"post": [0, 0, 0.19],
							"lerp_mode": "catmullrom"
						},
						"0.25": {
							"post": [0, 0, -0.1825],
							"lerp_mode": "catmullrom"
						},
						"0.3333": {
							"post": [0, 0, -0.12],
							"lerp_mode": "catmullrom"
						},
						"0.375": {
							"post": [0, 0, 0],
							"lerp_mode": "catmullrom"
						}
					}
				}
			},
			"sound_effects": {
				"0.0": {
					"effect": "rebel:rs1/rs1_bolt"
				}
			}
		},
		"reload_intro": {
			"animation_length": 0.7667,
			"bones": {
				"lefthand": {
					"rotation": {
						"0.0": [93.21968, -31.69163, -141.4455],
						"0.2333": [93.22, -31.69, -141.45],
						"0.4667": [88.3762, -45.68871, -128.66083]
					},
					"position": {
						"0.0": [8.05, -8.32, -11.07],
						"0.2333": [8.05, -8.32, -11.07],
						"0.4667": [7.05, -7.445, -7.7575]
					},
					"scale": [1, 1.5, 1]
				},
				"righthand": {
					"rotation": {
						"0.0": [93.97282, 13.38518, -187.12336],
						"0.2": [93.97282, 13.38518, -187.12336],
						"0.4667": [98.54, 13.27, -167.31]
					},
					"position": {
						"0.0": [-6.225, -9.5375, 9.15],
						"0.2": [-6.225, -9.5375, 9.15],
						"0.4667": [-6.39, -17.06, 9.73]
					},
					"scale": {
						"0.0": [1, 1.5, 1],
						"0.2": [1, 1.5, 1],
						"0.4667": [1, 1.5, 1],
						"0.5": [1, 2, 1]
					}
				},
				"root": {
					"rotation": {
						"0.0": [0, 0, 0],
						"0.0333": [0.25, -0.19, 3.39],
						"0.0667": [0.98, -0.47, 7.94],
						"0.1": [1.52, -0.89, 9.91],
						"0.1333": [2.15, -1.6, 12.18],
						"0.1667": [2.91, -2.18, 14.38],
						"0.2": [3.81, -2.18, 16.15],
						"0.2333": [4.85, -1.16, 17.11],
						"0.2667": [6.34, 1.3, 16.59],
						"0.3": [8.24, 4.89, 14.82],
						"0.3333": [10.15, 9, 12.84],
						"0.3667": [11.63, 13, 11.7],
						"0.4": [12.25, 16.28, 12.43],
						"0.4333": [11.98, 18.14, 14.62],
						"0.4667": [11.19, 19.85, 18.02],
						"0.5": [10.05, 21.41, 22.16],
						"0.5333": [8.73, 22.8, 26.61],
						"0.5667": [7.4, 24.02, 30.92],
						"0.6": [6.24, 25.05, 34.65],
						"0.6333": [5.4, 25.9, 37.34],
						"0.6667": [4.55, 26.77, 39.81],
						"0.7": [4.08, 26.97, 40.65],
						"0.7333": [3.81, 26.87, 40.73],
						"0.7667": [3.61, 26.84, 40.86]
					},
					"position": {
						"0.0": [0, 0, 0],
						"0.0333": [0.05, -0.02, -0.04],
						"0.0667": [0.1, -0.1, -0.4],
						"0.1": [0.09, -0.18, -0.77],
						"0.1333": [0.06, -0.3, -1.26],
						"0.1667": [0.03, -0.42, -1.83],
						"0.2": [0.04, -0.53, -2.42],
						"0.2333": [0.1, -0.6, -3],
						"0.2667": [0.21, -0.63, -3.68],
						"0.3": [0.35, -0.64, -4.5],
						"0.3333": [0.53, -0.62, -5.27],
						"0.3667": [0.78, -0.61, -5.83],
						"0.4": [1.1, -0.6, -6],
						"0.4333": [1.42, -0.6, -5.78],
						"0.4667": [1.82, -0.6, -5.31],
						"0.5": [2.26, -0.6, -4.66],
						"0.5333": [2.72, -0.6, -3.94],
						"0.5667": [3.15, -0.6, -3.23],
						"0.6": [3.53, -0.6, -2.62],
						"0.6333": [3.8, -0.6, -2.2],
						"0.6667": [4.05, -0.59, -1.88],
						"0.7": [4.12, -0.58, -1.82],
						"0.7333": [4.11, -0.57, -1.89],
						"0.7667": [4.11, -0.56, -1.92]
					}
				},
				"constraint": {
					"rotation": [0.8, 0.8, 0.8],
					"position": [0.8, 0.8, 0.8]
				},
				"pump": {
					"position": [0, 0, 0]
				},
				"hammer": {
					"rotation": [0, 0, 0]
				},
				"bone5": {
					"position": [0, 0, 0]
				},
				"bone7": {
					"rotation": [0, 0, 0]
				},
				"bone6": {
					"rotation": [0, 0, 0],
					"position": [0, 0, 0]
				},
				"bullet12g": {
					"rotation": [0, 0, 0],
					"position": [0, 0, 0],
					"scale": 0
				}
			},
			"sound_effects": {
				"0.0": {
					"effect": "rebel:rs1/rs1_reload_intro"
				}
			}
		},
		"reload_intro_empty": {
			"animation_length": 2.3,
			"bones": {
				"lefthand": {
					"rotation": {
						"0.0": [93.21968, -31.69163, -141.4455],
						"0.0667": [93.8352, -31.6301, -142.61814],
						"0.1333": [93.84931, -30.75743, -141.13249],
						"0.1667": [94.77528, -28.79645, -140.98024],
						"0.3": {
							"pre": [94.11057, -32.25534, -135.58466],
							"post": [94.11057, -32.25534, -135.58466],
							"lerp_mode": "catmullrom"
						},
						"0.4333": {
							"post": [91.01292, -27.36026, -171.77125],
							"lerp_mode": "catmullrom"
						},
						"0.5333": {
							"post": [75.28782, -30.35236, -182.67209],
							"lerp_mode": "catmullrom"
						},
						"0.7": {
							"post": [111.17264, -54.36371, -150.4357],
							"lerp_mode": "catmullrom"
						},
						"0.8333": {
							"post": [112.71164, -62.78752, -121.853],
							"lerp_mode": "catmullrom"
						},
						"0.9333": {
							"post": [112.71164, -62.78752, -121.853],
							"lerp_mode": "catmullrom"
						},
						"1.0333": {
							"post": [80.38843, -41.36756, -121.8439],
							"lerp_mode": "catmullrom"
						},
						"1.1667": {
							"post": [94.64806, -25.80658, -140.70296],
							"lerp_mode": "catmullrom"
						},
						"1.3333": {
							"post": [94.24626, -24.0699, -137.2554],
							"lerp_mode": "catmullrom"
						},
						"1.4667": {
							"post": [94.25, -24.07, -137.26],
							"lerp_mode": "catmullrom"
						},
						"1.5": [93.84931, -30.75743, -141.13249],
						"1.5333": [93.8352, -31.6301, -142.61814],
						"1.5667": [93.21968, -31.69163, -141.4455],
						"1.6333": [93.21968, -31.69163, -141.4455]
					},
					"position": {
						"0.0": [8.05, -8.32, -11.07],
						"0.0667": [7.4, -8.02, -9.945],
						"0.1333": [7.4, -8.02, -8.445],
						"0.1667": [7.4, -8.02, -5.97],
						"0.3": {
							"pre": [7.4, -8.02, -5.565],
							"post": [7.4, -8.02, -5.565],
							"lerp_mode": "catmullrom"
						},
						"0.4333": {
							"post": [11.025, -14.52, -5.56],
							"lerp_mode": "catmullrom"
						},
						"0.5333": {
							"post": [11.03, -19.645, -5.56],
							"lerp_mode": "catmullrom"
						},
						"0.6333": {
							"post": [4.0925, -16.8975, -5.56],
							"lerp_mode": "catmullrom"
						},
						"0.7": {
							"post": [2.03, -7.14, -0.4975],
							"lerp_mode": "catmullrom"
						},
						"0.8333": {
							"post": [3.405, -7.14, -0.5],
							"lerp_mode": "catmullrom"
						},
						"0.9333": {
							"post": [3.405, -7.14, -0.5],
							"lerp_mode": "catmullrom"
						},
						"1.0333": {
							"post": [5.49, -11.2675, -3.24],
							"lerp_mode": "catmullrom"
						},
						"1.1667": {
							"post": [7.4, -8.02, -5.97],
							"lerp_mode": "catmullrom"
						},
						"1.3333": {
							"post": [7.4, -8.02, -5.97],
							"lerp_mode": "catmullrom"
						},
						"1.4667": {
							"post": [7.4, -8.02, -5.97],
							"lerp_mode": "catmullrom"
						},
						"1.5": [7.4, -8.02, -8.445],
						"1.5333": [7.4, -8.02, -9.945],
						"1.5667": [8.05, -8.32, -11.07],
						"1.6333": [8.05, -8.32, -11.07]
					},
					"scale": [1, 1.5, 1]
				},
				"righthand": {
					"rotation": {
						"0.0": [93.97282, 13.38518, -187.12336],
						"1.7333": [93.97282, 13.38518, -187.12336],
						"2.0": [98.54, 13.27, -167.31]
					},
					"position": {
						"0.0": [-6.225, -9.5375, 9.15],
						"1.7333": [-5.975, -9.2875, 9.15],
						"2.0": [-6.39, -17.06, 9.73]
					},
					"scale": {
						"0.0": [1, 1.5, 1],
						"1.7333": [1, 1.5, 1],
						"2.0": [1, 1.5, 1],
						"2.0333": [1, 2, 1]
					}
				},
				"root": {
					"rotation": {
						"0.0": [0, 0, 0],
						"0.0333": [1.05, -0.37, -0.97],
						"0.0667": [2.13, -1, -0.12],
						"0.1": [2.34, -1.34, 1.87],
						"0.1333": [2.43, -1.7, 4.53],
						"0.1667": [2.52, -2.53, 10.79],
						"0.2": [2.34, -3.12, 14.35],
						"0.2333": [1.5, -3.33, 10.5],
						"0.2667": [0.81, -3.26, 7.37],
						"0.3": [0.04, -3.14, 4.46],
						"0.3333": [-1.47, -3, 2.4],
						"0.3667": [-3.27, -2.74, 1.09],
						"0.4": [-4.1, -2.46, 1.12],
						"0.4333": [-4.79, -2.13, 1.45],
						"0.4667": [-5.46, -1.43, 2.5],
						"0.5": [-6.03, -0.49, 4.03],
						"0.5333": [-6.5, 0.52, 6.22],
						"0.5667": [-6.89, 1.44, 9.26],
						"0.6": [-7.05, 1.8, 10.81],
						"0.6333": [-7.22, 2.08, 13.37],
						"0.6667": [-7.69, 2.44, 24.48],
						"0.7": [-7.96, 2.37, 38.17],
						"0.7333": [-7.94, 2.36, 43.92],
						"0.7667": [-7.81, 2.4, 48.39],
						"0.8": [-7.2, 2.78, 51.83],
						"0.8333": [-6.25, 3.31, 53.02],
						"0.8667": [-5.28, 3.72, 52.87],
						"0.9": [-4.91, 3.81, 52.6],
						"0.9333": [-4.63, 3.73, 52.3],
						"0.9667": [-4.45, 2.72, 51.9],
						"1.0": [-4.63, 1.16, 50.21],
						"1.0333": [-4.75, 0.08, 44.57],
						"1.0667": [-4.56, -0.06, 30.93],
						"1.1": [-4.42, 0.07, 22.03],
						"1.1333": [-4.31, 0.27, 13.34],
						"1.1667": [-4.29, 0.74, 1.41],
						"1.2": [-4.68, 1.17, -0.06],
						"1.2333": [-4.99, 1.43, 0.91],
						"1.2667": [-5.32, 1.71, 2.56],
						"1.3": [-5.86, 2.24, 6.57],
						"1.3333": [-5.98, 2.62, 9.24],
						"1.3667": [-5.31, 2.79, 10.67],
						"1.4": [-4.74, 2.79, 11.16],
						"1.4333": [-4.07, 2.76, 11.34],
						"1.4667": [-2.62, 2.7, 10.23],
						"1.5": [-0.74, 2.65, 5.94],
						"1.5333": [1.36, 2.57, -0.12],
						"1.5667": [2.7, 2.45, -4.78],
						"1.6": [2.62, 2.31, -6.51],
						"1.6333": [2.38, 2.19, -7.66],
						"1.6667": [2.69, 1.09, -2.6],
						"1.7": [3.14, -0.58, 4.95],
						"1.7333": [3.82, -1.71, 12.38],
						"1.7667": [4.85, -1.16, 17.11],
						"1.8": [6.24, 1.12, 17.59],
						"1.8333": [8.14, 4.69, 15.94],
						"1.8667": [10.08, 8.87, 13.59],
						"1.9": [11.61, 12.96, 11.94],
						"1.9333": [12.25, 16.28, 12.43],
						"1.9667": [11.98, 18.14, 14.63],
						"2.0": [11.19, 19.85, 18.02],
						"2.0333": [10.05, 21.41, 22.16],
						"2.0667": [8.73, 22.8, 26.61],
						"2.1": [7.4, 24.01, 30.92],
						"2.1333": [6.24, 25.05, 34.64],
						"2.1667": [5.4, 25.9, 37.34],
						"2.2": [4.55, 26.77, 39.8],
						"2.2333": [4.08, 26.97, 40.65],
						"2.2667": [3.81, 26.87, 40.73],
						"2.3": [3.61, 26.84, 40.86]
					},
					"position": {
						"0.0": [0, 0, 0],
						"0.0333": [-0.04, -0.3, 0.07],
						"0.0667": [-0.12, -0.68, 0.25],
						"0.1": [-0.17, -0.82, 0.38],
						"0.1333": [-0.23, -0.95, 0.54],
						"0.1667": [-0.35, -1.23, 0.91],
						"0.2": [-0.43, -1.43, 1.13],
						"0.2333": [-0.44, -1.55, 0.96],
						"0.2667": [-0.43, -1.56, 0.82],
						"0.3": [-0.43, -1.55, 0.69],
						"0.3333": [-0.49, -1.43, 0.59],
						"0.3667": [-0.57, -1.26, 0.55],
						"0.4": [-0.58, -1.26, 0.6],
						"0.4333": [-0.56, -1.3, 0.69],
						"0.4667": [-0.46, -1.52, 0.97],
						"0.5": [-0.31, -1.87, 1.4],
						"0.5333": [-0.14, -2.27, 1.86],
						"0.5667": [0.02, -2.65, 2.22],
						"0.6": [0.08, -2.79, 2.35],
						"0.6333": [0.14, -2.92, 2.38],
						"0.6667": [0.24, -3.15, 2.02],
						"0.7": [0.3, -3.23, 1.3],
						"0.7333": [0.32, -3.26, 0.99],
						"0.7667": [0.33, -3.29, 0.75],
						"0.8": [0.34, -3.36, 0.64],
						"0.8333": [0.35, -3.42, 0.65],
						"0.8667": [0.34, -3.46, 0.71],
						"0.9": [0.33, -3.47, 0.73],
						"0.9333": [0.33, -3.48, 0.75],
						"0.9667": [0.34, -3.5, 0.76],
						"1.0": [0.33, -3.48, 0.78],
						"1.0333": [0.21, -3.29, 0.75],
						"1.0667": [-0.15, -2.79, 0.67],
						"1.1": [-0.39, -2.46, 0.62],
						"1.1333": [-0.62, -2.12, 0.55],
						"1.1667": [-0.98, -1.6, 0.38],
						"1.2": [-1.09, -1.42, 0.19],
						"1.2333": [-1.11, -1.38, 0.08],
						"1.2667": [-1.11, -1.35, -0.04],
						"1.3": [-1.11, -1.32, -0.27],
						"1.3333": [-1.1, -1.29, -0.44],
						"1.3667": [-1.12, -1.23, -0.52],
						"1.4": [-1.12, -1.2, -0.53],
						"1.4333": [-1.11, -1.18, -0.54],
						"1.4667": [-1.11, -1.12, -0.65],
						"1.5": [-1.14, -0.99, -1.03],
						"1.5333": [-1.18, -0.85, -1.49],
						"1.5667": [-1.1, -0.79, -1.63],
						"1.6": [-0.99, -0.81, -1.47],
						"1.6333": [-0.9, -0.84, -1.3],
						"1.6667": [-0.71, -0.79, -1.56],
						"1.7": [-0.46, -0.72, -1.95],
						"1.7333": [-0.17, -0.65, -2.44],
						"1.7667": [0.1, -0.6, -3],
						"1.8": [0.27, -0.58, -3.63],
						"1.8333": [0.42, -0.58, -4.43],
						"1.8667": [0.58, -0.59, -5.23],
						"1.9": [0.79, -0.6, -5.81],
						"1.9333": [1.1, -0.6, -6],
						"1.9667": [1.42, -0.6, -5.78],
						"2.0": [1.82, -0.6, -5.31],
						"2.0333": [2.26, -0.6, -4.66],
						"2.0667": [2.72, -0.6, -3.94],
						"2.1": [3.15, -0.6, -3.23],
						"2.1333": [3.52, -0.6, -2.62],
						"2.1667": [3.8, -0.6, -2.2],
						"2.2": [4.05, -0.59, -1.88],
						"2.2333": [4.12, -0.58, -1.82],
						"2.2667": [4.11, -0.57, -1.89],
						"2.3": [4.11, -0.56, -1.92]
					}
				},
				"constraint": {
					"rotation": [0.8, 0.8, 0.8],
					"position": [0.8, 0.8, 0.8]
				},
				"hammer": {
					"rotation": [0, 0, 0]
				},
				"bullet12g": {
					"rotation": {
						"0.0": [0, 0, 0],
						"0.0667": [0, 0, 0],
						"0.1333": [-10, 0, 0],
						"0.1667": [2.0374, 10.99322, 0.38868],
						"0.2": [31.26128, 34.26722, 50.72034],
						"0.2667": [138.98714, 79.01368, 152.81788],
						"0.3667": [147.30494, -7.7222, -195.69409],
						"0.5": [114.90226, -56.69242, -125.95164],
						"0.6333": [-2.074, 10.4164, -0.83915],
						"0.6667": [-0.2132, 10.61652, 9.33011],
						"0.7": [4.67539, 9.54457, 36.74046],
						"0.7667": [1.72354, 16.5415, 36.95342],
						"0.8": [8.14616, 4.03025, 107.27475],
						"0.9333": [6.17133, 6.67686, 86.34798],
						"1.0": [6.19345, -8.23689, 84.73698],
						"1.4667": [6.19345, -8.23689, 84.73698],
						"1.5": [-8, 0, 0],
						"1.5333": [0, 0, 0]
					},
					"position": {
						"0.0": [0, 0, 0],
						"0.0667": [0, 0, 0],
						"0.1333": [0, -0.375, 2.125],
						"0.1667": [-0.5, -0.37, 4.3175],
						"0.2667": [-10, -0.37, 7.32],
						"0.3667": [-30.75, -0.37, 16.07],
						"0.5": [-35.4375, -12.1825, 5.07],
						"0.5667": [-14.55, -15.9075, -0.21],
						"0.6333": [-4.11, -10.3625, -2.855],
						"0.6667": [-4.11, -4.36, 0.765],
						"0.7": [-3.2975, -0.0475, 3.3325],
						"0.7667": [-1.6125, -0.05, 3.7675],
						"0.8": [-0.0475, -0.675, 3.77],
						"0.9333": [-0.05, -1.545, 3.77],
						"1.0": [-0.05, -2.04, 4.52],
						"1.4667": [-0.05, -2.04, 4.52],
						"1.5": [-0.2375, -0.29, 2.145],
						"1.5333": [0, 0, 0]
					},
					"scale": {
						"0.0": [1, 1, 1],
						"1.5333": [1, 1, 1]
					}
				},
				"tdb": {
					"rotation": {
						"0.0": [0, 0, 0],
						"0.1333": [0, 0, 0],
						"0.2": [5, 0, 0],
						"0.3": [2, 0, 0],
						"0.3333": [-13, 0, 0],
						"0.3667": [-5, 0, 0],
						"0.4667": [0, 0, 0],
						"0.9333": [0, 0, 0],
						"1.0333": [6, 0, 0],
						"1.4667": [6, 0, 0],
						"1.5": [-11, 0, 0],
						"1.5333": [-7, 0, 0],
						"1.5667": [4, 0, 0]
					}
				},
				"pump": {
					"position": {
						"0.0": [0, 0, 0],
						"0.0667": [0, 0, 0.0625],
						"0.1333": [0, 0, 2.12],
						"0.1667": [0, 0, 4.185],
						"0.3": [0, 0, 4.185],
						"1.3667": [0, 0, 4.185],
						"1.4333": [0, 0, 4.2475],
						"1.4667": [0, 0, 4.1875],
						"1.5333": [0, 0, 0]
					}
				}
			},
			"sound_effects": {
				"0.0": {
					"effect": "rebel:rs1/rs1_reload_intro_empty"
				}
			}
		},
		"reload_loop": {
			"animation_length": 1,
			"bones": {
				"lefthand": {
					"rotation": [88.3762, -45.68871, -128.66083],
					"position": [7.05, -7.445, -7.7575],
					"scale": [1, 1.5, 1]
				},
				"righthand": {
					"rotation": {
						"0.0": {
							"post": [98.54, 13.27, -167.31],
							"lerp_mode": "catmullrom"
						},
						"0.1667": {
							"post": [137.75248, -6.71405, -146.46798],
							"lerp_mode": "catmullrom"
						},
						"0.3333": {
							"post": [137.75248, -6.71405, -146.46798],
							"lerp_mode": "catmullrom"
						},
						"0.4": [112.02939, -5.39864, -149.19569],
						"0.5333": [112.02939, -5.39864, -149.19569],
						"0.7": [106.19516, 13.28751, -148.79533],
						"1.0": {
							"pre": [98.54, 13.27, -167.31],
							"post": [98.54, 13.27, -167.31],
							"lerp_mode": "catmullrom"
						}
					},
					"position": {
						"0.0": {
							"post": [-6.39, -17.06, 9.73],
							"lerp_mode": "catmullrom"
						},
						"0.1333": {
							"post": [-8.07, -11.46, 3.52],
							"lerp_mode": "catmullrom"
						},
						"0.1667": {
							"post": [-7.10906, -10.43687, 1.58783],
							"lerp_mode": "catmullrom"
						},
						"0.3333": {
							"post": [-7.09232, -9.99753, 0.84844],
							"lerp_mode": "catmullrom"
						},
						"0.4": [-6.87144, -10.2072, 0.25871],
						"0.5333": [-6.87144, -10.2072, 0.25871],
						"0.6": [-6.9106, -10.47026, 0.43373],
						"0.7": [-6.91441, -10.71485, 1.00749],
						"1.0": {
							"pre": [-6.39, -17.06, 9.73],
							"post": [-6.39, -17.06, 9.73],
							"lerp_mode": "catmullrom"
						}
					},
					"scale": {
						"0.0": [1, 1.5, 1],
						"1.0": [1, 1.5, 1]
					}
				},
				"root": {
					"rotation": {
						"0.0": [3.61, 26.84, 40.86],
						"0.0333": [4.22, 26.78, 41.6],
						"0.0667": [5.13, 26.68, 42.74],
						"0.1": [6.13, 26.58, 43.96],
						"0.1333": [7.03, 26.5, 44.92],
						"0.1667": [7.61, 26.46, 45.31],
						"0.2": [7.92, 26.52, 44.8],
						"0.2333": [7.96, 26.63, 43.57],
						"0.2667": [7.71, 26.76, 42.1],
						"0.3": [7.17, 26.86, 40.86],
						"0.3333": [5.56, 26.93, 39.32],
						"0.3667": [3.43, 26.97, 37.91],
						"0.4": [2.09, 26.97, 37.49],
						"0.4333": [2.08, 26.93, 38.17],
						"0.4667": [2.51, 26.86, 39.46],
						"0.5": [3.14, 26.78, 40.98],
						"0.5333": [3.76, 26.71, 42.33],
						"0.5667": [4.11, 26.68, 43.09],
						"0.6": [4.17, 26.68, 43.17],
						"0.6333": [4.15, 26.69, 43.03],
						"0.6667": [4.09, 26.71, 42.73],
						"0.7": [3.99, 26.74, 42.32],
						"0.7333": [3.87, 26.77, 41.87],
						"0.7667": [3.76, 26.8, 41.44],
						"0.8": [3.66, 26.82, 41.08],
						"0.8333": [3.61, 26.84, 40.86]
					},
					"position": {
						"0.0": [4.11, -0.56, -1.92],
						"0.0333": [4.11, -0.57, -1.93],
						"0.0667": [4.11, -0.6, -1.96],
						"0.1": [4.12, -0.63, -1.98],
						"0.1333": [4.12, -0.65, -2],
						"0.1667": [4.11, -0.66, -2.02],
						"0.2": [4.1, -0.66, -2.02],
						"0.2333": [4.09, -0.64, -2.02],
						"0.2667": [4.07, -0.63, -2.02],
						"0.3": [4.05, -0.61, -2.02],
						"0.3333": [4.04, -0.59, -2.02],
						"0.3667": [4.03, -0.57, -2.02],
						"0.4": [4.02, -0.56, -2.02],
						"0.4333": [4.03, -0.55, -2.04],
						"0.4667": [4.05, -0.55, -2.07],
						"0.5": [4.08, -0.56, -2.1],
						"0.5333": [4.11, -0.56, -2.12],
						"0.5667": [4.12, -0.56, -2.12],
						"0.6": [4.13, -0.56, -2.11],
						"0.6333": [4.13, -0.56, -2.09],
						"0.6667": [4.13, -0.56, -2.06],
						"0.7": [4.12, -0.56, -2.03],
						"0.7333": [4.12, -0.56, -1.99],
						"0.7667": [4.11, -0.56, -1.96],
						"0.8": [4.11, -0.56, -1.94],
						"0.8333": [4.11, -0.56, -1.92]
					}
				},
				"constraint": {
					"rotation": [0.8, 0.8, 0.8],
					"position": [0.8, 0.8, 0.8]
				},
				"pump": {
					"position": [0, 0, 0]
				},
				"hammer": {
					"rotation": [0, 0, 0]
				},
				"bone5": {
					"position": [0, 0, 0]
				},
				"bone7": {
					"rotation": [0, 0, 0]
				},
				"bone6": {
					"rotation": [0, 0, 0],
					"position": [0, 0, 0]
				},
				"bullet12g": {
					"rotation": {
						"0.0": [0, 0, 0],
						"0.0667": [-17.00355, -0.97814, 0.20799],
						"0.1333": [-13.94283, -1.46721, 0.31199],
						"0.1667": [-12.0071, -1.95628, 0.41599],
						"0.3": [-15.0071, -1.95628, 0.41599],
						"0.4": [-0.00355, -0.97814, 0.20799],
						"0.4333": [0, 0, 0]
					},
					"position": {
						"0.0": [0, 0, 0],
						"0.0667": [-0.5, -4.7625, 8.5],
						"0.1": [-1.03, -5.2525, 7.28],
						"0.1333": [-1.55, -4.1125, 6.05],
						"0.1667": [-0.2, -3.4125, 3.6],
						"0.3": [-0.2, -2.425, 2.9],
						"0.3667": [-0.15, -0.32, 2.32],
						"0.4": [-0.1, -0.15, 1.75],
						"0.4333": [0, 0, 0]
					},
					"scale": {
						"0.0": [0, 0, 0],
						"0.0667": [0, 0, 0],
						"0.1": [1, 1, 1],
						"0.1333": [1, 1, 1],
						"0.4333": [1, 1, 1],
						"0.4667": [0, 0, 0]
					}
				}
			},
			"sound_effects": {
				"0.0333": {
					"effect": "rebel:rs1/rs1_reload_loop"
				}
			}
		},
		"reload_end": {
			"animation_length": 1.3333,
			"bones": {
				"lefthand": {
					"rotation": {
						"0.0": [88.3762, -45.68871, -128.66083],
						"0.2": [88.60339, -35.69214, -129.00797],
						"0.5": [79.83315, -34.42423, -113.80062],
						"0.6667": [93.21968, -31.69163, -141.4455]
					},
					"position": {
						"0.0": [7.05, -7.445, -7.7575],
						"0.2": [7.05, -7.445, -5.2575],
						"0.5": [7.05, -7.445, -5.2575],
						"0.6667": [8.05, -8.32, -11.07]
					},
					"scale": [1, 1.5, 1]
				},
				"righthand": {
					"rotation": {
						"0.0": {
							"post": [98.54, 13.27, -167.31],
							"lerp_mode": "catmullrom"
						},
						"0.2667": {
							"post": [90.30634, 13.94869, -202.55225],
							"lerp_mode": "catmullrom"
						},
						"0.4667": [93.97282, 13.38518, -187.12336]
					},
					"position": {
						"0.0": {
							"post": [-6.39, -17.06, 9.73],
							"lerp_mode": "catmullrom"
						},
						"0.2667": {
							"post": [-8.275, -12.3875, 4.75],
							"lerp_mode": "catmullrom"
						},
						"0.4667": [-6.225, -9.5375, 9.15]
					},
					"scale": {
						"0.0": [1, 1.5, 1],
						"0.4667": [1, 1.5, 1]
					}
				},
				"root": {
					"rotation": {
						"0.0": [3.61, 26.84, 40.86],
						"0.0333": [3.39, 26.89, 41],
						"0.0667": [3.04, 27.02, 41.33],
						"0.1": [2.96, 26.84, 40.85],
						"0.1333": [3.56, 25.98, 38.55],
						"0.1667": [4.49, 25.11, 36.01],
						"0.2": [5.88, 24.02, 32.65],
						"0.2333": [7.52, 22.74, 28.71],
						"0.2667": [9.19, 21.29, 24.46],
						"0.3": [10.69, 19.72, 20.16],
						"0.3333": [11.78, 18.04, 16.06],
						"0.3667": [12.25, 16.28, 12.43],
						"0.4": [11.93, 13.89, 8.37],
						"0.4333": [10.9, 11.06, 4.12],
						"0.4667": [9.42, 8.08, 0.03],
						"0.5": [7.75, 5.23, -3.55],
						"0.5333": [6.16, 2.77, -6.27],
						"0.5667": [4.89, 1, -7.8],
						"0.6": [3.69, -0.09, -7.44],
						"0.6333": [2.56, -0.37, -5.13],
						"0.6667": [1.55, -0.18, -1.95],
						"0.7": [0.68, 0.12, 1.05],
						"0.7333": [0, 0.2, 2.8],
						"0.7667": [-0.66, -0.09, 2.79],
						"0.8": [-0.88, -0.37, 1.29],
						"0.8333": [-0.9, -0.5, 0],
						"0.8667": [-0.7, -0.34, -0.51],
						"0.9": [-0.3, -0.02, -0.8],
						"0.9333": [0, 0.2, -0.9],
						"0.9667": [0.05, 0.22, -0.86],
						"1.0": [0.07, 0.2, -0.75],
						"1.0333": [0.06, 0.17, -0.59],
						"1.0667": [0.05, 0.12, -0.42],
						"1.1": [0.03, 0.07, -0.24],
						"1.1333": [0.01, 0.03, -0.1],
						"1.1667": [0, 0, 0],
						"1.2": [0, -0.01, 0.07],
						"1.2333": [0, -0.01, 0.03],
						"1.2667": [0, 0, 0]
					},
					"position": {
						"0.0": [4.11, -0.56, -1.92],
						"0.0333": [4.16, -0.56, -2],
						"0.0667": [4.24, -0.56, -2.11],
						"0.1": [4.23, -0.56, -2.33],
						"0.1333": [4.01, -0.56, -2.72],
						"0.1667": [3.72, -0.56, -3.11],
						"0.2": [3.33, -0.57, -3.66],
						"0.2333": [2.86, -0.58, -4.28],
						"0.2667": [2.36, -0.58, -4.9],
						"0.3": [1.87, -0.59, -5.45],
						"0.3333": [1.44, -0.6, -5.84],
						"0.3667": [1.1, -0.6, -6],
						"0.4": [0.81, -0.61, -5.86],
						"0.4333": [0.59, -0.63, -5.47],
						"0.4667": [0.42, -0.64, -4.89],
						"0.5": [0.3, -0.65, -4.23],
						"0.5333": [0.19, -0.64, -3.57],
						"0.5667": [0.1, -0.6, -3],
						"0.6": [0.02, -0.51, -2.35],
						"0.6333": [-0.01, -0.37, -1.65],
						"0.6667": [-0.01, -0.23, -0.97],
						"0.7": [0, -0.09, -0.39],
						"0.7333": [0, 0, 0],
						"0.7667": [-0.01, 0.04, 0.16],
						"0.8": [-0.01, 0.04, 0.12],
						"0.8333": [0, 0.03, -0.01],
						"0.8667": [0, 0.01, -0.15],
						"0.9": [0, 0, -0.2],
						"0.9333": [0, 0, -0.16],
						"0.9667": [0, 0, -0.09],
						"1.0": [0, 0, 0],
						"1.0333": [0, 0, 0.09],
						"1.0667": [0, 0, 0.16],
						"1.1": [0, 0, 0.2],
						"1.1333": [0, 0, 0.2],
						"1.1667": [0, 0, 0.15],
						"1.2": [0, 0, 0.09],
						"1.2333": [0, 0, 0.04],
						"1.2667": [0, 0, 0]
					}
				},
				"constraint": {
					"rotation": [0.8, 0.8, 0.8],
					"position": [0.8, 0.8, 0.8]
				},
				"pump": {
					"position": [0, 0, 0]
				},
				"hammer": {
					"rotation": [0, 0, 0]
				},
				"bone5": {
					"position": [0, 0, 0]
				},
				"bone7": {
					"rotation": [0, 0, 0]
				},
				"bone6": {
					"rotation": [0, 0, 0],
					"position": [0, 0, 0]
				},
				"bullet12g": {
					"rotation": [0, 0, 0],
					"position": [0, 0, 0],
					"scale": {
						"0.0": [0, 0, 0],
						"0.0333": [1, 1, 1]
					}
				}
			},
			"sound_effects": {
				"0.0": {
					"effect": "rebel:rs1/rs1_reload_end"
				}
			}
		},
		"shoot": {
			"loop": true,
			"animation_length": 1.2083,
			"bones": {
				"root": {
					"rotation": {
						"0.0": [0, 0, 0],
						"0.0417": [3.73, 0, 5.45],
						"0.0833": [-7.89, 0, -7.64],
						"0.125": [-7.07, 0.4, -3.32],
						"0.1667": [-4.69, 1.37, -4.16],
						"0.2083": [-2.77, 1.8, -5.47],
						"0.25": [-1.94, 1.13, -2.42],
						"0.2917": [-1.68, 0.81, -2.57],
						"0.3333": [-0.86, 0, -2.57],
						"0.375": [0.53, 0.01, -1.69],
						"0.4167": [1.06, 0.22, 0.9],
						"0.4583": [1.39, 0.43, 1.61],
						"0.5": [1.24, 0.22, 1.48],
						"0.5417": [0.69, -0.24, 0.83],
						"0.5833": [-0.04, -0.96, -0.42],
						"0.625": [-0.13, -0.92, -0.5],
						"0.6667": [-0.05, -0.78, -0.48],
						"0.7083": [0.14, -0.57, -0.38],
						"0.75": [0.56, -0.13, -0.12],
						"0.7917": [0.68, 0, 0],
						"0.8333": [0.74, 0.09, 0.25],
						"0.875": [0.72, 0.07, 0.53],
						"0.9167": [0.43, 0.04, 0.71],
						"0.9583": [0.18, 0.03, 0.65],
						"1.0": [-0.07, 0.01, 0.55],
						"1.0417": [-0.22, 0, 0.45],
						"1.0833": [-0.16, 0, 0.21],
						"1.125": [-0.07, 0, 0.09],
						"1.1667": [0, 0, 0]
					},
					"position": {
						"0.0": [0, 0, 0],
						"0.0417": [0, -0.16, 3.43],
						"0.0833": [0, -0.82, 3.04],
						"0.125": [0, -0.77, 2.68],
						"0.1667": [0, -0.69, 2.46],
						"0.2083": [0, -0.6, 2.15],
						"0.25": [0, -0.46, 1.52],
						"0.2917": [0, -0.4, 1],
						"0.3333": [0, -0.32, 0.65],
						"0.375": [0, -0.29, 0.39],
						"0.4167": [0, -0.21, 0.19],
						"0.4583": [0, -0.17, 0.16],
						"0.5": [0, -0.13, 0.14],
						"0.5417": [0, -0.09, 0.03],
						"0.5833": [0, -0.04, -0.12],
						"0.625": [0, -0.01, -0.16],
						"0.6667": [0, 0, -0.13],
						"0.7083": [0, 0, -0.07],
						"0.75": [0, 0, 0.03],
						"0.7917": [0, 0, 0.03],
						"0.8333": [0, 0, 0.03],
						"0.875": [0, 0, 0.02],
						"0.9167": [0, 0, 0],
						"0.9583": [0, 0, 0],
						"1.0": [0, 0, 0],
						"1.0417": [0, 0, 0],
						"1.0833": [0, 0, 0],
						"1.125": [0, 0, 0],
						"1.1667": [0, 0, 0],
						"1.2083": [0, 0, 0]
					}
				},
				"camera": {
					"rotation": {
						"0.0": [0, 0, 0],
						"0.0417": [0, 0, 1.58],
						"0.0833": [0, 0, -0.87],
						"0.125": [0, 0, -0.51],
						"0.1667": [0, 0, 0.14],
						"0.2083": [0, 0, 0.85],
						"0.25": [0, 0, 0.4],
						"0.2917": [0, 0, 0.08],
						"0.3333": [0, 0, -0.2],
						"0.375": [0, 0, -0.24],
						"0.4167": [0, 0, -0.02],
						"0.4583": [0, 0, 0.13],
						"0.5": [0, 0, 0.2],
						"0.5417": [0, 0, 0.2],
						"0.5833": [0, 0, 0.15],
						"0.625": [0, 0, 0.1],
						"0.6667": [0, 0, 0.06],
						"0.7083": [0, 0, 0.02],
						"0.75": [0, 0, 0]
					}
				},
				"bolt": {
					"position": {
						"0.0": [0, 0, 0],
						"0.0417": [0, 0, 4],
						"0.125": [0, 0, 0]
					}
				}
			}
		},
		"inspect": {
			"animation_length": 7.875,
			"bones": {
				"lefthand": {
					"rotation": {
						"0.0": [93.21968, -31.69163, -141.4455],
						"0.1667": [88.04404, -43.76565, -134.06652],
						"0.2917": [85.30454, -37.03988, -124.34676],
						"1.5833": [85.3, -37.04, -124.35],
						"1.8333": [66.82553, -30.07662, -91.61909],
						"2.5": [66.83, -30.08, -91.62],
						"2.7917": [77.30958, -35.36797, -110.86416],
						"3.0417": [77.30958, -35.36797, -110.86416],
						"7.0833": [77.30958, -35.36797, -110.86416],
						"7.25": [93.21968, -31.69163, -141.4455]
					},
					"position": {
						"0.0": [8.05, -8.32, -11.07],
						"0.1667": [8.05, -11.0075, -5.6325],
						"0.2917": [7.9875, -8.135, 0.62],
						"1.5833": [7.99, -8.13, 0.62],
						"1.8333": [6.8025, -9.1925, 0.62],
						"2.5": [6.8, -9.19, 0.62],
						"2.7917": [6.8025, -8.255, -3.1925],
						"3.0417": [6.8025, -8.255, -3.1925],
						"7.0833": [6.8025, -8.255, -3.1925],
						"7.25": [8.05, -8.32, -11.07]
					},
					"scale": [1, 1.5, 1]
				},
				"righthand": {
					"rotation": [93.97282, 13.38518, -187.12336],
					"position": [-6.225, -9.5375, 9.15],
					"scale": [1, 1.5, 1]
				},
				"20_5mm_bullet": {
					"rotation": {
						"0.0": [0, 0, 0],
						"2.0": [0, 0, 0],
						"2.1667": [-5, 0, 0],
						"2.25": [-7, 0, 0],
						"2.4167": [-7, 0, 0],
						"2.4583": [-7, 0, 0],
						"2.625": [-7, 0, 0],
						"2.6667": [1, 0, 0],
						"2.7083": [0, 0, 0]
					},
					"position": {
						"0.0": [0, 0, 0],
						"2.0": [0, 0, 0],
						"2.0417": [0, 0, 0.4375],
						"2.0833": [0, 0, 0.69],
						"2.125": [0, 0, 1.065],
						"2.1667": [0, -0.125, 1.445],
						"2.25": [0, -0.12, 1.7625],
						"2.4167": [0, -0.12, 1.7625],
						"2.4583": [0, -0.12, 1.9475],
						"2.625": [0, -0.12, 1.9475],
						"2.6667": [0, -0.12, 0.95],
						"2.7083": [0, 0, 0]
					}
				},
				"root": {
					"rotation": {
						"0.0": [0, 0, 0],
						"0.0417": [1.39, -1.68, 1.51],
						"0.0833": [3.55, -4.15, 3.77],
						"0.125": [4.94, -6.6, 5.65],
						"0.1667": [4, -8.25, 6],
						"0.2083": [1.29, -8.7, 4.88],
						"0.25": [-2.92, -8.81, 2.85],
						"0.2917": [-7.93, -8.68, 0.3],
						"0.3333": [-13.06, -8.41, -2.35],
						"0.375": [-17.6, -8.12, -4.71],
						"0.4167": [-20.87, -7.9, -6.38],
						"0.4583": [-23.13, -7.65, -7.47],
						"0.5": [-24.35, -7.32, -8.03],
						"0.5417": [-24.84, -6.97, -8.22],
						"0.5833": [-24.9, -6.67, -8.24],
						"0.625": [-24.84, -6.51, -8.27],
						"0.6667": [-24.61, -6.49, -8.27],
						"0.7083": [-24.03, -6.55, -8.16],
						"0.75": [-23.23, -6.66, -7.96],
						"0.7917": [-22.32, -6.82, -7.73],
						"0.8333": [-21.44, -7.01, -7.5],
						"0.875": [-20.7, -7.21, -7.32],
						"0.9167": [-19.88, -7.5, -7.15],
						"0.9583": [-18.99, -7.86, -6.98],
						"1.0": [-18.19, -8.25, -6.82],
						"1.0417": [-17.6, -8.63, -6.67],
						"1.0833": [-17.39, -8.95, -6.56],
						"1.125": [-17.91, -9.32, -6.41],
						"1.1667": [-19.04, -9.68, -6.26],
						"1.2083": [-20.22, -9.95, -6.21],
						"1.25": [-20.87, -10.04, -6.37],
						"1.2917": [-20.56, -9.72, -7.32],
						"1.3333": [-19.64, -9.14, -8.58],
						"1.375": [-18.98, -8.74, -8.94],
						"1.4167": [-18.89, -8.67, -7.93],
						"1.4583": [-18.96, -8.71, -6.15],
						"1.5": [-19.13, -8.83, -4.41],
						"1.5417": [-19.35, -9.02, -3.51],
						"1.5833": [-19.76, -9.3, -3.69],
						"1.625": [-20.35, -9.66, -4.5],
						"1.6667": [-20.78, -10.06, -5.77],
						"1.7083": [-20.7, -10.46, -7.3],
						"1.75": [-20.19, -10.73, -8.66],
						"1.7917": [-19.33, -11.02, -10.43],
						"1.8333": [-18.31, -11.32, -12.34],
						"1.875": [-17.27, -11.61, -14.15],
						"1.9167": [-16.4, -11.87, -15.58],
						"1.9583": [-15.84, -12.1, -16.38],
						"2.0": [-15.8, -12.34, -16.54],
						"2.0417": [-16.07, -12.7, -16.44],
						"2.0833": [-16.51, -13.09, -16.11],
						"2.125": [-17.01, -13.45, -15.58],
						"2.1667": [-17.41, -13.69, -14.89],
						"2.2083": [-17.58, -13.75, -14.06],
						"2.25": [-17.38, -13.53, -13.13],
						"2.2917": [-16.69, -12.97, -12.13],
						"2.3333": [-15.62, -12.34, -11.37],
						"2.375": [-13.97, -11.55, -10.56],
						"2.4167": [-11.9, -10.63, -9.71],
						"2.4583": [-9.57, -9.57, -8.79],
						"2.5": [-7.15, -8.41, -7.81],
						"2.5417": [-4.81, -7.16, -6.75],
						"2.5833": [-2.71, -5.82, -5.6],
						"2.625": [-1.01, -4.42, -4.37],
						"2.6667": [0.12, -2.98, -3.02],
						"2.7083": [0.51, -1.5, -1.57],
						"2.75": [0, 0, 0],
						"2.7917": [-2.48, 2.33, 2.57],
						"2.8333": [-6.77, 5.06, 5.67],
						"2.875": [-12.3, 8.01, 9.08],
						"2.9167": [-18.51, 11.02, 12.6],
						"2.9583": [-24.85, 13.91, 16.04],
						"3.0": [-30.74, 16.5, 19.19],
						"3.0417": [-35.63, 18.61, 21.85],
						"3.0833": [-38.96, 20.06, 23.82],
						"3.125": [-41.09, 20.87, 25.29],
						"3.1667": [-41.54, 20.66, 25.78],
						"3.2083": [-40.88, 19.81, 25.65],
						"3.25": [-39.67, 18.7, 25.22],
						"3.2917": [-38.46, 17.7, 24.85],
						"3.3333": [-37.82, 17.18, 24.89],
						"3.375": [-37.59, 17.15, 25.46],
						"3.4167": [-37.34, 17.35, 26.23],
						"3.4583": [-37.12, 17.67, 27.02],
						"3.5": [-36.94, 17.98, 27.65],
						"3.5417": [-36.86, 18.15, 27.96],
						"3.5833": [-36.87, 18.17, 27.9],
						"3.625": [-36.94, 18.15, 27.69],
						"3.6667": [-37.04, 18.11, 27.35],
						"3.7083": [-37.16, 18.05, 26.95],
						"3.75": [-37.29, 17.98, 26.53],
						"3.7917": [-37.4, 17.9, 26.14],
						"3.8333": [-37.5, 17.81, 25.83],
						"3.875": [-37.55, 17.73, 25.65],
						"3.9167": [-37.57, 17.69, 25.59],
						"3.9583": [-37.59, 17.63, 25.54],
						"4.0": [-37.6, 17.56, 25.49],
						"4.0417": [-37.62, 17.48, 25.46],
						"4.0833": [-37.63, 17.4, 25.43],
						"4.125": [-37.63, 17.31, 25.42],
						"4.1667": [-37.63, 17.23, 25.42],
						"4.2083": [-37.63, 17.15, 25.44],
						"4.25": [-37.62, 17.08, 25.48],
						"4.2917": [-37.6, 17.02, 25.54],
						"4.3333": [-37.57, 16.97, 25.63],
						"4.375": [-37.54, 16.93, 25.74],
						"4.4167": [-37.49, 16.91, 25.89],
						"4.4583": [-37.43, 16.92, 26.07],
						"4.5": [-37.36, 16.94, 26.28],
						"4.5417": [-37.21, 17.03, 26.76],
						"4.5833": [-37.04, 17.17, 27.34],
						"4.625": [-36.84, 17.35, 28],
						"4.6667": [-36.61, 17.57, 28.75],
						"4.7083": [-36.34, 17.83, 29.59],
						"4.75": [-36.04, 18.14, 30.51],
						"4.7917": [-35.7, 18.49, 31.52],
						"4.8333": [-35.31, 18.89, 32.61],
						"4.875": [-34.67, 19.57, 34.34],
						"4.9167": [-33.88, 20.44, 36.41],
						"4.9583": [-33.02, 21.39, 38.62],
						"5.0": [-32.17, 22.3, 40.81],
						"5.0417": [-31.41, 23.08, 42.77],
						"5.0833": [-30.79, 23.61, 44.34],
						"5.125": [-30.33, 23.84, 45.5],
						"5.1667": [-29.96, 23.85, 46.41],
						"5.2083": [-29.68, 23.72, 47.1],
						"5.25": [-29.46, 23.54, 47.61],
						"5.2917": [-29.29, 23.4, 47.99],
						"5.3333": [-29.18, 23.38, 48.26],
						"5.375": [-29.14, 23.42, 48.35],
						"5.4167": [-29.13, 23.5, 48.37],
						"5.4583": [-29.14, 23.59, 48.34],
						"5.5": [-29.17, 23.69, 48.26],
						"5.5417": [-29.22, 23.81, 48.15],
						"5.5833": [-29.27, 23.93, 48.02],
						"5.625": [-29.33, 24.04, 47.87],
						"5.6667": [-29.39, 24.15, 47.71],
						"5.7083": [-29.45, 24.25, 47.56],
						"5.75": [-29.51, 24.33, 47.42],
						"5.7917": [-29.55, 24.39, 47.31],
						"5.8333": [-29.59, 24.42, 47.22],
						"5.875": [-29.61, 24.43, 47.17],
						"5.9167": [-29.62, 24.43, 47.14],
						"5.9583": [-29.63, 24.41, 47.11],
						"6.0": [-29.64, 24.39, 47.1],
						"6.0417": [-29.64, 24.35, 47.09],
						"6.0833": [-29.64, 24.3, 47.08],
						"6.125": [-29.65, 24.24, 47.06],
						"6.1667": [-29.66, 24.17, 47.04],
						"6.2083": [-29.67, 24.08, 47],
						"6.25": [-29.69, 23.98, 46.95],
						"6.2917": [-29.72, 23.88, 46.87],
						"6.3333": [-29.76, 23.75, 46.77],
						"6.375": [-29.83, 23.63, 46.71],
						"6.4167": [-29.95, 23.52, 46.73],
						"6.4583": [-30.09, 23.41, 46.8],
						"6.5": [-30.24, 23.3, 46.88],
						"6.5417": [-30.4, 23.16, 46.93],
						"6.5833": [-30.54, 23, 46.92],
						"6.625": [-30.66, 22.8, 46.8],
						"6.6667": [-30.75, 22.55, 46.54],
						"6.7083": [-30.78, 22.24, 46.1],
						"6.75": [-30.76, 21.85, 45.43],
						"6.7917": [-30.66, 21.38, 44.51],
						"6.8333": [-30.42, 19.65, 40.58],
						"6.875": [-30.09, 17.44, 35.17],
						"6.9167": [-29.03, 14.94, 29.16],
						"6.9583": [-26.6, 12.38, 23.37],
						"7.0": [-23.69, 10.51, 19.5],
						"7.0417": [-19.75, 8.43, 15.3],
						"7.0833": [-15.29, 6.28, 11.07],
						"7.125": [-10.85, 4.22, 7.13],
						"7.1667": [-6.93, 2.42, 3.8],
						"7.2083": [-4.05, 1.05, 1.39],
						"7.25": [-0.9, -0.73, -0.17],
						"7.2917": [-0.5, -0.97, 1.2],
						"7.3333": [-0.09, -0.84, 1.75],
						"7.375": [-0.02, -0.36, 2.48],
						"7.4167": [0, 0, 2.74],
						"7.4583": [0.04, 0.07, 2.01],
						"7.5": [0.02, 0.04, 0.8],
						"7.5417": [0, 0, -0.09],
						"7.5833": [0, 0, -0.27],
						"7.625": [0, 0, -0.13],
						"7.6667": [0, 0, 0]
					},
					"position": {
						"0.0": [0, 0, 0],
						"0.0417": [0.04, -0.07, -0.28],
						"0.0833": [0.11, -0.17, -0.7],
						"0.125": [0.15, -0.22, -1.12],
						"0.1667": [0.13, -0.12, -1.44],
						"0.2083": [0.05, 0.07, -1.56],
						"0.25": [-0.07, 0.36, -1.64],
						"0.2917": [-0.21, 0.71, -1.68],
						"0.3333": [-0.35, 1.06, -1.71],
						"0.375": [-0.47, 1.36, -1.73],
						"0.4167": [-0.56, 1.57, -1.75],
						"0.4583": [-0.6, 1.69, -1.77],
						"0.5": [-0.61, 1.72, -1.78],
						"0.5417": [-0.59, 1.7, -1.77],
						"0.5833": [-0.57, 1.66, -1.76],
						"0.625": [-0.56, 1.63, -1.75],
						"0.6667": [-0.56, 1.62, -1.75],
						"0.7083": [-0.56, 1.61, -1.76],
						"0.75": [-0.56, 1.59, -1.76],
						"0.7917": [-0.56, 1.57, -1.76],
						"0.8333": [-0.56, 1.54, -1.76],
						"0.875": [-0.56, 1.51, -1.75],
						"0.9167": [-0.56, 1.45, -1.74],
						"0.9583": [-0.56, 1.37, -1.72],
						"1.0": [-0.56, 1.3, -1.7],
						"1.0417": [-0.56, 1.25, -1.68],
						"1.0833": [-0.56, 1.23, -1.66],
						"1.125": [-0.56, 1.27, -1.64],
						"1.1667": [-0.56, 1.37, -1.62],
						"1.2083": [-0.56, 1.48, -1.6],
						"1.25": [-0.56, 1.57, -1.56],
						"1.2917": [-0.56, 1.66, -1.51],
						"1.3333": [-0.56, 1.74, -1.44],
						"1.375": [-0.56, 1.82, -1.38],
						"1.4167": [-0.56, 1.89, -1.33],
						"1.4583": [-0.56, 1.97, -1.27],
						"1.5": [-0.56, 2.04, -1.22],
						"1.5417": [-0.56, 2.07, -1.19],
						"1.5833": [-0.57, 2.02, -1.14],
						"1.625": [-0.58, 1.91, -1.09],
						"1.6667": [-0.58, 1.83, -1.09],
						"1.7083": [-0.56, 1.88, -1.19],
						"1.75": [-0.53, 2.04, -1.36],
						"1.7917": [-0.49, 2.27, -1.6],
						"1.8333": [-0.44, 2.55, -1.88],
						"1.875": [-0.39, 2.83, -2.16],
						"1.9167": [-0.35, 3.08, -2.4],
						"1.9583": [-0.31, 3.26, -2.56],
						"2.0": [-0.29, 3.35, -2.65],
						"2.0417": [-0.29, 3.46, -2.72],
						"2.0833": [-0.29, 3.55, -2.78],
						"2.125": [-0.29, 3.62, -2.81],
						"2.1667": [-0.28, 3.65, -2.81],
						"2.2083": [-0.27, 3.63, -2.77],
						"2.25": [-0.24, 3.55, -2.69],
						"2.2917": [-0.18, 3.39, -2.56],
						"2.3333": [-0.14, 3.19, -2.41],
						"2.375": [-0.11, 2.91, -2.2],
						"2.4167": [-0.08, 2.57, -1.95],
						"2.4583": [-0.05, 2.19, -1.67],
						"2.5": [-0.01, 1.79, -1.38],
						"2.5417": [0.04, 1.38, -1.08],
						"2.5833": [0.12, 0.99, -0.79],
						"2.625": [0.21, 0.64, -0.52],
						"2.6667": [0.34, 0.34, -0.29],
						"2.7083": [0.5, 0.12, -0.11],
						"2.75": [0.7, 0, 0],
						"2.7917": [1.07, -0.01, 0.05],
						"2.8333": [1.54, 0.13, 0],
						"2.875": [2.09, 0.37, -0.11],
						"2.9167": [2.68, 0.68, -0.27],
						"2.9583": [3.26, 1.03, -0.46],
						"3.0": [3.82, 1.37, -0.63],
						"3.0417": [4.32, 1.66, -0.78],
						"3.0833": [4.71, 1.88, -0.87],
						"3.125": [5.4, 2.2, -0.96],
						"3.1667": [5.8, 2.39, -0.95],
						"3.2083": [6.1, 2.56, -0.93],
						"3.25": [6.36, 2.74, -0.92],
						"3.2917": [6.53, 2.9, -0.89],
						"3.3333": [6.67, 3.01, -0.87],
						"3.375": [6.77, 3.03, -0.87],
						"3.4167": [6.87, 3.04, -0.87],
						"3.4583": [6.95, 3.03, -0.87],
						"3.5": [7.02, 3.02, -0.87],
						"3.5417": [7.06, 3.01, -0.87],
						"3.5833": [7.06, 3.01, -0.87],
						"3.625": [7.05, 3.01, -0.87],
						"3.6667": [7.02, 3.01, -0.87],
						"3.7083": [6.99, 3.01, -0.87],
						"3.75": [6.96, 3.01, -0.87],
						"3.7917": [6.92, 3.01, -0.87],
						"3.8333": [6.89, 3.01, -0.87],
						"3.875": [6.87, 3.01, -0.87],
						"3.9167": [6.86, 3.01, -0.87],
						"3.9583": [6.86, 3.01, -0.87],
						"4.0": [6.85, 3.01, -0.87],
						"4.0417": [6.85, 3, -0.87],
						"4.0833": [6.84, 3, -0.87],
						"4.125": [6.84, 3, -0.87],
						"4.1667": [6.84, 3, -0.87],
						"4.2083": [6.83, 2.99, -0.87],
						"4.25": [6.83, 2.99, -0.87],
						"4.2917": [6.83, 2.99, -0.87],
						"4.3333": [6.83, 2.99, -0.87],
						"4.375": [6.82, 2.99, -0.87],
						"4.4167": [6.82, 3, -0.87],
						"4.4583": [6.81, 3, -0.87],
						"4.5": [6.81, 3.01, -0.87],
						"4.5417": [6.78, 3.02, -0.87],
						"4.5833": [6.74, 3.03, -0.87],
						"4.625": [6.69, 3.04, -0.87],
						"4.6667": [6.65, 3.05, -0.87],
						"4.7083": [6.61, 3.07, -0.87],
						"4.75": [6.6, 3.11, -0.87],
						"4.7917": [6.62, 3.17, -0.87],
						"4.8333": [6.69, 3.26, -0.87],
						"4.875": [6.86, 3.44, -0.87],
						"4.9167": [7.11, 3.68, -0.87],
						"4.9583": [7.41, 3.95, -0.87],
						"5.0": [7.72, 4.22, -0.87],
						"5.0417": [7.99, 4.46, -0.87],
						"5.0833": [8.19, 4.64, -0.87],
						"5.125": [8.31, 4.74, -0.87],
						"5.1667": [8.37, 4.79, -0.87],
						"5.2083": [8.41, 4.81, -0.87],
						"5.25": [8.42, 4.81, -0.87],
						"5.2917": [8.43, 4.81, -0.87],
						"5.3333": [8.44, 4.83, -0.87],
						"5.375": [8.45, 4.84, -0.87],
						"5.4167": [8.46, 4.85, -0.87],
						"5.4583": [8.46, 4.86, -0.87],
						"5.5": [8.47, 4.87, -0.87],
						"5.5417": [8.47, 4.88, -0.87],
						"5.5833": [8.47, 4.89, -0.87],
						"5.625": [8.47, 4.9, -0.87],
						"5.6667": [8.46, 4.91, -0.87],
						"5.7083": [8.46, 4.92, -0.87],
						"5.75": [8.46, 4.92, -0.87],
						"5.7917": [8.46, 4.93, -0.87],
						"5.8333": [8.46, 4.93, -0.87],
						"5.875": [8.46, 4.93, -0.87],
						"5.9167": [8.46, 4.93, -0.87],
						"5.9583": [8.47, 4.93, -0.87],
						"6.0": [8.47, 4.93, -0.87],
						"6.0417": [8.47, 4.93, -0.87],
						"6.0833": [8.47, 4.92, -0.87],
						"6.125": [8.47, 4.92, -0.87],
						"6.1667": [8.47, 4.91, -0.87],
						"6.2083": [8.47, 4.91, -0.87],
						"6.25": [8.46, 4.9, -0.87],
						"6.2917": [8.45, 4.9, -0.87],
						"6.3333": [8.44, 4.89, -0.87],
						"6.375": [8.41, 4.89, -0.88],
						"6.4167": [8.38, 4.88, -0.88],
						"6.4583": [8.34, 4.88, -0.89],
						"6.5": [8.28, 4.87, -0.9],
						"6.5417": [8.19, 4.86, -0.91],
						"6.5833": [8.08, 4.84, -0.91],
						"6.625": [7.95, 4.83, -0.92],
						"6.6667": [7.83, 4.82, -0.93],
						"6.7083": [7.65, 4.8, -0.93],
						"6.75": [7.34, 4.73, -0.91],
						"6.7917": [6.84, 4.58, -0.87],
						"6.8333": [5.79, 4.26, -0.77],
						"6.875": [4.4, 3.84, -0.63],
						"6.9167": [2.99, 3.34, -0.47],
						"6.9583": [1.87, 2.78, -0.29],
						"7.0": [1.35, 2.33, -0.14],
						"7.0417": [0.93, 1.79, 0.04],
						"7.0833": [0.59, 1.23, 0.23],
						"7.125": [0.32, 0.69, 0.4],
						"7.1667": [0.11, 0.22, 0.53],
						"7.2083": [-0.07, -0.12, 0.6],
						"7.25": [-0.22, -0.4, 0.46],
						"7.2917": [-0.15, -0.38, 0.16],
						"7.3333": [-0.07, -0.3, -0.06],
						"7.375": [-0.05, -0.21, -0.07],
						"7.4167": [-0.02, -0.05, 0],
						"7.4583": [0, 0.06, 0.06],
						"7.5": [0, 0.07, 0.05],
						"7.5417": [0.01, 0.06, 0.04],
						"7.5833": [0, 0.04, 0.03],
						"7.625": [0, 0.01, 0.01],
						"7.6667": [0, 0, 0]
					}
				},
				"camera": {
					"rotation": {
						"0.0": {
							"post": [0, 0, 0],
							"lerp_mode": "catmullrom"
						},
						"0.1667": {
							"post": [0, 0, -0.0275],
							"lerp_mode": "catmullrom"
						},
						"0.2917": {
							"post": [-0.5, 0, 0.25],
							"lerp_mode": "catmullrom"
						},
						"0.7083": {
							"post": [-0.625, 0, 0.125],
							"lerp_mode": "catmullrom"
						},
						"1.0833": {
							"post": [-0.625, 0, 0.005],
							"lerp_mode": "catmullrom"
						},
						"1.4167": {
							"post": [-0.625, 0, 0.125],
							"lerp_mode": "catmullrom"
						},
						"1.5417": {
							"post": [-0.625, 0, -0.035],
							"lerp_mode": "catmullrom"
						},
						"1.75": {
							"post": [-0.625, 0, 0.01],
							"lerp_mode": "catmullrom"
						},
						"2.0": {
							"post": [0.1875, 0, 0.51],
							"lerp_mode": "catmullrom"
						},
						"2.2083": {
							"post": [1.9, 0, 0.64],
							"lerp_mode": "catmullrom"
						},
						"2.4583": {
							"post": [2.5625, 0, 0.7],
							"lerp_mode": "catmullrom"
						},
						"2.8333": {
							"post": [2.5, 0, 0.575],
							"lerp_mode": "catmullrom"
						},
						"3.0833": {
							"post": [0.5625, 0, 0.6325],
							"lerp_mode": "catmullrom"
						},
						"3.3333": {
							"post": [-0.25, 0, -0.37],
							"lerp_mode": "catmullrom"
						},
						"3.5417": {
							"post": [-2.3125, 0, -0.62],
							"lerp_mode": "catmullrom"
						},
						"3.75": {
							"post": [-2.6875, 0, -0.4325],
							"lerp_mode": "catmullrom"
						},
						"4.0": {
							"post": [-2.625, 0, 0.0075],
							"lerp_mode": "catmullrom"
						},
						"4.2083": {
							"post": [-1.9375, 0, -0.115],
							"lerp_mode": "catmullrom"
						},
						"4.625": {
							"post": [-1.5, 0, -0.0475],
							"lerp_mode": "catmullrom"
						},
						"4.9167": {
							"post": [-0.995, 0, -0.02],
							"lerp_mode": "catmullrom"
						},
						"5.1667": {
							"post": [-0.375, 0, 0.0125],
							"lerp_mode": "catmullrom"
						},
						"5.4167": {
							"post": [0.8125, 0, 0.1975],
							"lerp_mode": "catmullrom"
						},
						"5.7917": {
							"post": [1.4375, 0, -0.1125],
							"lerp_mode": "catmullrom"
						},
						"5.9583": {
							"post": [0.9375, 0, -0.5075],
							"lerp_mode": "catmullrom"
						},
						"6.1667": {
							"post": [-2.25, 0, -0.61],
							"lerp_mode": "catmullrom"
						},
						"6.4583": {
							"post": [-5.3125, 0, -0.735],
							"lerp_mode": "catmullrom"
						},
						"6.7917": {
							"post": [-7.245, 0, -0.63],
							"lerp_mode": "catmullrom"
						},
						"7.0417": {
							"post": [-7.5, 0, -0.48],
							"lerp_mode": "catmullrom"
						},
						"7.2917": {
							"post": [0.6875, 0, 0.02],
							"lerp_mode": "catmullrom"
						},
						"7.5417": {
							"post": [-0.5625, 0, 0.2075],
							"lerp_mode": "catmullrom"
						},
						"7.7917": {
							"post": [0, 0, 0.02],
							"lerp_mode": "catmullrom"
						}
					}
				},
				"hammer": {
					"rotation": [0, 0, 0]
				},
				"bone5": {
					"position": {
						"4.7083": [0, 0, 0],
						"4.75": [0, 0, 2.06],
						"5.75": [0, 0, 2.06],
						"5.7917": [0, 0, 0]
					}
				},
				"bone7": {
					"rotation": {
						"4.7083": [0, 0, 0],
						"4.75": [4.5, 0, 0],
						"5.75": [4.5, 0, 0],
						"5.7917": [0, 0, 0]
					}
				},
				"bone6": {
					"rotation": {
						"4.7083": [0, 0, 0],
						"4.75": [15.76, 0, 0],
						"5.75": [15.76, 0, 0],
						"5.7917": [0, 0, 0]
					},
					"position": {
						"4.7083": [0, 0, 0],
						"4.75": [0, -0.16, -0.22],
						"5.75": [0, -0.16, -0.22],
						"5.7917": [0, 0, 0]
					}
				}
			}
		},
		"inspect_empty": {
			"animation_length": 7.875,
			"bones": {
				"lefthand": {
					"rotation": {
						"0.0": [93.21968, -31.69163, -141.4455],
						"0.1667": [88.04404, -43.76565, -134.06652],
						"0.2917": [85.30454, -37.03988, -124.34676],
						"1.5833": [85.3, -37.04, -124.35],
						"1.8333": [66.82553, -30.07662, -91.61909],
						"2.5": [66.83, -30.08, -91.62],
						"2.7917": [77.30958, -35.36797, -110.86416],
						"3.0417": [77.30958, -35.36797, -110.86416],
						"7.0833": [77.30958, -35.36797, -110.86416],
						"7.25": [93.21968, -31.69163, -141.4455]
					},
					"position": {
						"0.0": [8.05, -8.32, -11.07],
						"0.1667": [8.05, -11.0075, -5.6325],
						"0.2917": [7.9875, -8.135, 0.62],
						"1.5833": [7.99, -8.13, 0.62],
						"1.8333": [6.8025, -9.1925, 0.62],
						"2.5": [6.8, -9.19, 0.62],
						"2.7917": [6.8025, -8.255, -3.1925],
						"3.0417": [6.8025, -8.255, -3.1925],
						"7.0833": [6.8025, -8.255, -3.1925],
						"7.25": [8.05, -8.32, -11.07]
					},
					"scale": [1, 1.5, 1]
				},
				"righthand": {
					"rotation": [93.97282, 13.38518, -187.12336],
					"position": [-6.225, -9.5375, 9.15],
					"scale": [1, 1.5, 1]
				},
				"20_5mm_bullet": {
					"rotation": {
						"0.0": [0, 0, 0],
						"2.0": [0, 0, 0],
						"2.1667": [-5, 0, 0],
						"2.25": [-7, 0, 0],
						"2.4167": [-7, 0, 0],
						"2.4583": [-7, 0, 0],
						"2.625": [-7, 0, 0],
						"2.6667": [1, 0, 0],
						"2.7083": [0, 0, 0]
					},
					"position": {
						"0.0": [0, 0, 0],
						"2.0": [0, 0, 0],
						"2.0417": [0, 0, 0.4375],
						"2.0833": [0, 0, 0.69],
						"2.125": [0, 0, 1.065],
						"2.1667": [0, -0.125, 1.445],
						"2.25": [0, -0.12, 1.7625],
						"2.4167": [0, -0.12, 1.7625],
						"2.4583": [0, -0.12, 1.9475],
						"2.625": [0, -0.12, 1.9475],
						"2.6667": [0, -0.12, 0.95],
						"2.7083": [0, 0, 0]
					}
				},
				"root": {
					"rotation": {
						"0.0": [0, 0, 0],
						"0.0417": [1.39, -1.68, 1.51],
						"0.0833": [3.55, -4.15, 3.77],
						"0.125": [4.94, -6.6, 5.65],
						"0.1667": [4, -8.25, 6],
						"0.2083": [1.29, -8.7, 4.88],
						"0.25": [-2.92, -8.81, 2.85],
						"0.2917": [-7.93, -8.68, 0.3],
						"0.3333": [-13.06, -8.41, -2.35],
						"0.375": [-17.6, -8.12, -4.71],
						"0.4167": [-20.87, -7.9, -6.38],
						"0.4583": [-23.13, -7.65, -7.47],
						"0.5": [-24.35, -7.32, -8.03],
						"0.5417": [-24.84, -6.97, -8.22],
						"0.5833": [-24.9, -6.67, -8.24],
						"0.625": [-24.84, -6.51, -8.27],
						"0.6667": [-24.61, -6.49, -8.27],
						"0.7083": [-24.03, -6.55, -8.16],
						"0.75": [-23.23, -6.66, -7.96],
						"0.7917": [-22.32, -6.82, -7.73],
						"0.8333": [-21.44, -7.01, -7.5],
						"0.875": [-20.7, -7.21, -7.32],
						"0.9167": [-19.88, -7.5, -7.15],
						"0.9583": [-18.99, -7.86, -6.98],
						"1.0": [-18.19, -8.25, -6.82],
						"1.0417": [-17.6, -8.63, -6.67],
						"1.0833": [-17.39, -8.95, -6.56],
						"1.125": [-17.91, -9.32, -6.41],
						"1.1667": [-19.04, -9.68, -6.26],
						"1.2083": [-20.22, -9.95, -6.21],
						"1.25": [-20.87, -10.04, -6.37],
						"1.2917": [-20.56, -9.72, -7.32],
						"1.3333": [-19.64, -9.14, -8.58],
						"1.375": [-18.98, -8.74, -8.94],
						"1.4167": [-18.89, -8.67, -7.93],
						"1.4583": [-18.96, -8.71, -6.15],
						"1.5": [-19.13, -8.83, -4.41],
						"1.5417": [-19.35, -9.02, -3.51],
						"1.5833": [-19.76, -9.3, -3.69],
						"1.625": [-20.35, -9.66, -4.5],
						"1.6667": [-20.78, -10.06, -5.77],
						"1.7083": [-20.7, -10.46, -7.3],
						"1.75": [-20.19, -10.73, -8.66],
						"1.7917": [-19.33, -11.02, -10.43],
						"1.8333": [-18.31, -11.32, -12.34],
						"1.875": [-17.27, -11.61, -14.15],
						"1.9167": [-16.4, -11.87, -15.58],
						"1.9583": [-15.84, -12.1, -16.38],
						"2.0": [-15.8, -12.34, -16.54],
						"2.0417": [-16.07, -12.7, -16.44],
						"2.0833": [-16.51, -13.09, -16.11],
						"2.125": [-17.01, -13.45, -15.58],
						"2.1667": [-17.41, -13.69, -14.89],
						"2.2083": [-17.58, -13.75, -14.06],
						"2.25": [-17.38, -13.53, -13.13],
						"2.2917": [-16.69, -12.97, -12.13],
						"2.3333": [-15.62, -12.34, -11.37],
						"2.375": [-13.97, -11.55, -10.56],
						"2.4167": [-11.9, -10.63, -9.71],
						"2.4583": [-9.57, -9.57, -8.79],
						"2.5": [-7.15, -8.41, -7.81],
						"2.5417": [-4.81, -7.16, -6.75],
						"2.5833": [-2.71, -5.82, -5.6],
						"2.625": [-1.01, -4.42, -4.37],
						"2.6667": [0.12, -2.98, -3.02],
						"2.7083": [0.51, -1.5, -1.57],
						"2.75": [0, 0, 0],
						"2.7917": [-2.48, 2.33, 2.57],
						"2.8333": [-6.77, 5.06, 5.67],
						"2.875": [-12.3, 8.01, 9.08],
						"2.9167": [-18.51, 11.02, 12.6],
						"2.9583": [-24.85, 13.91, 16.04],
						"3.0": [-30.74, 16.5, 19.19],
						"3.0417": [-35.63, 18.61, 21.85],
						"3.0833": [-38.96, 20.06, 23.82],
						"3.125": [-41.09, 20.87, 25.29],
						"3.1667": [-41.54, 20.66, 25.78],
						"3.2083": [-40.88, 19.81, 25.65],
						"3.25": [-39.67, 18.7, 25.22],
						"3.2917": [-38.46, 17.7, 24.85],
						"3.3333": [-37.82, 17.18, 24.89],
						"3.375": [-37.59, 17.15, 25.46],
						"3.4167": [-37.34, 17.35, 26.23],
						"3.4583": [-37.12, 17.67, 27.02],
						"3.5": [-36.94, 17.98, 27.65],
						"3.5417": [-36.86, 18.15, 27.96],
						"3.5833": [-36.87, 18.17, 27.9],
						"3.625": [-36.94, 18.15, 27.69],
						"3.6667": [-37.04, 18.11, 27.35],
						"3.7083": [-37.16, 18.05, 26.95],
						"3.75": [-37.29, 17.98, 26.53],
						"3.7917": [-37.4, 17.9, 26.14],
						"3.8333": [-37.5, 17.81, 25.83],
						"3.875": [-37.55, 17.73, 25.65],
						"3.9167": [-37.57, 17.69, 25.59],
						"3.9583": [-37.59, 17.63, 25.54],
						"4.0": [-37.6, 17.56, 25.49],
						"4.0417": [-37.62, 17.48, 25.46],
						"4.0833": [-37.63, 17.4, 25.43],
						"4.125": [-37.63, 17.31, 25.42],
						"4.1667": [-37.63, 17.23, 25.42],
						"4.2083": [-37.63, 17.15, 25.44],
						"4.25": [-37.62, 17.08, 25.48],
						"4.2917": [-37.6, 17.02, 25.54],
						"4.3333": [-37.57, 16.97, 25.63],
						"4.375": [-37.54, 16.93, 25.74],
						"4.4167": [-37.49, 16.91, 25.89],
						"4.4583": [-37.43, 16.92, 26.07],
						"4.5": [-37.36, 16.94, 26.28],
						"4.5417": [-37.21, 17.03, 26.76],
						"4.5833": [-37.04, 17.17, 27.34],
						"4.625": [-36.84, 17.35, 28],
						"4.6667": [-36.61, 17.57, 28.75],
						"4.7083": [-36.34, 17.83, 29.59],
						"4.75": [-36.04, 18.14, 30.51],
						"4.7917": [-35.7, 18.49, 31.52],
						"4.8333": [-35.31, 18.89, 32.61],
						"4.875": [-34.67, 19.57, 34.34],
						"4.9167": [-33.88, 20.44, 36.41],
						"4.9583": [-33.02, 21.39, 38.62],
						"5.0": [-32.17, 22.3, 40.81],
						"5.0417": [-31.41, 23.08, 42.77],
						"5.0833": [-30.79, 23.61, 44.34],
						"5.125": [-30.33, 23.84, 45.5],
						"5.1667": [-29.96, 23.85, 46.41],
						"5.2083": [-29.68, 23.72, 47.1],
						"5.25": [-29.46, 23.54, 47.61],
						"5.2917": [-29.29, 23.4, 47.99],
						"5.3333": [-29.18, 23.38, 48.26],
						"5.375": [-29.14, 23.42, 48.35],
						"5.4167": [-29.13, 23.5, 48.37],
						"5.4583": [-29.14, 23.59, 48.34],
						"5.5": [-29.17, 23.69, 48.26],
						"5.5417": [-29.22, 23.81, 48.15],
						"5.5833": [-29.27, 23.93, 48.02],
						"5.625": [-29.33, 24.04, 47.87],
						"5.6667": [-29.39, 24.15, 47.71],
						"5.7083": [-29.45, 24.25, 47.56],
						"5.75": [-29.51, 24.33, 47.42],
						"5.7917": [-29.55, 24.39, 47.31],
						"5.8333": [-29.59, 24.42, 47.22],
						"5.875": [-29.61, 24.43, 47.17],
						"5.9167": [-29.62, 24.43, 47.14],
						"5.9583": [-29.63, 24.41, 47.11],
						"6.0": [-29.64, 24.39, 47.1],
						"6.0417": [-29.64, 24.35, 47.09],
						"6.0833": [-29.64, 24.3, 47.08],
						"6.125": [-29.65, 24.24, 47.06],
						"6.1667": [-29.66, 24.17, 47.04],
						"6.2083": [-29.67, 24.08, 47],
						"6.25": [-29.69, 23.98, 46.95],
						"6.2917": [-29.72, 23.88, 46.87],
						"6.3333": [-29.76, 23.75, 46.77],
						"6.375": [-29.83, 23.63, 46.71],
						"6.4167": [-29.95, 23.52, 46.73],
						"6.4583": [-30.09, 23.41, 46.8],
						"6.5": [-30.24, 23.3, 46.88],
						"6.5417": [-30.4, 23.16, 46.93],
						"6.5833": [-30.54, 23, 46.92],
						"6.625": [-30.66, 22.8, 46.8],
						"6.6667": [-30.75, 22.55, 46.54],
						"6.7083": [-30.78, 22.24, 46.1],
						"6.75": [-30.76, 21.85, 45.43],
						"6.7917": [-30.66, 21.38, 44.51],
						"6.8333": [-30.42, 19.65, 40.58],
						"6.875": [-30.09, 17.44, 35.17],
						"6.9167": [-29.03, 14.94, 29.16],
						"6.9583": [-26.6, 12.38, 23.37],
						"7.0": [-23.69, 10.51, 19.5],
						"7.0417": [-19.75, 8.43, 15.3],
						"7.0833": [-15.29, 6.28, 11.07],
						"7.125": [-10.85, 4.22, 7.13],
						"7.1667": [-6.93, 2.42, 3.8],
						"7.2083": [-4.05, 1.05, 1.39],
						"7.25": [-0.9, -0.73, -0.17],
						"7.2917": [-0.5, -0.97, 1.2],
						"7.3333": [-0.09, -0.84, 1.75],
						"7.375": [-0.02, -0.36, 2.48],
						"7.4167": [0, 0, 2.74],
						"7.4583": [0.04, 0.07, 2.01],
						"7.5": [0.02, 0.04, 0.8],
						"7.5417": [0, 0, -0.09],
						"7.5833": [0, 0, -0.27],
						"7.625": [0, 0, -0.13],
						"7.6667": [0, 0, 0]
					},
					"position": {
						"0.0": [0, 0, 0],
						"0.0417": [0.04, -0.07, -0.28],
						"0.0833": [0.11, -0.17, -0.7],
						"0.125": [0.15, -0.22, -1.12],
						"0.1667": [0.13, -0.12, -1.44],
						"0.2083": [0.05, 0.07, -1.56],
						"0.25": [-0.07, 0.36, -1.64],
						"0.2917": [-0.21, 0.71, -1.68],
						"0.3333": [-0.35, 1.06, -1.71],
						"0.375": [-0.47, 1.36, -1.73],
						"0.4167": [-0.56, 1.57, -1.75],
						"0.4583": [-0.6, 1.69, -1.77],
						"0.5": [-0.61, 1.72, -1.78],
						"0.5417": [-0.59, 1.7, -1.77],
						"0.5833": [-0.57, 1.66, -1.76],
						"0.625": [-0.56, 1.63, -1.75],
						"0.6667": [-0.56, 1.62, -1.75],
						"0.7083": [-0.56, 1.61, -1.76],
						"0.75": [-0.56, 1.59, -1.76],
						"0.7917": [-0.56, 1.57, -1.76],
						"0.8333": [-0.56, 1.54, -1.76],
						"0.875": [-0.56, 1.51, -1.75],
						"0.9167": [-0.56, 1.45, -1.74],
						"0.9583": [-0.56, 1.37, -1.72],
						"1.0": [-0.56, 1.3, -1.7],
						"1.0417": [-0.56, 1.25, -1.68],
						"1.0833": [-0.56, 1.23, -1.66],
						"1.125": [-0.56, 1.27, -1.64],
						"1.1667": [-0.56, 1.37, -1.62],
						"1.2083": [-0.56, 1.48, -1.6],
						"1.25": [-0.56, 1.57, -1.56],
						"1.2917": [-0.56, 1.66, -1.51],
						"1.3333": [-0.56, 1.74, -1.44],
						"1.375": [-0.56, 1.82, -1.38],
						"1.4167": [-0.56, 1.89, -1.33],
						"1.4583": [-0.56, 1.97, -1.27],
						"1.5": [-0.56, 2.04, -1.22],
						"1.5417": [-0.56, 2.07, -1.19],
						"1.5833": [-0.57, 2.02, -1.14],
						"1.625": [-0.58, 1.91, -1.09],
						"1.6667": [-0.58, 1.83, -1.09],
						"1.7083": [-0.56, 1.88, -1.19],
						"1.75": [-0.53, 2.04, -1.36],
						"1.7917": [-0.49, 2.27, -1.6],
						"1.8333": [-0.44, 2.55, -1.88],
						"1.875": [-0.39, 2.83, -2.16],
						"1.9167": [-0.35, 3.08, -2.4],
						"1.9583": [-0.31, 3.26, -2.56],
						"2.0": [-0.29, 3.35, -2.65],
						"2.0417": [-0.29, 3.46, -2.72],
						"2.0833": [-0.29, 3.55, -2.78],
						"2.125": [-0.29, 3.62, -2.81],
						"2.1667": [-0.28, 3.65, -2.81],
						"2.2083": [-0.27, 3.63, -2.77],
						"2.25": [-0.24, 3.55, -2.69],
						"2.2917": [-0.18, 3.39, -2.56],
						"2.3333": [-0.14, 3.19, -2.41],
						"2.375": [-0.11, 2.91, -2.2],
						"2.4167": [-0.08, 2.57, -1.95],
						"2.4583": [-0.05, 2.19, -1.67],
						"2.5": [-0.01, 1.79, -1.38],
						"2.5417": [0.04, 1.38, -1.08],
						"2.5833": [0.12, 0.99, -0.79],
						"2.625": [0.21, 0.64, -0.52],
						"2.6667": [0.34, 0.34, -0.29],
						"2.7083": [0.5, 0.12, -0.11],
						"2.75": [0.7, 0, 0],
						"2.7917": [1.07, -0.01, 0.05],
						"2.8333": [1.54, 0.13, 0],
						"2.875": [2.09, 0.37, -0.11],
						"2.9167": [2.68, 0.68, -0.27],
						"2.9583": [3.26, 1.03, -0.46],
						"3.0": [3.82, 1.37, -0.63],
						"3.0417": [4.32, 1.66, -0.78],
						"3.0833": [4.71, 1.88, -0.87],
						"3.125": [5.4, 2.2, -0.96],
						"3.1667": [5.8, 2.39, -0.95],
						"3.2083": [6.1, 2.56, -0.93],
						"3.25": [6.36, 2.74, -0.92],
						"3.2917": [6.53, 2.9, -0.89],
						"3.3333": [6.67, 3.01, -0.87],
						"3.375": [6.77, 3.03, -0.87],
						"3.4167": [6.87, 3.04, -0.87],
						"3.4583": [6.95, 3.03, -0.87],
						"3.5": [7.02, 3.02, -0.87],
						"3.5417": [7.06, 3.01, -0.87],
						"3.5833": [7.06, 3.01, -0.87],
						"3.625": [7.05, 3.01, -0.87],
						"3.6667": [7.02, 3.01, -0.87],
						"3.7083": [6.99, 3.01, -0.87],
						"3.75": [6.96, 3.01, -0.87],
						"3.7917": [6.92, 3.01, -0.87],
						"3.8333": [6.89, 3.01, -0.87],
						"3.875": [6.87, 3.01, -0.87],
						"3.9167": [6.86, 3.01, -0.87],
						"3.9583": [6.86, 3.01, -0.87],
						"4.0": [6.85, 3.01, -0.87],
						"4.0417": [6.85, 3, -0.87],
						"4.0833": [6.84, 3, -0.87],
						"4.125": [6.84, 3, -0.87],
						"4.1667": [6.84, 3, -0.87],
						"4.2083": [6.83, 2.99, -0.87],
						"4.25": [6.83, 2.99, -0.87],
						"4.2917": [6.83, 2.99, -0.87],
						"4.3333": [6.83, 2.99, -0.87],
						"4.375": [6.82, 2.99, -0.87],
						"4.4167": [6.82, 3, -0.87],
						"4.4583": [6.81, 3, -0.87],
						"4.5": [6.81, 3.01, -0.87],
						"4.5417": [6.78, 3.02, -0.87],
						"4.5833": [6.74, 3.03, -0.87],
						"4.625": [6.69, 3.04, -0.87],
						"4.6667": [6.65, 3.05, -0.87],
						"4.7083": [6.61, 3.07, -0.87],
						"4.75": [6.6, 3.11, -0.87],
						"4.7917": [6.62, 3.17, -0.87],
						"4.8333": [6.69, 3.26, -0.87],
						"4.875": [6.86, 3.44, -0.87],
						"4.9167": [7.11, 3.68, -0.87],
						"4.9583": [7.41, 3.95, -0.87],
						"5.0": [7.72, 4.22, -0.87],
						"5.0417": [7.99, 4.46, -0.87],
						"5.0833": [8.19, 4.64, -0.87],
						"5.125": [8.31, 4.74, -0.87],
						"5.1667": [8.37, 4.79, -0.87],
						"5.2083": [8.41, 4.81, -0.87],
						"5.25": [8.42, 4.81, -0.87],
						"5.2917": [8.43, 4.81, -0.87],
						"5.3333": [8.44, 4.83, -0.87],
						"5.375": [8.45, 4.84, -0.87],
						"5.4167": [8.46, 4.85, -0.87],
						"5.4583": [8.46, 4.86, -0.87],
						"5.5": [8.47, 4.87, -0.87],
						"5.5417": [8.47, 4.88, -0.87],
						"5.5833": [8.47, 4.89, -0.87],
						"5.625": [8.47, 4.9, -0.87],
						"5.6667": [8.46, 4.91, -0.87],
						"5.7083": [8.46, 4.92, -0.87],
						"5.75": [8.46, 4.92, -0.87],
						"5.7917": [8.46, 4.93, -0.87],
						"5.8333": [8.46, 4.93, -0.87],
						"5.875": [8.46, 4.93, -0.87],
						"5.9167": [8.46, 4.93, -0.87],
						"5.9583": [8.47, 4.93, -0.87],
						"6.0": [8.47, 4.93, -0.87],
						"6.0417": [8.47, 4.93, -0.87],
						"6.0833": [8.47, 4.92, -0.87],
						"6.125": [8.47, 4.92, -0.87],
						"6.1667": [8.47, 4.91, -0.87],
						"6.2083": [8.47, 4.91, -0.87],
						"6.25": [8.46, 4.9, -0.87],
						"6.2917": [8.45, 4.9, -0.87],
						"6.3333": [8.44, 4.89, -0.87],
						"6.375": [8.41, 4.89, -0.88],
						"6.4167": [8.38, 4.88, -0.88],
						"6.4583": [8.34, 4.88, -0.89],
						"6.5": [8.28, 4.87, -0.9],
						"6.5417": [8.19, 4.86, -0.91],
						"6.5833": [8.08, 4.84, -0.91],
						"6.625": [7.95, 4.83, -0.92],
						"6.6667": [7.83, 4.82, -0.93],
						"6.7083": [7.65, 4.8, -0.93],
						"6.75": [7.34, 4.73, -0.91],
						"6.7917": [6.84, 4.58, -0.87],
						"6.8333": [5.79, 4.26, -0.77],
						"6.875": [4.4, 3.84, -0.63],
						"6.9167": [2.99, 3.34, -0.47],
						"6.9583": [1.87, 2.78, -0.29],
						"7.0": [1.35, 2.33, -0.14],
						"7.0417": [0.93, 1.79, 0.04],
						"7.0833": [0.59, 1.23, 0.23],
						"7.125": [0.32, 0.69, 0.4],
						"7.1667": [0.11, 0.22, 0.53],
						"7.2083": [-0.07, -0.12, 0.6],
						"7.25": [-0.22, -0.4, 0.46],
						"7.2917": [-0.15, -0.38, 0.16],
						"7.3333": [-0.07, -0.3, -0.06],
						"7.375": [-0.05, -0.21, -0.07],
						"7.4167": [-0.02, -0.05, 0],
						"7.4583": [0, 0.06, 0.06],
						"7.5": [0, 0.07, 0.05],
						"7.5417": [0.01, 0.06, 0.04],
						"7.5833": [0, 0.04, 0.03],
						"7.625": [0, 0.01, 0.01],
						"7.6667": [0, 0, 0]
					}
				},
				"hammer": {
					"rotation": [0, 0, 0]
				},
				"bone5": {
					"position": {
						"4.7083": [0, 0, 0],
						"4.75": [0, 0, 2.06],
						"5.75": [0, 0, 2.06],
						"5.7917": [0, 0, 0]
					}
				},
				"bone7": {
					"rotation": {
						"4.7083": [0, 0, 0],
						"4.75": [4.5, 0, 0],
						"5.75": [4.5, 0, 0],
						"5.7917": [0, 0, 0]
					}
				},
				"bone6": {
					"rotation": {
						"4.7083": [0, 0, 0],
						"4.75": [15.76, 0, 0],
						"5.75": [15.76, 0, 0],
						"5.7917": [0, 0, 0]
					},
					"position": {
						"4.7083": [0, 0, 0],
						"4.75": [0, -0.16, -0.22],
						"5.75": [0, -0.16, -0.22],
						"5.7917": [0, 0, 0]
					}
				},
				"camera": {
					"rotation": {
						"0.0": {
							"post": [0, 0, 0],
							"lerp_mode": "catmullrom"
						},
						"0.1667": {
							"post": [0, 0, -0.0275],
							"lerp_mode": "catmullrom"
						},
						"0.2917": {
							"post": [-0.5, 0, 0.25],
							"lerp_mode": "catmullrom"
						},
						"0.7083": {
							"post": [-0.625, 0, 0.125],
							"lerp_mode": "catmullrom"
						},
						"1.0833": {
							"post": [-0.625, 0, 0.005],
							"lerp_mode": "catmullrom"
						},
						"1.4167": {
							"post": [-0.625, 0, 0.125],
							"lerp_mode": "catmullrom"
						},
						"1.5417": {
							"post": [-0.625, 0, -0.035],
							"lerp_mode": "catmullrom"
						},
						"1.75": {
							"post": [-0.625, 0, 0.01],
							"lerp_mode": "catmullrom"
						},
						"2.0": {
							"post": [0.1875, 0, 0.51],
							"lerp_mode": "catmullrom"
						},
						"2.2083": {
							"post": [1.9, 0, 0.64],
							"lerp_mode": "catmullrom"
						},
						"2.4583": {
							"post": [2.5625, 0, 0.7],
							"lerp_mode": "catmullrom"
						},
						"2.8333": {
							"post": [2.5, 0, 0.575],
							"lerp_mode": "catmullrom"
						},
						"3.0833": {
							"post": [0.5625, 0, 0.6325],
							"lerp_mode": "catmullrom"
						},
						"3.3333": {
							"post": [-0.25, 0, -0.37],
							"lerp_mode": "catmullrom"
						},
						"3.5417": {
							"post": [-2.3125, 0, -0.62],
							"lerp_mode": "catmullrom"
						},
						"3.75": {
							"post": [-2.6875, 0, -0.4325],
							"lerp_mode": "catmullrom"
						},
						"4.0": {
							"post": [-2.625, 0, 0.0075],
							"lerp_mode": "catmullrom"
						},
						"4.2083": {
							"post": [-1.9375, 0, -0.115],
							"lerp_mode": "catmullrom"
						},
						"4.625": {
							"post": [-1.5, 0, -0.0475],
							"lerp_mode": "catmullrom"
						},
						"4.9167": {
							"post": [-0.995, 0, -0.02],
							"lerp_mode": "catmullrom"
						},
						"5.1667": {
							"post": [-0.375, 0, 0.0125],
							"lerp_mode": "catmullrom"
						},
						"5.4167": {
							"post": [0.8125, 0, 0.1975],
							"lerp_mode": "catmullrom"
						},
						"5.7917": {
							"post": [1.4375, 0, -0.1125],
							"lerp_mode": "catmullrom"
						},
						"5.9583": {
							"post": [0.9375, 0, -0.5075],
							"lerp_mode": "catmullrom"
						},
						"6.1667": {
							"post": [-2.25, 0, -0.61],
							"lerp_mode": "catmullrom"
						},
						"6.4583": {
							"post": [-5.3125, 0, -0.735],
							"lerp_mode": "catmullrom"
						},
						"6.7917": {
							"post": [-7.245, 0, -0.63],
							"lerp_mode": "catmullrom"
						},
						"7.0417": {
							"post": [-7.5, 0, -0.48],
							"lerp_mode": "catmullrom"
						},
						"7.2917": {
							"post": [0.6875, 0, 0.02],
							"lerp_mode": "catmullrom"
						},
						"7.5417": {
							"post": [-0.5625, 0, 0.2075],
							"lerp_mode": "catmullrom"
						},
						"7.7917": {
							"post": [0, 0, 0.02],
							"lerp_mode": "catmullrom"
						}
					}
				}
			}
		}
	}
}