{
	"format_version": "1.12.0",
	"minecraft:geometry": [
		{
			"description": {
				"identifier": "geometry.arip_aa12ex",
				"texture_width": 64,
				"texture_height": 64,
				"visible_bounds_width": 7,
				"visible_bounds_height": 3,
				"visible_bounds_offset": [0, 0.5, 0]
			},
			"bones": [
				{
					"name": "ARIP_AA12EX",
					"pivot": [0, 0, -0.15]
				},
				{
					"name": "muzzledevice",
					"parent": "ARIP_AA12EX",
					"pivot": [0, 0.00625, -8.46406],
					"cubes": [
						{
							"origin": [-0.75, -0.64375, 1.25],
							"size": [1.5, 1.3, 0.2],
							"uv": {
								"east": {"uv": [33, 4], "uv_size": [0.5, 1.5]},
								"south": {"uv": [12, 4], "uv_size": [1.5, 1.5]},
								"west": {"uv": [33, 6], "uv_size": [0.5, 1.5]}
							}
						},
						{
							"origin": [-0.45, -0.44375, 1.25],
							"size": [0.9, 1.4, 0.2],
							"uv": {
								"south": {"uv": [14, 4], "uv_size": [1, 1.5]},
								"up": {"uv": [7, 34], "uv_size": [1, 0.5]}
							}
						},
						{
							"origin": [-0.45, -0.94375, -22.75],
							"size": [0.9, 0.5, 24.2],
							"uv": {
								"north": {"uv": [34, 7], "uv_size": [1, 0.5]},
								"south": {"uv": [8, 34], "uv_size": [1, 0.5]},
								"up": {"uv": [0, 6], "uv_size": [1, 24]},
								"down": {"uv": [1, 30], "uv_size": [1, -24]}
							}
						},
						{
							"origin": [-0.07513, -0.98553, -10.75],
							"size": [0.42426, 0.20329, 12.2],
							"pivot": [0, 0, -2],
							"rotation": [0, 0, 45],
							"uv": {
								"south": {"uv": [15, 36], "uv_size": [0.5, 0.5]},
								"down": {"uv": [4, 24], "uv_size": [0.5, -12]}
							}
						},
						{
							"origin": [-0.34913, -0.98553, -10.75],
							"size": [0.42426, 0.20329, 12.2],
							"pivot": [0, 0, -2],
							"rotation": [0, 0, -45],
							"uv": {
								"south": {"uv": [36, 15], "uv_size": [0.5, 0.5]},
								"down": {"uv": [5, 24], "uv_size": [0.5, -12]}
							}
						},
						{
							"origin": [-0.06629, 0.78224, 1.25],
							"size": [0.42426, 0.21213, 0.2],
							"pivot": [0, 0, -2],
							"rotation": [0, 0, -45],
							"uv": {
								"south": {"uv": [16, 36], "uv_size": [0.5, 0.5]},
								"up": {"uv": [36, 16], "uv_size": [0.5, 0.5]}
							}
						},
						{
							"origin": [-0.35797, 0.78224, 1.25],
							"size": [0.42426, 0.21213, 0.2],
							"pivot": [0, 0, -2],
							"rotation": [0, 0, 45],
							"uv": {
								"south": {"uv": [17, 36], "uv_size": [0.5, 0.5]},
								"up": {"uv": [36, 17], "uv_size": [0.5, 0.5]}
							}
						},
						{
							"origin": [-0.1812, 0.4552, -22.75],
							"size": [0.37123, 0.18562, 12.2],
							"pivot": [0, 0, -2],
							"rotation": [0, 0, -45],
							"uv": {
								"north": {"uv": [18, 36], "uv_size": [0.5, 0.5]},
								"down": {"uv": [6, 24], "uv_size": [0.5, -12]}
							}
						},
						{
							"origin": [-0.19004, 0.4552, -22.75],
							"size": [0.37123, 0.18562, 12.2],
							"pivot": [0, 0, -2],
							"rotation": [0, 0, 45],
							"uv": {
								"north": {"uv": [36, 18], "uv_size": [0.5, 0.5]},
								"down": {"uv": [7, 24], "uv_size": [0.5, -12]}
							}
						},
						{
							"origin": [-0.45, 0.45625, -22.75],
							"size": [0.9, 1.5, 24],
							"uv": {
								"north": {"uv": [15, 4], "uv_size": [1, 1.5]},
								"south": {"uv": [27, 29], "uv_size": [1, 1.5]},
								"up": {"uv": [2, 6], "uv_size": [1, 24]},
								"down": {"uv": [3, 30], "uv_size": [1, -24]}
							}
						},
						{
							"origin": [-0.75, -0.64375, -10.75],
							"size": [1.5, 2.3, 12],
							"uv": {
								"north": {"uv": [7, 25], "uv_size": [1.5, 2.5]},
								"east": {"uv": [0, 0], "uv_size": [12, 2.5]},
								"south": {"uv": [9, 25], "uv_size": [1.5, 2.5]},
								"west": {"uv": [0, 3], "uv_size": [12, 2.5]}
							}
						},
						{
							"origin": [-1.06508, 1.48934, -10.75],
							"size": [0.42426, 0.21213, 12],
							"pivot": [0, 0, -2],
							"rotation": [0, 0, 45],
							"uv": {
								"south": {"uv": [19, 36], "uv_size": [0.5, 0.5]},
								"up": {"uv": [8, 12], "uv_size": [0.5, 12]}
							}
						},
						{
							"origin": [0.64082, 1.48934, -10.75],
							"size": [0.42426, 0.21213, 12],
							"pivot": [0, 0, -2],
							"rotation": [0, 0, -45],
							"uv": {
								"south": {"uv": [36, 19], "uv_size": [0.5, 0.5]},
								"up": {"uv": [9, 12], "uv_size": [0.5, 12]}
							}
						},
						{
							"origin": [-1.06508, 1.34792, -22.75],
							"size": [0.7071, 0.35355, 12],
							"pivot": [0, 0, -2],
							"rotation": [0, 0, 45],
							"uv": {
								"north": {"uv": [20, 36], "uv_size": [0.5, 0.5]},
								"up": {"uv": [10, 12], "uv_size": [0.5, 12]}
							}
						},
						{
							"origin": [0.35797, 1.34792, -22.75],
							"size": [0.70711, 0.35355, 12],
							"pivot": [0, 0, -2],
							"rotation": [0, 0, -45],
							"uv": {
								"north": {"uv": [36, 20], "uv_size": [0.5, 0.5]},
								"up": {"uv": [11, 12], "uv_size": [0.5, 12]}
							}
						},
						{
							"origin": [-0.35797, -0.98553, -22.75],
							"size": [0.70711, 0.53995, 12],
							"pivot": [0, 0, -2],
							"rotation": [0, 0, 45],
							"uv": {
								"north": {"uv": [21, 36], "uv_size": [0.5, 0.5]},
								"up": {"uv": [12, 12], "uv_size": [0.5, 12]},
								"down": {"uv": [13, 24], "uv_size": [0.5, -12]}
							}
						},
						{
							"origin": [-0.34913, -0.98553, -22.75],
							"size": [0.70711, 0.53995, 12],
							"pivot": [0, 0, -2],
							"rotation": [0, 0, -45],
							"uv": {
								"north": {"uv": [36, 21], "uv_size": [0.5, 0.5]},
								"up": {"uv": [14, 12], "uv_size": [0.5, 12]},
								"down": {"uv": [15, 24], "uv_size": [0.5, -12]}
							}
						},
						{
							"origin": [0.45, -0.44375, -22.75],
							"size": [0.5, 1.9, 12],
							"uv": {
								"north": {"uv": [14, 31], "uv_size": [0.5, 2]},
								"east": {"uv": [4, 6], "uv_size": [12, 2]},
								"west": {"uv": [4, 8], "uv_size": [12, 2]}
							}
						},
						{
							"origin": [6.57531, -0.98513, -7.45504],
							"size": [0.45, 0.1, 0.22517],
							"pivot": [0, 0, -2],
							"rotation": [0, 51, -45],
							"uv": {
								"down": {"uv": [22, 36.5], "uv_size": [0.5, -0.5]}
							}
						},
						{
							"origin": [6.12475, 1.60108, -8.00456],
							"size": [0.45, 0.1, 0.2183],
							"pivot": [0, 0, -2],
							"rotation": [0, 51, 45],
							"uv": {
								"up": {"uv": [36, 22], "uv_size": [0.5, 0.5]}
							}
						},
						{
							"origin": [-3.65228, -3.99023, -9.00866],
							"size": [0.1, 0.17848, 0.45],
							"pivot": [0, 0, -2],
							"rotation": [-26.5, -30, 0],
							"uv": {
								"west": {"uv": [23, 36], "uv_size": [0.5, 0.5]}
							}
						},
						{
							"origin": [-3.65228, 4.71788, -8.55688],
							"size": [0.1, 0.17848, 0.45],
							"pivot": [0, 0, -2],
							"rotation": [26.5, -30, 0],
							"uv": {
								"west": {"uv": [36, 23], "uv_size": [0.5, 0.5]}
							}
						},
						{
							"origin": [-3.65228, -0.44375, -10.05272],
							"size": [0.1, 1.9, 0.4],
							"pivot": [0, 0, -2],
							"rotation": [0, -30, 0],
							"uv": {
								"west": {"uv": [17, 31], "uv_size": [0.5, 2]}
							}
						},
						{
							"origin": [-0.95, -0.44375, -22.75],
							"size": [0.5, 1.9, 12],
							"uv": {
								"north": {"uv": [18, 31], "uv_size": [0.5, 2]},
								"east": {"uv": [4, 10], "uv_size": [12, 2]},
								"west": {"uv": [12, 0], "uv_size": [12, 2]}
							}
						},
						{
							"origin": [-7.02531, -0.98513, -7.45504],
							"size": [0.45, 0.1, 0.22517],
							"pivot": [0, 0, -2],
							"rotation": [0, -51, 45],
							"uv": {
								"down": {"uv": [24, 36.5], "uv_size": [0.5, -0.5]}
							}
						},
						{
							"origin": [-6.57475, 1.60108, -8.00456],
							"size": [0.45, 0.1, 0.2183],
							"pivot": [0, 0, -2],
							"rotation": [0, -51, -45],
							"uv": {
								"up": {"uv": [36, 24], "uv_size": [0.5, 0.5]}
							}
						},
						{
							"origin": [3.55228, -3.99023, -9.00866],
							"size": [0.1, 0.17848, 0.45],
							"pivot": [0, 0, -2],
							"rotation": [-26.5, 30, 0],
							"uv": {
								"east": {"uv": [25, 36], "uv_size": [0.5, 0.5]}
							}
						},
						{
							"origin": [3.55228, 4.71788, -8.55688],
							"size": [0.1, 0.17848, 0.45],
							"pivot": [0, 0, -2],
							"rotation": [26.5, 30, 0],
							"uv": {
								"east": {"uv": [36, 25], "uv_size": [0.5, 0.5]}
							}
						},
						{
							"origin": [3.55228, -0.44375, -10.05272],
							"size": [0.1, 1.9, 0.4],
							"pivot": [0, 0, -2],
							"rotation": [0, 30, 0],
							"uv": {
								"east": {"uv": [31, 25], "uv_size": [0.5, 2]}
							}
						},
						{
							"origin": [0.699, 15.10115, -16.24378],
							"size": [0.25, 0.53033, 0.53033],
							"pivot": [0, 0, -2],
							"rotation": [45, 0, 0],
							"uv": {
								"north": {"uv": [26, 36], "uv_size": [0.5, 0.5]},
								"east": {"uv": [36, 26], "uv_size": [0.5, 0.5]},
								"west": {"uv": [27, 36], "uv_size": [0.5, 0.5]},
								"up": {"uv": [36, 27], "uv_size": [0.5, 0.5]}
							}
						},
						{
							"origin": [0.699, 14.4294, -16.91553],
							"size": [0.25, 0.53033, 0.53033],
							"pivot": [0, 0, -2],
							"rotation": [45, 0, 0],
							"uv": {
								"north": {"uv": [28, 36], "uv_size": [0.5, 0.5]},
								"east": {"uv": [36, 28], "uv_size": [0.5, 0.5]},
								"west": {"uv": [29, 36], "uv_size": [0.5, 0.5]},
								"up": {"uv": [36, 29], "uv_size": [0.5, 0.5]}
							}
						},
						{
							"origin": [-0.949, 15.10115, -16.24378],
							"size": [0.25, 0.53033, 0.53033],
							"pivot": [0, 0, -2],
							"rotation": [45, 0, 0],
							"uv": {
								"north": {"uv": [30, 36], "uv_size": [0.5, 0.5]},
								"east": {"uv": [36, 30], "uv_size": [0.5, 0.5]},
								"west": {"uv": [31, 36], "uv_size": [0.5, 0.5]},
								"up": {"uv": [36, 31], "uv_size": [0.5, 0.5]}
							}
						},
						{
							"origin": [-0.949, 14.4294, -16.91553],
							"size": [0.25, 0.53033, 0.53033],
							"pivot": [0, 0, -2],
							"rotation": [45, 0, 0],
							"uv": {
								"north": {"uv": [32, 36], "uv_size": [0.5, 0.5]},
								"east": {"uv": [36, 32], "uv_size": [0.5, 0.5]},
								"west": {"uv": [33, 36], "uv_size": [0.5, 0.5]},
								"up": {"uv": [36, 33], "uv_size": [0.5, 0.5]}
							}
						},
						{
							"origin": [-0.125, 15.27792, -16.067],
							"size": [0.25, 0.53033, 0.53033],
							"pivot": [0, 0, -2],
							"rotation": [45, 0, 0],
							"uv": {
								"north": {"uv": [34, 36], "uv_size": [0.5, 0.5]},
								"east": {"uv": [36, 34], "uv_size": [0.5, 0.5]},
								"west": {"uv": [35, 36], "uv_size": [0.5, 0.5]},
								"up": {"uv": [36, 35], "uv_size": [0.5, 0.5]}
							}
						}
					]
				},
				{
					"name": "handguard",
					"parent": "ARIP_AA12EX",
					"pivot": [0, 0, 3.35]
				},
				{
					"name": "medium",
					"parent": "handguard",
					"pivot": [0, 0, 0],
					"cubes": [
						{
							"origin": [-1.1875, 0.60983, 6.73483],
							"size": [0.25, 0.53033, 0.53033],
							"pivot": [0.0625, 0.875, 7],
							"rotation": [-45, 0, 0],
							"uv": {
								"north": {"uv": [36, 36], "uv_size": [0.5, 0.5]},
								"east": {"uv": [0, 37], "uv_size": [0.5, 0.5]},
								"south": {"uv": [37, 0], "uv_size": [0.5, 0.5]},
								"up": {"uv": [1, 37], "uv_size": [0.5, 0.5]},
								"down": {"uv": [37, 1.5], "uv_size": [0.5, -0.5]}
							}
						},
						{
							"origin": [0.9375, 0.60983, 6.73483],
							"size": [0.25, 0.53033, 0.53033],
							"pivot": [-0.0625, 0.875, 7],
							"rotation": [-45, 0, 0],
							"uv": {
								"north": {"uv": [2, 37], "uv_size": [0.5, 0.5]},
								"south": {"uv": [37, 2], "uv_size": [0.5, 0.5]},
								"west": {"uv": [3, 37], "uv_size": [0.5, 0.5]},
								"up": {"uv": [37, 3], "uv_size": [0.5, 0.5]},
								"down": {"uv": [4, 37.5], "uv_size": [0.5, -0.5]}
							}
						},
						{
							"origin": [-0.375, 2.55, 0.5],
							"size": [0.75, 0.25, 1.25],
							"uv": {
								"north": {"uv": [9, 34], "uv_size": [1, 0.5]},
								"east": {"uv": [33, 8], "uv_size": [1.5, 0.5]},
								"south": {"uv": [34, 9], "uv_size": [1, 0.5]},
								"west": {"uv": [33, 15], "uv_size": [1.5, 0.5]}
							}
						},
						{
							"origin": [-0.50016, 2.79984, 0.5],
							"size": [1.00032, 0.001, 1.25],
							"uv": {
								"north": {"uv": [0, 0], "uv_size": [1, 0]},
								"east": {"uv": [0, 0], "uv_size": [1.5, 0]},
								"south": {"uv": [0, 0], "uv_size": [1, 0]},
								"west": {"uv": [0, 0], "uv_size": [1.5, 0]},
								"up": {"uv": [28, 29], "uv_size": [1, 1.5]},
								"down": {"uv": [29, 30.5], "uv_size": [1, -1.5]}
							}
						},
						{
							"origin": [-0.29368, 2.6168, 1.5],
							"size": [0.177, 0.177, 0.25],
							"pivot": [-0.4042, 2.54758, 0.5],
							"rotation": [0, 0, -45],
							"uv": {
								"north": {"uv": [37, 4], "uv_size": [0.5, 0.5]},
								"east": {"uv": [5, 37], "uv_size": [0.5, 0.5]},
								"south": {"uv": [37, 5], "uv_size": [0.5, 0.5]},
								"up": {"uv": [6, 37], "uv_size": [0.5, 0.5]}
							}
						},
						{
							"origin": [-0.375, 2.8, 1.5],
							"size": [0.75, 0.125, 0.25],
							"uv": {
								"north": {"uv": [10, 34], "uv_size": [1, 0.5]},
								"south": {"uv": [34, 10], "uv_size": [1, 0.5]},
								"up": {"uv": [11, 34], "uv_size": [1, 0.5]}
							}
						},
						{
							"origin": [-0.1201, 3.18843, 1.5],
							"size": [0.177, 0.177, 0.25],
							"pivot": [-0.4042, 2.54758, 0.5],
							"rotation": [0, 0, 45],
							"uv": {
								"north": {"uv": [37, 6], "uv_size": [0.5, 0.5]},
								"south": {"uv": [7, 37], "uv_size": [0.5, 0.5]},
								"west": {"uv": [37, 7], "uv_size": [0.5, 0.5]},
								"up": {"uv": [8, 37], "uv_size": [0.5, 0.5]}
							}
						},
						{
							"origin": [-0.29368, 2.6168, 1],
							"size": [0.177, 0.177, 0.25],
							"pivot": [-0.4042, 2.54758, 0.5],
							"rotation": [0, 0, -45],
							"uv": {
								"north": {"uv": [37, 8], "uv_size": [0.5, 0.5]},
								"east": {"uv": [9, 37], "uv_size": [0.5, 0.5]},
								"south": {"uv": [37, 9], "uv_size": [0.5, 0.5]},
								"up": {"uv": [10, 37], "uv_size": [0.5, 0.5]}
							}
						},
						{
							"origin": [-0.375, 2.8, 1],
							"size": [0.75, 0.125, 0.25],
							"uv": {
								"north": {"uv": [34, 11], "uv_size": [1, 0.5]},
								"south": {"uv": [12, 34], "uv_size": [1, 0.5]},
								"up": {"uv": [34, 12], "uv_size": [1, 0.5]}
							}
						},
						{
							"origin": [-0.1201, 3.18843, 1],
							"size": [0.177, 0.177, 0.25],
							"pivot": [-0.4042, 2.54758, 0.5],
							"rotation": [0, 0, 45],
							"uv": {
								"north": {"uv": [37, 10], "uv_size": [0.5, 0.5]},
								"south": {"uv": [11, 37], "uv_size": [0.5, 0.5]},
								"west": {"uv": [37, 11], "uv_size": [0.5, 0.5]},
								"up": {"uv": [12, 37], "uv_size": [0.5, 0.5]}
							}
						},
						{
							"origin": [-0.29368, 2.6168, 0.5],
							"size": [0.177, 0.177, 0.25],
							"pivot": [-0.4042, 2.54758, 0.5],
							"rotation": [0, 0, -45],
							"uv": {
								"north": {"uv": [37, 12], "uv_size": [0.5, 0.5]},
								"east": {"uv": [13, 37], "uv_size": [0.5, 0.5]},
								"south": {"uv": [37, 13], "uv_size": [0.5, 0.5]},
								"up": {"uv": [14, 37], "uv_size": [0.5, 0.5]}
							}
						},
						{
							"origin": [-0.29368, 2.6168, 0.5],
							"size": [0, 0.177, 1.25],
							"pivot": [-0.4042, 2.54758, 0.5],
							"rotation": [0, 0, -45],
							"uv": {
								"east": {"uv": [13, 37], "uv_size": [0.5, 0.5]}
							}
						},
						{
							"origin": [0.43758, 2.64875, 0.5],
							"size": [0, 0.177, 1.25],
							"pivot": [0.43758, 2.73725, 1.125],
							"rotation": [0, 0, 45],
							"uv": {
								"west": {"uv": [13.5, 37], "uv_size": [-0.5, 0.5]}
							}
						},
						{
							"origin": [-0.375, 2.8, 0.5],
							"size": [0.75, 0.125, 0.25],
							"uv": {
								"north": {"uv": [13, 34], "uv_size": [1, 0.5]},
								"south": {"uv": [34, 13], "uv_size": [1, 0.5]},
								"up": {"uv": [34, 14], "uv_size": [1, 0.5]}
							}
						},
						{
							"origin": [-0.1201, 3.18843, 0.5],
							"size": [0.177, 0.177, 0.25],
							"pivot": [-0.4042, 2.54758, 0.5],
							"rotation": [0, 0, 45],
							"uv": {
								"north": {"uv": [37, 14], "uv_size": [0.5, 0.5]},
								"south": {"uv": [15, 37], "uv_size": [0.5, 0.5]},
								"west": {"uv": [37, 15], "uv_size": [0.5, 0.5]},
								"up": {"uv": [16, 37], "uv_size": [0.5, 0.5]}
							}
						},
						{
							"origin": [-0.5, 2.3, 0.5],
							"size": [1, 0.25, 1.25],
							"uv": {
								"north": {"uv": [15, 34], "uv_size": [1, 0.5]},
								"south": {"uv": [16, 34], "uv_size": [1, 0.5]},
								"up": {"uv": [0, 30], "uv_size": [1, 1.5]},
								"down": {"uv": [1, 31.5], "uv_size": [1, -1.5]}
							}
						},
						{
							"origin": [-0.5, 2.3, -6.65],
							"size": [0.4, 0.25, 5.5],
							"uv": {
								"west": {"uv": [25, 25], "uv_size": [5.5, 0.5]},
								"up": {"uv": [13, 25], "uv_size": [0.5, 5.5]},
								"down": {"uv": [14, 30.5], "uv_size": [0.5, -5.5]}
							}
						},
						{
							"origin": [-0.5, 2.3, -1.15],
							"size": [1, 0.25, 1],
							"uv": {
								"north": {"uv": [34, 16], "uv_size": [1, 0.5]},
								"south": {"uv": [34, 17], "uv_size": [1, 0.5]},
								"up": {"uv": [27, 31], "uv_size": [1, 1]},
								"down": {"uv": [31, 28], "uv_size": [1, -1]}
							}
						},
						{
							"origin": [-0.1, 2.3, -3.15],
							"size": [0.2, 0.25, 0.5],
							"uv": {
								"north": {"uv": [37, 16], "uv_size": [0.5, 0.5]},
								"south": {"uv": [17, 37], "uv_size": [0.5, 0.5]},
								"up": {"uv": [37, 17], "uv_size": [0.5, 0.5]},
								"down": {"uv": [18, 37.5], "uv_size": [0.5, -0.5]}
							}
						},
						{
							"origin": [-0.1, 2.3, -5.15],
							"size": [0.2, 0.25, 0.5],
							"uv": {
								"north": {"uv": [37, 18], "uv_size": [0.5, 0.5]},
								"south": {"uv": [19, 37], "uv_size": [0.5, 0.5]},
								"up": {"uv": [37, 19], "uv_size": [0.5, 0.5]},
								"down": {"uv": [20, 37.5], "uv_size": [0.5, -0.5]}
							}
						},
						{
							"origin": [-0.5, 2.3, -7.65],
							"size": [1, 0.25, 1],
							"uv": {
								"north": {"uv": [34, 18], "uv_size": [1, 0.5]},
								"south": {"uv": [34, 19], "uv_size": [1, 0.5]},
								"up": {"uv": [28, 31], "uv_size": [1, 1]},
								"down": {"uv": [29, 32], "uv_size": [1, -1]}
							}
						},
						{
							"origin": [0.1, 2.3, -6.65],
							"size": [0.4, 0.25, 5.5],
							"uv": {
								"east": {"uv": [25, 26], "uv_size": [5.5, 0.5]},
								"up": {"uv": [27, 9], "uv_size": [0.5, 5.5]},
								"down": {"uv": [19, 32.5], "uv_size": [0.5, -5.5]}
							}
						},
						{
							"origin": [0.1, -1.55, -5.85],
							"size": [0.4, 0.25, 5.5],
							"uv": {
								"east": {"uv": [27, 15], "uv_size": [5.5, 0.5]},
								"up": {"uv": [20, 27], "uv_size": [0.5, 5.5]},
								"down": {"uv": [21, 32.5], "uv_size": [0.5, -5.5]}
							}
						},
						{
							"origin": [-0.5, -1.55, -5.85],
							"size": [0.4, 0.25, 5.5],
							"uv": {
								"west": {"uv": [25, 27], "uv_size": [5.5, 0.5]},
								"up": {"uv": [22, 27], "uv_size": [0.5, 5.5]},
								"down": {"uv": [28, 10.5], "uv_size": [0.5, -5.5]}
							}
						},
						{
							"origin": [-0.5, -1.55, -0.35],
							"size": [1, 0.25, 0.5],
							"uv": {
								"north": {"uv": [34, 20], "uv_size": [1, 0.5]},
								"south": {"uv": [34, 21], "uv_size": [1, 0.5]},
								"up": {"uv": [24, 34], "uv_size": [1, 0.5]},
								"down": {"uv": [34, 24.5], "uv_size": [1, -0.5]}
							}
						},
						{
							"origin": [-0.5, -1.55, -6.65],
							"size": [1, 0.24999, 0.8],
							"uv": {
								"north": {"uv": [25, 34], "uv_size": [1, 0.5]},
								"south": {"uv": [34, 25], "uv_size": [1, 0.5]},
								"up": {"uv": [31, 30], "uv_size": [1, 1]},
								"down": {"uv": [31, 32], "uv_size": [1, -1]}
							}
						},
						{
							"origin": [-0.1, -1.55, -4.35],
							"size": [0.2, 0.25, 0.5],
							"uv": {
								"north": {"uv": [37, 20], "uv_size": [0.5, 0.5]},
								"south": {"uv": [21, 37], "uv_size": [0.5, 0.5]},
								"up": {"uv": [37, 21], "uv_size": [0.5, 0.5]},
								"down": {"uv": [22, 37.5], "uv_size": [0.5, -0.5]}
							}
						},
						{
							"origin": [-0.1, -1.55, -2.35],
							"size": [0.2, 0.25, 0.5],
							"uv": {
								"north": {"uv": [37, 22], "uv_size": [0.5, 0.5]},
								"south": {"uv": [23, 37], "uv_size": [0.5, 0.5]},
								"up": {"uv": [37, 23], "uv_size": [0.5, 0.5]},
								"down": {"uv": [24, 37.5], "uv_size": [0.5, -0.5]}
							}
						}
					]
				},
				{
					"name": "left",
					"parent": "handguard",
					"pivot": [0, 0, 3.35],
					"cubes": [
						{
							"origin": [0.8, 0, 1.5],
							"size": [0.25, 0.5, 5.5],
							"uv": {
								"east": {"uv": [28, 11], "uv_size": [5.5, 0.5]},
								"west": {"uv": [28, 12], "uv_size": [5.5, 0.5]},
								"up": {"uv": [7, 28], "uv_size": [0.5, 5.5]},
								"down": {"uv": [8, 33.5], "uv_size": [0.5, -5.5]}
							}
						},
						{
							"origin": [0.73839, 1.96412, 2.05074],
							"size": [0.25, 0.25, 0.84853],
							"pivot": [0.86339, 2.00983, 2.75],
							"rotation": [-45, 0, -45],
							"uv": {
								"east": {"uv": [26, 34], "uv_size": [1, 0.5]},
								"west": {"uv": [34, 26], "uv_size": [1, 0.5]},
								"up": {"uv": [27, 34], "uv_size": [0.5, 1]},
								"down": {"uv": [34, 28], "uv_size": [0.5, -1]}
							}
						},
						{
							"origin": [0.85178, 2.05282, 2.4],
							"size": [0.25, 0.25, 0.25],
							"pivot": [0.925, 1.875, -2.875],
							"rotation": [0, 0, -45],
							"uv": {
								"north": {"uv": [37, 24], "uv_size": [0.5, 0.5]},
								"east": {"uv": [25, 37], "uv_size": [0.5, 0.5]},
								"west": {"uv": [37, 25], "uv_size": [0.5, 0.5]}
							}
						},
						{
							"origin": [0.73839, 1.96412, -8.14926],
							"size": [0.25, 0.25, 0.84853],
							"pivot": [0.86339, 2.00983, -8],
							"rotation": [45, 0, -45],
							"uv": {
								"east": {"uv": [28, 34], "uv_size": [1, 0.5]},
								"west": {"uv": [34, 28], "uv_size": [1, 0.5]},
								"up": {"uv": [29, 34], "uv_size": [0.5, 1]}
							}
						},
						{
							"origin": [0.85178, 1.875, -8.25],
							"size": [0.25, 0.17782, 11.25],
							"pivot": [0.925, 1.875, -2.375],
							"rotation": [0, 0, -45],
							"uv": {
								"north": {"uv": [26, 37], "uv_size": [0.5, 0.5]},
								"east": {"uv": [12, 2], "uv_size": [11.5, 0.5]},
								"south": {"uv": [37, 26], "uv_size": [0.5, 0.5]},
								"west": {"uv": [12, 3], "uv_size": [11.5, 0.5]},
								"up": {"uv": [16, 4], "uv_size": [0.5, 11.5]}
							}
						},
						{
							"origin": [0.85178, 2.47604, -7.65],
							"size": [0.25, 0.17678, 10.05],
							"pivot": [0.925, 1.875, -6.125],
							"rotation": [0, 0, -45],
							"uv": {
								"east": {"uv": [17, 9], "uv_size": [10, 0.5]},
								"west": {"uv": [17, 10], "uv_size": [10, 0.5]},
								"down": {"uv": [19, 27], "uv_size": [0.5, -10]}
							}
						},
						{
							"origin": [0.73839, 1.96412, -5.39926],
							"size": [0.25, 0.25, 0.84853],
							"pivot": [0.86339, 2.00983, -5.25],
							"rotation": [45, 0, -45],
							"uv": {
								"east": {"uv": [34, 29], "uv_size": [1, 0.5]},
								"west": {"uv": [34, 30], "uv_size": [1, 0.5]},
								"up": {"uv": [31, 34], "uv_size": [0.5, 1]},
								"down": {"uv": [34, 32], "uv_size": [0.5, -1]}
							}
						},
						{
							"origin": [0.73839, 1.96412, -3.39926],
							"size": [0.25, 0.25, 0.84853],
							"pivot": [0.86339, 2.00983, -3.25],
							"rotation": [45, 0, -45],
							"uv": {
								"east": {"uv": [32, 34], "uv_size": [1, 0.5]},
								"west": {"uv": [34, 32], "uv_size": [1, 0.5]},
								"up": {"uv": [33, 34], "uv_size": [0.5, 1]},
								"down": {"uv": [34, 34], "uv_size": [0.5, -1]}
							}
						},
						{
							"origin": [0.73839, 1.96412, 0.60074],
							"size": [0.25, 0.25, 0.84853],
							"pivot": [0.86339, 2.00983, 0.75],
							"rotation": [45, 0, -45],
							"uv": {
								"east": {"uv": [34, 34], "uv_size": [1, 0.5]},
								"west": {"uv": [0, 35], "uv_size": [1, 0.5]},
								"up": {"uv": [35, 0], "uv_size": [0.5, 1]},
								"down": {"uv": [35, 2], "uv_size": [0.5, -1]}
							}
						},
						{
							"origin": [0.73839, 1.96412, -1.39926],
							"size": [0.25, 0.25, 0.84853],
							"pivot": [0.86339, 2.00983, -1.25],
							"rotation": [45, 0, -45],
							"uv": {
								"east": {"uv": [35, 2], "uv_size": [1, 0.5]},
								"west": {"uv": [35, 3], "uv_size": [1, 0.5]},
								"up": {"uv": [4, 35], "uv_size": [0.5, 1]},
								"down": {"uv": [5, 36], "uv_size": [0.5, -1]}
							}
						},
						{
							"origin": [0.73839, 1.96412, -7.79926],
							"size": [0.25, 0.25, 0.84853],
							"pivot": [0.86339, 2.00983, -7.65],
							"rotation": [45, 0, -45],
							"uv": {
								"east": {"uv": [35, 5], "uv_size": [1, 0.5]},
								"west": {"uv": [35, 6], "uv_size": [1, 0.5]}
							}
						},
						{
							"origin": [0.73839, 1.96412, -7.44926],
							"size": [0.25, 0.25, 0.84853],
							"pivot": [0.86339, 2.00983, -7.3],
							"rotation": [45, 0, -45],
							"uv": {
								"east": {"uv": [7, 35], "uv_size": [1, 0.5]},
								"west": {"uv": [35, 7], "uv_size": [1, 0.5]},
								"down": {"uv": [8, 36], "uv_size": [0.5, -1]}
							}
						},
						{
							"origin": [0.73839, -1.21412, -0.64926],
							"size": [0.25, 0.25, 0.84853],
							"pivot": [0.86339, -1.00983, -0.5],
							"rotation": [-45, 0, 45],
							"uv": {
								"east": {"uv": [35, 8], "uv_size": [1, 0.5]},
								"west": {"uv": [9, 35], "uv_size": [1, 0.5]},
								"up": {"uv": [35, 9], "uv_size": [0.5, 1]},
								"down": {"uv": [10, 36], "uv_size": [0.5, -1]}
							}
						},
						{
							"origin": [0.73839, -1.21412, -2.64926],
							"size": [0.25, 0.25, 0.84853],
							"pivot": [0.86339, -1.00983, -2.5],
							"rotation": [-45, 0, 45],
							"uv": {
								"east": {"uv": [35, 10], "uv_size": [1, 0.5]},
								"west": {"uv": [11, 35], "uv_size": [1, 0.5]},
								"up": {"uv": [35, 11], "uv_size": [0.5, 1]},
								"down": {"uv": [12, 36], "uv_size": [0.5, -1]}
							}
						},
						{
							"origin": [0.73839, -1.21412, -4.64926],
							"size": [0.25, 0.25, 0.84853],
							"pivot": [0.86339, -1.00983, -4.5],
							"rotation": [-45, 0, 45],
							"uv": {
								"east": {"uv": [35, 12], "uv_size": [1, 0.5]},
								"west": {"uv": [13, 35], "uv_size": [1, 0.5]},
								"up": {"uv": [35, 13], "uv_size": [0.5, 1]},
								"down": {"uv": [14, 36], "uv_size": [0.5, -1]}
							}
						},
						{
							"origin": [0.73839, -1.21412, -6.44926],
							"size": [0.25, 0.25, 0.84853],
							"pivot": [0.86339, -1.00983, -6.3],
							"rotation": [-45, 0, 45],
							"uv": {
								"east": {"uv": [35, 14], "uv_size": [1, 0.5]},
								"west": {"uv": [15, 35], "uv_size": [1, 0.5]},
								"up": {"uv": [35, 15], "uv_size": [0.5, 1]}
							}
						},
						{
							"origin": [0.73839, -1.21412, -6.79926],
							"size": [0.25, 0.25, 0.84853],
							"pivot": [0.86339, -1.00983, -6.65],
							"rotation": [-45, 0, 45],
							"uv": {
								"east": {"uv": [16, 35], "uv_size": [1, 0.5]},
								"west": {"uv": [35, 16], "uv_size": [1, 0.5]}
							}
						},
						{
							"origin": [0.73839, -1.21412, -7.14926],
							"size": [0.25, 0.25, 0.84853],
							"pivot": [0.86339, -1.00983, -7],
							"rotation": [-45, 0, 45],
							"uv": {
								"east": {"uv": [17, 35], "uv_size": [1, 0.5]},
								"west": {"uv": [35, 17], "uv_size": [1, 0.5]},
								"down": {"uv": [18, 36], "uv_size": [0.5, -1]}
							}
						},
						{
							"origin": [0.85178, -1.05282, -7.25],
							"size": [0.25, 0.17782, 8],
							"pivot": [0.925, -0.875, -1.375],
							"rotation": [0, 0, 45],
							"uv": {
								"north": {"uv": [27, 37], "uv_size": [0.5, 0.5]},
								"east": {"uv": [24, 0], "uv_size": [8, 0.5]},
								"south": {"uv": [37, 27], "uv_size": [0.5, 0.5]},
								"west": {"uv": [24, 1], "uv_size": [8, 0.5]},
								"down": {"uv": [5, 32], "uv_size": [0.5, -8]}
							}
						},
						{
							"origin": [0.73839, -1.21412, -0.19926],
							"size": [0.25, 0.25, 0.84853],
							"pivot": [0.86339, -1.00983, 0.5],
							"rotation": [45, 0, 45],
							"uv": {
								"east": {"uv": [35, 18], "uv_size": [1, 0.5]},
								"west": {"uv": [19, 35], "uv_size": [1, 0.5]},
								"up": {"uv": [35, 19], "uv_size": [0.5, 1]},
								"down": {"uv": [20, 36], "uv_size": [0.5, -1]}
							}
						},
						{
							"origin": [0.85178, -1.30282, 0.15],
							"size": [0.25, 0.25, 0.25],
							"pivot": [0.925, -0.875, -5.125],
							"rotation": [0, 0, 45],
							"uv": {
								"north": {"uv": [28, 37], "uv_size": [0.5, 0.5]},
								"east": {"uv": [37, 28], "uv_size": [0.5, 0.5]},
								"west": {"uv": [29, 37], "uv_size": [0.5, 0.5]}
							}
						},
						{
							"origin": [0.85178, -1.65282, -6.65],
							"size": [0.25, 0.17678, 6.8],
							"pivot": [0.925, -0.875, -5.125],
							"rotation": [0, 0, 45],
							"uv": {
								"east": {"uv": [25, 21], "uv_size": [7, 0.5]},
								"west": {"uv": [25, 22], "uv_size": [7, 0.5]},
								"up": {"uv": [11, 25], "uv_size": [0.5, 7]}
							}
						},
						{
							"origin": [0.799, -0.35983, -0.57767],
							"size": [0.25, 0.3125, 0.3125],
							"pivot": [0.9, 0.125, 1.5],
							"rotation": [-45, 0, 0],
							"uv": {
								"east": {"uv": [37, 29], "uv_size": [0.5, 0.5]},
								"west": {"uv": [30, 37], "uv_size": [0.5, 0.5]},
								"down": {"uv": [37, 30.5], "uv_size": [0.5, -0.5]}
							}
						},
						{
							"origin": [0.799, -0.35983, -0.26517],
							"size": [0.25, 0.75, 1.5],
							"pivot": [0.9, 0.125, 1.5],
							"rotation": [-45, 0, 0],
							"uv": {
								"east": {"uv": [2, 30], "uv_size": [1.5, 1]},
								"west": {"uv": [30, 4], "uv_size": [1.5, 1]},
								"up": {"uv": [14, 33], "uv_size": [0.5, 1.5]},
								"down": {"uv": [33, 17.5], "uv_size": [0.5, -1.5]}
							}
						},
						{
							"origin": [0.8, -1.20083, 1.23483],
							"size": [0.25, 1.59099, 0.53033],
							"pivot": [0.9, 0.125, 1.5],
							"rotation": [-45, 0, 0],
							"uv": {
								"north": {"uv": [17, 33], "uv_size": [0.5, 1.5]},
								"east": {"uv": [18, 33], "uv_size": [0.5, 1.5]},
								"south": {"uv": [33, 18], "uv_size": [0.5, 1.5]},
								"west": {"uv": [19, 33], "uv_size": [0.5, 1.5]}
							}
						},
						{
							"origin": [0.799, -0.07583, 3.10983],
							"size": [0.25, 1.59099, 0.53033],
							"pivot": [0.9, 1.25, 3.375],
							"rotation": [-45, 0, 0],
							"uv": {
								"north": {"uv": [20, 33], "uv_size": [0.5, 1.5]},
								"east": {"uv": [33, 20], "uv_size": [0.5, 1.5]},
								"south": {"uv": [21, 33], "uv_size": [0.5, 1.5]},
								"west": {"uv": [22, 33], "uv_size": [0.5, 1.5]}
							}
						},
						{
							"origin": [0.799, 0.23483, 2.04917],
							"size": [0.25, 0.53033, 1.59099],
							"pivot": [0.9, 0.5, 3.375],
							"rotation": [-45, 0, 0],
							"uv": {
								"east": {"uv": [33, 22], "uv_size": [1.5, 0.5]},
								"west": {"uv": [33, 23], "uv_size": [1.5, 0.5]},
								"up": {"uv": [23, 33], "uv_size": [0.5, 1.5]},
								"down": {"uv": [33, 25.5], "uv_size": [0.5, -1.5]}
							}
						},
						{
							"origin": [0.799, 0.23484, 4.60984],
							"size": [0.25, 0.53033, 0.53033],
							"pivot": [0.9, 0.5, 4.875],
							"rotation": [-45, 0, 0],
							"uv": {
								"north": {"uv": [31, 37], "uv_size": [0.5, 0.5]},
								"east": {"uv": [37, 31], "uv_size": [0.5, 0.5]},
								"west": {"uv": [32, 37], "uv_size": [0.5, 0.5]}
							}
						},
						{
							"origin": [0.799, 0.98484, 4.60984],
							"size": [0.25, 0.53033, 0.53033],
							"pivot": [0.9, 1.25, 4.875],
							"rotation": [-45, 0, 0],
							"uv": {
								"east": {"uv": [37, 32], "uv_size": [0.5, 0.5]},
								"west": {"uv": [33, 37], "uv_size": [0.5, 0.5]},
								"down": {"uv": [37, 33.5], "uv_size": [0.5, -0.5]}
							}
						},
						{
							"origin": [0.799, 0.25628, 6.38128],
							"size": [0.25, 1.23744, 1.23744],
							"pivot": [0.9, 0.875, 7],
							"rotation": [-45, 0, 0],
							"uv": {
								"east": {"uv": [0, 32], "uv_size": [1, 1]},
								"south": {"uv": [35, 20], "uv_size": [0.5, 1]},
								"west": {"uv": [32, 0], "uv_size": [1, 1]},
								"up": {"uv": [21, 35], "uv_size": [0.5, 1]}
							}
						},
						{
							"origin": [0.8, 0.5, 4.875],
							"size": [0.25, 0.75, 1.625],
							"uv": {
								"east": {"uv": [30, 5], "uv_size": [1.5, 1]},
								"west": {"uv": [30, 6], "uv_size": [1.5, 1]}
							}
						},
						{
							"origin": [0.8, 1.55, 0.25],
							"size": [0.25, 0.2, 0.5],
							"uv": {
								"north": {"uv": [34, 37], "uv_size": [0.5, 0.5]},
								"east": {"uv": [37, 34], "uv_size": [0.5, 0.5]},
								"south": {"uv": [35, 37], "uv_size": [0.5, 0.5]},
								"west": {"uv": [37, 35], "uv_size": [0.5, 0.5]}
							}
						},
						{
							"origin": [0.8, 1.55, -1.75],
							"size": [0.25, 0.2, 0.5],
							"uv": {
								"north": {"uv": [36, 37], "uv_size": [0.5, 0.5]},
								"east": {"uv": [37, 36], "uv_size": [0.5, 0.5]},
								"south": {"uv": [37, 37], "uv_size": [0.5, 0.5]},
								"west": {"uv": [0, 38], "uv_size": [0.5, 0.5]}
							}
						},
						{
							"origin": [0.8, 1.55, -3.75],
							"size": [0.25, 0.2, 0.5],
							"uv": {
								"north": {"uv": [38, 0], "uv_size": [0.5, 0.5]},
								"east": {"uv": [1, 38], "uv_size": [0.5, 0.5]},
								"south": {"uv": [38, 1], "uv_size": [0.5, 0.5]},
								"west": {"uv": [2, 38], "uv_size": [0.5, 0.5]}
							}
						},
						{
							"origin": [0.8, 1.55, -5.75],
							"size": [0.25, 0.2, 0.5],
							"uv": {
								"north": {"uv": [38, 2], "uv_size": [0.5, 0.5]},
								"east": {"uv": [3, 38], "uv_size": [0.5, 0.5]},
								"south": {"uv": [38, 3], "uv_size": [0.5, 0.5]},
								"west": {"uv": [4, 38], "uv_size": [0.5, 0.5]}
							}
						},
						{
							"origin": [0.799, -0.8625, -1.75],
							"size": [0.25, 2.1125, 0.5],
							"pivot": [1, 1.25, -1.75],
							"rotation": [22.5, 0, 0],
							"uv": {
								"north": {"uv": [1, 32], "uv_size": [0.5, 2]},
								"east": {"uv": [32, 1], "uv_size": [0.5, 2]},
								"south": {"uv": [32, 3], "uv_size": [0.5, 2]},
								"west": {"uv": [5, 32], "uv_size": [0.5, 2]}
							}
						},
						{
							"origin": [0.799, -0.8625, -3.75],
							"size": [0.25, 2.1125, 0.5],
							"pivot": [1, 1.25, -3.75],
							"rotation": [22.5, 0, 0],
							"uv": {
								"north": {"uv": [32, 5], "uv_size": [0.5, 2]},
								"east": {"uv": [6, 32], "uv_size": [0.5, 2]},
								"south": {"uv": [32, 7], "uv_size": [0.5, 2]},
								"west": {"uv": [11, 32], "uv_size": [0.5, 2]}
							}
						},
						{
							"origin": [0.799, -0.8625, -5.75],
							"size": [0.25, 2.1125, 0.5],
							"pivot": [1, 1.25, -5.75],
							"rotation": [22.5, 0, 0],
							"uv": {
								"north": {"uv": [12, 32], "uv_size": [0.5, 2]},
								"east": {"uv": [15, 32], "uv_size": [0.5, 2]},
								"south": {"uv": [16, 32], "uv_size": [0.5, 2]},
								"west": {"uv": [32, 18], "uv_size": [0.5, 2]}
							}
						},
						{
							"origin": [0.8, -0.4225, -8.25],
							"size": [0.25, 2.4225, 1],
							"uv": {
								"north": {"uv": [30, 30], "uv_size": [0.5, 2.5]},
								"east": {"uv": [17, 28], "uv_size": [1, 2.5]},
								"south": {"uv": [2, 31], "uv_size": [0.5, 2.5]},
								"west": {"uv": [18, 28], "uv_size": [1, 2.5]}
							}
						},
						{
							"origin": [0.799, -0.425, -7.25],
							"size": [0.25, 0.425, 0.7375],
							"pivot": [1, -1, -7.25],
							"rotation": [-30, 0, 0],
							"uv": {
								"east": {"uv": [38, 4], "uv_size": [0.5, 0.5]},
								"west": {"uv": [5, 38], "uv_size": [0.5, 0.5]},
								"up": {"uv": [38, 5], "uv_size": [0.5, 0.5]}
							}
						},
						{
							"origin": [0.799, -1, -8.405],
							"size": [0.25, 1, 1.155],
							"pivot": [1, -1, -7.25],
							"rotation": [-30, 0, 0],
							"uv": {
								"east": {"uv": [32, 20], "uv_size": [1, 1]},
								"west": {"uv": [32, 21], "uv_size": [1, 1]},
								"up": {"uv": [35, 21], "uv_size": [0.5, 1]},
								"down": {"uv": [22, 36], "uv_size": [0.5, -1]}
							}
						},
						{
							"origin": [0.8, -1, -7.25],
							"size": [0.25, 0.5, 8],
							"uv": {
								"east": {"uv": [24, 2], "uv_size": [8, 0.5]},
								"west": {"uv": [24, 3], "uv_size": [8, 0.5]},
								"up": {"uv": [6, 24], "uv_size": [0.5, 8]}
							}
						},
						{
							"origin": [0.8, 1.25, -7.25],
							"size": [0.25, 0.3, 9.5],
							"uv": {
								"east": {"uv": [17, 13], "uv_size": [9.5, 0.5]},
								"west": {"uv": [17, 14], "uv_size": [9.5, 0.5]},
								"up": {"uv": [21, 17], "uv_size": [0.5, 9.5]},
								"down": {"uv": [22, 26.5], "uv_size": [0.5, -9.5]}
							}
						},
						{
							"origin": [0.799, 4.39583, 0.28271],
							"size": [0.25, 0.17678, 0.35355],
							"pivot": [0, 0.00625, -1.46406],
							"rotation": [-45, 0, 0],
							"uv": {
								"east": {"uv": [6, 38], "uv_size": [0.5, 0.5]},
								"west": {"uv": [38, 6], "uv_size": [0.5, 0.5]},
								"up": {"uv": [7, 38], "uv_size": [0.5, 0.5]}
							}
						},
						{
							"origin": [0.8, 1.75, -7.25],
							"size": [0.25, 0.25, 10.25],
							"uv": {
								"east": {"uv": [17, 5], "uv_size": [10.5, 0.5]},
								"west": {"uv": [17, 6], "uv_size": [10.5, 0.5]},
								"down": {"uv": [17, 27.5], "uv_size": [0.5, -10.5]}
							}
						},
						{
							"origin": [0.8, 1.25, 2.25],
							"size": [0.25, 0.5, 4.75],
							"uv": {
								"north": {"uv": [38, 7], "uv_size": [0.5, 0.5]},
								"east": {"uv": [28, 16], "uv_size": [5, 0.5]},
								"west": {"uv": [25, 28], "uv_size": [5, 0.5]},
								"up": {"uv": [23, 28], "uv_size": [0.5, 5]},
								"down": {"uv": [29, 9], "uv_size": [0.5, -5]}
							}
						}
					]
				},
				{
					"name": "left2",
					"parent": "handguard",
					"pivot": [0, 0, 3.35],
					"cubes": [
						{
							"origin": [-1.05, 0, 1.5],
							"size": [0.25, 0.5, 5.5],
							"uv": {
								"east": {"uv": [28, 13], "uv_size": [5.5, 0.5]},
								"west": {"uv": [28, 14], "uv_size": [5.5, 0.5]},
								"up": {"uv": [9, 28], "uv_size": [0.5, 5.5]},
								"down": {"uv": [10, 33.5], "uv_size": [0.5, -5.5]}
							}
						},
						{
							"origin": [-0.98839, 1.96412, 2.05074],
							"size": [0.25, 0.25, 0.84853],
							"pivot": [-0.86339, 2.00983, 2.75],
							"rotation": [-45, 0, 45],
							"uv": {
								"east": {"uv": [35, 22], "uv_size": [1, 0.5]},
								"west": {"uv": [23, 35], "uv_size": [1, 0.5]},
								"up": {"uv": [35, 23], "uv_size": [0.5, 1]},
								"down": {"uv": [24, 36], "uv_size": [0.5, -1]}
							}
						},
						{
							"origin": [-1.10178, 2.05282, 2.4],
							"size": [0.25, 0.25, 0.25],
							"pivot": [-0.925, 1.875, -2.875],
							"rotation": [0, 0, 45],
							"uv": {
								"north": {"uv": [8, 38], "uv_size": [0.5, 0.5]},
								"east": {"uv": [38, 8], "uv_size": [0.5, 0.5]},
								"west": {"uv": [9, 38], "uv_size": [0.5, 0.5]}
							}
						},
						{
							"origin": [-0.98839, 1.96412, -8.14926],
							"size": [0.25, 0.25, 0.84853],
							"pivot": [-0.86339, 2.00983, -8],
							"rotation": [45, 0, 45],
							"uv": {
								"east": {"uv": [35, 24], "uv_size": [1, 0.5]},
								"west": {"uv": [25, 35], "uv_size": [1, 0.5]},
								"up": {"uv": [35, 25], "uv_size": [0.5, 1]}
							}
						},
						{
							"origin": [-1.10178, 1.875, -8.25],
							"size": [0.25, 0.17782, 11.25],
							"pivot": [-0.925, 1.875, -2.375],
							"rotation": [0, 0, 45],
							"uv": {
								"north": {"uv": [38, 9], "uv_size": [0.5, 0.5]},
								"east": {"uv": [16, 16], "uv_size": [11.5, 0.5]},
								"south": {"uv": [10, 38], "uv_size": [0.5, 0.5]},
								"west": {"uv": [17, 4], "uv_size": [11.5, 0.5]},
								"up": {"uv": [16, 17], "uv_size": [0.5, 11.5]}
							}
						},
						{
							"origin": [-1.10178, 2.47604, -7.65],
							"size": [0.25, 0.17678, 10.05],
							"pivot": [-0.925, 1.875, -6.125],
							"rotation": [0, 0, 45],
							"uv": {
								"east": {"uv": [17, 11], "uv_size": [10, 0.5]},
								"west": {"uv": [17, 12], "uv_size": [10, 0.5]},
								"down": {"uv": [20, 27], "uv_size": [0.5, -10]}
							}
						},
						{
							"origin": [-0.98839, 1.96412, -5.39926],
							"size": [0.25, 0.25, 0.84853],
							"pivot": [-0.86339, 2.00983, -5.25],
							"rotation": [45, 0, 45],
							"uv": {
								"east": {"uv": [26, 35], "uv_size": [1, 0.5]},
								"west": {"uv": [35, 26], "uv_size": [1, 0.5]},
								"up": {"uv": [27, 35], "uv_size": [0.5, 1]},
								"down": {"uv": [35, 28], "uv_size": [0.5, -1]}
							}
						},
						{
							"origin": [-0.98839, 1.96412, -3.39926],
							"size": [0.25, 0.25, 0.84853],
							"pivot": [-0.86339, 2.00983, -3.25],
							"rotation": [45, 0, 45],
							"uv": {
								"east": {"uv": [28, 35], "uv_size": [1, 0.5]},
								"west": {"uv": [35, 28], "uv_size": [1, 0.5]},
								"up": {"uv": [29, 35], "uv_size": [0.5, 1]},
								"down": {"uv": [35, 30], "uv_size": [0.5, -1]}
							}
						},
						{
							"origin": [-0.98839, 1.96412, 0.60074],
							"size": [0.25, 0.25, 0.84853],
							"pivot": [-0.86339, 2.00983, 0.75],
							"rotation": [45, 0, 45],
							"uv": {
								"east": {"uv": [30, 35], "uv_size": [1, 0.5]},
								"west": {"uv": [35, 30], "uv_size": [1, 0.5]},
								"up": {"uv": [31, 35], "uv_size": [0.5, 1]},
								"down": {"uv": [35, 32], "uv_size": [0.5, -1]}
							}
						},
						{
							"origin": [-0.98839, 1.96412, -1.39926],
							"size": [0.25, 0.25, 0.84853],
							"pivot": [-0.86339, 2.00983, -1.25],
							"rotation": [45, 0, 45],
							"uv": {
								"east": {"uv": [32, 35], "uv_size": [1, 0.5]},
								"west": {"uv": [35, 32], "uv_size": [1, 0.5]},
								"up": {"uv": [33, 35], "uv_size": [0.5, 1]},
								"down": {"uv": [35, 34], "uv_size": [0.5, -1]}
							}
						},
						{
							"origin": [-0.98839, 1.96412, -7.79926],
							"size": [0.25, 0.25, 0.84853],
							"pivot": [-0.86339, 2.00983, -7.65],
							"rotation": [45, 0, 45],
							"uv": {
								"east": {"uv": [34, 35], "uv_size": [1, 0.5]},
								"west": {"uv": [35, 34], "uv_size": [1, 0.5]}
							}
						},
						{
							"origin": [-0.98839, 1.96412, -7.44926],
							"size": [0.25, 0.25, 0.84853],
							"pivot": [-0.86339, 2.00983, -7.3],
							"rotation": [45, 0, 45],
							"uv": {
								"east": {"uv": [35, 35], "uv_size": [1, 0.5]},
								"west": {"uv": [0, 36], "uv_size": [1, 0.5]},
								"down": {"uv": [36, 1], "uv_size": [0.5, -1]}
							}
						},
						{
							"origin": [-0.98839, -1.21412, -0.64926],
							"size": [0.25, 0.25, 0.84853],
							"pivot": [-0.86339, -1.00983, -0.5],
							"rotation": [-45, 0, -45],
							"uv": {
								"east": {"uv": [1, 36], "uv_size": [1, 0.5]},
								"west": {"uv": [36, 1], "uv_size": [1, 0.5]},
								"up": {"uv": [2, 36], "uv_size": [0.5, 1]},
								"down": {"uv": [36, 3], "uv_size": [0.5, -1]}
							}
						},
						{
							"origin": [-0.98839, -1.21412, -2.64926],
							"size": [0.25, 0.25, 0.84853],
							"pivot": [-0.86339, -1.00983, -2.5],
							"rotation": [-45, 0, -45],
							"uv": {
								"east": {"uv": [3, 36], "uv_size": [1, 0.5]},
								"west": {"uv": [36, 3], "uv_size": [1, 0.5]},
								"up": {"uv": [4, 36], "uv_size": [0.5, 1]},
								"down": {"uv": [36, 5], "uv_size": [0.5, -1]}
							}
						},
						{
							"origin": [-0.98839, -1.21412, -4.64926],
							"size": [0.25, 0.25, 0.84853],
							"pivot": [-0.86339, -1.00983, -4.5],
							"rotation": [-45, 0, -45],
							"uv": {
								"east": {"uv": [5, 36], "uv_size": [1, 0.5]},
								"west": {"uv": [36, 5], "uv_size": [1, 0.5]},
								"up": {"uv": [6, 36], "uv_size": [0.5, 1]},
								"down": {"uv": [36, 7], "uv_size": [0.5, -1]}
							}
						},
						{
							"origin": [-0.98839, -1.21412, -6.44926],
							"size": [0.25, 0.25, 0.84853],
							"pivot": [-0.86339, -1.00983, -6.3],
							"rotation": [-45, 0, -45],
							"uv": {
								"east": {"uv": [7, 36], "uv_size": [1, 0.5]},
								"west": {"uv": [36, 7], "uv_size": [1, 0.5]},
								"up": {"uv": [8, 36], "uv_size": [0.5, 1]}
							}
						},
						{
							"origin": [-0.98839, -1.21412, -6.79926],
							"size": [0.25, 0.25, 0.84853],
							"pivot": [-0.86339, -1.00983, -6.65],
							"rotation": [-45, 0, -45],
							"uv": {
								"east": {"uv": [36, 8], "uv_size": [1, 0.5]},
								"west": {"uv": [9, 36], "uv_size": [1, 0.5]}
							}
						},
						{
							"origin": [-0.98839, -1.21412, -7.14926],
							"size": [0.25, 0.25, 0.84853],
							"pivot": [-0.86339, -1.00983, -7],
							"rotation": [-45, 0, -45],
							"uv": {
								"east": {"uv": [36, 9], "uv_size": [1, 0.5]},
								"west": {"uv": [10, 36], "uv_size": [1, 0.5]},
								"down": {"uv": [36, 11], "uv_size": [0.5, -1]}
							}
						},
						{
							"origin": [-1.10178, -1.05282, -7.25],
							"size": [0.25, 0.17782, 8],
							"pivot": [-0.925, -0.875, -1.375],
							"rotation": [0, 0, -45],
							"uv": {
								"north": {"uv": [38, 10], "uv_size": [0.5, 0.5]},
								"east": {"uv": [7, 24], "uv_size": [8, 0.5]},
								"south": {"uv": [11, 38], "uv_size": [0.5, 0.5]},
								"west": {"uv": [24, 18], "uv_size": [8, 0.5]},
								"down": {"uv": [15, 32], "uv_size": [0.5, -8]}
							}
						},
						{
							"origin": [-0.98839, -1.21412, -0.19926],
							"size": [0.25, 0.25, 0.84853],
							"pivot": [-0.86339, -1.00983, 0.5],
							"rotation": [45, 0, -45],
							"uv": {
								"east": {"uv": [11, 36], "uv_size": [1, 0.5]},
								"west": {"uv": [36, 11], "uv_size": [1, 0.5]},
								"up": {"uv": [12, 36], "uv_size": [0.5, 1]},
								"down": {"uv": [36, 13], "uv_size": [0.5, -1]}
							}
						},
						{
							"origin": [-1.10178, -1.30282, 0.15],
							"size": [0.25, 0.25, 0.25],
							"pivot": [-0.925, -0.875, -5.125],
							"rotation": [0, 0, -45],
							"uv": {
								"north": {"uv": [38, 11], "uv_size": [0.5, 0.5]},
								"east": {"uv": [12, 38], "uv_size": [0.5, 0.5]},
								"west": {"uv": [38, 12], "uv_size": [0.5, 0.5]}
							}
						},
						{
							"origin": [-1.10178, -1.65282, -6.65],
							"size": [0.25, 0.17678, 6.8],
							"pivot": [-0.925, -0.875, -5.125],
							"rotation": [0, 0, -45],
							"uv": {
								"east": {"uv": [25, 23], "uv_size": [7, 0.5]},
								"west": {"uv": [25, 24], "uv_size": [7, 0.5]},
								"up": {"uv": [12, 25], "uv_size": [0.5, 7]}
							}
						},
						{
							"origin": [-1.049, -0.35983, -0.57767],
							"size": [0.25, 0.3125, 0.3125],
							"pivot": [-0.9, 0.125, 1.5],
							"rotation": [-45, 0, 0],
							"uv": {
								"east": {"uv": [13, 38], "uv_size": [0.5, 0.5]},
								"west": {"uv": [38, 13], "uv_size": [0.5, 0.5]},
								"down": {"uv": [14, 38.5], "uv_size": [0.5, -0.5]}
							}
						},
						{
							"origin": [-1.049, -0.35983, -0.26517],
							"size": [0.25, 0.75, 1.5],
							"pivot": [-0.9, 0.125, 1.5],
							"rotation": [-45, 0, 0],
							"uv": {
								"east": {"uv": [30, 7], "uv_size": [1.5, 1]},
								"west": {"uv": [30, 8], "uv_size": [1.5, 1]},
								"up": {"uv": [33, 26], "uv_size": [0.5, 1.5]},
								"down": {"uv": [33, 29.5], "uv_size": [0.5, -1.5]}
							}
						},
						{
							"origin": [-1.05, -1.20083, 1.23483],
							"size": [0.25, 1.59099, 0.53033],
							"pivot": [-0.9, 0.125, 1.5],
							"rotation": [-45, 0, 0],
							"uv": {
								"north": {"uv": [30, 33], "uv_size": [0.5, 1.5]},
								"east": {"uv": [33, 30], "uv_size": [0.5, 1.5]},
								"south": {"uv": [33, 32], "uv_size": [0.5, 1.5]},
								"west": {"uv": [34, 0], "uv_size": [0.5, 1.5]}
							}
						},
						{
							"origin": [-1.049, -0.07583, 3.10983],
							"size": [0.25, 1.59099, 0.53033],
							"pivot": [-0.9, 1.25, 3.375],
							"rotation": [-45, 0, 0],
							"uv": {
								"north": {"uv": [1, 34], "uv_size": [0.5, 1.5]},
								"east": {"uv": [2, 34], "uv_size": [0.5, 1.5]},
								"south": {"uv": [34, 2], "uv_size": [0.5, 1.5]},
								"west": {"uv": [3, 34], "uv_size": [0.5, 1.5]}
							}
						},
						{
							"origin": [-1.049, 0.23483, 2.04917],
							"size": [0.25, 0.53033, 1.59099],
							"pivot": [-0.9, 0.5, 3.375],
							"rotation": [-45, 0, 0],
							"uv": {
								"east": {"uv": [4, 34], "uv_size": [1.5, 0.5]},
								"west": {"uv": [34, 4], "uv_size": [1.5, 0.5]},
								"up": {"uv": [34, 5], "uv_size": [0.5, 1.5]},
								"down": {"uv": [6, 35.5], "uv_size": [0.5, -1.5]}
							}
						},
						{
							"origin": [-1.049, 0.23484, 4.60984],
							"size": [0.25, 0.53033, 0.53033],
							"pivot": [-0.9, 0.5, 4.875],
							"rotation": [-45, 0, 0],
							"uv": {
								"north": {"uv": [38, 14], "uv_size": [0.5, 0.5]},
								"east": {"uv": [15, 38], "uv_size": [0.5, 0.5]},
								"west": {"uv": [38, 15], "uv_size": [0.5, 0.5]}
							}
						},
						{
							"origin": [-1.049, 0.98484, 4.60984],
							"size": [0.25, 0.53033, 0.53033],
							"pivot": [-0.9, 1.25, 4.875],
							"rotation": [-45, 0, 0],
							"uv": {
								"east": {"uv": [16, 38], "uv_size": [0.5, 0.5]},
								"west": {"uv": [38, 16], "uv_size": [0.5, 0.5]},
								"down": {"uv": [17, 38.5], "uv_size": [0.5, -0.5]}
							}
						},
						{
							"origin": [-1.049, 0.25628, 6.38128],
							"size": [0.25, 1.23744, 1.23744],
							"pivot": [-0.9, 0.875, 7],
							"rotation": [-45, 0, 0],
							"uv": {
								"east": {"uv": [32, 22], "uv_size": [1, 1]},
								"south": {"uv": [13, 36], "uv_size": [0.5, 1]},
								"west": {"uv": [32, 23], "uv_size": [1, 1]},
								"up": {"uv": [36, 13], "uv_size": [0.5, 1]}
							}
						},
						{
							"origin": [-1.05, 0.5, 4.875],
							"size": [0.25, 0.75, 1.625],
							"uv": {
								"east": {"uv": [30, 28], "uv_size": [1.5, 1]},
								"west": {"uv": [30, 29], "uv_size": [1.5, 1]}
							}
						},
						{
							"origin": [-1.05, 1.55, 0.25],
							"size": [0.25, 0.2, 0.5],
							"uv": {
								"north": {"uv": [38, 17], "uv_size": [0.5, 0.5]},
								"east": {"uv": [18, 38], "uv_size": [0.5, 0.5]},
								"south": {"uv": [38, 18], "uv_size": [0.5, 0.5]},
								"west": {"uv": [19, 38], "uv_size": [0.5, 0.5]}
							}
						},
						{
							"origin": [-1.05, 1.55, -1.75],
							"size": [0.25, 0.2, 0.5],
							"uv": {
								"north": {"uv": [38, 19], "uv_size": [0.5, 0.5]},
								"east": {"uv": [20, 38], "uv_size": [0.5, 0.5]},
								"south": {"uv": [38, 20], "uv_size": [0.5, 0.5]},
								"west": {"uv": [21, 38], "uv_size": [0.5, 0.5]}
							}
						},
						{
							"origin": [-1.05, 1.55, -3.75],
							"size": [0.25, 0.2, 0.5],
							"uv": {
								"north": {"uv": [38, 21], "uv_size": [0.5, 0.5]},
								"east": {"uv": [22, 38], "uv_size": [0.5, 0.5]},
								"south": {"uv": [38, 22], "uv_size": [0.5, 0.5]},
								"west": {"uv": [23, 38], "uv_size": [0.5, 0.5]}
							}
						},
						{
							"origin": [-1.05, 1.55, -5.75],
							"size": [0.25, 0.2, 0.5],
							"uv": {
								"north": {"uv": [38, 23], "uv_size": [0.5, 0.5]},
								"east": {"uv": [24, 38], "uv_size": [0.5, 0.5]},
								"south": {"uv": [38, 24], "uv_size": [0.5, 0.5]},
								"west": {"uv": [25, 38], "uv_size": [0.5, 0.5]}
							}
						},
						{
							"origin": [-1.049, -0.8625, -1.75],
							"size": [0.25, 2.1125, 0.5],
							"pivot": [-1, 1.25, -1.75],
							"rotation": [22.5, 0, 0],
							"uv": {
								"north": {"uv": [24, 32], "uv_size": [0.5, 2]},
								"east": {"uv": [32, 24], "uv_size": [0.5, 2]},
								"south": {"uv": [32, 26], "uv_size": [0.5, 2]},
								"west": {"uv": [27, 32], "uv_size": [0.5, 2]}
							}
						},
						{
							"origin": [-1.049, -0.8625, -3.75],
							"size": [0.25, 2.1125, 0.5],
							"pivot": [-1, 1.25, -3.75],
							"rotation": [22.5, 0, 0],
							"uv": {
								"north": {"uv": [28, 32], "uv_size": [0.5, 2]},
								"east": {"uv": [32, 28], "uv_size": [0.5, 2]},
								"south": {"uv": [29, 32], "uv_size": [0.5, 2]},
								"west": {"uv": [32, 30], "uv_size": [0.5, 2]}
							}
						},
						{
							"origin": [-1.049, -0.8625, -5.75],
							"size": [0.25, 2.1125, 0.5],
							"pivot": [-1, 1.25, -5.75],
							"rotation": [22.5, 0, 0],
							"uv": {
								"north": {"uv": [31, 32], "uv_size": [0.5, 2]},
								"east": {"uv": [32, 32], "uv_size": [0.5, 2]},
								"south": {"uv": [0, 33], "uv_size": [0.5, 2]},
								"west": {"uv": [33, 0], "uv_size": [0.5, 2]}
							}
						},
						{
							"origin": [-1.05, -0.4225, -8.25],
							"size": [0.25, 2.4225, 1],
							"uv": {
								"north": {"uv": [3, 31], "uv_size": [0.5, 2.5]},
								"east": {"uv": [16, 29], "uv_size": [1, 2.5]},
								"south": {"uv": [13, 31], "uv_size": [0.5, 2.5]},
								"west": {"uv": [24, 29], "uv_size": [1, 2.5]}
							}
						},
						{
							"origin": [-1.049, -0.425, -7.25],
							"size": [0.25, 0.425, 0.7375],
							"pivot": [-1, -1, -7.25],
							"rotation": [-30, 0, 0],
							"uv": {
								"east": {"uv": [38, 25], "uv_size": [0.5, 0.5]},
								"west": {"uv": [26, 38], "uv_size": [0.5, 0.5]},
								"up": {"uv": [38, 26], "uv_size": [0.5, 0.5]}
							}
						},
						{
							"origin": [-1.049, -1, -8.405],
							"size": [0.25, 1, 1.155],
							"pivot": [-1, -1, -7.25],
							"rotation": [-30, 0, 0],
							"uv": {
								"east": {"uv": [33, 2], "uv_size": [1, 1]},
								"west": {"uv": [33, 3], "uv_size": [1, 1]},
								"up": {"uv": [14, 36], "uv_size": [0.5, 1]},
								"down": {"uv": [36, 15], "uv_size": [0.5, -1]}
							}
						},
						{
							"origin": [-1.05, -1, -7.25],
							"size": [0.25, 0.5, 8],
							"uv": {
								"east": {"uv": [24, 19], "uv_size": [8, 0.5]},
								"west": {"uv": [24, 20], "uv_size": [8, 0.5]},
								"up": {"uv": [24, 21], "uv_size": [0.5, 8]}
							}
						},
						{
							"origin": [-1.05, 1.25, -7.25],
							"size": [0.25, 0.3, 9.5],
							"uv": {
								"east": {"uv": [17, 15], "uv_size": [9.5, 0.5]},
								"west": {"uv": [23, 17], "uv_size": [9.5, 0.5]},
								"up": {"uv": [23, 18], "uv_size": [0.5, 9.5]},
								"down": {"uv": [4, 33.5], "uv_size": [0.5, -9.5]}
							}
						},
						{
							"origin": [-1.05, 4.39583, 0.28271],
							"size": [0.25, 0.17678, 0.35355],
							"pivot": [0, 0.00625, -1.46406],
							"rotation": [-45, 0, 0],
							"uv": {
								"east": {"uv": [27, 38], "uv_size": [0.5, 0.5]},
								"west": {"uv": [38, 27], "uv_size": [0.5, 0.5]},
								"up": {"uv": [28, 38], "uv_size": [0.5, 0.5]}
							}
						},
						{
							"origin": [-1.05, 1.75, -7.25],
							"size": [0.25, 0.25, 10.25],
							"uv": {
								"east": {"uv": [17, 7], "uv_size": [10.5, 0.5]},
								"west": {"uv": [17, 8], "uv_size": [10.5, 0.5]},
								"down": {"uv": [18, 27.5], "uv_size": [0.5, -10.5]}
							}
						},
						{
							"origin": [-1.05, 1.25, 2.25],
							"size": [0.25, 0.5, 4.75],
							"uv": {
								"north": {"uv": [38, 28], "uv_size": [0.5, 0.5]},
								"east": {"uv": [29, 9], "uv_size": [5, 0.5]},
								"west": {"uv": [29, 10], "uv_size": [5, 0.5]},
								"up": {"uv": [25, 29], "uv_size": [0.5, 5]},
								"down": {"uv": [26, 34], "uv_size": [0.5, -5]}
							}
						}
					]
				}
			]
		}
	]
}