{
	"format_version": "1.12.0",
	"minecraft:geometry": [
		{
			"description": {
				"identifier": "geometry.unknown",
				"texture_width": 16,
				"texture_height": 16,
				"visible_bounds_width": 2,
				"visible_bounds_height": 1.5,
				"visible_bounds_offset": [0, 0.25, 0]
			},
			"bones": [
				{
					"name": "main",
					"pivot": [0, 0, 0.75],
					"cubes": [
						{
							"origin": [-0.625, -0.75, 0.25],
							"size": [1.25, 1, 1.25],
							"uv": {
								"east": {"uv": [8, 2], "uv_size": [1.25, 1]},
								"west": {"uv": [8, 3], "uv_size": [1.25, 1]},
								"up": {"uv": [0, 6], "uv_size": [1.25, 1.25]},
								"down": {"uv": [6, 1.25], "uv_size": [1.25, -1.25]}
							}
						},
						{
							"origin": [-0.625, -3.5, 0.625],
							"size": [1.25, 0.5, 0.5],
							"uv": {
								"north": {"uv": [8, 5], "uv_size": [1.25, 0.5]},
								"east": {"uv": [9, 11], "uv_size": [0.5, 0.5]},
								"south": {"uv": [8, 6], "uv_size": [1.25, 0.5]},
								"west": {"uv": [11, 9], "uv_size": [0.5, 0.5]},
								"up": {"uv": [7, 8], "uv_size": [1.25, 0.5]},
								"down": {"uv": [8, 7.5], "uv_size": [1.25, -0.5]}
							}
						},
						{
							"origin": [-0.5625, -3.75, 0.375],
							"size": [1.125, 0.25, 1],
							"uv": {
								"east": {"uv": [10, 11], "uv_size": [1, 0.25]},
								"west": {"uv": [11, 10], "uv_size": [1, 0.25]},
								"down": {"uv": [8, 5], "uv_size": [1.25, -1]}
							}
						},
						{
							"origin": [-0.625, -3.5, 0.25],
							"size": [1.25, 2.75, 0.375],
							"uv": {
								"north": {"uv": [0, 0], "uv_size": [1.25, 2.75]},
								"east": {"uv": [2, 6], "uv_size": [0.5, 2.75]},
								"south": {"uv": [2, 0], "uv_size": [1.25, 2.75]},
								"west": {"uv": [6, 2], "uv_size": [0.5, 2.75]},
								"down": {"uv": [9, 1.5], "uv_size": [1.25, -0.5]}
							}
						},
						{
							"origin": [-0.625, -3.5, 1.125],
							"size": [1.25, 2.75, 0.375],
							"uv": {
								"north": {"uv": [0, 3], "uv_size": [1.25, 2.75]},
								"east": {"uv": [3, 6], "uv_size": [0.5, 2.75]},
								"south": {"uv": [2, 3], "uv_size": [1.25, 2.75]},
								"west": {"uv": [4, 6], "uv_size": [0.5, 2.75]},
								"down": {"uv": [3, 9.5], "uv_size": [1.25, -0.5]}
							}
						},
						{
							"origin": [-0.625, -3.75, 1.375],
							"size": [1.25, 0.25, 0.125],
							"uv": {
								"east": {"uv": [0, 14], "uv_size": [0.25, 0.25]},
								"west": {"uv": [14, 0], "uv_size": [0.25, 0.25]},
								"down": {"uv": [4, 11.25], "uv_size": [1.25, -0.25]}
							}
						},
						{
							"origin": [-0.625, -3.75, 0.25],
							"size": [1.25, 0.25, 0.125],
							"uv": {
								"east": {"uv": [13, 12], "uv_size": [0.25, 0.25]},
								"west": {"uv": [13, 13], "uv_size": [0.25, 0.25]},
								"down": {"uv": [2, 11.25], "uv_size": [1.25, -0.25]}
							}
						},
						{
							"origin": [-0.624, -4.10095, 0.27773],
							"size": [1.248, 0.375, 0.17678],
							"pivot": [-0.001, -2.60095, 0.40273],
							"rotation": [45, 0, 0],
							"uv": {
								"north": {"uv": [5, 9], "uv_size": [1.25, 0.5]},
								"east": {"uv": [2, 12], "uv_size": [0.25, 0.5]},
								"west": {"uv": [12, 2], "uv_size": [0.25, 0.5]}
							}
						},
						{
							"origin": [-0.625, -2, 0.625],
							"size": [1.25, 0.25, 0.5],
							"uv": {
								"east": {"uv": [1, 12], "uv_size": [0.5, 0.25]},
								"west": {"uv": [12, 1], "uv_size": [0.5, 0.25]},
								"up": {"uv": [9, 0], "uv_size": [1.25, 0.5]},
								"down": {"uv": [1, 9.5], "uv_size": [1.25, -0.5]}
							}
						},
						{
							"origin": [-0.5625, -3, 0.5],
							"size": [1.125, 2.25, 0.75],
							"uv": {
								"east": {"uv": [5, 0], "uv_size": [0.75, 2.25]},
								"west": {"uv": [5, 3], "uv_size": [0.75, 2.25]}
							}
						},
						{
							"origin": [-0.6875, -0.375, 0.375],
							"size": [1.375, 0.25, 0.25],
							"pivot": [0, -0.25, 0.5],
							"rotation": [45, 0, 0],
							"uv": {
								"north": {"uv": [10, 2], "uv_size": [1.5, 0.25]},
								"east": {"uv": [12, 12], "uv_size": [0.25, 0.25]},
								"south": {"uv": [3, 10], "uv_size": [1.5, 0.25]},
								"west": {"uv": [0, 13], "uv_size": [0.25, 0.25]},
								"up": {"uv": [10, 3], "uv_size": [1.5, 0.25]},
								"down": {"uv": [10, 4.25], "uv_size": [1.5, -0.25]}
							}
						},
						{
							"origin": [-0.6875, -0.375, 1.125],
							"size": [1.375, 0.25, 0.25],
							"pivot": [0, -0.25, 1.25],
							"rotation": [45, 0, 0],
							"uv": {
								"north": {"uv": [5, 10], "uv_size": [1.5, 0.25]},
								"east": {"uv": [13, 0], "uv_size": [0.25, 0.25]},
								"south": {"uv": [10, 5], "uv_size": [1.5, 0.25]},
								"west": {"uv": [1, 13], "uv_size": [0.25, 0.25]},
								"up": {"uv": [10, 6], "uv_size": [1.5, 0.25]},
								"down": {"uv": [10, 7.25], "uv_size": [1.5, -0.25]}
							}
						},
						{
							"origin": [-0.375, -0.749, 0],
							"size": [0.75, 1, 1.75],
							"uv": {
								"north": {"uv": [1, 8], "uv_size": [0.75, 1]},
								"south": {"uv": [5, 8], "uv_size": [0.75, 1]},
								"up": {"uv": [5, 6], "uv_size": [0.75, 1.75]},
								"down": {"uv": [6, 6.75], "uv_size": [0.75, -1.75]}
							}
						},
						{
							"origin": [0.26517, -0.75, 1.60095],
							"size": [0.35355, 1, 0.25],
							"pivot": [0.24372, -1.75, 0.60095],
							"rotation": [0, -45, 0],
							"uv": {
								"south": {"uv": [11, 8], "uv_size": [0.25, 1]},
								"up": {"uv": [11, 12], "uv_size": [0.25, 0.25]},
								"down": {"uv": [12, 11.25], "uv_size": [0.25, -0.25]}
							}
						},
						{
							"origin": [-0.61872, -0.75, 1.60095],
							"size": [0.35355, 1, 0.25],
							"pivot": [-0.24372, -1.75, 0.60095],
							"rotation": [0, 45, 0],
							"uv": {
								"south": {"uv": [6, 11], "uv_size": [0.25, 1]},
								"up": {"uv": [10, 12], "uv_size": [0.25, 0.25]},
								"down": {"uv": [12, 10.25], "uv_size": [0.25, -0.25]}
							}
						},
						{
							"origin": [-0.61872, -1.75, 1.60095],
							"size": [0.35355, 0.5, 0.25],
							"pivot": [-0.24372, -2.75, 0.60095],
							"rotation": [0, 45, 0],
							"uv": {
								"south": {"uv": [12, 3], "uv_size": [0.25, 0.5]},
								"up": {"uv": [13, 2], "uv_size": [0.25, 0.25]},
								"down": {"uv": [3, 13.25], "uv_size": [0.25, -0.25]}
							}
						},
						{
							"origin": [-0.375, -1.75, 0],
							"size": [0.75, 0.5, 1.75],
							"uv": {
								"north": {"uv": [10, 8], "uv_size": [0.75, 0.5]},
								"south": {"uv": [10, 9], "uv_size": [0.75, 0.5]},
								"up": {"uv": [7, 2], "uv_size": [0.75, 1.75]},
								"down": {"uv": [7, 5.75], "uv_size": [0.75, -1.75]}
							}
						},
						{
							"origin": [-0.375, -3.25, 0.0625],
							"size": [0.75, 2.5, 1.625],
							"uv": {
								"north": {"uv": [4, 0], "uv_size": [0.75, 2.5]},
								"south": {"uv": [4, 3], "uv_size": [0.75, 2.5]}
							}
						},
						{
							"origin": [0.26517, -1.75, 1.60095],
							"size": [0.35355, 0.5, 0.25],
							"pivot": [0.24372, -2.75, 0.60095],
							"rotation": [0, -45, 0],
							"uv": {
								"south": {"uv": [3, 12], "uv_size": [0.25, 0.5]},
								"up": {"uv": [13, 1], "uv_size": [0.25, 0.25]},
								"down": {"uv": [2, 13.25], "uv_size": [0.25, -0.25]}
							}
						},
						{
							"origin": [0.26517, -3.25, 1.53845],
							"size": [0.35355, 2.5, 0.25],
							"pivot": [0.24372, -2.75, 0.53845],
							"rotation": [0, -45, 0],
							"uv": {
								"south": {"uv": [7, 9], "uv_size": [0.25, 2.5]}
							}
						},
						{
							"origin": [-0.61872, -3.25, 1.53845],
							"size": [0.35355, 2.5, 0.25],
							"pivot": [-0.24372, -2.75, 0.53845],
							"rotation": [0, 45, 0],
							"uv": {
								"south": {"uv": [8, 9], "uv_size": [0.25, 2.5]}
							}
						},
						{
							"origin": [0.26517, -3.25, -0.03845],
							"size": [0.35355, 2.5, 0.25],
							"pivot": [0.24372, -2.75, 1.21155],
							"rotation": [0, 45, 0],
							"uv": {
								"north": {"uv": [0, 10], "uv_size": [0.25, 2.5]}
							}
						},
						{
							"origin": [-0.61872, -3.25, -0.03845],
							"size": [0.35355, 2.5, 0.25],
							"pivot": [-0.24372, -2.75, 1.21155],
							"rotation": [0, -45, 0],
							"uv": {
								"north": {"uv": [9, 8], "uv_size": [0.25, 2.5]}
							}
						},
						{
							"origin": [-0.61872, -2.75, 1.60095],
							"size": [0.35355, 0.5, 0.25],
							"pivot": [-0.24372, -3.75, 0.60095],
							"rotation": [0, 45, 0],
							"uv": {
								"south": {"uv": [12, 4], "uv_size": [0.25, 0.5]},
								"up": {"uv": [13, 4], "uv_size": [0.25, 0.25]},
								"down": {"uv": [5, 13.25], "uv_size": [0.25, -0.25]}
							}
						},
						{
							"origin": [-0.375, -2.75, 0],
							"size": [0.75, 0.5, 1.75],
							"uv": {
								"north": {"uv": [10, 10], "uv_size": [0.75, 0.5]},
								"south": {"uv": [11, 0], "uv_size": [0.75, 0.5]},
								"up": {"uv": [6, 7], "uv_size": [0.75, 1.75]},
								"down": {"uv": [7, 7.75], "uv_size": [0.75, -1.75]}
							}
						},
						{
							"origin": [0.26517, -2.75, 1.60095],
							"size": [0.35355, 0.5, 0.25],
							"pivot": [0.24372, -3.75, 0.60095],
							"rotation": [0, -45, 0],
							"uv": {
								"south": {"uv": [4, 12], "uv_size": [0.25, 0.5]},
								"up": {"uv": [13, 3], "uv_size": [0.25, 0.25]},
								"down": {"uv": [4, 13.25], "uv_size": [0.25, -0.25]}
							}
						},
						{
							"origin": [-0.375, -3.75, 0],
							"size": [0.75, 0.5, 1.75],
							"uv": {
								"north": {"uv": [1, 11], "uv_size": [0.75, 0.5]},
								"south": {"uv": [11, 1], "uv_size": [0.75, 0.5]},
								"up": {"uv": [0, 8], "uv_size": [0.75, 1.75]},
								"down": {"uv": [8, 1.75], "uv_size": [0.75, -1.75]}
							}
						},
						{
							"origin": [0.26517, -3.75, 1.67417],
							"size": [0.35355, 0.5, 0.17678],
							"pivot": [0.24372, -4.75, 0.60095],
							"rotation": [0, -45, 0],
							"uv": {
								"south": {"uv": [5, 12], "uv_size": [0.25, 0.5]},
								"up": {"uv": [13, 5], "uv_size": [0.25, 0.25]},
								"down": {"uv": [6, 13.25], "uv_size": [0.25, -0.25]}
							}
						},
						{
							"origin": [-0.61872, -3.75, 1.67417],
							"size": [0.35355, 0.5, 0.17678],
							"pivot": [-0.24372, -4.75, 0.60095],
							"rotation": [0, 45, 0],
							"uv": {
								"south": {"uv": [12, 7], "uv_size": [0.25, 0.5]},
								"up": {"uv": [1, 14], "uv_size": [0.25, 0.25]},
								"down": {"uv": [14, 1.25], "uv_size": [0.25, -0.25]}
							}
						},
						{
							"origin": [-0.624, -4.10095, 1.2955],
							"size": [1.248, 0.375, 0.17678],
							"pivot": [-0.001, -2.60095, 1.34727],
							"rotation": [-45, 0, 0],
							"uv": {
								"east": {"uv": [9, 12], "uv_size": [0.25, 0.5]},
								"south": {"uv": [1, 10], "uv_size": [1.25, 0.5]},
								"west": {"uv": [12, 9], "uv_size": [0.25, 0.5]}
							}
						},
						{
							"origin": [0.26517, -3.75, -0.10095],
							"size": [0.35355, 0.5, 0.17678],
							"pivot": [0.24372, -4.75, 1.14905],
							"rotation": [0, 45, 0],
							"uv": {
								"north": {"uv": [12, 8], "uv_size": [0.25, 0.5]},
								"up": {"uv": [3, 14], "uv_size": [0.25, 0.25]},
								"down": {"uv": [14, 3.25], "uv_size": [0.25, -0.25]}
							}
						},
						{
							"origin": [-0.61872, -3.75, -0.10095],
							"size": [0.35355, 0.5, 0.17678],
							"pivot": [-0.24372, -4.75, 1.14905],
							"rotation": [0, -45, 0],
							"uv": {
								"north": {"uv": [8, 12], "uv_size": [0.25, 0.5]},
								"up": {"uv": [2, 14], "uv_size": [0.25, 0.25]},
								"down": {"uv": [14, 2.25], "uv_size": [0.25, -0.25]}
							}
						},
						{
							"origin": [0.26517, -2.75, -0.10095],
							"size": [0.35355, 0.5, 0.25],
							"pivot": [0.24372, -3.75, 1.14905],
							"rotation": [0, 45, 0],
							"uv": {
								"north": {"uv": [7, 12], "uv_size": [0.25, 0.5]},
								"up": {"uv": [13, 11], "uv_size": [0.25, 0.25]},
								"down": {"uv": [12, 13.25], "uv_size": [0.25, -0.25]}
							}
						},
						{
							"origin": [0.26517, -1.75, -0.10095],
							"size": [0.35355, 0.5, 0.25],
							"pivot": [0.24372, -2.75, 1.14905],
							"rotation": [0, 45, 0],
							"uv": {
								"north": {"uv": [12, 6], "uv_size": [0.25, 0.5]},
								"up": {"uv": [13, 10], "uv_size": [0.25, 0.25]},
								"down": {"uv": [11, 13.25], "uv_size": [0.25, -0.25]}
							}
						},
						{
							"origin": [0.26517, -0.75, -0.10095],
							"size": [0.35355, 1, 0.25],
							"pivot": [0.24372, -1.75, 1.14905],
							"rotation": [0, 45, 0],
							"uv": {
								"north": {"uv": [12, 0], "uv_size": [0.25, 1]},
								"up": {"uv": [13, 9], "uv_size": [0.25, 0.25]},
								"down": {"uv": [10, 13.25], "uv_size": [0.25, -0.25]}
							}
						},
						{
							"origin": [-0.61872, -0.75, -0.10095],
							"size": [0.35355, 1, 0.25],
							"pivot": [-0.24372, -1.75, 1.14905],
							"rotation": [0, -45, 0],
							"uv": {
								"north": {"uv": [11, 11], "uv_size": [0.25, 1]},
								"up": {"uv": [13, 8], "uv_size": [0.25, 0.25]},
								"down": {"uv": [9, 13.25], "uv_size": [0.25, -0.25]}
							}
						},
						{
							"origin": [-0.61872, -1.75, -0.10095],
							"size": [0.35355, 0.5, 0.25],
							"pivot": [-0.24372, -2.75, 1.14905],
							"rotation": [0, -45, 0],
							"uv": {
								"north": {"uv": [6, 12], "uv_size": [0.25, 0.5]},
								"up": {"uv": [13, 7], "uv_size": [0.25, 0.25]},
								"down": {"uv": [8, 13.25], "uv_size": [0.25, -0.25]}
							}
						},
						{
							"origin": [-0.61872, -2.75, -0.10095],
							"size": [0.35355, 0.5, 0.25],
							"pivot": [-0.24372, -3.75, 1.14905],
							"rotation": [0, -45, 0],
							"uv": {
								"north": {"uv": [12, 5], "uv_size": [0.25, 0.5]},
								"up": {"uv": [13, 6], "uv_size": [0.25, 0.25]},
								"down": {"uv": [7, 13.25], "uv_size": [0.25, -0.25]}
							}
						}
					]
				}
			]
		}
	]
}