{
	"format_version": "1.12.0",
	"minecraft:geometry": [
		{
			"description": {
				"identifier": "geometry.laser_an_peq15",
				"texture_width": 128,
				"texture_height": 128,
				"visible_bounds_width": 2,
				"visible_bounds_height": 1.5,
				"visible_bounds_offset": [0, 0.25, 0]
			},
			"bones": [
				{
					"name": "laser_lopro_mini",
					"pivot": [-18.01691, -1.625, -0.25],
					"cubes": [
						{
							"origin": [-1.125, 0.1655, -1.526],
							"size": [2.25, 0.5625, 3.25],
							"uv": {
								"north": {"uv": [4, 19], "uv_size": [2.5, 0.5]},
								"east": {"uv": [9, 8], "uv_size": [3.5, 0.5]},
								"south": {"uv": [19, 5], "uv_size": [2.5, 0.5]},
								"west": {"uv": [0, 10], "uv_size": [3.5, 0.5]},
								"up": {"uv": [0, 0], "uv_size": [2.5, 3.5]},
								"down": {"uv": [4, 3.5], "uv_size": [2.5, -3.5]}
							}
						},
						{
							"origin": [-1.15625, -0.53763, 1.724],
							"size": [2.3125, 0.25, 0.25],
							"pivot": [0.0625, -0.50638, 0.599],
							"rotation": [45, 0, 0],
							"uv": {
								"north": {"uv": [19, 7], "uv_size": [2.5, 0.5]},
								"east": {"uv": [29, 20], "uv_size": [0.5, 0.5]},
								"south": {"uv": [19, 15], "uv_size": [2.5, 0.5]},
								"west": {"uv": [22, 29], "uv_size": [0.5, 0.5]},
								"up": {"uv": [17, 19], "uv_size": [2.5, 0.5]},
								"down": {"uv": [19, 17.5], "uv_size": [2.5, -0.5]}
							}
						},
						{
							"origin": [0.28125, 0.61567, 1.19784],
							"size": [0.125, 0.125, 0.125],
							"pivot": [0.84375, 0.70942, 1.22909],
							"rotation": [0, 90, -45],
							"uv": {
								"north": {"uv": [29, 22], "uv_size": [0.5, 0.5]},
								"east": {"uv": [24, 29], "uv_size": [0.5, 0.5]},
								"south": {"uv": [29, 24], "uv_size": [0.5, 0.5]},
								"west": {"uv": [26, 29], "uv_size": [0.5, 0.5]},
								"up": {"uv": [28, 29], "uv_size": [0.5, 0.5]},
								"down": {"uv": [4, 30.5], "uv_size": [0.5, -0.5]}
							}
						},
						{
							"origin": [-0.46875, 0.61567, 1.19784],
							"size": [0.1875, 0.125, 0.125],
							"pivot": [-0.84375, 0.70942, 1.22909],
							"rotation": [0, -90, 45],
							"uv": {
								"north": {"uv": [6, 30], "uv_size": [0.5, 0.5]},
								"east": {"uv": [30, 6], "uv_size": [0.5, 0.5]},
								"south": {"uv": [30, 8], "uv_size": [0.5, 0.5]},
								"west": {"uv": [30, 10], "uv_size": [0.5, 0.5]},
								"up": {"uv": [12, 30], "uv_size": [0.5, 0.5]},
								"down": {"uv": [30, 12.5], "uv_size": [0.5, -0.5]}
							}
						},
						{
							"origin": [-0.46875, 0.10005, 1.19784],
							"size": [0.1875, 0.125, 0.125],
							"pivot": [-0.84375, 0.1938, 1.22909],
							"rotation": [0, -90, 45],
							"uv": {
								"north": {"uv": [14, 30], "uv_size": [0.5, 0.5]},
								"east": {"uv": [16, 30], "uv_size": [0.5, 0.5]},
								"south": {"uv": [30, 16], "uv_size": [0.5, 0.5]},
								"west": {"uv": [18, 30], "uv_size": [0.5, 0.5]},
								"up": {"uv": [20, 30], "uv_size": [0.5, 0.5]},
								"down": {"uv": [30, 26.5], "uv_size": [0.5, -0.5]}
							}
						},
						{
							"origin": [0.28125, 0.10005, 1.19784],
							"size": [0.125, 0.125, 0.125],
							"pivot": [0.84375, 0.1938, 1.22909],
							"rotation": [0, 90, -45],
							"uv": {
								"north": {"uv": [30, 28], "uv_size": [0.5, 0.5]},
								"east": {"uv": [30, 30], "uv_size": [0.5, 0.5]},
								"south": {"uv": [0, 31], "uv_size": [0.5, 0.5]},
								"west": {"uv": [31, 0], "uv_size": [0.5, 0.5]},
								"up": {"uv": [2, 31], "uv_size": [0.5, 0.5]},
								"down": {"uv": [31, 2.5], "uv_size": [0.5, -0.5]}
							}
						},
						{
							"origin": [-1.15625, -0.53763, 1.2865],
							"size": [2.3125, 0.25, 0.25],
							"pivot": [0.0625, -0.50638, 0.1615],
							"rotation": [45, 0, 0],
							"uv": {
								"north": {"uv": [8, 20], "uv_size": [2.5, 0.5]},
								"east": {"uv": [31, 4], "uv_size": [0.5, 0.5]},
								"south": {"uv": [20, 9], "uv_size": [2.5, 0.5]},
								"west": {"uv": [8, 31], "uv_size": [0.5, 0.5]},
								"up": {"uv": [20, 11], "uv_size": [2.5, 0.5]},
								"down": {"uv": [20, 13.5], "uv_size": [2.5, -0.5]}
							}
						},
						{
							"origin": [-1.25, 0.353, -1.3385],
							"size": [0.1875, 0.1875, 0.1875],
							"uv": {
								"north": {"uv": [10, 31], "uv_size": [0.5, 0.5]},
								"east": {"uv": [31, 14], "uv_size": [0.5, 0.5]},
								"south": {"uv": [31, 18], "uv_size": [0.5, 0.5]},
								"west": {"uv": [31, 20], "uv_size": [0.5, 0.5]},
								"up": {"uv": [22, 31], "uv_size": [0.5, 0.5]},
								"down": {"uv": [31, 22.5], "uv_size": [0.5, -0.5]}
							}
						},
						{
							"origin": [-1.21117, 0.353, -1.43225],
							"size": [0.1875, 0.1875, 0.1875],
							"pivot": [-1.11742, 0.44675, -1.3385],
							"rotation": [0, -45, 0],
							"uv": {
								"north": {"uv": [24, 31], "uv_size": [0.5, 0.5]},
								"east": {"uv": [31, 24], "uv_size": [0.5, 0.5]},
								"south": {"uv": [26, 31], "uv_size": [0.5, 0.5]},
								"west": {"uv": [28, 31], "uv_size": [0.5, 0.5]},
								"up": {"uv": [4, 32], "uv_size": [0.5, 0.5]},
								"down": {"uv": [6, 32.5], "uv_size": [0.5, -0.5]}
							}
						},
						{
							"origin": [-1.25, 0.4155, -1.57288],
							"size": [0.1875, 0.125, 0.23438],
							"pivot": [-1.25, 0.5405, -1.3385],
							"rotation": [-36.72677, -45, 0],
							"uv": {
								"north": {"uv": [32, 6], "uv_size": [0.5, 0.5]},
								"east": {"uv": [32, 8], "uv_size": [0.5, 0.5]},
								"south": {"uv": [32, 10], "uv_size": [0.5, 0.5]},
								"west": {"uv": [12, 32], "uv_size": [0.5, 0.5]},
								"up": {"uv": [32, 12], "uv_size": [0.5, 0.5]},
								"down": {"uv": [14, 32.5], "uv_size": [0.5, -0.5]}
							}
						},
						{
							"origin": [-1.25, 0.353, -1.3385],
							"size": [0.1875, 0.1875, 0.1875],
							"pivot": [-1.25, 0.5405, -1.3385],
							"rotation": [0, 0, -46.204],
							"uv": {
								"north": {"uv": [16, 32], "uv_size": [0.5, 0.5]},
								"east": {"uv": [32, 16], "uv_size": [0.5, 0.5]},
								"south": {"uv": [18, 32], "uv_size": [0.5, 0.5]},
								"west": {"uv": [20, 32], "uv_size": [0.5, 0.5]},
								"up": {"uv": [32, 26], "uv_size": [0.5, 0.5]},
								"down": {"uv": [32, 28.5], "uv_size": [0.5, -0.5]}
							}
						},
						{
							"origin": [-1.25, 0.353, -1.3385],
							"size": [0.25, 0.1875, 0.125],
							"pivot": [-1.25, 0.5405, -1.3385],
							"rotation": [-0.73784, 34.52345, -46.53717],
							"uv": {
								"north": {"uv": [30, 32], "uv_size": [0.5, 0.5]},
								"east": {"uv": [32, 30], "uv_size": [0.5, 0.5]},
								"south": {"uv": [32, 32], "uv_size": [0.5, 0.5]},
								"west": {"uv": [0, 33], "uv_size": [0.5, 0.5]},
								"up": {"uv": [33, 0], "uv_size": [0.5, 0.5]},
								"down": {"uv": [2, 33.5], "uv_size": [0.5, -0.5]}
							}
						},
						{
							"origin": [-1.23042, 0.3009, -1.46319],
							"size": [0.1875, 0.125, 0.23438],
							"pivot": [-1.10204, 0.33415, -1.3049],
							"rotation": [36.72677, -45, 0],
							"uv": {
								"north": {"uv": [33, 2], "uv_size": [0.5, 0.5]},
								"east": {"uv": [33, 4], "uv_size": [0.5, 0.5]},
								"south": {"uv": [8, 33], "uv_size": [0.5, 0.5]},
								"west": {"uv": [10, 33], "uv_size": [0.5, 0.5]},
								"up": {"uv": [33, 14], "uv_size": [0.5, 0.5]},
								"down": {"uv": [33, 18.5], "uv_size": [0.5, -0.5]}
							}
						},
						{
							"origin": [-1.17813, 0.24093, -1.39923],
							"size": [0.25, 0.1875, 0.125],
							"pivot": [-1.10204, 0.33415, -1.3049],
							"rotation": [0.73784, 34.52345, 46.53717],
							"uv": {
								"north": {"uv": [33, 20], "uv_size": [0.5, 0.5]},
								"east": {"uv": [22, 33], "uv_size": [0.5, 0.5]},
								"south": {"uv": [33, 22], "uv_size": [0.5, 0.5]},
								"west": {"uv": [24, 33], "uv_size": [0.5, 0.5]},
								"up": {"uv": [33, 24], "uv_size": [0.5, 0.5]},
								"down": {"uv": [26, 33.5], "uv_size": [0.5, -0.5]}
							}
						},
						{
							"origin": [-1.21805, 0.2404, -1.3385],
							"size": [0.1875, 0.1875, 0.1875],
							"pivot": [-1.10204, 0.33415, -1.3049],
							"rotation": [0, 0, 46.204],
							"uv": {
								"north": {"uv": [28, 33], "uv_size": [0.5, 0.5]},
								"east": {"uv": [4, 34], "uv_size": [0.5, 0.5]},
								"south": {"uv": [6, 34], "uv_size": [0.5, 0.5]},
								"west": {"uv": [34, 6], "uv_size": [0.5, 0.5]},
								"up": {"uv": [34, 8], "uv_size": [0.5, 0.5]},
								"down": {"uv": [34, 10.5], "uv_size": [0.5, -0.5]}
							}
						},
						{
							"origin": [-0.70324, 0.92205, -1.3385],
							"size": [0.1875, 0.1875, 0.1875],
							"pivot": [-0.57468, 1.0158, -1.3049],
							"rotation": [0, 0, 90],
							"uv": {
								"east": {"uv": [12, 34], "uv_size": [0.5, 0.5]},
								"south": {"uv": [34, 12], "uv_size": [0.5, 0.5]}
							}
						},
						{
							"origin": [-0.57243, 0.98558, -1.34617],
							"size": [0.25, 0.1875, 0.125],
							"pivot": [-0.57468, 1.0158, -1.3049],
							"rotation": [-0.73784, 34.52345, 43.46283],
							"uv": {
								"up": {"uv": [14, 34], "uv_size": [0.5, 0.5]}
							}
						},
						{
							"origin": [-0.68934, 0.92205, -1.42526],
							"size": [0.1875, 0.1875, 0.1875],
							"pivot": [-0.57468, 1.0158, -1.3049],
							"rotation": [0, -45, 90],
							"uv": {
								"east": {"uv": [16, 34], "uv_size": [0.5, 0.5]}
							}
						},
						{
							"origin": [-0.64752, 0.90051, -1.54152],
							"size": [0.1875, 0.125, 0.23438],
							"pivot": [-0.57468, 1.0158, -1.3049],
							"rotation": [36.72677, 45, -90],
							"uv": {
								"west": {"uv": [34, 16], "uv_size": [0.5, 0.5]}
							}
						},
						{
							"origin": [-0.74088, 0.85813, -1.3385],
							"size": [0.1875, 0.1875, 0.1875],
							"pivot": [-0.57468, 1.0158, -1.3049],
							"rotation": [0, 0, -136.204],
							"uv": {
								"south": {"uv": [18, 34], "uv_size": [0.5, 0.5]},
								"down": {"uv": [20, 34.5], "uv_size": [0.5, -0.5]}
							}
						},
						{
							"origin": [-0.82693, 0.98558, -1.34617],
							"size": [0.25, 0.1875, 0.125],
							"pivot": [-0.57468, 1.0158, -1.3049],
							"rotation": [-0.73784, -34.52345, -43.46283],
							"uv": {
								"up": {"uv": [34, 26], "uv_size": [0.5, 0.5]}
							}
						},
						{
							"origin": [-0.68934, 0.90051, -1.54152],
							"size": [0.1875, 0.125, 0.23438],
							"pivot": [-0.57468, 1.0158, -1.3049],
							"rotation": [36.72677, -45, 90],
							"uv": {
								"east": {"uv": [34, 28], "uv_size": [0.5, 0.5]}
							}
						},
						{
							"origin": [-0.59598, 0.85813, -1.3385],
							"size": [0.1875, 0.1875, 0.1875],
							"pivot": [-0.57468, 1.0158, -1.3049],
							"rotation": [0, 0, 136.204],
							"uv": {
								"south": {"uv": [30, 34], "uv_size": [0.5, 0.5]},
								"down": {"uv": [34, 30.5], "uv_size": [0.5, -0.5]}
							}
						},
						{
							"origin": [-0.70324, 0.92205, -0.63025],
							"size": [0.1875, 0.1875, 0.1875],
							"pivot": [-0.57468, 1.0158, -0.47635],
							"rotation": [0, 0, 90],
							"uv": {
								"north": {"uv": [32, 34], "uv_size": [0.5, 0.5]},
								"east": {"uv": [34, 32], "uv_size": [0.5, 0.5]}
							}
						},
						{
							"origin": [-0.74088, 0.85813, -0.63025],
							"size": [0.1875, 0.1875, 0.1875],
							"pivot": [-0.57468, 1.0158, -0.47635],
							"rotation": [0, 0, -136.204],
							"uv": {
								"north": {"uv": [34, 34], "uv_size": [0.5, 0.5]},
								"down": {"uv": [0, 35.5], "uv_size": [0.5, -0.5]}
							}
						},
						{
							"origin": [-0.64752, 0.90051, -0.4741],
							"size": [0.1875, 0.125, 0.23438],
							"pivot": [-0.57468, 1.0158, -0.47635],
							"rotation": [-36.72677, -45, -90],
							"uv": {
								"north": {"uv": [35, 0], "uv_size": [0.5, 0.5]},
								"east": {"uv": [2, 35], "uv_size": [0.5, 0.5]},
								"south": {"uv": [35, 2], "uv_size": [0.5, 0.5]},
								"west": {"uv": [35, 4], "uv_size": [0.5, 0.5]},
								"up": {"uv": [8, 35], "uv_size": [0.5, 0.5]},
								"down": {"uv": [10, 35.5], "uv_size": [0.5, -0.5]}
							}
						},
						{
							"origin": [-0.57243, 0.98558, -0.56008],
							"size": [0.25, 0.1875, 0.125],
							"pivot": [-0.57468, 1.0158, -0.47635],
							"rotation": [0.73784, -34.52345, 43.46283],
							"uv": {
								"north": {"uv": [35, 14], "uv_size": [0.5, 0.5]},
								"east": {"uv": [35, 18], "uv_size": [0.5, 0.5]},
								"south": {"uv": [35, 20], "uv_size": [0.5, 0.5]},
								"west": {"uv": [22, 35], "uv_size": [0.5, 0.5]},
								"up": {"uv": [35, 22], "uv_size": [0.5, 0.5]},
								"down": {"uv": [24, 35.5], "uv_size": [0.5, -0.5]}
							}
						},
						{
							"origin": [-0.68934, 0.90051, -0.4741],
							"size": [0.1875, 0.125, 0.23438],
							"pivot": [-0.57468, 1.0158, -0.47635],
							"rotation": [-36.72677, 45, 90],
							"uv": {
								"north": {"uv": [35, 24], "uv_size": [0.5, 0.5]},
								"east": {"uv": [26, 35], "uv_size": [0.5, 0.5]},
								"south": {"uv": [28, 35], "uv_size": [0.5, 0.5]},
								"west": {"uv": [4, 36], "uv_size": [0.5, 0.5]},
								"up": {"uv": [6, 36], "uv_size": [0.5, 0.5]},
								"down": {"uv": [36, 6.5], "uv_size": [0.5, -0.5]}
							}
						},
						{
							"origin": [-0.82693, 0.98558, -0.56008],
							"size": [0.25, 0.1875, 0.125],
							"pivot": [-0.57468, 1.0158, -0.47635],
							"rotation": [0.73784, 34.52345, -43.46283],
							"uv": {
								"north": {"uv": [36, 8], "uv_size": [0.5, 0.5]},
								"east": {"uv": [36, 10], "uv_size": [0.5, 0.5]},
								"south": {"uv": [12, 36], "uv_size": [0.5, 0.5]},
								"west": {"uv": [36, 12], "uv_size": [0.5, 0.5]},
								"up": {"uv": [14, 36], "uv_size": [0.5, 0.5]},
								"down": {"uv": [16, 36.5], "uv_size": [0.5, -0.5]}
							}
						},
						{
							"origin": [-0.59598, 0.85813, -0.63025],
							"size": [0.1875, 0.1875, 0.1875],
							"pivot": [-0.57468, 1.0158, -0.47635],
							"rotation": [0, 0, 136.204],
							"uv": {
								"north": {"uv": [36, 16], "uv_size": [0.5, 0.5]},
								"down": {"uv": [18, 36.5], "uv_size": [0.5, -0.5]}
							}
						},
						{
							"origin": [-0.68934, 0.92205, -0.54349],
							"size": [0.1875, 0.1875, 0.1875],
							"pivot": [-0.57468, 1.0158, -0.47635],
							"rotation": [0, 45, 90],
							"uv": {
								"north": {"uv": [20, 36], "uv_size": [0.5, 0.5]},
								"east": {"uv": [36, 26], "uv_size": [0.5, 0.5]},
								"south": {"uv": [36, 28], "uv_size": [0.5, 0.5]},
								"west": {"uv": [30, 36], "uv_size": [0.5, 0.5]},
								"up": {"uv": [36, 30], "uv_size": [0.5, 0.5]},
								"down": {"uv": [32, 36.5], "uv_size": [0.5, -0.5]}
							}
						},
						{
							"origin": [-1.25, 0.353, -0.63025],
							"size": [0.1875, 0.1875, 0.1875],
							"pivot": [-1.25, 0.5405, -0.44275],
							"rotation": [0, 0, -46.204],
							"uv": {
								"north": {"uv": [36, 32], "uv_size": [0.5, 0.5]},
								"east": {"uv": [34, 36], "uv_size": [0.5, 0.5]},
								"south": {"uv": [36, 34], "uv_size": [0.5, 0.5]},
								"west": {"uv": [36, 36], "uv_size": [0.5, 0.5]},
								"up": {"uv": [0, 37], "uv_size": [0.5, 0.5]},
								"down": {"uv": [37, 0.5], "uv_size": [0.5, -0.5]}
							}
						},
						{
							"origin": [-1.25, 0.353, -0.56775],
							"size": [0.25, 0.1875, 0.125],
							"pivot": [-1.25, 0.5405, -0.44275],
							"rotation": [0.73784, -34.52345, -46.53717],
							"uv": {
								"north": {"uv": [2, 37], "uv_size": [0.5, 0.5]},
								"east": {"uv": [37, 2], "uv_size": [0.5, 0.5]},
								"south": {"uv": [37, 4], "uv_size": [0.5, 0.5]},
								"west": {"uv": [8, 37], "uv_size": [0.5, 0.5]},
								"up": {"uv": [10, 37], "uv_size": [0.5, 0.5]},
								"down": {"uv": [37, 14.5], "uv_size": [0.5, -0.5]}
							}
						},
						{
							"origin": [-1.25, 0.4155, -0.44275],
							"size": [0.1875, 0.125, 0.23438],
							"pivot": [-1.25, 0.5405, -0.44275],
							"rotation": [36.72677, 45, 0],
							"uv": {
								"north": {"uv": [37, 18], "uv_size": [0.5, 0.5]},
								"east": {"uv": [37, 20], "uv_size": [0.5, 0.5]},
								"south": {"uv": [22, 37], "uv_size": [0.5, 0.5]},
								"west": {"uv": [37, 22], "uv_size": [0.5, 0.5]},
								"up": {"uv": [24, 37], "uv_size": [0.5, 0.5]},
								"down": {"uv": [37, 24.5], "uv_size": [0.5, -0.5]}
							}
						},
						{
							"origin": [-1.21117, 0.353, -0.5365],
							"size": [0.1875, 0.1875, 0.1875],
							"pivot": [-1.11742, 0.44675, -0.44275],
							"rotation": [0, 45, 0],
							"uv": {
								"north": {"uv": [26, 37], "uv_size": [0.5, 0.5]},
								"east": {"uv": [28, 37], "uv_size": [0.5, 0.5]},
								"south": {"uv": [4, 38], "uv_size": [0.5, 0.5]},
								"west": {"uv": [6, 38], "uv_size": [0.5, 0.5]},
								"up": {"uv": [38, 6], "uv_size": [0.5, 0.5]},
								"down": {"uv": [38, 8.5], "uv_size": [0.5, -0.5]}
							}
						},
						{
							"origin": [-1.23042, 0.3009, -0.55244],
							"size": [0.1875, 0.125, 0.23438],
							"pivot": [-1.10204, 0.33415, -0.47635],
							"rotation": [-36.72677, 45, 0],
							"uv": {
								"north": {"uv": [38, 10], "uv_size": [0.5, 0.5]},
								"east": {"uv": [12, 38], "uv_size": [0.5, 0.5]},
								"south": {"uv": [38, 12], "uv_size": [0.5, 0.5]},
								"west": {"uv": [14, 38], "uv_size": [0.5, 0.5]},
								"up": {"uv": [16, 38], "uv_size": [0.5, 0.5]},
								"down": {"uv": [38, 16.5], "uv_size": [0.5, -0.5]}
							}
						},
						{
							"origin": [-1.25, 0.353, -0.63025],
							"size": [0.1875, 0.1875, 0.1875],
							"uv": {
								"north": {"uv": [18, 38], "uv_size": [0.5, 0.5]},
								"east": {"uv": [20, 38], "uv_size": [0.5, 0.5]},
								"south": {"uv": [38, 26], "uv_size": [0.5, 0.5]},
								"west": {"uv": [38, 28], "uv_size": [0.5, 0.5]},
								"up": {"uv": [30, 38], "uv_size": [0.5, 0.5]},
								"down": {"uv": [38, 30.5], "uv_size": [0.5, -0.5]}
							}
						},
						{
							"origin": [-1.21805, 0.2404, -0.63025],
							"size": [0.1875, 0.1875, 0.1875],
							"pivot": [-1.10204, 0.33415, -0.47635],
							"rotation": [0, 0, 46.204],
							"uv": {
								"north": {"uv": [32, 38], "uv_size": [0.5, 0.5]},
								"east": {"uv": [38, 32], "uv_size": [0.5, 0.5]},
								"south": {"uv": [34, 38], "uv_size": [0.5, 0.5]},
								"west": {"uv": [38, 34], "uv_size": [0.5, 0.5]},
								"up": {"uv": [36, 38], "uv_size": [0.5, 0.5]},
								"down": {"uv": [38, 36.5], "uv_size": [0.5, -0.5]}
							}
						},
						{
							"origin": [-1.17813, 0.24093, -0.50702],
							"size": [0.25, 0.1875, 0.125],
							"pivot": [-1.10204, 0.33415, -0.47635],
							"rotation": [-0.73784, -34.52345, 46.53717],
							"uv": {
								"north": {"uv": [38, 38], "uv_size": [0.5, 0.5]},
								"east": {"uv": [0, 39], "uv_size": [0.5, 0.5]},
								"south": {"uv": [39, 0], "uv_size": [0.5, 0.5]},
								"west": {"uv": [2, 39], "uv_size": [0.5, 0.5]},
								"up": {"uv": [39, 2], "uv_size": [0.5, 0.5]},
								"down": {"uv": [39, 4.5], "uv_size": [0.5, -0.5]}
							}
						},
						{
							"origin": [-0.9375, 0.728, -1.526],
							"size": [1.875, 0.1875, 3.25],
							"uv": {
								"north": {"uv": [12, 21], "uv_size": [2, 0.5]},
								"east": {"uv": [5, 10], "uv_size": [3.5, 0.5]},
								"south": {"uv": [15, 21], "uv_size": [2, 0.5]},
								"west": {"uv": [10, 10], "uv_size": [3.5, 0.5]},
								"up": {"uv": [0, 5], "uv_size": [2, 3.5]},
								"down": {"uv": [3, 8.5], "uv_size": [2, -3.5]}
							}
						},
						{
							"origin": [1.02773, 1.13333, -1.526],
							"size": [0.26517, 0.25, 3.25],
							"pivot": [0.41789, 1.25833, 0.474],
							"rotation": [0, 0, 45],
							"uv": {
								"north": {"uv": [8, 39], "uv_size": [0.5, 0.5]},
								"east": {"uv": [11, 0], "uv_size": [3.5, 0.5]},
								"south": {"uv": [10, 39], "uv_size": [0.5, 0.5]},
								"west": {"uv": [11, 2], "uv_size": [3.5, 0.5]},
								"up": {"uv": [0, 12], "uv_size": [0.5, 3.5]},
								"down": {"uv": [2, 15.5], "uv_size": [0.5, -3.5]}
							}
						},
						{
							"origin": [0.17315, 0.84414, 0.08337],
							"size": [1.5, 0, 0.15],
							"pivot": [1.009, 0.84414, 0.17825],
							"rotation": [0, -90, 45],
							"uv": {
								"up": {"uv": [2.5, 48], "uv_size": [120, 16]}
							}
						},
						{
							"origin": [-1.67315, 0.84414, 0.08337],
							"size": [1.5, 0, 0.15],
							"pivot": [-1.009, 0.84414, 0.17825],
							"rotation": [0, 90, -45],
							"uv": {
								"up": {"uv": [2.5, 48], "uv_size": [120, 16]}
							}
						},
						{
							"origin": [-1.29289, 1.13333, -1.526],
							"size": [0.26517, 0.25, 3.25],
							"pivot": [-0.41789, 1.25833, 0.474],
							"rotation": [0, 0, -45],
							"uv": {
								"north": {"uv": [39, 14], "uv_size": [0.5, 0.5]},
								"east": {"uv": [4, 12], "uv_size": [3.5, 0.5]},
								"south": {"uv": [39, 18], "uv_size": [0.5, 0.5]},
								"west": {"uv": [12, 4], "uv_size": [3.5, 0.5]},
								"up": {"uv": [9, 12], "uv_size": [0.5, 3.5]},
								"down": {"uv": [11, 15.5], "uv_size": [0.5, -3.5]}
							}
						},
						{
							"origin": [0.61872, 0.49761, -1.526],
							"size": [0.26517, 0.25, 3.25],
							"pivot": [1.40533, 0.62261, 0.474],
							"rotation": [0, 0, -45],
							"uv": {
								"north": {"uv": [39, 20], "uv_size": [0.5, 0.5]},
								"east": {"uv": [12, 6], "uv_size": [3.5, 0.5]},
								"south": {"uv": [22, 39], "uv_size": [0.5, 0.5]},
								"west": {"uv": [13, 12], "uv_size": [3.5, 0.5]},
								"up": {"uv": [4, 14], "uv_size": [0.5, 3.5]},
								"down": {"uv": [6, 17.5], "uv_size": [0.5, -3.5]}
							}
						},
						{
							"origin": [0.22985, 0.53108, -1.151],
							"size": [0.375, 0.5, 2.5],
							"pivot": [1.4388, 0.65608, 0.474],
							"rotation": [0, 0, -45],
							"uv": {
								"north": {"uv": [39, 22], "uv_size": [0.5, 0.5]},
								"east": {"uv": [21, 0], "uv_size": [2.5, 0.5]},
								"south": {"uv": [24, 39], "uv_size": [0.5, 0.5]},
								"west": {"uv": [21, 2], "uv_size": [2.5, 0.5]},
								"up": {"uv": [4, 21], "uv_size": [0.5, 2.5]},
								"down": {"uv": [6, 23.5], "uv_size": [0.5, -2.5]}
							}
						},
						{
							"origin": [0.9902, 0.26997, -1.57648],
							"size": [0.53033, 0.5, 0.3125],
							"pivot": [1.1777, 0.39497, -0.57648],
							"rotation": [0, 45, -45],
							"uv": {
								"north": {"uv": [39, 24], "uv_size": [0.5, 0.5]},
								"east": {"uv": [26, 39], "uv_size": [0.5, 0.5]},
								"south": {"uv": [28, 39], "uv_size": [0.5, 0.5]},
								"west": {"uv": [4, 40], "uv_size": [0.5, 0.5]},
								"up": {"uv": [6, 40], "uv_size": [0.5, 0.5]},
								"down": {"uv": [40, 6.5], "uv_size": [0.5, -0.5]}
							}
						},
						{
							"origin": [0.52949, -0.11307, 1.26976],
							"size": [0.53033, 0.5, 0.3125],
							"pivot": [0.79465, 0.01193, 1.42601],
							"rotation": [0, -45, -45],
							"uv": {
								"north": {"uv": [40, 8], "uv_size": [0.5, 0.5]},
								"east": {"uv": [40, 10], "uv_size": [0.5, 0.5]},
								"south": {"uv": [12, 40], "uv_size": [0.5, 0.5]},
								"west": {"uv": [40, 12], "uv_size": [0.5, 0.5]},
								"up": {"uv": [14, 40], "uv_size": [0.5, 0.5]},
								"down": {"uv": [16, 40.5], "uv_size": [0.5, -0.5]}
							}
						},
						{
							"origin": [-0.88388, 0.49761, -1.526],
							"size": [0.26517, 0.25, 3.25],
							"pivot": [-1.40533, 0.62261, 0.474],
							"rotation": [0, 0, 45],
							"uv": {
								"north": {"uv": [40, 16], "uv_size": [0.5, 0.5]},
								"east": {"uv": [14, 8], "uv_size": [3.5, 0.5]},
								"south": {"uv": [18, 40], "uv_size": [0.5, 0.5]},
								"west": {"uv": [13, 14], "uv_size": [3.5, 0.5]},
								"up": {"uv": [13, 16], "uv_size": [0.5, 3.5]},
								"down": {"uv": [15, 19.5], "uv_size": [0.5, -3.5]}
							}
						},
						{
							"origin": [-0.9375, -0.022, -1.526],
							"size": [1.875, 0.1875, 3.25],
							"uv": {
								"north": {"uv": [18, 21], "uv_size": [2, 0.5]},
								"east": {"uv": [15, 10], "uv_size": [3.5, 0.5]},
								"south": {"uv": [21, 19], "uv_size": [2, 0.5]},
								"west": {"uv": [16, 0], "uv_size": [3.5, 0.5]},
								"up": {"uv": [6, 5], "uv_size": [2, 3.5]},
								"down": {"uv": [8, 3.5], "uv_size": [2, -3.5]}
							}
						},
						{
							"origin": [-0.875, -0.28717, -0.401],
							"size": [1.54733, 0.26517, 0.875],
							"uv": {
								"north": {"uv": [16, 23], "uv_size": [1.5, 0.5]},
								"east": {"uv": [25, 21], "uv_size": [1, 0.5]},
								"south": {"uv": [23, 17], "uv_size": [1.5, 0.5]},
								"west": {"uv": [25, 23], "uv_size": [1, 0.5]},
								"up": {"uv": [16, 2], "uv_size": [1.5, 1]},
								"down": {"uv": [0, 18], "uv_size": [1.5, -1]}
							}
						},
						{
							"origin": [-0.46875, -0.28717, -0.401],
							"size": [0.9375, 0.26517, 0.875],
							"inflate": 0.001,
							"uv": {
								"north": {"uv": [25, 25], "uv_size": [1, 0.5]},
								"east": {"uv": [26, 8], "uv_size": [1, 0.5]},
								"south": {"uv": [26, 10], "uv_size": [1, 0.5]},
								"west": {"uv": [26, 12], "uv_size": [1, 0.5]},
								"up": {"uv": [21, 21], "uv_size": [1, 1]},
								"down": {"uv": [0, 23], "uv_size": [1, -1]}
							}
						},
						{
							"origin": [-0.74313, 0.50925, -0.99402],
							"size": [0.36, 0.9375, 0.62354],
							"pivot": [-0.56313, 0.50925, -0.68225],
							"rotation": [90, 0, 120],
							"uv": {
								"north": {"uv": [27, 0], "uv_size": [0.5, 1]},
								"east": {"uv": [2, 27], "uv_size": [0.5, 1]},
								"south": {"uv": [27, 2], "uv_size": [0.5, 1]},
								"west": {"uv": [27, 4], "uv_size": [0.5, 1]},
								"up": {"uv": [16, 42], "uv_size": [0.5, 0.5]},
								"down": {"uv": [42, 16.5], "uv_size": [0.5, -0.5]}
							}
						},
						{
							"origin": [-0.74313, 0.50925, -0.99402],
							"size": [0.36, 0.9375, 0.62354],
							"pivot": [-0.56313, 0.50925, -0.68225],
							"rotation": [90, 0, 180],
							"uv": {
								"north": {"uv": [8, 27], "uv_size": [0.5, 1]},
								"east": {"uv": [10, 27], "uv_size": [0.5, 1]},
								"south": {"uv": [27, 14], "uv_size": [0.5, 1]},
								"west": {"uv": [27, 19], "uv_size": [0.5, 1]},
								"up": {"uv": [18, 42], "uv_size": [0.5, 0.5]},
								"down": {"uv": [20, 42.5], "uv_size": [0.5, -0.5]}
							}
						},
						{
							"origin": [-0.74313, 0.50925, -0.99402],
							"size": [0.36, 0.9375, 0.62354],
							"pivot": [-0.56313, 0.50925, -0.68225],
							"rotation": [90, 0, -120],
							"uv": {
								"north": {"uv": [27, 21], "uv_size": [0.5, 1]},
								"east": {"uv": [22, 27], "uv_size": [0.5, 1]},
								"south": {"uv": [27, 23], "uv_size": [0.5, 1]},
								"west": {"uv": [24, 27], "uv_size": [0.5, 1]},
								"up": {"uv": [42, 26], "uv_size": [0.5, 0.5]},
								"down": {"uv": [42, 28.5], "uv_size": [0.5, -0.5]}
							}
						},
						{
							"origin": [-0.98928, 0.853, -0.276],
							"size": [0.17678, 0.1875, 0.21651],
							"pivot": [-0.8125, 1.0405, -0.276],
							"rotation": [0, -54.73561, -45],
							"uv": {
								"up": {"uv": [34, 42], "uv_size": [0.5, 0.5]}
							}
						},
						{
							"origin": [-0.8125, 0.9155, -1.526],
							"size": [1.625, 0.125, 1.25],
							"uv": {
								"north": {"uv": [24, 19], "uv_size": [1.5, 0.5]},
								"up": {"uv": [9, 5], "uv_size": [1.5, 1.5]}
							}
						},
						{
							"origin": [-0.8125, 0.79207, -0.3789],
							"size": [1.625, 0.1875, 0.17678],
							"pivot": [0.04688, 0.88582, -0.2539],
							"rotation": [-45, 0, 0],
							"uv": {
								"up": {"uv": [25, 6], "uv_size": [1.5, 0.5]}
							}
						},
						{
							"origin": [0.8125, 0.853, -0.276],
							"size": [0.21651, 0.1875, 0.17678],
							"pivot": [0.8125, 1.0405, -0.276],
							"rotation": [-60, -35.26439, 45],
							"uv": {
								"up": {"uv": [42, 34], "uv_size": [0.5, 0.5]}
							}
						},
						{
							"origin": [0.74006, 0.86562, -1.526],
							"size": [0.17678, 0.1875, 1.25],
							"pivot": [0.76105, 0.95937, -0.901],
							"rotation": [0, 0, 45],
							"uv": {
								"north": {"uv": [36, 42], "uv_size": [0.5, 0.5]},
								"up": {"uv": [25, 14], "uv_size": [0.5, 1.5]}
							}
						},
						{
							"origin": [-0.91684, 0.86562, -1.526],
							"size": [0.17678, 0.1875, 1.25],
							"pivot": [-0.76105, 0.95937, -0.901],
							"rotation": [0, 0, -45],
							"uv": {
								"north": {"uv": [42, 36], "uv_size": [0.5, 0.5]},
								"up": {"uv": [16, 25], "uv_size": [0.5, 1.5]}
							}
						},
						{
							"origin": [0.8125, 0.853, -0.276],
							"size": [0.17678, 0.1875, 0.21651],
							"pivot": [0.8125, 1.0405, -0.276],
							"rotation": [0, 54.73561, 45],
							"uv": {
								"up": {"uv": [38, 42], "uv_size": [0.5, 0.5]}
							}
						},
						{
							"origin": [-1.02901, 0.853, -0.276],
							"size": [0.21651, 0.1875, 0.17678],
							"pivot": [-0.8125, 1.0405, -0.276],
							"rotation": [-60, 35.26439, -45],
							"uv": {
								"up": {"uv": [42, 38], "uv_size": [0.5, 0.5]}
							}
						}
					]
				},
				{
					"name": "laser_illuminated",
					"parent": "laser_lopro_mini",
					"pivot": [-0.56312, 0.50925, -1.61975],
					"cubes": [
						{
							"origin": [-0.62562, 0.44675, -1.68225],
							"size": [0.0625, 0.125, 0.125],
							"inflate": 0.001,
							"pivot": [-0.56312, 0.50925, -1.61975],
							"rotation": [0, 90, -135],
							"uv": {
								"north": {"uv": [20, 40], "uv_size": [0.5, 0.5]},
								"east": {"uv": [40, 26], "uv_size": [0.5, 0.5]},
								"south": {"uv": [40, 28], "uv_size": [0.5, 0.5]},
								"west": {"uv": [30, 40], "uv_size": [0.5, 0.5]},
								"up": {"uv": [40, 30], "uv_size": [0.5, 0.5]},
								"down": {"uv": [32, 40.5], "uv_size": [0.5, -0.5]}
							}
						}
					]
				},
				{
					"name": "bone3",
					"parent": "laser_lopro_mini",
					"pivot": [0.06313, 0.44675, -0.18225],
					"rotation": [90, 0, 120],
					"cubes": [
						{
							"origin": [-0.05437, -1.55325, -0.93152],
							"size": [0.235, 0.125, 1.12354],
							"pivot": [0.06313, -0.0845, -0.18225],
							"rotation": [0, -30, 0],
							"uv": {
								"north": {"uv": [40, 32], "uv_size": [0.5, 0.5]},
								"east": {"uv": [26, 17], "uv_size": [1, 0.5]},
								"south": {"uv": [34, 40], "uv_size": [0.5, 0.5]},
								"west": {"uv": [18, 26], "uv_size": [1, 0.5]},
								"up": {"uv": [20, 26], "uv_size": [0.5, 1]},
								"down": {"uv": [0, 28], "uv_size": [0.5, -1]}
							}
						},
						{
							"origin": [-0.08437, -1.55325, 0.03357],
							"size": [0.16617, 0.125, 0.16617],
							"pivot": [0.03313, -1.49075, 0.59534],
							"rotation": [0, 15, 0],
							"uv": {
								"north": {"uv": [40, 34], "uv_size": [0.5, 0.5]},
								"east": {"uv": [36, 40], "uv_size": [0.5, 0.5]},
								"south": {"uv": [40, 36], "uv_size": [0.5, 0.5]},
								"west": {"uv": [38, 40], "uv_size": [0.5, 0.5]},
								"up": {"uv": [40, 38], "uv_size": [0.5, 0.5]},
								"down": {"uv": [40, 40.5], "uv_size": [0.5, -0.5]}
							}
						},
						{
							"origin": [0.35467, -1.55325, -0.91422],
							"size": [0.16617, 0.125, 0.16617],
							"pivot": [0.43776, -1.49075, -0.83114],
							"rotation": [0, -75, 0],
							"uv": {
								"north": {"uv": [0, 41], "uv_size": [0.5, 0.5]},
								"east": {"uv": [41, 0], "uv_size": [0.5, 0.5]},
								"south": {"uv": [2, 41], "uv_size": [0.5, 0.5]},
								"west": {"uv": [41, 2], "uv_size": [0.5, 0.5]},
								"up": {"uv": [41, 4], "uv_size": [0.5, 0.5]},
								"down": {"uv": [8, 41.5], "uv_size": [0.5, -0.5]}
							}
						},
						{
							"origin": [-0.11688, -1.55325, -0.49402],
							"size": [0.36, 0.125, 0.62354],
							"pivot": [0.06313, 0.44675, -0.18225],
							"rotation": [-180, 60, -180],
							"uv": {
								"north": {"uv": [10, 41], "uv_size": [0.5, 0.5]},
								"east": {"uv": [41, 14], "uv_size": [0.5, 0.5]},
								"south": {"uv": [41, 18], "uv_size": [0.5, 0.5]},
								"west": {"uv": [41, 20], "uv_size": [0.5, 0.5]},
								"up": {"uv": [22, 41], "uv_size": [0.5, 0.5]},
								"down": {"uv": [41, 22.5], "uv_size": [0.5, -0.5]}
							}
						},
						{
							"origin": [-0.11688, -1.55325, -0.49402],
							"size": [0.36, 0.125, 0.62354],
							"pivot": [0.06313, 0.44675, -0.18225],
							"rotation": [0, 60, 0],
							"uv": {
								"north": {"uv": [24, 41], "uv_size": [0.5, 0.5]},
								"east": {"uv": [41, 24], "uv_size": [0.5, 0.5]},
								"south": {"uv": [26, 41], "uv_size": [0.5, 0.5]},
								"west": {"uv": [28, 41], "uv_size": [0.5, 0.5]},
								"up": {"uv": [4, 42], "uv_size": [0.5, 0.5]},
								"down": {"uv": [6, 42.5], "uv_size": [0.5, -0.5]}
							}
						},
						{
							"origin": [-0.11687, -1.55325, -0.49402],
							"size": [0.36, 0.125, 0.62354],
							"uv": {
								"north": {"uv": [42, 6], "uv_size": [0.5, 0.5]},
								"east": {"uv": [42, 8], "uv_size": [0.5, 0.5]},
								"south": {"uv": [42, 10], "uv_size": [0.5, 0.5]},
								"west": {"uv": [12, 42], "uv_size": [0.5, 0.5]},
								"up": {"uv": [42, 12], "uv_size": [0.5, 0.5]},
								"down": {"uv": [14, 42.5], "uv_size": [0.5, -0.5]}
							}
						}
					]
				},
				{
					"name": "bone4",
					"parent": "laser_lopro_mini",
					"pivot": [0.5625, 0.5, -1.5],
					"rotation": [90, 0, 0],
					"cubes": [
						{
							"origin": [0.39986, -0.1375, -1.89265],
							"size": [0.32528, 1.375, 0.7853],
							"uv": {
								"north": {"uv": [19, 23], "uv_size": [0.5, 1.5]},
								"east": {"uv": [17, 4], "uv_size": [1, 1.5]},
								"south": {"uv": [21, 23], "uv_size": [0.5, 1.5]},
								"west": {"uv": [8, 17], "uv_size": [1, 1.5]},
								"up": {"uv": [27, 25], "uv_size": [0.5, 1]},
								"down": {"uv": [26, 28], "uv_size": [0.5, -1]}
							}
						},
						{
							"origin": [0.39986, -0.1375, -1.89265],
							"size": [0.32528, 1.375, 0.7853],
							"pivot": [0.5625, -0.1375, -1.5],
							"rotation": [0, -45, 0],
							"uv": {
								"north": {"uv": [23, 21], "uv_size": [0.5, 1.5]},
								"east": {"uv": [10, 17], "uv_size": [1, 1.5]},
								"south": {"uv": [0, 24], "uv_size": [0.5, 1.5]},
								"west": {"uv": [17, 16], "uv_size": [1, 1.5]},
								"up": {"uv": [4, 28], "uv_size": [0.5, 1]},
								"down": {"uv": [6, 29], "uv_size": [0.5, -1]}
							}
						},
						{
							"origin": [0.30962, -0.1375, -1.77202],
							"size": [0.53125, 1.375, 0.53125],
							"inflate": 0.001,
							"pivot": [0.57525, 0.55, -1.50639],
							"rotation": [0, -45, 0],
							"uv": {
								"north": {"uv": [24, 11], "uv_size": [0.5, 1.5]},
								"east": {"uv": [23, 24], "uv_size": [0.5, 1.5]},
								"south": {"uv": [25, 0], "uv_size": [0.5, 1.5]},
								"west": {"uv": [25, 3], "uv_size": [0.5, 1.5]},
								"up": {"uv": [32, 42], "uv_size": [0.5, 0.5]},
								"down": {"uv": [42, 32.5], "uv_size": [0.5, -0.5]}
							}
						},
						{
							"origin": [0.39986, -0.1375, -1.89265],
							"size": [0.32528, 1.375, 0.7853],
							"pivot": [0.5625, -0.1375, -1.5],
							"rotation": [0, -90, 0],
							"uv": {
								"north": {"uv": [4, 25], "uv_size": [0.5, 1.5]},
								"east": {"uv": [18, 12], "uv_size": [1, 1.5]},
								"south": {"uv": [6, 25], "uv_size": [0.5, 1.5]},
								"west": {"uv": [0, 19], "uv_size": [1, 1.5]},
								"up": {"uv": [28, 6], "uv_size": [0.5, 1]},
								"down": {"uv": [28, 9], "uv_size": [0.5, -1]}
							}
						},
						{
							"origin": [0.39986, -0.1375, -1.89265],
							"size": [0.32528, 1.375, 0.7853],
							"pivot": [0.5625, -0.1375, -1.5],
							"rotation": [-180, -45, 180],
							"uv": {
								"north": {"uv": [12, 25], "uv_size": [0.5, 1.5]},
								"east": {"uv": [2, 19], "uv_size": [1, 1.5]},
								"south": {"uv": [14, 25], "uv_size": [0.5, 1.5]},
								"west": {"uv": [19, 2], "uv_size": [1, 1.5]},
								"up": {"uv": [28, 10], "uv_size": [0.5, 1]},
								"down": {"uv": [12, 29], "uv_size": [0.5, -1]}
							}
						}
					]
				},
				{
					"name": "flashlight_illuminated",
					"parent": "bone4",
					"pivot": [0.57525, 0.55, -1.50639],
					"cubes": [
						{
							"origin": [0.38775, -0.1375, -1.69389],
							"size": [0.375, 1.375, 0.375],
							"inflate": 0.002,
							"pivot": [0.57525, 0.55, -1.50639],
							"rotation": [0, -45, 0],
							"uv": {
								"north": {"uv": [2, 24], "uv_size": [0.5, 1.5]},
								"east": {"uv": [8, 24], "uv_size": [0.5, 1.5]},
								"south": {"uv": [24, 8], "uv_size": [0.5, 1.5]},
								"west": {"uv": [10, 24], "uv_size": [0.5, 1.5]},
								"up": {"uv": [30, 42], "uv_size": [0.5, 0.5]},
								"down": {"uv": [42, 30.5], "uv_size": [0.5, -0.5]}
							}
						}
					]
				},
				{
					"name": "bone5",
					"parent": "laser_lopro_mini",
					"pivot": [0.5625, 0.5, -1.375],
					"rotation": [90, 0, 22.5],
					"cubes": [
						{
							"origin": [0.37116, 0.125, -1.83694],
							"size": [0.38268, 0.75, 0.92388],
							"uv": {
								"north": {"uv": [28, 12], "uv_size": [0.5, 1]},
								"east": {"uv": [2, 22], "uv_size": [1, 1]},
								"south": {"uv": [14, 28], "uv_size": [0.5, 1]},
								"west": {"uv": [8, 22], "uv_size": [1, 1]},
								"up": {"uv": [16, 28], "uv_size": [0.5, 1]},
								"down": {"uv": [28, 17], "uv_size": [0.5, -1]}
							}
						},
						{
							"origin": [0.37116, 0.125, -1.83694],
							"size": [0.38268, 0.75, 0.92388],
							"pivot": [0.5625, 0.125, -1.375],
							"rotation": [0, -45, 0],
							"uv": {
								"north": {"uv": [18, 28], "uv_size": [0.5, 1]},
								"east": {"uv": [10, 22], "uv_size": [1, 1]},
								"south": {"uv": [20, 28], "uv_size": [0.5, 1]},
								"west": {"uv": [23, 4], "uv_size": [1, 1]},
								"up": {"uv": [28, 27], "uv_size": [0.5, 1]},
								"down": {"uv": [0, 30], "uv_size": [0.5, -1]}
							}
						},
						{
							"origin": [0.37116, 0.125, -1.83694],
							"size": [0.38268, 0.75, 0.92388],
							"pivot": [0.5625, 0.125, -1.375],
							"rotation": [0, -90, 0],
							"uv": {
								"north": {"uv": [29, 0], "uv_size": [0.5, 1]},
								"east": {"uv": [23, 6], "uv_size": [1, 1]},
								"south": {"uv": [2, 29], "uv_size": [0.5, 1]},
								"west": {"uv": [12, 23], "uv_size": [1, 1]},
								"up": {"uv": [29, 2], "uv_size": [0.5, 1]},
								"down": {"uv": [29, 5], "uv_size": [0.5, -1]}
							}
						},
						{
							"origin": [0.37116, 0.125, -1.83694],
							"size": [0.38268, 0.75, 0.92388],
							"pivot": [0.5625, 0.125, -1.375],
							"rotation": [-180, -45, 180],
							"uv": {
								"north": {"uv": [8, 29], "uv_size": [0.5, 1]},
								"east": {"uv": [14, 23], "uv_size": [1, 1]},
								"south": {"uv": [10, 29], "uv_size": [0.5, 1]},
								"west": {"uv": [23, 15], "uv_size": [1, 1]},
								"up": {"uv": [29, 14], "uv_size": [0.5, 1]},
								"down": {"uv": [29, 19], "uv_size": [0.5, -1]}
							}
						}
					]
				},
				{
					"name": "bone2",
					"parent": "laser_lopro_mini",
					"pivot": [-1.01562, 0.4375, -0.89062],
					"rotation": [0, 30, -90],
					"cubes": [
						{
							"origin": [-1.14062, 0.5, -1.10713],
							"size": [0.25, 0.1875, 0.43301],
							"uv": {
								"north": {"uv": [40, 42], "uv_size": [0.5, 0.5]},
								"south": {"uv": [42, 40], "uv_size": [0.5, 0.5]},
								"up": {"uv": [42, 42], "uv_size": [0.5, 0.5]}
							}
						},
						{
							"origin": [-1.14062, 0.5, -1.10713],
							"size": [0.25, 0.1875, 0.43301],
							"pivot": [-1.01562, -0.0625, -0.89062],
							"rotation": [0, -60, 0],
							"uv": {
								"north": {"uv": [0, 43], "uv_size": [0.5, 0.5]},
								"south": {"uv": [43, 0], "uv_size": [0.5, 0.5]},
								"up": {"uv": [2, 43], "uv_size": [0.5, 0.5]}
							}
						},
						{
							"origin": [-1.14062, 0.5, -1.10713],
							"size": [0.25, 0.1875, 0.43301],
							"pivot": [-1.01562, -0.0625, -0.89062],
							"rotation": [0, -120, 0],
							"uv": {
								"north": {"uv": [43, 2], "uv_size": [0.5, 0.5]},
								"south": {"uv": [43, 4], "uv_size": [0.5, 0.5]},
								"up": {"uv": [8, 43], "uv_size": [0.5, 0.5]}
							}
						}
					]
				},
				{
					"name": "bone",
					"parent": "laser_lopro_mini",
					"pivot": [-0.57812, 0.9375, -0.89062],
					"rotation": [0, 30, 0],
					"cubes": [
						{
							"origin": [-0.70312, 1, -1.10713],
							"size": [0.25, 0.1875, 0.43301],
							"uv": {
								"north": {"uv": [10, 43], "uv_size": [0.5, 0.5]},
								"south": {"uv": [43, 14], "uv_size": [0.5, 0.5]},
								"up": {"uv": [43, 18], "uv_size": [0.5, 0.5]}
							}
						},
						{
							"origin": [-0.70312, 1, -1.10713],
							"size": [0.25, 0.1875, 0.43301],
							"pivot": [-0.57812, 0.4375, -0.89062],
							"rotation": [0, -60, 0],
							"uv": {
								"north": {"uv": [43, 20], "uv_size": [0.5, 0.5]},
								"south": {"uv": [22, 43], "uv_size": [0.5, 0.5]},
								"up": {"uv": [43, 22], "uv_size": [0.5, 0.5]}
							}
						},
						{
							"origin": [-0.70312, 1, -1.10713],
							"size": [0.25, 0.1875, 0.43301],
							"pivot": [-0.57812, 0.4375, -0.89062],
							"rotation": [0, -120, 0],
							"uv": {
								"north": {"uv": [24, 43], "uv_size": [0.5, 0.5]},
								"south": {"uv": [43, 24], "uv_size": [0.5, 0.5]},
								"up": {"uv": [26, 43], "uv_size": [0.5, 0.5]}
							}
						}
					]
				},
				{
					"name": "laser_beam",
					"pivot": [-0.5625, 0.51563, -0.625]
				}
			]
		}
	]
}