{
	"format_version": "1.12.0",
	"minecraft:geometry": [
		{
			"description": {
				"identifier": "geometry.muzzle_osprey45",
				"texture_width": 32,
				"texture_height": 32,
				"visible_bounds_width": 3,
				"visible_bounds_height": 2.5,
				"visible_bounds_offset": [0, 0.75, 0]
			},
			"bones": [
				{
					"name": "SilencerCo_Osprey45Gen2",
					"pivot": [0, 0, -0.95],
					"cubes": [
						{
							"origin": [-0.125, -0.9, -0.5],
							"size": [0.25, 0.175, 0.3],
							"pivot": [0, 0, -0.175],
							"rotation": [0, 0, 32.5],
							"uv": {
								"east": {"uv": [14, 1], "uv_size": [0.5, 0.5]},
								"south": {"uv": [2, 14], "uv_size": [0.5, 0.5]},
								"west": {"uv": [14, 2], "uv_size": [0.5, 0.5]},
								"down": {"uv": [3, 14.5], "uv_size": [0.5, -0.5]}
							}
						},
						{
							"origin": [-0.7, -1.1, -2.225],
							"size": [1.4, 1.35, 1.5],
							"uv": {
								"east": {"uv": [7, 2], "uv_size": [1.5, 1.5]},
								"west": {"uv": [3, 7], "uv_size": [1.5, 1.5]}
							}
						},
						{
							"origin": [-0.8, -1.1, -0.7],
							"size": [1.6, 0.45, 0.2],
							"uv": {
								"east": {"uv": [14, 3], "uv_size": [0.5, 0.5]},
								"south": {"uv": [4, 11], "uv_size": [1.5, 0.5]},
								"west": {"uv": [4, 14], "uv_size": [0.5, 0.5]}
							}
						},
						{
							"origin": [0.65, -1.05, -0.5],
							"size": [0.15, 0.4, 0.3],
							"pivot": [0.8, -0.65, -0.2],
							"rotation": [0, 0, 67.5],
							"uv": {
								"south": {"uv": [14, 4], "uv_size": [0.5, 0.5]},
								"west": {"uv": [5, 14], "uv_size": [0.5, 0.5]}
							}
						},
						{
							"origin": [-0.325, -1.1, -0.5],
							"size": [0.775, 0.45, 0.3],
							"uv": {
								"east": {"uv": [14, 5], "uv_size": [0.5, 0.5]},
								"south": {"uv": [12, 8], "uv_size": [1, 0.5]},
								"west": {"uv": [6, 14], "uv_size": [0.5, 0.5]},
								"down": {"uv": [12, 9.5], "uv_size": [1, -0.5]}
							}
						},
						{
							"origin": [-0.8, -0.65, -0.875],
							"size": [1.6, 0.4, 0.675],
							"uv": {
								"east": {"uv": [14, 6], "uv_size": [0.5, 0.5]},
								"south": {"uv": [11, 4], "uv_size": [1.5, 0.5]},
								"west": {"uv": [7, 14], "uv_size": [0.5, 0.5]},
								"down": {"uv": [11, 5.5], "uv_size": [1.5, -0.5]}
							}
						},
						{
							"origin": [-0.8, -1.1, -2.25],
							"size": [1.6, 0.5, 0.35],
							"uv": {
								"east": {"uv": [14, 7], "uv_size": [0.5, 0.5]},
								"west": {"uv": [8, 14], "uv_size": [0.5, 0.5]}
							}
						},
						{
							"origin": [-0.8, -0.6, -2.25],
							"size": [1.6, 0.35, 0.175],
							"uv": {
								"east": {"uv": [14, 8], "uv_size": [0.5, 0.5]},
								"west": {"uv": [9, 14], "uv_size": [0.5, 0.5]}
							}
						},
						{
							"origin": [-0.8, -0.25, -1.025],
							"size": [1.6, 0.5, 0.825],
							"uv": {
								"east": {"uv": [12, 10], "uv_size": [1, 0.5]},
								"south": {"uv": [6, 11], "uv_size": [1.5, 0.5]},
								"west": {"uv": [11, 12], "uv_size": [1, 0.5]}
							}
						},
						{
							"origin": [-0.8, 0.175, -2.25],
							"size": [1.6, 0.075, 1.55],
							"uv": {
								"east": {"uv": [11, 6], "uv_size": [1.5, 0.5]},
								"west": {"uv": [11, 7], "uv_size": [1.5, 0.5]},
								"down": {"uv": [5, 8.5], "uv_size": [1.5, -1.5]}
							}
						},
						{
							"origin": [-0.8, -1.1, -1.925],
							"size": [1.6, 0.075, 1.225],
							"uv": {
								"east": {"uv": [12, 11], "uv_size": [1, 0.5]},
								"west": {"uv": [12, 12], "uv_size": [1, 0.5]},
								"up": {"uv": [9, 10], "uv_size": [1.5, 1]}
							}
						},
						{
							"origin": [-0.8, -0.95295, -0.93928],
							"size": [1.6, 1.38118, 0.19326],
							"pivot": [0, -0.425, -0.45],
							"rotation": [22.5, 0, 0],
							"uv": {
								"north": {"uv": [7, 7], "uv_size": [1.5, 1.5]},
								"east": {"uv": [8, 11], "uv_size": [0.5, 1.5]},
								"west": {"uv": [11, 8], "uv_size": [0.5, 1.5]}
							}
						},
						{
							"origin": [-0.8, -0.95295, -1.33928],
							"size": [1.6, 1.38118, 0.19326],
							"pivot": [0, -0.425, -0.85],
							"rotation": [22.5, 0, 0],
							"uv": {
								"north": {"uv": [9, 2], "uv_size": [1.5, 1.5]},
								"east": {"uv": [9, 11], "uv_size": [0.5, 1.5]},
								"south": {"uv": [3, 9], "uv_size": [1.5, 1.5]},
								"west": {"uv": [10, 11], "uv_size": [0.5, 1.5]}
							}
						},
						{
							"origin": [-0.8, -0.95295, -1.73928],
							"size": [1.6, 1.38118, 0.19326],
							"pivot": [0, -0.425, -1.25],
							"rotation": [22.5, 0, 0],
							"uv": {
								"north": {"uv": [5, 9], "uv_size": [1.5, 1.5]},
								"east": {"uv": [11, 10], "uv_size": [0.5, 1.5]},
								"south": {"uv": [9, 6], "uv_size": [1.5, 1.5]},
								"west": {"uv": [3, 12], "uv_size": [0.5, 1.5]}
							}
						},
						{
							"origin": [-0.8, -0.95295, -2.13928],
							"size": [1.6, 1.38118, 0.19326],
							"pivot": [0, -0.425, -1.65],
							"rotation": [22.5, 0, 0],
							"uv": {
								"east": {"uv": [4, 12], "uv_size": [0.5, 1.5]},
								"south": {"uv": [7, 9], "uv_size": [1.5, 1.5]},
								"west": {"uv": [5, 12], "uv_size": [0.5, 1.5]}
							}
						},
						{
							"origin": [0.275, -1.1, -9.45],
							"size": [0.525, 1.35, 6.75],
							"uv": {
								"north": {"uv": [6, 12], "uv_size": [0.5, 1.5]},
								"east": {"uv": [0, 0], "uv_size": [7, 1.5]},
								"west": {"uv": [0, 2], "uv_size": [7, 1.5]}
							}
						},
						{
							"origin": [0.275, -1.1, -2.7],
							"size": [0.525, 1.35, 0.45],
							"uv": {
								"north": {"uv": [6, 12], "uv_size": [0.5, 1.5]},
								"east": {"uv": [0, 0], "uv_size": [7, 1.5]},
								"west": {"uv": [7, 12], "uv_size": [0.5, 1.5]}
							}
						},
						{
							"origin": [-0.8, -1.1, -9.45],
							"size": [0.525, 1.35, 6.75],
							"uv": {
								"north": {"uv": [6.5, 12], "uv_size": [-0.5, 1.5]},
								"east": {"uv": [7, 2], "uv_size": [-7, 1.5]},
								"west": {"uv": [7, 0], "uv_size": [-7, 1.5]}
							}
						},
						{
							"origin": [-0.8, -1.1, -2.7],
							"size": [0.525, 1.35, 0.45],
							"uv": {
								"north": {"uv": [6.5, 12], "uv_size": [-0.5, 1.5]},
								"east": {"uv": [7.5, 12], "uv_size": [-0.5, 1.5]},
								"west": {"uv": [7, 0], "uv_size": [-7, 1.5]}
							}
						},
						{
							"origin": [-0.525, -1.375, -2.7],
							"size": [1.05, 1.1, 2.2],
							"uv": {
								"north": {"uv": [8, 6], "uv_size": [1, 1]},
								"south": {"uv": [3, 11], "uv_size": [1, 1]},
								"up": {"uv": [9, 8], "uv_size": [1, 2]},
								"down": {"uv": [10, 10], "uv_size": [1, -2]}
							}
						},
						{
							"origin": [-0.525, -1.375, -9.45],
							"size": [1.05, 1.1, 6.75],
							"uv": {
								"north": {"uv": [8, 6], "uv_size": [1, 1]},
								"south": {"uv": [3, 11], "uv_size": [1, 1]},
								"up": {"uv": [10, 10], "uv_size": [-1, -2]},
								"down": {"uv": [0, 11], "uv_size": [1, -7]}
							}
						},
						{
							"origin": [0.36256, -0.72552, -2.7],
							"size": [0.19446, 0.38891, 2.2],
							"pivot": [-0.24298, -1.01161, -4.45],
							"rotation": [0, 0, 45],
							"uv": {
								"north": {"uv": [14, 9], "uv_size": [0.5, 0.5]},
								"south": {"uv": [10, 14], "uv_size": [0.5, 0.5]},
								"west": {"uv": [11, 3], "uv_size": [2, 0.5]}
							}
						},
						{
							"origin": [-0.69098, -1.3632, -2.7],
							"size": [0.19446, 0.38891, 2.2],
							"pivot": [-0.59375, -1.16875, -1.6],
							"rotation": [0, 0, -45],
							"uv": {
								"north": {"uv": [14.5, 9], "uv_size": [-0.5, 0.5]},
								"east": {"uv": [13, 3], "uv_size": [-2, 0.5]},
								"south": {"uv": [10.5, 14], "uv_size": [-0.5, 0.5]}
							}
						},
						{
							"origin": [0.36256, -0.72552, -9.45],
							"size": [0.19446, 0.38891, 6.75],
							"pivot": [-0.24298, -1.01161, -7.05],
							"rotation": [0, 0, 45],
							"uv": {
								"north": {"uv": [14, 9], "uv_size": [0.5, 0.5]},
								"south": {"uv": [10, 14], "uv_size": [0.5, 0.5]},
								"west": {"uv": [1, 6], "uv_size": [7, 0.5]}
							}
						},
						{
							"origin": [-0.69098, -1.3632, -9.45],
							"size": [0.19446, 0.38891, 6.75],
							"pivot": [-0.59375, -1.16875, -3.8375],
							"rotation": [0, 0, -45],
							"uv": {
								"north": {"uv": [14.5, 9], "uv_size": [-0.5, 0.5]},
								"east": {"uv": [8, 6], "uv_size": [-7, 0.5]},
								"south": {"uv": [10.5, 14], "uv_size": [-0.5, 0.5]}
							}
						},
						{
							"origin": [-0.3, 0.275, -9.45],
							"size": [0.6, 0.475, 6.75],
							"uv": {
								"north": {"uv": [14, 10], "uv_size": [0.5, 0.5]},
								"south": {"uv": [11, 14], "uv_size": [0.5, 0.5]},
								"up": {"uv": [1, 7], "uv_size": [0.5, 7]},
								"down": {"uv": [2, 14], "uv_size": [0.5, -7]}
							}
						},
						{
							"origin": [-0.3, 0.275, -2.7],
							"size": [0.6, 0.475, 2.5],
							"uv": {
								"north": {"uv": [14, 10], "uv_size": [0.5, 0.5]},
								"south": {"uv": [11, 14], "uv_size": [0.5, 0.5]},
								"up": {"uv": [0, 11], "uv_size": [0.5, 2.5]},
								"down": {"uv": [2.5, 14], "uv_size": [-0.5, -7]}
							}
						},
						{
							"origin": [0.08202, -0.51339, -9.45],
							"size": [0.475, 0.70711, 6.75],
							"pivot": [-0.24298, 0.16161, -4.45],
							"rotation": [0, 0, -45],
							"uv": {
								"north": {"uv": [14, 11], "uv_size": [0.5, 0.5]},
								"east": {"uv": [7, 0], "uv_size": [7, 0.5]},
								"west": {"uv": [7, 1], "uv_size": [7, 0.5]}
							}
						},
						{
							"origin": [0.08202, -0.51339, -2.7],
							"size": [0.475, 0.70711, 2.5],
							"pivot": [-0.24298, 0.16161, -4.45],
							"rotation": [0, 0, -45],
							"uv": {
								"east": {"uv": [7, 0], "uv_size": [7, 0.5]},
								"south": {"uv": [12, 14], "uv_size": [0.5, 0.5]},
								"west": {"uv": [11, 2], "uv_size": [2.5, 0.5]}
							}
						},
						{
							"origin": [-0.61956, -0.02149, -9.45],
							"size": [0.475, 0.70711, 6.75],
							"pivot": [-0.38206, 0.33206, -3.7625],
							"rotation": [0, 0, 45],
							"uv": {
								"north": {"uv": [14.5, 11], "uv_size": [-0.5, 0.5]},
								"east": {"uv": [14, 1], "uv_size": [-7, 0.5]},
								"west": {"uv": [14, 0], "uv_size": [-7, 0.5]}
							}
						},
						{
							"origin": [-0.61956, -0.02149, -2.7],
							"size": [0.475, 0.70711, 2.5],
							"pivot": [-0.38206, 0.33206, -3.7625],
							"rotation": [0, 0, 45],
							"uv": {
								"east": {"uv": [13.5, 2], "uv_size": [-2.5, 0.5]},
								"south": {"uv": [12.5, 14], "uv_size": [-0.5, 0.5]},
								"west": {"uv": [14, 0], "uv_size": [-7, 0.5]}
							}
						},
						{
							"origin": [0.08704, 0.00591, -9.45],
							"size": [0.125, 0.2375, 9.25],
							"pivot": [-0.24298, -0.16161, -4.45],
							"rotation": [0, 0, 45],
							"uv": {
								"north": {"uv": [14, 12], "uv_size": [0.5, 0.5]},
								"east": {"uv": [1, 4], "uv_size": [9.5, 0.5]}
							}
						},
						{
							"origin": [-0.21204, 0.00591, -9.45],
							"size": [0.125, 0.2375, 9.25],
							"pivot": [0.24298, -0.16161, -4.45],
							"rotation": [0, 0, -45],
							"uv": {
								"north": {"uv": [13, 14], "uv_size": [0.5, 0.5]},
								"west": {"uv": [1, 5], "uv_size": [9.5, 0.5]}
							}
						},
						{
							"origin": [-0.525, -1.375, -9.65],
							"size": [1.05, 0.1, 0.2],
							"uv": {
								"north": {"uv": [13, 3], "uv_size": [1, 0.5]},
								"up": {"uv": [13, 4], "uv_size": [1, 0.5]},
								"down": {"uv": [13, 5.5], "uv_size": [1, -0.5]}
							}
						},
						{
							"origin": [-0.55702, -0.72552, -9.65],
							"size": [0.1, 0.38891, 0.2],
							"pivot": [0.24298, -1.01161, -5.2],
							"rotation": [0, 0, -45],
							"uv": {
								"north": {"uv": [14, 13], "uv_size": [0.5, 0.5]},
								"east": {"uv": [14, 14], "uv_size": [0.5, 0.5]},
								"west": {"uv": [0, 15], "uv_size": [0.5, 0.5]}
							}
						},
						{
							"origin": [0.45702, -0.72552, -9.65],
							"size": [0.1, 0.38891, 0.2],
							"pivot": [-0.24298, -1.01161, -5.2],
							"rotation": [0, 0, 45],
							"uv": {
								"north": {"uv": [15, 0], "uv_size": [0.5, 0.5]},
								"east": {"uv": [1, 15], "uv_size": [0.5, 0.5]},
								"west": {"uv": [15, 1], "uv_size": [0.5, 0.5]}
							}
						},
						{
							"origin": [-0.3, 0.65, -9.65],
							"size": [0.6, 0.1, 0.2],
							"uv": {
								"north": {"uv": [2, 15], "uv_size": [0.5, 0.5]},
								"up": {"uv": [15, 2], "uv_size": [0.5, 0.5]},
								"down": {"uv": [3, 15.5], "uv_size": [0.5, -0.5]}
							}
						},
						{
							"origin": [0.45702, -0.51339, -9.65],
							"size": [0.1, 0.70711, 0.2],
							"pivot": [-0.24298, 0.16161, -5.2],
							"rotation": [0, 0, -45],
							"uv": {
								"north": {"uv": [15, 3], "uv_size": [0.5, 0.5]},
								"east": {"uv": [4, 15], "uv_size": [0.5, 0.5]},
								"west": {"uv": [15, 4], "uv_size": [0.5, 0.5]}
							}
						},
						{
							"origin": [-0.55702, -0.51339, -9.65],
							"size": [0.1, 0.70711, 0.2],
							"pivot": [0.24298, 0.16161, -5.2],
							"rotation": [0, 0, 45],
							"uv": {
								"north": {"uv": [5, 15], "uv_size": [0.5, 0.5]},
								"east": {"uv": [15, 5], "uv_size": [0.5, 0.5]},
								"west": {"uv": [6, 15], "uv_size": [0.5, 0.5]}
							}
						},
						{
							"origin": [0.7, -1.1, -9.65],
							"size": [0.1, 0.25, 0.2],
							"uv": {
								"north": {"uv": [15, 6], "uv_size": [0.5, 0.5]},
								"east": {"uv": [7, 15], "uv_size": [0.5, 0.5]},
								"west": {"uv": [15, 7], "uv_size": [0.5, 0.5]}
							}
						},
						{
							"origin": [0.7, -0.89175, -9.5942],
							"size": [0.1, 0.2, 0.1],
							"pivot": [0.75, -0.76675, -9.5442],
							"rotation": [-30, 0, 0],
							"uv": {
								"north": {"uv": [8, 15], "uv_size": [0.5, 0.5]},
								"east": {"uv": [15, 8], "uv_size": [0.5, 0.5]},
								"west": {"uv": [9, 15], "uv_size": [0.5, 0.5]}
							}
						},
						{
							"origin": [0.7, -0.70825, -9.5942],
							"size": [0.1, 0.2, 0.1],
							"pivot": [0.75, -0.63325, -9.5442],
							"rotation": [30, 0, 0],
							"uv": {
								"north": {"uv": [15, 9], "uv_size": [0.5, 0.5]},
								"east": {"uv": [10, 15], "uv_size": [0.5, 0.5]},
								"west": {"uv": [15, 10], "uv_size": [0.5, 0.5]}
							}
						},
						{
							"origin": [0.7, -0.55, -9.65],
							"size": [0.1, 0.25, 0.1],
							"uv": {
								"north": {"uv": [11, 15], "uv_size": [0.5, 0.5]},
								"east": {"uv": [15, 11], "uv_size": [0.5, 0.5]},
								"west": {"uv": [12, 15], "uv_size": [0.5, 0.5]}
							}
						},
						{
							"origin": [0.7, -0.85, -9.55],
							"size": [0.1, 0.85, 0.1],
							"uv": {
								"north": {"uv": [13, 6], "uv_size": [0.5, 1]},
								"east": {"uv": [13, 7], "uv_size": [0.5, 1]},
								"west": {"uv": [8, 13], "uv_size": [0.5, 1]}
							}
						},
						{
							"origin": [0.7, -0.34175, -9.5942],
							"size": [0.1, 0.2, 0.1],
							"pivot": [0.75, -0.21675, -9.5442],
							"rotation": [-30, 0, 0],
							"uv": {
								"north": {"uv": [15, 12], "uv_size": [0.5, 0.5]},
								"east": {"uv": [13, 15], "uv_size": [0.5, 0.5]},
								"west": {"uv": [15, 13], "uv_size": [0.5, 0.5]}
							}
						},
						{
							"origin": [0.7, -0.15825, -9.5942],
							"size": [0.1, 0.2, 0.1],
							"pivot": [0.75, -0.08325, -9.5442],
							"rotation": [30, 0, 0],
							"uv": {
								"north": {"uv": [14, 15], "uv_size": [0.5, 0.5]},
								"east": {"uv": [15, 14], "uv_size": [0.5, 0.5]},
								"west": {"uv": [15, 15], "uv_size": [0.5, 0.5]}
							}
						},
						{
							"origin": [0.7, 0, -9.65],
							"size": [0.1, 0.25, 0.2],
							"uv": {
								"north": {"uv": [0, 16], "uv_size": [0.5, 0.5]},
								"east": {"uv": [16, 0], "uv_size": [0.5, 0.5]},
								"west": {"uv": [1, 16], "uv_size": [0.5, 0.5]}
							}
						},
						{
							"origin": [-0.8, -0.89175, -9.5942],
							"size": [0.1, 0.2, 0.1],
							"pivot": [-0.75, -0.76675, -9.5442],
							"rotation": [-30, 0, 0],
							"uv": {
								"north": {"uv": [16, 1], "uv_size": [0.5, 0.5]},
								"east": {"uv": [2, 16], "uv_size": [0.5, 0.5]},
								"west": {"uv": [16, 2], "uv_size": [0.5, 0.5]}
							}
						},
						{
							"origin": [-0.8, -0.70825, -9.5942],
							"size": [0.1, 0.2, 0.1],
							"pivot": [-0.75, -0.63325, -9.5442],
							"rotation": [30, 0, 0],
							"uv": {
								"north": {"uv": [3, 16], "uv_size": [0.5, 0.5]},
								"east": {"uv": [16, 3], "uv_size": [0.5, 0.5]},
								"west": {"uv": [4, 16], "uv_size": [0.5, 0.5]}
							}
						},
						{
							"origin": [-0.8, -0.34175, -9.5942],
							"size": [0.1, 0.2, 0.1],
							"pivot": [-0.75, -0.21675, -9.5442],
							"rotation": [-30, 0, 0],
							"uv": {
								"north": {"uv": [16, 4], "uv_size": [0.5, 0.5]},
								"east": {"uv": [5, 16], "uv_size": [0.5, 0.5]},
								"west": {"uv": [16, 5], "uv_size": [0.5, 0.5]}
							}
						},
						{
							"origin": [-0.8, -0.15825, -9.5942],
							"size": [0.1, 0.2, 0.1],
							"pivot": [-0.75, -0.08325, -9.5442],
							"rotation": [30, 0, 0],
							"uv": {
								"north": {"uv": [6, 16], "uv_size": [0.5, 0.5]},
								"east": {"uv": [16, 6], "uv_size": [0.5, 0.5]},
								"west": {"uv": [7, 16], "uv_size": [0.5, 0.5]}
							}
						},
						{
							"origin": [-0.8, -0.55, -9.65],
							"size": [0.1, 0.25, 0.1],
							"uv": {
								"north": {"uv": [16, 7], "uv_size": [0.5, 0.5]},
								"east": {"uv": [8, 16], "uv_size": [0.5, 0.5]},
								"west": {"uv": [16, 8], "uv_size": [0.5, 0.5]}
							}
						},
						{
							"origin": [-0.8, -1.1, -9.65],
							"size": [0.1, 0.25, 0.2],
							"uv": {
								"north": {"uv": [9, 16], "uv_size": [0.5, 0.5]},
								"east": {"uv": [16, 9], "uv_size": [0.5, 0.5]},
								"west": {"uv": [10, 16], "uv_size": [0.5, 0.5]}
							}
						},
						{
							"origin": [-0.8, -0.85, -9.55],
							"size": [0.1, 0.85, 0.1],
							"uv": {
								"north": {"uv": [13, 8], "uv_size": [0.5, 1]},
								"east": {"uv": [9, 13], "uv_size": [0.5, 1]},
								"west": {"uv": [13, 9], "uv_size": [0.5, 1]}
							}
						},
						{
							"origin": [-0.8, 0, -9.65],
							"size": [0.1, 0.25, 0.2],
							"uv": {
								"north": {"uv": [16, 10], "uv_size": [0.5, 0.5]},
								"east": {"uv": [11, 16], "uv_size": [0.5, 0.5]},
								"west": {"uv": [16, 11], "uv_size": [0.5, 0.5]}
							}
						}
					]
				},
				{
					"name": "adapt",
					"parent": "SilencerCo_Osprey45Gen2",
					"pivot": [0, 0, -0.1],
					"cubes": [
						{
							"origin": [-0.1657, -0.4, -0.2],
							"size": [0.3314, 0.8, 0.2],
							"pivot": [0, 0, -0.1],
							"rotation": [0, 0, 45],
							"uv": {
								"south": {"uv": [10, 13], "uv_size": [0.5, 1]},
								"up": {"uv": [12, 16], "uv_size": [0.5, 0.5]},
								"down": {"uv": [16, 12.5], "uv_size": [0.5, -0.5]}
							}
						},
						{
							"origin": [-0.1657, -0.4, -0.2],
							"size": [0.3314, 0.8, 0.2],
							"uv": {
								"south": {"uv": [13, 10], "uv_size": [0.5, 1]},
								"up": {"uv": [13, 16], "uv_size": [0.5, 0.5]},
								"down": {"uv": [16, 13.5], "uv_size": [0.5, -0.5]}
							}
						},
						{
							"origin": [-0.1657, -0.4, -0.2],
							"size": [0.3314, 0.8, 0.2],
							"pivot": [0, 0, -0.1],
							"rotation": [0, 0, 135],
							"uv": {
								"south": {"uv": [11, 13], "uv_size": [0.5, 1]},
								"up": {"uv": [14, 16], "uv_size": [0.5, 0.5]},
								"down": {"uv": [16, 14.5], "uv_size": [0.5, -0.5]}
							}
						},
						{
							"origin": [-0.1657, -0.4, -0.2],
							"size": [0.3314, 0.8, 0.2],
							"pivot": [0, 0, -0.1],
							"rotation": [0, 0, 90],
							"uv": {
								"south": {"uv": [13, 11], "uv_size": [0.5, 1]},
								"up": {"uv": [15, 16], "uv_size": [0.5, 0.5]},
								"down": {"uv": [16, 15.5], "uv_size": [0.5, -0.5]}
							}
						}
					]
				},
				{
					"name": "QD",
					"parent": "SilencerCo_Osprey45Gen2",
					"pivot": [-0.55073, -0.86448, -0.35],
					"cubes": [
						{
							"origin": [-0.70073, -1.01448, -0.5],
							"size": [0.3, 0.3, 0.3],
							"inflate": -0.0001,
							"pivot": [-0.55073, -0.86448, -0.325],
							"rotation": [0, 0, -45],
							"uv": {
								"south": {"uv": [16, 16], "uv_size": [0.5, 0.5]},
								"west": {"uv": [0, 17], "uv_size": [0.5, 0.5]},
								"up": {"uv": [17, 0], "uv_size": [0.5, 0.5]},
								"down": {"uv": [1, 17.5], "uv_size": [0.5, -0.5]}
							}
						},
						{
							"origin": [-0.29007, -0.60338, -0.5],
							"size": [0.225, 0.35, 0.3],
							"inflate": -0.0002,
							"pivot": [0.50993, -1.25338, -4.45],
							"rotation": [0, 0, -45],
							"uv": {
								"north": {"uv": [17, 1], "uv_size": [0.5, 0.5]},
								"east": {"uv": [2, 17], "uv_size": [0.5, 0.5]},
								"south": {"uv": [17, 2], "uv_size": [0.5, 0.5]},
								"west": {"uv": [3, 17], "uv_size": [0.5, 0.5]}
							}
						},
						{
							"origin": [-0.51538, -1.35945, -0.5],
							"size": [1.05, 0.225, 0.3],
							"uv": {
								"north": {"uv": [12, 13], "uv_size": [1, 0.5]},
								"south": {"uv": [13, 12], "uv_size": [1, 0.5]},
								"up": {"uv": [13, 13], "uv_size": [1, 0.5]},
								"down": {"uv": [0, 14.5], "uv_size": [1, -0.5]}
							}
						},
						{
							"origin": [0.34311, -0.70286, -0.5],
							"size": [0.225, 0.375, 0.3],
							"inflate": -0.0001,
							"pivot": [-0.2412, -0.99073, -4.45],
							"rotation": [0, 0, 45],
							"uv": {
								"north": {"uv": [17, 3], "uv_size": [0.5, 0.5]},
								"east": {"uv": [4, 17], "uv_size": [0.5, 0.5]},
								"south": {"uv": [17, 4], "uv_size": [0.5, 0.5]},
								"west": {"uv": [5, 17], "uv_size": [0.5, 0.5]},
								"up": {"uv": [17, 5], "uv_size": [0.5, 0.5]}
							}
						},
						{
							"origin": [-0.76286, -1.11196, -0.5],
							"size": [0.12374, 0.24749, 0.3],
							"uv": {
								"east": {"uv": [6, 17], "uv_size": [0.5, 0.5]},
								"south": {"uv": [17, 6], "uv_size": [0.5, 0.5]}
							}
						}
					]
				},
				{
					"name": "text",
					"parent": "SilencerCo_Osprey45Gen2",
					"pivot": [0.3, -9.175, -5.3]
				},
				{
					"name": "bone2",
					"parent": "text",
					"pivot": [0.7375, -0.09198, -7.87403],
					"cubes": [
						{
							"origin": [0.68501, 0.0304, -8.81193],
							"size": [0.12499, 0.09375, 0.46875],
							"uv": {
								"west": {"uv": [7, 17], "uv_size": [0.5, 0.5]}
							}
						},
						{
							"origin": [0.68501, -0.42136, -8.60869],
							"size": [0.12499, 0.5, 0.10938],
							"pivot": [0.69844, -0.12449, -8.554],
							"rotation": [-22.5, 0, 0],
							"uv": {
								"west": {"uv": [17, 7], "uv_size": [0.5, 0.5]}
							}
						},
						{
							"origin": [0.685, -0.41969, -8.71814],
							"size": [0.125, 0.04185, 0.10106],
							"uv": {
								"west": {"uv": [8, 17], "uv_size": [0.5, 0.5]}
							}
						},
						{
							"origin": [0.68501, 0.03475, -8.36126],
							"size": [0.12499, 0.08662, 0.03588],
							"pivot": [0.69844, 0.07732, -8.34522],
							"rotation": [-22.5, 0, 0],
							"uv": {
								"west": {"uv": [17, 8], "uv_size": [0.5, 0.5]}
							}
						},
						{
							"origin": [0.685, 0.06038, -7.45109],
							"size": [0.125, 0.08661, 0.03587],
							"pivot": [0.69844, 0.10295, -8.37256],
							"rotation": [-22.5, 0, 0],
							"uv": {
								"west": {"uv": [9, 17], "uv_size": [0.5, 0.5]}
							}
						},
						{
							"origin": [0.685, 0.06038, -7.3517],
							"size": [0.125, 0.08661, 0.03587],
							"pivot": [0.69844, 0.10295, -8.27317],
							"rotation": [-22.5, 0, 0],
							"uv": {
								"west": {"uv": [17, 9], "uv_size": [0.5, 0.5]}
							}
						},
						{
							"origin": [0.685, 0.06038, -6.57609],
							"size": [0.125, 0.08661, 0.03587],
							"pivot": [0.69844, 0.10295, -7.49756],
							"rotation": [-22.5, 0, 0],
							"uv": {
								"west": {"uv": [10, 17], "uv_size": [0.5, 0.5]}
							}
						},
						{
							"origin": [0.685, 0.06038, -6.48234],
							"size": [0.125, 0.08661, 0.03587],
							"pivot": [0.69844, 0.10295, -7.40381],
							"rotation": [-22.5, 0, 0],
							"uv": {
								"west": {"uv": [17, 10], "uv_size": [0.5, 0.5]}
							}
						},
						{
							"origin": [0.685, 0.06038, -6.45109],
							"size": [0.125, 0.08661, 0.03587],
							"pivot": [0.69844, 0.10295, -7.37256],
							"rotation": [-22.5, 0, 0],
							"uv": {
								"west": {"uv": [11, 17], "uv_size": [0.5, 0.5]}
							}
						},
						{
							"origin": [0.685, -0.22272, -6.53563],
							"size": [0.125, 0.01373, 0.0644],
							"uv": {
								"west": {"uv": [17, 11], "uv_size": [0.5, 0.5]}
							}
						},
						{
							"origin": [0.685, -0.30274, -6.56878],
							"size": [0.125, 0.01373, 0.0644],
							"uv": {
								"west": {"uv": [12, 17], "uv_size": [0.5, 0.5]}
							}
						},
						{
							"origin": [0.685, 0.06038, -6.32609],
							"size": [0.125, 0.08661, 0.03587],
							"pivot": [0.69844, 0.10295, -7.24756],
							"rotation": [-22.5, 0, 0],
							"uv": {
								"west": {"uv": [17, 12], "uv_size": [0.5, 0.5]}
							}
						},
						{
							"origin": [0.685, -0.22272, -6.41063],
							"size": [0.125, 0.01373, 0.0644],
							"uv": {
								"west": {"uv": [13, 17], "uv_size": [0.5, 0.5]}
							}
						},
						{
							"origin": [0.685, 0.06038, -6.35734],
							"size": [0.125, 0.08661, 0.03587],
							"pivot": [0.69844, 0.10295, -7.27881],
							"rotation": [-22.5, 0, 0],
							"uv": {
								"west": {"uv": [17, 13], "uv_size": [0.5, 0.5]}
							}
						},
						{
							"origin": [0.685, -0.30274, -6.44378],
							"size": [0.125, 0.01373, 0.0644],
							"uv": {
								"west": {"uv": [14, 17], "uv_size": [0.5, 0.5]}
							}
						},
						{
							"origin": [0.685, 0.06038, -6.20109],
							"size": [0.125, 0.08661, 0.03587],
							"pivot": [0.69844, 0.10295, -7.12256],
							"rotation": [-22.5, 0, 0],
							"uv": {
								"west": {"uv": [17, 14], "uv_size": [0.5, 0.5]}
							}
						},
						{
							"origin": [0.685, -0.22272, -6.28563],
							"size": [0.125, 0.01373, 0.0644],
							"uv": {
								"west": {"uv": [15, 17], "uv_size": [0.5, 0.5]}
							}
						},
						{
							"origin": [0.685, 0.06038, -6.23234],
							"size": [0.125, 0.08661, 0.03587],
							"pivot": [0.69844, 0.10295, -7.15381],
							"rotation": [-22.5, 0, 0],
							"uv": {
								"west": {"uv": [17, 15], "uv_size": [0.5, 0.5]}
							}
						},
						{
							"origin": [0.685, -0.30274, -6.31878],
							"size": [0.125, 0.01373, 0.0644],
							"uv": {
								"west": {"uv": [16, 17], "uv_size": [0.5, 0.5]}
							}
						},
						{
							"origin": [0.68501, 0.03503, -7.35245],
							"size": [0.12499, 0.08662, 0.03587],
							"pivot": [0.69844, 0.0776, -7.33642],
							"rotation": [-22.5, 0, 0],
							"uv": {
								"west": {"uv": [17, 16], "uv_size": [0.5, 0.5]}
							}
						},
						{
							"origin": [0.68501, 0.03489, -7.48945],
							"size": [0.12499, 0.08661, 0.03587],
							"pivot": [0.69844, 0.07746, -7.47342],
							"rotation": [-22.5, 0, 0],
							"uv": {
								"west": {"uv": [17, 17], "uv_size": [0.5, 0.5]}
							}
						},
						{
							"origin": [0.68501, 0.03489, -7.78069],
							"size": [0.12499, 0.08661, 0.03588],
							"pivot": [0.69844, 0.07746, -7.76466],
							"rotation": [-22.5, 0, 0],
							"uv": {
								"west": {"uv": [0, 18], "uv_size": [0.5, 0.5]}
							}
						},
						{
							"origin": [0.68501, 0.03489, -7.90569],
							"size": [0.12499, 0.08661, 0.03588],
							"pivot": [0.69844, 0.07746, -7.88966],
							"rotation": [-22.5, 0, 0],
							"uv": {
								"west": {"uv": [18, 0], "uv_size": [0.5, 0.5]}
							}
						},
						{
							"origin": [0.68501, 0.03489, -8.23381],
							"size": [0.12499, 0.08661, 0.03587],
							"pivot": [0.69844, 0.07746, -8.21778],
							"rotation": [-22.5, 0, 0],
							"uv": {
								"west": {"uv": [1, 18], "uv_size": [0.5, 0.5]}
							}
						},
						{
							"origin": [0.68501, 0.03475, -8.83001],
							"size": [0.12499, 0.08662, 0.03588],
							"pivot": [0.69844, 0.07732, -8.81397],
							"rotation": [-22.5, 0, 0],
							"uv": {
								"west": {"uv": [18, 1], "uv_size": [0.5, 0.5]}
							}
						},
						{
							"origin": [0.685, 0.03101, -8.21574],
							"size": [0.125, 0.09328, 0.32813],
							"uv": {
								"west": {"uv": [2, 18], "uv_size": [0.5, 0.5]}
							}
						},
						{
							"origin": [0.68501, -0.30421, -7.81925],
							"size": [0.12499, 0.09522, 0.31487],
							"uv": {
								"west": {"uv": [18, 2], "uv_size": [0.5, 0.5]}
							}
						},
						{
							"origin": [0.68501, -0.30325, -7.40499],
							"size": [0.12499, 0.09426, 0.77561],
							"uv": {
								"west": {"uv": [14, 0], "uv_size": [1, 0.5]}
							}
						},
						{
							"origin": [0.68501, -0.30325, -7.40499],
							"size": [0.12499, 0.09426, 0.44758],
							"pivot": [0.8, -0.20899, -7.40499],
							"rotation": [42.642, 0, 0],
							"uv": {
								"west": {"uv": [3, 18], "uv_size": [0.5, 0.5]}
							}
						},
						{
							"origin": [0.68501, 0.02285, -7.02518],
							"size": [0.12499, 0.09356, 0.03405],
							"pivot": [0.69844, 0.08272, -6.99579],
							"rotation": [-20, 0, 0],
							"uv": {
								"west": {"uv": [18, 3], "uv_size": [0.5, 0.5]}
							}
						},
						{
							"origin": [0.68501, 0.03003, -7.76261],
							"size": [0.12499, 0.09426, 0.29123],
							"uv": {
								"west": {"uv": [4, 18], "uv_size": [0.5, 0.5]}
							}
						},
						{
							"origin": [0.68501, 0.03017, -7.33438],
							"size": [0.12499, 0.09426, 0.32249],
							"uv": {
								"west": {"uv": [18, 4], "uv_size": [0.5, 0.5]}
							}
						},
						{
							"origin": [0.685, -0.10211, -7.83659],
							"size": [0.125, 0.04186, 0.10105],
							"uv": {
								"west": {"uv": [5, 18], "uv_size": [0.5, 0.5]}
							}
						},
						{
							"origin": [0.685, -0.30421, -8.13905],
							"size": [0.125, 0.04186, 0.10105],
							"uv": {
								"west": {"uv": [18, 5], "uv_size": [0.5, 0.5]}
							}
						},
						{
							"origin": [0.685, -0.10211, -8.05534],
							"size": [0.125, 0.04186, 0.10105],
							"uv": {
								"west": {"uv": [6, 18], "uv_size": [0.5, 0.5]}
							}
						},
						{
							"origin": [0.68501, -0.29636, -8.07744],
							"size": [0.12499, 0.21875, 0.10938],
							"pivot": [0.69844, -0.12449, -8.02275],
							"rotation": [-22.5, 0, 0],
							"uv": {
								"west": {"uv": [18, 6], "uv_size": [0.5, 0.5]}
							}
						},
						{
							"origin": [0.68501, -0.29636, -8.31182],
							"size": [0.12499, 0.21875, 0.10938],
							"pivot": [0.69844, -0.12449, -8.25713],
							"rotation": [-22.5, 0, 0],
							"uv": {
								"west": {"uv": [7, 18], "uv_size": [0.5, 0.5]}
							}
						},
						{
							"origin": [0.685, -0.30421, -8.37343],
							"size": [0.125, 0.04186, 0.10106],
							"uv": {
								"west": {"uv": [18, 7], "uv_size": [0.5, 0.5]}
							}
						},
						{
							"origin": [0.685, -0.11774, -8.28971],
							"size": [0.125, 0.05749, 0.28855],
							"uv": {
								"west": {"uv": [8, 18], "uv_size": [0.5, 0.5]}
							}
						},
						{
							"origin": [0.685, -0.30421, -7.9203],
							"size": [0.125, 0.04186, 0.10105],
							"uv": {
								"west": {"uv": [18, 8], "uv_size": [0.5, 0.5]}
							}
						},
						{
							"origin": [0.68501, -0.29636, -7.85869],
							"size": [0.12499, 0.21875, 0.10938],
							"pivot": [0.69844, -0.12449, -7.804],
							"rotation": [-22.5, 0, 0],
							"uv": {
								"west": {"uv": [9, 18], "uv_size": [0.5, 0.5]}
							}
						}
					]
				},
				{
					"name": "bone10",
					"parent": "text",
					"pivot": [0.7375, -0.12323, -7.88966],
					"cubes": [
						{
							"origin": [0.678, -0.00085, -8.82755],
							"size": [0.125, 0.09375, 0.46875],
							"uv": {
								"west": {"uv": [18, 9], "uv_size": [0.5, 0.5]}
							}
						},
						{
							"origin": [0.678, -0.45261, -8.62432],
							"size": [0.125, 0.5, 0.10938],
							"pivot": [0.69844, -0.15574, -8.56963],
							"rotation": [-22.5, 0, 0],
							"uv": {
								"west": {"uv": [10, 18], "uv_size": [0.5, 0.5]}
							}
						},
						{
							"origin": [0.678, -0.45094, -8.73376],
							"size": [0.125, 0.04185, 0.10105],
							"uv": {
								"west": {"uv": [18, 10], "uv_size": [0.5, 0.5]}
							}
						},
						{
							"origin": [0.67801, 0.0035, -8.37688],
							"size": [0.12499, 0.08662, 0.03587],
							"pivot": [0.69844, 0.04607, -8.36085],
							"rotation": [-22.5, 0, 0],
							"uv": {
								"west": {"uv": [11, 18], "uv_size": [0.5, 0.5]}
							}
						},
						{
							"origin": [0.67801, 0.00378, -7.36808],
							"size": [0.12499, 0.08662, 0.03588],
							"pivot": [0.69844, 0.04635, -7.35204],
							"rotation": [-22.5, 0, 0],
							"uv": {
								"west": {"uv": [18, 11], "uv_size": [0.5, 0.5]}
							}
						},
						{
							"origin": [0.67801, 0.00364, -7.50508],
							"size": [0.12499, 0.08661, 0.03588],
							"pivot": [0.69844, 0.04621, -7.48905],
							"rotation": [-22.5, 0, 0],
							"uv": {
								"west": {"uv": [12, 18], "uv_size": [0.5, 0.5]}
							}
						},
						{
							"origin": [0.67801, 0.00364, -7.79631],
							"size": [0.12499, 0.08661, 0.03587],
							"pivot": [0.69844, 0.04621, -7.78028],
							"rotation": [-22.5, 0, 0],
							"uv": {
								"west": {"uv": [18, 12], "uv_size": [0.5, 0.5]}
							}
						},
						{
							"origin": [0.67801, 0.00364, -7.92131],
							"size": [0.12499, 0.08661, 0.03587],
							"pivot": [0.69844, 0.04621, -7.90528],
							"rotation": [-22.5, 0, 0],
							"uv": {
								"west": {"uv": [13, 18], "uv_size": [0.5, 0.5]}
							}
						},
						{
							"origin": [0.67801, 0.00364, -8.24944],
							"size": [0.12499, 0.08661, 0.03588],
							"pivot": [0.69844, 0.04621, -8.23341],
							"rotation": [-22.5, 0, 0],
							"uv": {
								"west": {"uv": [18, 13], "uv_size": [0.5, 0.5]}
							}
						},
						{
							"origin": [0.67801, -0.33111, -7.53808],
							"size": [0.12499, 0.08662, 0.03587],
							"pivot": [0.69844, -0.28854, -7.52205],
							"rotation": [-22.5, 0, 0],
							"uv": {
								"west": {"uv": [14, 18], "uv_size": [0.5, 0.5]}
							}
						},
						{
							"origin": [0.67801, -0.33015, -7.43869],
							"size": [0.12499, 0.08662, 0.03587],
							"pivot": [0.69844, -0.28758, -7.42266],
							"rotation": [-22.5, 0, 0],
							"uv": {
								"west": {"uv": [18, 14], "uv_size": [0.5, 0.5]}
							}
						},
						{
							"origin": [0.67801, -0.33015, -6.66308],
							"size": [0.12499, 0.08662, 0.03587],
							"pivot": [0.69844, -0.28758, -6.64705],
							"rotation": [-22.5, 0, 0],
							"uv": {
								"west": {"uv": [15, 18], "uv_size": [0.5, 0.5]}
							}
						},
						{
							"origin": [0.67801, -0.33015, -6.56933],
							"size": [0.12499, 0.08662, 0.03587],
							"pivot": [0.69844, -0.28758, -6.5533],
							"rotation": [-22.5, 0, 0],
							"uv": {
								"west": {"uv": [18, 15], "uv_size": [0.5, 0.5]}
							}
						},
						{
							"origin": [0.67801, -0.33093, -6.53794],
							"size": [0.12499, 0.08661, 0.03587],
							"pivot": [0.7405, -0.28762, -6.52001],
							"rotation": [-22.5, 0, 0],
							"uv": {
								"west": {"uv": [16, 18], "uv_size": [0.5, 0.5]}
							}
						},
						{
							"origin": [0.67801, -0.3345, -6.5844],
							"size": [0.12499, 0.01373, 0.06439],
							"uv": {
								"west": {"uv": [18, 16], "uv_size": [0.5, 0.5]}
							}
						},
						{
							"origin": [0.67801, -0.33093, -6.41294],
							"size": [0.12499, 0.08661, 0.03587],
							"pivot": [0.7405, -0.28762, -6.39501],
							"rotation": [-22.5, 0, 0],
							"uv": {
								"west": {"uv": [17, 18], "uv_size": [0.5, 0.5]}
							}
						},
						{
							"origin": [0.67801, -0.3345, -6.4594],
							"size": [0.12499, 0.01373, 0.06439],
							"uv": {
								"west": {"uv": [18, 17], "uv_size": [0.5, 0.5]}
							}
						},
						{
							"origin": [0.67801, -0.33015, -6.44433],
							"size": [0.12499, 0.08662, 0.03587],
							"pivot": [0.69844, -0.28758, -6.4283],
							"rotation": [-22.5, 0, 0],
							"uv": {
								"west": {"uv": [18, 18], "uv_size": [0.5, 0.5]}
							}
						},
						{
							"origin": [0.67801, -0.33093, -6.28794],
							"size": [0.12499, 0.08661, 0.03587],
							"pivot": [0.7405, -0.28762, -6.27001],
							"rotation": [-22.5, 0, 0],
							"uv": {
								"west": {"uv": [0, 19], "uv_size": [0.5, 0.5]}
							}
						},
						{
							"origin": [0.67801, -0.3345, -6.3344],
							"size": [0.12499, 0.01373, 0.06439],
							"uv": {
								"west": {"uv": [19, 0], "uv_size": [0.5, 0.5]}
							}
						},
						{
							"origin": [0.67801, -0.33015, -6.31933],
							"size": [0.12499, 0.08662, 0.03587],
							"pivot": [0.69844, -0.28758, -6.3033],
							"rotation": [-22.5, 0, 0],
							"uv": {
								"west": {"uv": [1, 19], "uv_size": [0.5, 0.5]}
							}
						},
						{
							"origin": [0.67801, 0.0035, -8.84563],
							"size": [0.12499, 0.08662, 0.03587],
							"pivot": [0.69844, 0.04607, -8.8296],
							"rotation": [-22.5, 0, 0],
							"uv": {
								"west": {"uv": [19, 1], "uv_size": [0.5, 0.5]}
							}
						},
						{
							"origin": [0.678, -0.00024, -8.23136],
							"size": [0.125, 0.09328, 0.32812],
							"uv": {
								"west": {"uv": [2, 19], "uv_size": [0.5, 0.5]}
							}
						},
						{
							"origin": [0.678, -0.33546, -7.83487],
							"size": [0.125, 0.09522, 0.31487],
							"uv": {
								"west": {"uv": [19, 2], "uv_size": [0.5, 0.5]}
							}
						},
						{
							"origin": [0.678, -0.3345, -7.42061],
							"size": [0.125, 0.09426, 0.77561],
							"uv": {
								"west": {"uv": [1, 14], "uv_size": [1, 0.5]}
							}
						},
						{
							"origin": [0.678, -0.3345, -7.42061],
							"size": [0.125, 0.09426, 0.44758],
							"pivot": [0.8, -0.24024, -7.42061],
							"rotation": [42.642, 0, 0],
							"uv": {
								"west": {"uv": [3, 19], "uv_size": [0.5, 0.5]}
							}
						},
						{
							"origin": [0.67801, -0.0084, -7.04081],
							"size": [0.12499, 0.09356, 0.03405],
							"pivot": [0.69844, 0.05147, -7.01142],
							"rotation": [-20, 0, 0],
							"uv": {
								"west": {"uv": [19, 3], "uv_size": [0.5, 0.5]}
							}
						},
						{
							"origin": [0.678, -0.00122, -7.77824],
							"size": [0.125, 0.09426, 0.29124],
							"uv": {
								"west": {"uv": [4, 19], "uv_size": [0.5, 0.5]}
							}
						},
						{
							"origin": [0.678, -0.00108, -7.35],
							"size": [0.125, 0.09426, 0.32248],
							"uv": {
								"west": {"uv": [19, 4], "uv_size": [0.5, 0.5]}
							}
						},
						{
							"origin": [0.678, -0.13336, -7.85221],
							"size": [0.125, 0.04186, 0.10105],
							"uv": {
								"west": {"uv": [5, 19], "uv_size": [0.5, 0.5]}
							}
						},
						{
							"origin": [0.678, -0.33546, -8.15468],
							"size": [0.125, 0.04186, 0.10106],
							"uv": {
								"west": {"uv": [19, 5], "uv_size": [0.5, 0.5]}
							}
						},
						{
							"origin": [0.678, -0.13336, -8.07096],
							"size": [0.125, 0.04186, 0.10105],
							"uv": {
								"west": {"uv": [6, 19], "uv_size": [0.5, 0.5]}
							}
						},
						{
							"origin": [0.678, -0.32761, -8.09307],
							"size": [0.125, 0.21875, 0.10938],
							"pivot": [0.69844, -0.15574, -8.03838],
							"rotation": [-22.5, 0, 0],
							"uv": {
								"west": {"uv": [19, 6], "uv_size": [0.5, 0.5]}
							}
						},
						{
							"origin": [0.678, -0.32761, -8.32744],
							"size": [0.125, 0.21875, 0.10938],
							"pivot": [0.69844, -0.15574, -8.27275],
							"rotation": [-22.5, 0, 0],
							"uv": {
								"west": {"uv": [7, 19], "uv_size": [0.5, 0.5]}
							}
						},
						{
							"origin": [0.678, -0.33546, -8.38905],
							"size": [0.125, 0.04186, 0.10105],
							"uv": {
								"west": {"uv": [19, 7], "uv_size": [0.5, 0.5]}
							}
						},
						{
							"origin": [0.678, -0.14899, -8.30534],
							"size": [0.125, 0.05749, 0.28855],
							"uv": {
								"west": {"uv": [8, 19], "uv_size": [0.5, 0.5]}
							}
						},
						{
							"origin": [0.678, -0.33546, -7.93593],
							"size": [0.125, 0.04186, 0.10106],
							"uv": {
								"west": {"uv": [19, 8], "uv_size": [0.5, 0.5]}
							}
						},
						{
							"origin": [0.678, -0.32761, -7.87432],
							"size": [0.125, 0.21875, 0.10938],
							"pivot": [0.69844, -0.15574, -7.81963],
							"rotation": [-22.5, 0, 0],
							"uv": {
								"west": {"uv": [9, 19], "uv_size": [0.5, 0.5]}
							}
						}
					]
				}
			]
		}
	]
}