{
	"format_version": "1.12.0",
	"minecraft:geometry": [
		{
			"description": {
				"identifier": "geometry.scope_acog_ta31 - Converted",
				"texture_width": 256,
				"texture_height": 128,
				"visible_bounds_width": 35,
				"visible_bounds_height": 9,
				"visible_bounds_offset": [0, 0.5, 0]
			},
			"bones": [
				{
					"name": "bb_main",
					"pivot": [0, 0, 0]
				},
				{
					"name": "scope_body",
					"pivot": [0, 8, 0],
					"cubes": [
						{
							"origin": [-0.64063, -0.2375, -2.7125],
							"size": [1.28125, 0.3125, 1.25],
							"uv": {
								"east": {"uv": [0, 70.5], "uv_size": [128, 32]},
								"west": {"uv": [0, 70.5], "uv_size": [128, 32]}
							}
						}
					]
				},
				{
					"name": "scope",
					"parent": "scope_body",
					"pivot": [0, 8, 0]
				},
				{
					"name": "octagon9",
					"parent": "scope",
					"pivot": [6, 8, 0]
				},
				{
					"name": "octagon10",
					"parent": "scope",
					"pivot": [0, 8, 0],
					"cubes": [
						{
							"origin": [-0.28477, 1.1375, -0.775],
							"size": [0.56954, 0.0625, 0.4375],
							"pivot": [0, 1.825, -1.2125],
							"rotation": [0, 0, 45],
							"uv": {
								"up": {"uv": [36, 42], "uv_size": [0.5, 0.5]},
								"down": {"uv": [42, 36.5], "uv_size": [0.5, -0.5]}
							}
						},
						{
							"origin": [-0.28477, 1.1375, -0.775],
							"size": [0.56954, 0.0625, 0.4375],
							"uv": {
								"up": {"uv": [38, 42], "uv_size": [0.5, 0.5]},
								"down": {"uv": [42, 38.5], "uv_size": [0.5, -0.5]}
							}
						},
						{
							"origin": [-0.28477, 2.45, -0.775],
							"size": [0.56954, 0.0625, 0.4375],
							"pivot": [0, 1.825, -1.2125],
							"rotation": [0, 0, 45],
							"uv": {
								"up": {"uv": [40, 42], "uv_size": [0.5, 0.5]},
								"down": {"uv": [42, 40.5], "uv_size": [0.5, -0.5]}
							}
						},
						{
							"origin": [-0.28477, 2.45, -0.775],
							"size": [0.56954, 0.0625, 0.4375],
							"uv": {
								"up": {"uv": [42, 42], "uv_size": [0.5, 0.5]},
								"down": {"uv": [0, 43.5], "uv_size": [0.5, -0.5]}
							}
						},
						{
							"origin": [0.625, 1.54023, -0.775],
							"size": [0.0625, 0.56954, 0.4375],
							"pivot": [0, 1.825, -1.2125],
							"rotation": [0, 0, 45],
							"uv": {
								"east": {"uv": [43, 0], "uv_size": [0.5, 0.5]},
								"west": {"uv": [2, 43], "uv_size": [0.5, 0.5]}
							}
						},
						{
							"origin": [0.625, 1.54023, -0.775],
							"size": [0.0625, 0.56954, 0.4375],
							"uv": {
								"east": {"uv": [4, 43], "uv_size": [0.5, 0.5]},
								"west": {"uv": [6, 43], "uv_size": [0.5, 0.5]}
							}
						},
						{
							"origin": [-0.6875, 1.54023, -0.775],
							"size": [0.0625, 0.56954, 0.4375],
							"pivot": [0, 1.825, -1.2125],
							"rotation": [0, 0, 45],
							"uv": {
								"east": {"uv": [8, 43], "uv_size": [0.5, 0.5]},
								"west": {"uv": [43, 8], "uv_size": [0.5, 0.5]}
							}
						},
						{
							"origin": [-0.6875, 1.54023, -0.775],
							"size": [0.0625, 0.56954, 0.4375],
							"uv": {
								"east": {"uv": [10, 43], "uv_size": [0.5, 0.5]},
								"west": {"uv": [43, 10], "uv_size": [0.5, 0.5]}
							}
						}
					]
				},
				{
					"name": "octagon11",
					"parent": "scope",
					"pivot": [0, 11, 0]
				},
				{
					"name": "octagon12",
					"parent": "scope",
					"pivot": [0, 8, 0],
					"cubes": [
						{
							"origin": [-0.38833, 2.6375, -3.8375],
							"size": [0.77666, 0.125, 0.5],
							"uv": {
								"up": {"uv": [22, 31], "uv_size": [1, 0.5]},
								"down": {"uv": [31, 23.5], "uv_size": [1, -0.5]}
							}
						},
						{
							"origin": [-0.9375, 1.84752, -3.53388],
							"size": [0.125, 0.21415, 0.19638],
							"uv": {
								"north": {"uv": [12, 43], "uv_size": [0.5, 0.5]},
								"east": {"uv": [14, 43], "uv_size": [0.5, 0.5]},
								"west": {"uv": [16, 43], "uv_size": [0.5, 0.5]}
							}
						},
						{
							"origin": [-0.9375, 1.51044, -3.57624],
							"size": [0.125, 0.69638, 0.15165],
							"pivot": [-0.875, 1.89432, -3.56291],
							"rotation": [45, 0, 0],
							"uv": {
								"east": {"uv": [18, 43], "uv_size": [0.5, 0.5]},
								"south": {"uv": [20, 43], "uv_size": [0.5, 0.5]},
								"west": {"uv": [22, 43], "uv_size": [0.5, 0.5]}
							}
						},
						{
							"origin": [-0.9375, 2.06167, -3.8375],
							"size": [0.125, 0.15166, 0.5],
							"uv": {
								"east": {"uv": [43, 22], "uv_size": [0.5, 0.5]},
								"west": {"uv": [43, 24], "uv_size": [0.5, 0.5]},
								"down": {"uv": [43, 26.5], "uv_size": [0.5, -0.5]}
							}
						},
						{
							"origin": [-0.41421, 2.6375, -3.9625],
							"size": [0.82842, 0.1875, 0.1875],
							"pivot": [0, 1.825, -3.4],
							"rotation": [0, 0, -45],
							"uv": {
								"north": {"uv": [31, 25], "uv_size": [1, 0.5]},
								"south": {"uv": [31, 27], "uv_size": [1, 0.5]},
								"up": {"uv": [28, 31], "uv_size": [1, 0.5]},
								"down": {"uv": [31, 29.5], "uv_size": [1, -0.5]}
							}
						},
						{
							"origin": [-0.38833, 2.6375, -3.8375],
							"size": [0.77666, 0.125, 0.5],
							"pivot": [0, 1.825, -2.5875],
							"rotation": [0, 0, -45],
							"uv": {
								"up": {"uv": [30, 31], "uv_size": [1, 0.5]},
								"down": {"uv": [32, 2.5], "uv_size": [1, -0.5]}
							}
						},
						{
							"origin": [-1, 1.74083, -4.00041],
							"size": [0.1875, 0.1875, 0.88388],
							"pivot": [0, 1.84254, -3.62541],
							"rotation": [-45, 0, 0],
							"uv": {
								"east": {"uv": [32, 4], "uv_size": [1, 0.5]},
								"west": {"uv": [32, 6], "uv_size": [1, 0.5]},
								"up": {"uv": [32, 12], "uv_size": [0.5, 1]},
								"down": {"uv": [32, 15], "uv_size": [0.5, -1]}
							}
						},
						{
							"origin": [-1, 1.41079, -3.3375],
							"size": [0.1875, 0.82842, 0.75],
							"uv": {
								"north": {"uv": [32, 16], "uv_size": [0.5, 1]},
								"east": {"uv": [17, 10], "uv_size": [1, 1]},
								"south": {"uv": [32, 18], "uv_size": [0.5, 1]},
								"west": {"uv": [17, 12], "uv_size": [1, 1]}
							}
						},
						{
							"origin": [-1, 1.41079, -3.3375],
							"size": [0.1875, 0.82842, 0.75],
							"pivot": [0, 1.825, -2.775],
							"rotation": [0, 0, -45],
							"uv": {
								"north": {"uv": [32, 20], "uv_size": [0.5, 1]},
								"east": {"uv": [17, 14], "uv_size": [1, 1]},
								"south": {"uv": [24, 32], "uv_size": [0.5, 1]},
								"west": {"uv": [0, 18], "uv_size": [1, 1]}
							}
						},
						{
							"origin": [-0.41421, 2.6375, -3.3375],
							"size": [0.82842, 0.1875, 0.75],
							"pivot": [0, 1.825, -2.775],
							"rotation": [0, 0, -45],
							"uv": {
								"north": {"uv": [26, 32], "uv_size": [1, 0.5]},
								"south": {"uv": [32, 31], "uv_size": [1, 0.5]},
								"up": {"uv": [18, 0], "uv_size": [1, 1]},
								"down": {"uv": [2, 19], "uv_size": [1, -1]}
							}
						},
						{
							"origin": [0.8125, 1.84752, -3.53388],
							"size": [0.125, 0.21415, 0.19638],
							"uv": {
								"north": {"uv": [28, 43], "uv_size": [0.5, 0.5]},
								"east": {"uv": [43, 28], "uv_size": [0.5, 0.5]},
								"west": {"uv": [30, 43], "uv_size": [0.5, 0.5]}
							}
						},
						{
							"origin": [0.8125, 1.51044, -3.57624],
							"size": [0.125, 0.69638, 0.15165],
							"pivot": [0.875, 1.89432, -3.56291],
							"rotation": [45, 0, 0],
							"uv": {
								"east": {"uv": [32, 43], "uv_size": [0.5, 0.5]},
								"south": {"uv": [44, 2], "uv_size": [0.5, 0.5]},
								"west": {"uv": [44, 4], "uv_size": [0.5, 0.5]}
							}
						},
						{
							"origin": [0.8125, 2.06167, -3.8375],
							"size": [0.125, 0.15166, 0.5],
							"uv": {
								"east": {"uv": [44, 6], "uv_size": [0.5, 0.5]},
								"west": {"uv": [44, 12], "uv_size": [0.5, 0.5]},
								"down": {"uv": [44, 14.5], "uv_size": [0.5, -0.5]}
							}
						},
						{
							"origin": [-0.41421, 2.6375, -3.9625],
							"size": [0.82842, 0.1875, 0.1875],
							"pivot": [0, 1.825, -3.4],
							"rotation": [0, 0, 45],
							"uv": {
								"north": {"uv": [0, 33], "uv_size": [1, 0.5]},
								"south": {"uv": [33, 0], "uv_size": [1, 0.5]},
								"up": {"uv": [2, 33], "uv_size": [1, 0.5]},
								"down": {"uv": [4, 33.5], "uv_size": [1, -0.5]}
							}
						},
						{
							"origin": [0.8125, 2.03579, -3.9625],
							"size": [0.1875, 0.20342, 0.1875],
							"uv": {
								"north": {"uv": [44, 16], "uv_size": [0.5, 0.5]},
								"east": {"uv": [44, 18], "uv_size": [0.5, 0.5]},
								"south": {"uv": [44, 20], "uv_size": [0.5, 0.5]},
								"west": {"uv": [24, 44], "uv_size": [0.5, 0.5]}
							}
						},
						{
							"origin": [-1, 2.03579, -3.9625],
							"size": [0.1875, 0.20342, 0.1875],
							"uv": {
								"north": {"uv": [26, 44], "uv_size": [0.5, 0.5]},
								"east": {"uv": [44, 30], "uv_size": [0.5, 0.5]},
								"south": {"uv": [44, 32], "uv_size": [0.5, 0.5]},
								"west": {"uv": [34, 44], "uv_size": [0.5, 0.5]}
							}
						},
						{
							"origin": [-0.38833, 2.6375, -3.8375],
							"size": [0.77666, 0.125, 0.5],
							"pivot": [0, 1.825, -2.5875],
							"rotation": [0, 0, 45],
							"uv": {
								"up": {"uv": [6, 33], "uv_size": [1, 0.5]},
								"down": {"uv": [8, 33.5], "uv_size": [1, -0.5]}
							}
						},
						{
							"origin": [0.8125, 1.74083, -4.00041],
							"size": [0.1875, 0.1875, 0.88388],
							"pivot": [0, 1.84254, -3.62541],
							"rotation": [-45, 0, 0],
							"uv": {
								"east": {"uv": [33, 8], "uv_size": [1, 0.5]},
								"west": {"uv": [10, 33], "uv_size": [1, 0.5]},
								"up": {"uv": [33, 10], "uv_size": [0.5, 1]},
								"down": {"uv": [12, 34], "uv_size": [0.5, -1]}
							}
						},
						{
							"origin": [0.8125, 1.61421, -3.54093],
							"size": [0.1875, 0.1875, 0.20343],
							"uv": {
								"east": {"uv": [44, 34], "uv_size": [0.5, 0.5]},
								"west": {"uv": [36, 44], "uv_size": [0.5, 0.5]},
								"up": {"uv": [44, 36], "uv_size": [0.5, 0.5]}
							}
						},
						{
							"origin": [-1, 1.61421, -3.54093],
							"size": [0.1875, 0.1875, 0.20343],
							"uv": {
								"east": {"uv": [38, 44], "uv_size": [0.5, 0.5]},
								"west": {"uv": [44, 38], "uv_size": [0.5, 0.5]},
								"up": {"uv": [40, 44], "uv_size": [0.5, 0.5]}
							}
						},
						{
							"origin": [0.8125, 1.41079, -3.3375],
							"size": [0.1875, 0.82842, 0.75],
							"uv": {
								"north": {"uv": [14, 33], "uv_size": [0.5, 1]},
								"east": {"uv": [18, 2], "uv_size": [1, 1]},
								"south": {"uv": [16, 33], "uv_size": [0.5, 1]},
								"west": {"uv": [4, 18], "uv_size": [1, 1]}
							}
						},
						{
							"origin": [0.8125, 1.41079, -3.3375],
							"size": [0.1875, 0.82842, 0.75],
							"pivot": [0, 1.825, -2.775],
							"rotation": [0, 0, 45],
							"uv": {
								"north": {"uv": [18, 33], "uv_size": [0.5, 1]},
								"east": {"uv": [6, 18], "uv_size": [1, 1]},
								"south": {"uv": [20, 33], "uv_size": [0.5, 1]},
								"west": {"uv": [12, 18], "uv_size": [1, 1]}
							}
						},
						{
							"origin": [-0.41421, 2.6375, -3.3375],
							"size": [0.82842, 0.1875, 0.75],
							"pivot": [0, 1.825, -2.775],
							"rotation": [0, 0, 45],
							"uv": {
								"north": {"uv": [22, 33], "uv_size": [1, 0.5]},
								"south": {"uv": [33, 22], "uv_size": [1, 0.5]},
								"up": {"uv": [14, 18], "uv_size": [1, 1]},
								"down": {"uv": [16, 19], "uv_size": [1, -1]}
							}
						},
						{
							"origin": [-0.41421, 2.6375, -3.9625],
							"size": [0.82842, 0.1875, 0.1875],
							"uv": {
								"north": {"uv": [33, 24], "uv_size": [1, 0.5]},
								"south": {"uv": [33, 26], "uv_size": [1, 0.5]},
								"up": {"uv": [28, 33], "uv_size": [1, 0.5]},
								"down": {"uv": [33, 28.5], "uv_size": [1, -0.5]}
							}
						},
						{
							"origin": [-0.41421, 2.6375, -3.3375],
							"size": [0.82842, 0.1875, 0.75],
							"uv": {
								"north": {"uv": [30, 33], "uv_size": [1, 0.5]},
								"south": {"uv": [32, 33], "uv_size": [1, 0.5]},
								"up": {"uv": [18, 18], "uv_size": [1, 1]},
								"down": {"uv": [19, 5], "uv_size": [1, -1]}
							}
						},
						{
							"origin": [-0.41421, 0.825, -3.3375],
							"size": [0.82842, 0.1875, 0.75],
							"uv": {
								"north": {"uv": [34, 2], "uv_size": [1, 0.5]},
								"south": {"uv": [34, 4], "uv_size": [1, 0.5]},
								"up": {"uv": [19, 6], "uv_size": [1, 1]},
								"down": {"uv": [10, 20], "uv_size": [1, -1]}
							}
						}
					]
				},
				{
					"name": "bone",
					"parent": "scope",
					"pivot": [0, 0, -0.25],
					"rotation": [-90, 0, 0]
				},
				{
					"name": "bone2",
					"parent": "bone",
					"pivot": [0, 0, -0.25],
					"cubes": [
						{
							"origin": [-0.23358, -2.63211, -2.66015],
							"size": [0.4142, 2, 0.1017],
							"pivot": [0, -0.02826, -1.25237],
							"rotation": [-9.6177, 0.664, 3.9121],
							"uv": {
								"north": {"uv": [4, 20], "uv_size": [0.5, 2]},
								"south": {"uv": [6, 20], "uv_size": [0.5, 2]},
								"west": {"uv": [12, 20], "uv_size": [0.5, 2]},
								"up": {"uv": [48, 4], "uv_size": [0.5, 0.5]},
								"down": {"uv": [48, 6.5], "uv_size": [0.5, -0.5]}
							}
						},
						{
							"origin": [-0.18062, -2.63211, -2.66015],
							"size": [0.4142, 2, 0.1017],
							"pivot": [0, -0.02826, -1.25237],
							"rotation": [-9.6177, -0.664, -3.9121],
							"uv": {
								"north": {"uv": [0, 20], "uv_size": [0.5, 2]},
								"east": {"uv": [20, 0], "uv_size": [0.5, 2]},
								"south": {"uv": [2, 20], "uv_size": [0.5, 2]},
								"up": {"uv": [32, 47], "uv_size": [0.5, 0.5]},
								"down": {"uv": [48, 2.5], "uv_size": [0.5, -0.5]}
							}
						}
					]
				},
				{
					"name": "bone6",
					"parent": "bone",
					"pivot": [0, 0, -0.25],
					"rotation": [0, -45, 0],
					"cubes": [
						{
							"origin": [-1.52715, -2.63211, -2.13317],
							"size": [0.4142, 2, 0.1017],
							"pivot": [0, -0.02826, -1.25237],
							"rotation": [-9.6177, 0.664, 3.9121],
							"uv": {
								"north": {"uv": [18, 20], "uv_size": [0.5, 2]},
								"east": {"uv": [20, 20], "uv_size": [0.5, 2]},
								"south": {"uv": [21, 3], "uv_size": [0.5, 2]},
								"west": {"uv": [21, 6], "uv_size": [0.5, 2]},
								"up": {"uv": [48, 16], "uv_size": [0.5, 0.5]},
								"down": {"uv": [48, 18.5], "uv_size": [0.5, -0.5]}
							}
						},
						{
							"origin": [-1.4618, -2.45351, -2.13317],
							"size": [0.4142, 2, 0.1017],
							"inflate": -0.001,
							"pivot": [0, -0.02826, -1.25237],
							"rotation": [-9.6177, -0.664, -3.9121],
							"uv": {
								"north": {"uv": [14, 20], "uv_size": [0.5, 2]},
								"east": {"uv": [20, 14], "uv_size": [0.5, 2]},
								"south": {"uv": [16, 20], "uv_size": [0.5, 2]},
								"west": {"uv": [20, 17], "uv_size": [0.5, 2]},
								"up": {"uv": [48, 12], "uv_size": [0.5, 0.5]},
								"down": {"uv": [48, 14.5], "uv_size": [0.5, -0.5]}
							}
						}
					]
				},
				{
					"name": "bone10",
					"parent": "bone",
					"pivot": [0, 0, -0.25],
					"rotation": [0, -90, 0],
					"cubes": [
						{
							"origin": [-2.07535, -2.45352, -0.86091],
							"size": [0.4142, 2, 0.1017],
							"pivot": [0, -0.02826, -1.25237],
							"rotation": [-9.6177, 0.664, 3.9121],
							"uv": {
								"north": {"uv": [22, 12], "uv_size": [0.5, 2]},
								"east": {"uv": [22, 15], "uv_size": [0.5, 2]},
								"south": {"uv": [22, 18], "uv_size": [0.5, 2]},
								"west": {"uv": [22, 21], "uv_size": [0.5, 2]},
								"up": {"uv": [26, 48], "uv_size": [0.5, 0.5]},
								"down": {"uv": [48, 30.5], "uv_size": [0.5, -0.5]}
							}
						},
						{
							"origin": [-1.9801, -2.20093, -0.86092],
							"size": [0.4142, 2, 0.1017],
							"inflate": 0.001,
							"pivot": [0, -0.02826, -1.25237],
							"rotation": [-9.6177, -0.664, -3.9121],
							"uv": {
								"north": {"uv": [8, 21], "uv_size": [0.5, 2]},
								"east": {"uv": [10, 21], "uv_size": [0.5, 2]},
								"south": {"uv": [22, 0], "uv_size": [0.5, 2]},
								"west": {"uv": [22, 9], "uv_size": [0.5, 2]},
								"up": {"uv": [48, 20], "uv_size": [0.5, 0.5]},
								"down": {"uv": [24, 48.5], "uv_size": [0.5, -0.5]}
							}
						}
					]
				},
				{
					"name": "bone14",
					"parent": "bone",
					"pivot": [0, 0, -0.25],
					"rotation": [0, -135, 0],
					"cubes": [
						{
							"origin": [-1.55706, -2.20094, 0.41133],
							"size": [0.4142, 2, 0.1017],
							"pivot": [0, -0.02826, -1.25237],
							"rotation": [-9.6177, 0.664, 3.9121],
							"uv": {
								"north": {"uv": [6, 23], "uv_size": [0.5, 2]},
								"east": {"uv": [23, 6], "uv_size": [0.5, 2]},
								"south": {"uv": [12, 23], "uv_size": [0.5, 2]},
								"west": {"uv": [14, 23], "uv_size": [0.5, 2]},
								"up": {"uv": [48, 34], "uv_size": [0.5, 0.5]},
								"down": {"uv": [36, 48.5], "uv_size": [0.5, -0.5]}
							}
						},
						{
							"origin": [-1.4319, -2.02234, 0.41133],
							"size": [0.4142, 2, 0.1017],
							"pivot": [0, -0.02826, -1.25237],
							"rotation": [-9.6177, -0.664, -3.9121],
							"uv": {
								"north": {"uv": [0, 23], "uv_size": [0.5, 2]},
								"east": {"uv": [2, 23], "uv_size": [0.5, 2]},
								"south": {"uv": [23, 3], "uv_size": [0.5, 2]},
								"west": {"uv": [4, 23], "uv_size": [0.5, 2]},
								"up": {"uv": [48, 32], "uv_size": [0.5, 0.5]},
								"down": {"uv": [34, 48.5], "uv_size": [0.5, -0.5]}
							}
						}
					]
				},
				{
					"name": "bone18",
					"parent": "bone",
					"pivot": [0, 0, -0.25],
					"rotation": [0, -180, 0],
					"cubes": [
						{
							"origin": [-0.27588, -2.02234, 0.93831],
							"size": [0.4142, 2, 0.1017],
							"pivot": [0, -0.02826, -1.25237],
							"rotation": [-9.6177, 0.664, 3.9121],
							"uv": {
								"north": {"uv": [24, 0], "uv_size": [0.5, 2]},
								"east": {"uv": [8, 24], "uv_size": [0.5, 2]},
								"south": {"uv": [24, 9], "uv_size": [0.5, 2]},
								"up": {"uv": [48, 38], "uv_size": [0.5, 0.5]},
								"down": {"uv": [40, 48.5], "uv_size": [0.5, -0.5]}
							}
						},
						{
							"origin": [-0.13832, -2.02234, 0.93831],
							"size": [0.4142, 2, 0.1017],
							"pivot": [0, -0.02826, -1.25237],
							"rotation": [-9.6177, -0.664, -3.9121],
							"uv": {
								"north": {"uv": [16, 23], "uv_size": [0.5, 2]},
								"south": {"uv": [18, 23], "uv_size": [0.5, 2]},
								"west": {"uv": [20, 23], "uv_size": [0.5, 2]},
								"up": {"uv": [48, 36], "uv_size": [0.5, 0.5]},
								"down": {"uv": [38, 48.5], "uv_size": [0.5, -0.5]}
							}
						}
					]
				},
				{
					"name": "bone22",
					"parent": "bone",
					"pivot": [0, 0, -0.25],
					"rotation": [0, -225, 0],
					"cubes": [
						{
							"origin": [1.0177, -2.02234, 0.41133],
							"size": [0.4142, 2, 0.1017],
							"pivot": [0, -0.02826, -1.25237],
							"rotation": [-9.6177, 0.664, 3.9121],
							"uv": {
								"north": {"uv": [24, 21], "uv_size": [0.5, 2]},
								"east": {"uv": [22, 24], "uv_size": [0.5, 2]},
								"south": {"uv": [24, 24], "uv_size": [0.5, 2]},
								"west": {"uv": [25, 3], "uv_size": [0.5, 2]},
								"up": {"uv": [48, 42], "uv_size": [0.5, 0.5]},
								"down": {"uv": [44, 48.5], "uv_size": [0.5, -0.5]}
							}
						},
						{
							"origin": [1.14286, -2.20094, 0.41133],
							"size": [0.4142, 2, 0.1017],
							"pivot": [0, -0.02826, -1.25237],
							"rotation": [-9.6177, -0.664, -3.9121],
							"uv": {
								"north": {"uv": [10, 24], "uv_size": [0.5, 2]},
								"east": {"uv": [24, 12], "uv_size": [0.5, 2]},
								"south": {"uv": [24, 15], "uv_size": [0.5, 2]},
								"west": {"uv": [24, 18], "uv_size": [0.5, 2]},
								"up": {"uv": [48, 40], "uv_size": [0.5, 0.5]},
								"down": {"uv": [42, 48.5], "uv_size": [0.5, -0.5]}
							}
						}
					]
				},
				{
					"name": "bone26",
					"parent": "bone",
					"pivot": [0, 0, -0.25],
					"rotation": [0, -270, 0],
					"cubes": [
						{
							"origin": [1.5659, -2.20093, -0.86092],
							"size": [0.4142, 2, 0.1017],
							"inflate": 0.001,
							"pivot": [0, -0.02826, -1.25237],
							"rotation": [-9.6177, 0.664, 3.9121],
							"uv": {
								"north": {"uv": [4, 26], "uv_size": [0.5, 2]},
								"east": {"uv": [6, 26], "uv_size": [0.5, 2]},
								"south": {"uv": [26, 9], "uv_size": [0.5, 2]},
								"west": {"uv": [12, 26], "uv_size": [0.5, 2]},
								"up": {"uv": [48, 46], "uv_size": [0.5, 0.5]},
								"down": {"uv": [48, 48.5], "uv_size": [0.5, -0.5]}
							}
						},
						{
							"origin": [1.66115, -2.45352, -0.86091],
							"size": [0.4142, 2, 0.1017],
							"pivot": [0, -0.02826, -1.25237],
							"rotation": [-9.6177, -0.664, -3.9121],
							"uv": {
								"north": {"uv": [25, 6], "uv_size": [0.5, 2]},
								"east": {"uv": [0, 26], "uv_size": [0.5, 2]},
								"south": {"uv": [26, 0], "uv_size": [0.5, 2]},
								"west": {"uv": [2, 26], "uv_size": [0.5, 2]},
								"up": {"uv": [48, 44], "uv_size": [0.5, 0.5]},
								"down": {"uv": [46, 48.5], "uv_size": [0.5, -0.5]}
							}
						}
					]
				},
				{
					"name": "bone30",
					"parent": "bone",
					"pivot": [0, 0, -0.25],
					"rotation": [0, -315, 0],
					"cubes": [
						{
							"origin": [1.0476, -2.45351, -2.13317],
							"size": [0.4142, 2, 0.1017],
							"inflate": -0.001,
							"pivot": [0, -0.02826, -1.25237],
							"rotation": [-9.6177, 0.664, 3.9121],
							"uv": {
								"north": {"uv": [18, 26], "uv_size": [0.5, 2]},
								"east": {"uv": [26, 18], "uv_size": [0.5, 2]},
								"south": {"uv": [20, 26], "uv_size": [0.5, 2]},
								"west": {"uv": [26, 21], "uv_size": [0.5, 2]},
								"up": {"uv": [2, 49], "uv_size": [0.5, 0.5]},
								"down": {"uv": [4, 49.5], "uv_size": [0.5, -0.5]}
							}
						},
						{
							"origin": [1.11295, -2.63211, -2.13317],
							"size": [0.4142, 2, 0.1017],
							"pivot": [0, -0.02826, -1.25237],
							"rotation": [-9.6177, -0.664, -3.9121],
							"uv": {
								"north": {"uv": [26, 12], "uv_size": [0.5, 2]},
								"east": {"uv": [14, 26], "uv_size": [0.5, 2]},
								"south": {"uv": [26, 15], "uv_size": [0.5, 2]},
								"west": {"uv": [16, 26], "uv_size": [0.5, 2]},
								"up": {"uv": [0, 49], "uv_size": [0.5, 0.5]},
								"down": {"uv": [49, 0.5], "uv_size": [0.5, -0.5]}
							}
						}
					]
				},
				{
					"name": "hexadecagon",
					"parent": "scope",
					"pivot": [0, 1.125, 3]
				},
				{
					"name": "screw",
					"parent": "scope_body",
					"pivot": [1, 7.25, 0.5625],
					"cubes": [
						{
							"origin": [0.9375, -1.11778, -3.45308],
							"size": [0.1875, 0.31065, 0.75],
							"pivot": [0.96875, -0.03437, -2.15],
							"rotation": [-45, 0, 0],
							"uv": {
								"north": {"uv": [44, 40], "uv_size": [0.5, 0.5]},
								"east": {"uv": [34, 6], "uv_size": [1, 0.5]},
								"south": {"uv": [42, 44], "uv_size": [0.5, 0.5]},
								"west": {"uv": [34, 12], "uv_size": [1, 0.5]},
								"up": {"uv": [34, 14], "uv_size": [0.5, 1]},
								"down": {"uv": [34, 17], "uv_size": [0.5, -1]}
							}
						},
						{
							"origin": [0.9375, -0.1897, -3.8375],
							"size": [0.1875, 0.31065, 0.75],
							"uv": {
								"north": {"uv": [44, 42], "uv_size": [0.5, 0.5]},
								"east": {"uv": [34, 18], "uv_size": [1, 0.5]},
								"south": {"uv": [44, 44], "uv_size": [0.5, 0.5]},
								"west": {"uv": [34, 20], "uv_size": [1, 0.5]},
								"up": {"uv": [24, 34], "uv_size": [0.5, 1]},
								"down": {"uv": [26, 35], "uv_size": [0.5, -1]}
							}
						},
						{
							"origin": [0.9375, -1.33745, -3.23341],
							"size": [0.1875, 0.75, 0.31066],
							"pivot": [0.96875, -0.03437, -2.15],
							"rotation": [-45, 0, 0],
							"uv": {
								"east": {"uv": [34, 30], "uv_size": [0.5, 1]},
								"south": {"uv": [34, 32], "uv_size": [0.5, 1]},
								"west": {"uv": [34, 34], "uv_size": [0.5, 1]},
								"up": {"uv": [0, 45], "uv_size": [0.5, 0.5]},
								"down": {"uv": [45, 0.5], "uv_size": [0.5, -0.5]}
							}
						},
						{
							"origin": [0.9375, -0.40937, -3.61783],
							"size": [0.1875, 0.75, 0.31066],
							"uv": {
								"north": {"uv": [0, 35], "uv_size": [0.5, 1]},
								"east": {"uv": [35, 0], "uv_size": [0.5, 1]},
								"west": {"uv": [2, 35], "uv_size": [0.5, 1]},
								"up": {"uv": [2, 45], "uv_size": [0.5, 0.5]},
								"down": {"uv": [4, 45.5], "uv_size": [0.5, -0.5]}
							}
						},
						{
							"origin": [0.9375, 0.73838, -1.47192],
							"size": [0.1875, 0.31065, 0.75],
							"pivot": [0.96875, -0.03437, -2.025],
							"rotation": [-45, 0, 0],
							"uv": {
								"north": {"uv": [6, 45], "uv_size": [0.5, 0.5]},
								"east": {"uv": [4, 35], "uv_size": [1, 0.5]},
								"south": {"uv": [8, 45], "uv_size": [0.5, 0.5]},
								"west": {"uv": [6, 35], "uv_size": [1, 0.5]},
								"up": {"uv": [8, 35], "uv_size": [0.5, 1]},
								"down": {"uv": [35, 9], "uv_size": [0.5, -1]}
							}
						},
						{
							"origin": [0.9375, -0.1897, -1.0875],
							"size": [0.1875, 0.31065, 0.75],
							"uv": {
								"north": {"uv": [45, 8], "uv_size": [0.5, 0.5]},
								"east": {"uv": [10, 35], "uv_size": [1, 0.5]},
								"south": {"uv": [10, 45], "uv_size": [0.5, 0.5]},
								"west": {"uv": [35, 10], "uv_size": [1, 0.5]},
								"up": {"uv": [12, 35], "uv_size": [0.5, 1]},
								"down": {"uv": [14, 36], "uv_size": [0.5, -1]}
							}
						},
						{
							"origin": [0.9375, 0.51871, -1.25225],
							"size": [0.1875, 0.75, 0.31066],
							"pivot": [0.96875, -0.03437, -2.025],
							"rotation": [-45, 0, 0],
							"uv": {
								"east": {"uv": [45, 10], "uv_size": [0.5, 0.5]},
								"south": {"uv": [12, 45], "uv_size": [0.5, 0.5]},
								"west": {"uv": [14, 45], "uv_size": [0.5, 0.5]},
								"up": {"uv": [16, 45], "uv_size": [0.5, 0.5]},
								"down": {"uv": [18, 45.5], "uv_size": [0.5, -0.5]}
							}
						},
						{
							"origin": [0.9375, -0.40937, -0.86783],
							"size": [0.1875, 0.75, 0.31066],
							"uv": {
								"north": {"uv": [16, 35], "uv_size": [0.5, 1]},
								"east": {"uv": [18, 35], "uv_size": [0.5, 1]},
								"west": {"uv": [20, 35], "uv_size": [0.5, 1]},
								"up": {"uv": [20, 45], "uv_size": [0.5, 0.5]},
								"down": {"uv": [22, 45.5], "uv_size": [0.5, -0.5]}
							}
						},
						{
							"origin": [0.625, -0.2375, -3.65],
							"size": [0.375, 0.375, 0.375],
							"pivot": [0.8125, -0.05, -3.4625],
							"rotation": [-45, 0, 0],
							"uv": {
								"north": {"uv": [45, 22], "uv_size": [0.5, 0.5]},
								"south": {"uv": [45, 24], "uv_size": [0.5, 0.5]},
								"west": {"uv": [45, 26], "uv_size": [0.5, 0.5]},
								"up": {"uv": [28, 45], "uv_size": [0.5, 0.5]},
								"down": {"uv": [45, 28.5], "uv_size": [0.5, -0.5]}
							}
						},
						{
							"origin": [0.625, -0.2375, -0.9],
							"size": [0.375, 0.375, 0.375],
							"pivot": [0.8125, -0.05, -0.7125],
							"rotation": [-45, 0, 0],
							"uv": {
								"north": {"uv": [30, 45], "uv_size": [0.5, 0.5]},
								"south": {"uv": [32, 45], "uv_size": [0.5, 0.5]},
								"west": {"uv": [46, 2], "uv_size": [0.5, 0.5]},
								"up": {"uv": [46, 4], "uv_size": [0.5, 0.5]},
								"down": {"uv": [46, 6.5], "uv_size": [0.5, -0.5]}
							}
						}
					]
				},
				{
					"name": "back",
					"parent": "scope_body",
					"pivot": [0, 9.125, 2.75],
					"cubes": [
						{
							"origin": [-0.33655, 1.0125, -0.3375],
							"size": [0.6731, 0.125, 2.5625],
							"pivot": [0, 1.825, 2.725],
							"rotation": [0, 0, 45],
							"uv": {
								"north": {"uv": [32, 41], "uv_size": [0.5, 0.5]},
								"south": {"uv": [42, 2], "uv_size": [0.5, 0.5]},
								"up": {"uv": [11, 11], "uv_size": [0.5, 2.5]},
								"down": {"uv": [0, 14.5], "uv_size": [0.5, -2.5]}
							}
						},
						{
							"origin": [-0.33655, 1.0125, -0.3375],
							"size": [0.6731, 0.125, 2.5625],
							"uv": {
								"north": {"uv": [42, 4], "uv_size": [0.5, 0.5]},
								"south": {"uv": [42, 6], "uv_size": [0.5, 0.5]},
								"up": {"uv": [12, 0], "uv_size": [0.5, 2.5]},
								"down": {"uv": [2, 14.5], "uv_size": [0.5, -2.5]}
							}
						},
						{
							"origin": [-0.33655, 2.5125, -0.3375],
							"size": [0.6731, 0.125, 2.5625],
							"pivot": [0, 1.825, 2.725],
							"rotation": [0, 0, 45],
							"uv": {
								"north": {"uv": [42, 12], "uv_size": [0.5, 0.5]},
								"south": {"uv": [42, 14], "uv_size": [0.5, 0.5]},
								"up": {"uv": [4, 12], "uv_size": [0.5, 2.5]},
								"down": {"uv": [6, 14.5], "uv_size": [0.5, -2.5]}
							}
						},
						{
							"origin": [-0.33655, 2.5125, -0.3375],
							"size": [0.6731, 0.125, 2.5625],
							"uv": {
								"south": {"uv": [42, 16], "uv_size": [0.5, 0.5]},
								"up": {"uv": [13, 4], "uv_size": [0.5, 2.5]},
								"down": {"uv": [8, 15.5], "uv_size": [0.5, -2.5]}
							}
						},
						{
							"origin": [0.6875, 1.48845, -0.3375],
							"size": [0.125, 0.6731, 2.5625],
							"pivot": [0, 1.825, 2.725],
							"rotation": [0, 0, 45],
							"uv": {
								"north": {"uv": [42, 18], "uv_size": [0.5, 0.5]},
								"east": {"uv": [13, 8], "uv_size": [2.5, 0.5]},
								"south": {"uv": [42, 20], "uv_size": [0.5, 0.5]},
								"west": {"uv": [13, 10], "uv_size": [2.5, 0.5]}
							}
						},
						{
							"origin": [0.6875, 1.48845, -0.3375],
							"size": [0.125, 0.6731, 2.5625],
							"uv": {
								"north": {"uv": [24, 42], "uv_size": [0.5, 0.5]},
								"east": {"uv": [13, 12], "uv_size": [2.5, 0.5]},
								"south": {"uv": [26, 42], "uv_size": [0.5, 0.5]},
								"west": {"uv": [14, 0], "uv_size": [2.5, 0.5]}
							}
						},
						{
							"origin": [-0.8125, 1.48845, -0.3375],
							"size": [0.125, 0.6731, 2.5625],
							"pivot": [0, 1.825, 2.725],
							"rotation": [0, 0, 45],
							"uv": {
								"north": {"uv": [42, 30], "uv_size": [0.5, 0.5]},
								"east": {"uv": [14, 2], "uv_size": [2.5, 0.5]},
								"south": {"uv": [42, 32], "uv_size": [0.5, 0.5]},
								"west": {"uv": [13, 14], "uv_size": [2.5, 0.5]}
							}
						},
						{
							"origin": [-0.8125, 1.48845, -0.3375],
							"size": [0.125, 0.6731, 2.5625],
							"uv": {
								"north": {"uv": [34, 42], "uv_size": [0.5, 0.5]},
								"east": {"uv": [15, 4], "uv_size": [2.5, 0.5]},
								"south": {"uv": [42, 34], "uv_size": [0.5, 0.5]},
								"west": {"uv": [15, 6], "uv_size": [2.5, 0.5]}
							}
						}
					]
				},
				{
					"name": "part",
					"parent": "back",
					"pivot": [-0.57888, 8.25291, 2.0625],
					"cubes": [
						{
							"origin": [-0.75888, 2.5125, 0.6625],
							"size": [1.51776, 0.32812, 0.6875],
							"uv": {
								"north": {"uv": [27, 3], "uv_size": [1.5, 0.5]},
								"east": {"uv": [6, 49], "uv_size": [0.5, 0.5]},
								"south": {"uv": [27, 5], "uv_size": [1.5, 0.5]},
								"west": {"uv": [8, 49], "uv_size": [0.5, 0.5]},
								"up": {"uv": [27, 7], "uv_size": [1.5, 0.5]},
								"down": {"uv": [8, 27.5], "uv_size": [1.5, -0.5]}
							}
						},
						{
							"origin": [-0.75888, 0.80937, 0.6625],
							"size": [1.51776, 0.32812, 0.6875],
							"uv": {
								"north": {"uv": [22, 27], "uv_size": [1.5, 0.5]},
								"east": {"uv": [42, 50], "uv_size": [0.5, 0.5]},
								"south": {"uv": [28, 0], "uv_size": [1.5, 0.5]},
								"west": {"uv": [50, 42], "uv_size": [0.5, 0.5]},
								"up": {"uv": [28, 9], "uv_size": [1.5, 0.5]},
								"down": {"uv": [28, 11.5], "uv_size": [1.5, -0.5]}
							}
						},
						{
							"origin": [1.00889, 1.52589, 0.975],
							"size": [0.14331, 0.58839, 0.375],
							"uv": {
								"north": {"uv": [4, 37], "uv_size": [0.5, 0.5]},
								"south": {"uv": [6, 37], "uv_size": [0.5, 0.5]},
								"west": {"uv": [8, 37], "uv_size": [0.5, 0.5]}
							}
						},
						{
							"origin": [0.84924, 1.46071, 1.29027],
							"size": [0.125, 0.71875, 0.5625],
							"pivot": [0.83361, 1.82008, 1.44652],
							"rotation": [0, -22.5, 0],
							"uv": {
								"east": {"uv": [37, 8], "uv_size": [0.5, 0.5]},
								"south": {"uv": [10, 37], "uv_size": [0.5, 0.5]},
								"west": {"uv": [37, 10], "uv_size": [0.5, 0.5]},
								"up": {"uv": [12, 37], "uv_size": [0.5, 0.5]},
								"down": {"uv": [14, 37.5], "uv_size": [0.5, -0.5]}
							}
						},
						{
							"origin": [0.73376, 1.46071, 1.25806],
							"size": [0.125, 0.71875, 0.25],
							"pivot": [0.71813, 1.82008, 1.39869],
							"rotation": [0, -22.5, 0],
							"uv": {
								"east": {"uv": [16, 37], "uv_size": [0.5, 0.5]},
								"south": {"uv": [18, 37], "uv_size": [0.5, 0.5]},
								"up": {"uv": [20, 37], "uv_size": [0.5, 0.5]},
								"down": {"uv": [22, 37.5], "uv_size": [0.5, -0.5]}
							}
						},
						{
							"origin": [-0.95861, 1.46071, 1.29027],
							"size": [0.10937, 0.71875, 0.5625],
							"pivot": [-0.83361, 1.82008, 1.44652],
							"rotation": [0, 22.5, 0],
							"uv": {
								"east": {"uv": [37, 22], "uv_size": [0.5, 0.5]},
								"south": {"uv": [37, 24], "uv_size": [0.5, 0.5]},
								"west": {"uv": [37, 26], "uv_size": [0.5, 0.5]},
								"up": {"uv": [28, 37], "uv_size": [0.5, 0.5]},
								"down": {"uv": [37, 28.5], "uv_size": [0.5, -0.5]}
							}
						},
						{
							"origin": [-0.85876, 1.46071, 1.25806],
							"size": [0.125, 0.71875, 0.25],
							"pivot": [-0.71813, 1.82008, 1.39869],
							"rotation": [0, 22.5, 0],
							"uv": {
								"south": {"uv": [30, 37], "uv_size": [0.5, 0.5]},
								"west": {"uv": [32, 37], "uv_size": [0.5, 0.5]},
								"up": {"uv": [38, 2], "uv_size": [0.5, 0.5]},
								"down": {"uv": [38, 4.5], "uv_size": [0.5, -0.5]}
							}
						},
						{
							"origin": [-1.1522, 1.52589, 0.975],
							"size": [0.14331, 0.58839, 0.375],
							"uv": {
								"north": {"uv": [38, 6], "uv_size": [0.5, 0.5]},
								"east": {"uv": [38, 12], "uv_size": [0.5, 0.5]},
								"south": {"uv": [38, 14], "uv_size": [0.5, 0.5]}
							}
						},
						{
							"origin": [0.15612, 1.59814, 0.975],
							"size": [0.21875, 0.95528, 0.375],
							"pivot": [0.1405, 2.79453, 1.1],
							"rotation": [0, 0, -45],
							"uv": {
								"north": {"uv": [2, 29], "uv_size": [0.5, 1]},
								"south": {"uv": [4, 29], "uv_size": [0.5, 1]},
								"west": {"uv": [6, 29], "uv_size": [0.5, 1]}
							}
						},
						{
							"origin": [0.76033, 0.73295, 0.975],
							"size": [0.21875, 0.95527, 0.375],
							"pivot": [0.8697, 1.39809, 1.1],
							"rotation": [0, 0, 45],
							"uv": {
								"north": {"uv": [8, 29], "uv_size": [0.5, 1]},
								"south": {"uv": [10, 29], "uv_size": [0.5, 1]},
								"west": {"uv": [12, 29], "uv_size": [0.5, 1]}
							}
						},
						{
							"origin": [-0.37487, 1.59814, 0.975],
							"size": [0.21875, 0.95528, 0.375],
							"pivot": [-0.1405, 2.79453, 1.1],
							"rotation": [0, 0, 45],
							"uv": {
								"north": {"uv": [14, 29], "uv_size": [0.5, 1]},
								"east": {"uv": [16, 29], "uv_size": [0.5, 1]},
								"south": {"uv": [18, 29], "uv_size": [0.5, 1]}
							}
						},
						{
							"origin": [-0.97908, 0.73295, 0.975],
							"size": [0.21875, 0.95527, 0.375],
							"pivot": [-0.8697, 1.39809, 1.1],
							"rotation": [0, 0, -45],
							"uv": {
								"north": {"uv": [20, 29], "uv_size": [0.5, 1]},
								"east": {"uv": [22, 29], "uv_size": [0.5, 1]},
								"south": {"uv": [29, 23], "uv_size": [0.5, 1]}
							}
						},
						{
							"origin": [-0.75888, 2.37187, 0.6625],
							"size": [0.26777, 0.14063, 0.375],
							"uv": {
								"north": {"uv": [38, 16], "uv_size": [0.5, 0.5]},
								"east": {"uv": [38, 18], "uv_size": [0.5, 0.5]},
								"south": {"uv": [38, 20], "uv_size": [0.5, 0.5]},
								"up": {"uv": [24, 38], "uv_size": [0.5, 0.5]}
							}
						},
						{
							"origin": [0.49111, 2.37187, 0.6625],
							"size": [0.26777, 0.14063, 0.375],
							"uv": {
								"north": {"uv": [44, 50], "uv_size": [0.5, 0.5]},
								"south": {"uv": [50, 44], "uv_size": [0.5, 0.5]},
								"west": {"uv": [46, 50], "uv_size": [0.5, 0.5]},
								"up": {"uv": [50, 46], "uv_size": [0.5, 0.5]}
							}
						},
						{
							"origin": [0.49111, 1.1375, 0.6625],
							"size": [0.26777, 0.14063, 0.375],
							"uv": {
								"north": {"uv": [51, 0], "uv_size": [0.5, 0.5]},
								"south": {"uv": [2, 51], "uv_size": [0.5, 0.5]},
								"west": {"uv": [4, 51], "uv_size": [0.5, 0.5]},
								"up": {"uv": [6, 51], "uv_size": [0.5, 0.5]}
							}
						},
						{
							"origin": [-0.75888, 1.1375, 0.6625],
							"size": [0.26777, 0.14063, 0.375],
							"uv": {
								"north": {"uv": [48, 50], "uv_size": [0.5, 0.5]},
								"east": {"uv": [50, 48], "uv_size": [0.5, 0.5]},
								"south": {"uv": [50, 50], "uv_size": [0.5, 0.5]},
								"up": {"uv": [0, 51], "uv_size": [0.5, 0.5]}
							}
						},
						{
							"origin": [0.42862, 1.08571, 0.6625],
							"size": [0.26777, 0.14062, 0.375],
							"uv": {
								"north": {"uv": [26, 38], "uv_size": [0.5, 0.5]},
								"south": {"uv": [38, 30], "uv_size": [0.5, 0.5]},
								"west": {"uv": [38, 32], "uv_size": [0.5, 0.5]}
							}
						},
						{
							"origin": [-0.69639, 1.08571, 0.6625],
							"size": [0.26777, 0.14062, 0.375],
							"uv": {
								"north": {"uv": [34, 38], "uv_size": [0.5, 0.5]},
								"east": {"uv": [38, 34], "uv_size": [0.5, 0.5]},
								"south": {"uv": [36, 38], "uv_size": [0.5, 0.5]}
							}
						},
						{
							"origin": [0.625, 0.87188, 0.6],
							"size": [0.125, 0.125, 0.8125],
							"pivot": [0.6875, 0.93438, 1.1],
							"rotation": [0, 0, -45],
							"uv": {
								"north": {"uv": [40, 18], "uv_size": [0.5, 0.5]},
								"east": {"uv": [29, 25], "uv_size": [1, 0.5]},
								"south": {"uv": [40, 20], "uv_size": [0.5, 0.5]},
								"west": {"uv": [29, 27], "uv_size": [1, 0.5]},
								"up": {"uv": [29, 29], "uv_size": [0.5, 1]},
								"down": {"uv": [30, 3], "uv_size": [0.5, -1]}
							}
						},
						{
							"origin": [-0.75, 0.85626, 0.6],
							"size": [0.125, 0.125, 0.8125],
							"pivot": [-0.6875, 0.91876, 1.1],
							"rotation": [0, 0, 45],
							"uv": {
								"north": {"uv": [24, 40], "uv_size": [0.5, 0.5]},
								"east": {"uv": [30, 4], "uv_size": [1, 0.5]},
								"south": {"uv": [26, 40], "uv_size": [0.5, 0.5]},
								"west": {"uv": [30, 6], "uv_size": [1, 0.5]},
								"up": {"uv": [30, 13], "uv_size": [0.5, 1]},
								"down": {"uv": [30, 16], "uv_size": [0.5, -1]}
							}
						},
						{
							"origin": [-0.75, 2.63751, 0.6],
							"size": [0.125, 0.125, 0.8125],
							"pivot": [-0.6875, 2.70001, 1.1],
							"rotation": [0, 0, 45],
							"uv": {
								"north": {"uv": [40, 30], "uv_size": [0.5, 0.5]},
								"east": {"uv": [30, 17], "uv_size": [1, 0.5]},
								"south": {"uv": [40, 32], "uv_size": [0.5, 0.5]},
								"west": {"uv": [30, 19], "uv_size": [1, 0.5]},
								"up": {"uv": [30, 21], "uv_size": [0.5, 1]},
								"down": {"uv": [24, 31], "uv_size": [0.5, -1]}
							}
						},
						{
							"origin": [0.625, 2.63751, 0.6],
							"size": [0.125, 0.125, 0.8125],
							"pivot": [0.6875, 2.70001, 1.1],
							"rotation": [0, 0, -45],
							"uv": {
								"north": {"uv": [34, 40], "uv_size": [0.5, 0.5]},
								"east": {"uv": [26, 30], "uv_size": [1, 0.5]},
								"south": {"uv": [40, 34], "uv_size": [0.5, 0.5]},
								"west": {"uv": [0, 31], "uv_size": [1, 0.5]},
								"up": {"uv": [31, 0], "uv_size": [0.5, 1]},
								"down": {"uv": [2, 32], "uv_size": [0.5, -1]}
							}
						},
						{
							"origin": [0.63388, 2.60102, 0.6625],
							"size": [0.18782, 0.18782, 0.6875],
							"pivot": [0.75888, 2.66384, 0.35],
							"rotation": [0, 0, 45],
							"uv": {
								"north": {"uv": [8, 51], "uv_size": [0.5, 0.5]},
								"east": {"uv": [51, 8], "uv_size": [0.5, 0.5]},
								"south": {"uv": [10, 51], "uv_size": [0.5, 0.5]},
								"west": {"uv": [51, 10], "uv_size": [0.5, 0.5]},
								"up": {"uv": [12, 51], "uv_size": [0.5, 0.5]},
								"down": {"uv": [14, 51.5], "uv_size": [0.5, -0.5]}
							}
						},
						{
							"origin": [-0.8217, 2.60102, 0.6625],
							"size": [0.18782, 0.18782, 0.6875],
							"pivot": [-0.75888, 2.66384, 0.35],
							"rotation": [0, 0, -45],
							"uv": {
								"north": {"uv": [16, 51], "uv_size": [0.5, 0.5]},
								"east": {"uv": [18, 51], "uv_size": [0.5, 0.5]},
								"south": {"uv": [20, 51], "uv_size": [0.5, 0.5]},
								"west": {"uv": [22, 51], "uv_size": [0.5, 0.5]},
								"up": {"uv": [51, 22], "uv_size": [0.5, 0.5]},
								"down": {"uv": [51, 24.5], "uv_size": [0.5, -0.5]}
							}
						},
						{
							"origin": [-0.82169, 0.83052, 0.6625],
							"size": [0.18782, 0.18782, 0.6875],
							"pivot": [-0.75887, 0.89334, 0.35],
							"rotation": [0, 0, -45],
							"uv": {
								"north": {"uv": [51, 26], "uv_size": [0.5, 0.5]},
								"east": {"uv": [28, 51], "uv_size": [0.5, 0.5]},
								"south": {"uv": [51, 28], "uv_size": [0.5, 0.5]},
								"west": {"uv": [30, 51], "uv_size": [0.5, 0.5]},
								"up": {"uv": [32, 51], "uv_size": [0.5, 0.5]},
								"down": {"uv": [52, 2.5], "uv_size": [0.5, -0.5]}
							}
						},
						{
							"origin": [0.63389, 0.83052, 0.6625],
							"size": [0.18782, 0.18782, 0.6875],
							"pivot": [0.75889, 0.89334, 0.35],
							"rotation": [0, 0, 45],
							"uv": {
								"north": {"uv": [52, 4], "uv_size": [0.5, 0.5]},
								"east": {"uv": [52, 6], "uv_size": [0.5, 0.5]},
								"south": {"uv": [52, 12], "uv_size": [0.5, 0.5]},
								"west": {"uv": [52, 14], "uv_size": [0.5, 0.5]},
								"up": {"uv": [52, 16], "uv_size": [0.5, 0.5]},
								"down": {"uv": [52, 18.5], "uv_size": [0.5, -0.5]}
							}
						}
					]
				},
				{
					"name": "group4",
					"parent": "part",
					"pivot": [-0.27121, 12.92393, 0.53125],
					"cubes": [
						{
							"origin": [0.13975, 2.5232, 0.475],
							"size": [0.33026, 0.12505, 0.5625],
							"pivot": [0.21113, 2.1482, 0.88125],
							"rotation": [0, 0, 22.5],
							"uv": {
								"north": {"uv": [38, 36], "uv_size": [0.5, 0.5]},
								"south": {"uv": [38, 38], "uv_size": [0.5, 0.5]},
								"up": {"uv": [0, 39], "uv_size": [0.5, 0.5]}
							}
						},
						{
							"origin": [0.47744, 2.17713, 0.475],
							"size": [0.64276, 0.18755, 0.5625],
							"pivot": [0.73632, 2.23965, 0.75625],
							"rotation": [0, 0, 45],
							"uv": {
								"north": {"uv": [39, 0], "uv_size": [0.5, 0.5]},
								"south": {"uv": [2, 39], "uv_size": [0.5, 0.5]},
								"up": {"uv": [4, 39], "uv_size": [0.5, 0.5]}
							}
						},
						{
							"origin": [0.13975, 1.00175, 0.475],
							"size": [0.33026, 0.12505, 0.5625],
							"pivot": [0.21113, 1.5018, 0.88125],
							"rotation": [0, 0, -22.5],
							"uv": {
								"north": {"uv": [6, 39], "uv_size": [0.5, 0.5]},
								"south": {"uv": [8, 39], "uv_size": [0.5, 0.5]},
								"down": {"uv": [39, 8.5], "uv_size": [0.5, -0.5]}
							}
						},
						{
							"origin": [0.47744, 1.28532, 0.475],
							"size": [0.64276, 0.18755, 0.5625],
							"pivot": [0.73632, 1.41035, 0.75625],
							"rotation": [0, 0, -45],
							"uv": {
								"north": {"uv": [10, 39], "uv_size": [0.5, 0.5]},
								"south": {"uv": [39, 10], "uv_size": [0.5, 0.5]},
								"down": {"uv": [12, 39.5], "uv_size": [0.5, -0.5]}
							}
						},
						{
							"origin": [0.8125, 1.59338, 0.475],
							"size": [0.28367, 0.46324, 0.5625],
							"uv": {
								"north": {"uv": [14, 39], "uv_size": [0.5, 0.5]},
								"south": {"uv": [16, 39], "uv_size": [0.5, 0.5]},
								"west": {"uv": [18, 39], "uv_size": [0.5, 0.5]}
							}
						},
						{
							"origin": [-1.09617, 1.59338, 0.475],
							"size": [0.28367, 0.46324, 0.5625],
							"uv": {
								"north": {"uv": [20, 39], "uv_size": [0.5, 0.5]},
								"east": {"uv": [22, 39], "uv_size": [0.5, 0.5]},
								"south": {"uv": [39, 22], "uv_size": [0.5, 0.5]}
							}
						},
						{
							"origin": [-1.1202, 2.17713, 0.475],
							"size": [0.64276, 0.18755, 0.5625],
							"pivot": [-0.73632, 2.23965, 0.75625],
							"rotation": [0, 0, -45],
							"uv": {
								"north": {"uv": [39, 24], "uv_size": [0.5, 0.5]},
								"south": {"uv": [39, 26], "uv_size": [0.5, 0.5]},
								"up": {"uv": [28, 39], "uv_size": [0.5, 0.5]}
							}
						},
						{
							"origin": [-1.1202, 1.28532, 0.475],
							"size": [0.64276, 0.18755, 0.5625],
							"pivot": [-0.73632, 1.41035, 0.75625],
							"rotation": [0, 0, 45],
							"uv": {
								"north": {"uv": [39, 28], "uv_size": [0.5, 0.5]},
								"south": {"uv": [30, 39], "uv_size": [0.5, 0.5]},
								"down": {"uv": [32, 39.5], "uv_size": [0.5, -0.5]}
							}
						},
						{
							"origin": [-0.47001, 1.00175, 0.475],
							"size": [0.33026, 0.12505, 0.5625],
							"pivot": [-0.21113, 1.5018, 0.88125],
							"rotation": [0, 0, 22.5],
							"uv": {
								"north": {"uv": [40, 2], "uv_size": [0.5, 0.5]},
								"south": {"uv": [40, 4], "uv_size": [0.5, 0.5]},
								"down": {"uv": [40, 6.5], "uv_size": [0.5, -0.5]}
							}
						},
						{
							"origin": [-0.47001, 2.5232, 0.475],
							"size": [0.33026, 0.12505, 0.5625],
							"pivot": [-0.21113, 2.1482, 0.88125],
							"rotation": [0, 0, -22.5],
							"uv": {
								"north": {"uv": [40, 12], "uv_size": [0.5, 0.5]},
								"south": {"uv": [40, 14], "uv_size": [0.5, 0.5]},
								"up": {"uv": [40, 16], "uv_size": [0.5, 0.5]}
							}
						}
					]
				},
				{
					"name": "octagon6",
					"parent": "part",
					"pivot": [0, 8, 0]
				},
				{
					"name": "octagon7",
					"parent": "part",
					"pivot": [0, 8, 0]
				},
				{
					"name": "octagon8",
					"parent": "part",
					"pivot": [0, 8, 0]
				},
				{
					"name": "knob",
					"parent": "back",
					"pivot": [0, 8, 0]
				},
				{
					"name": "bone5",
					"parent": "knob",
					"pivot": [1.5, 8.625, 0.4375],
					"cubes": [
						{
							"origin": [0.8125, 1.5125, -0.15444],
							"size": [0.3125, 0.625, 0.25888],
							"pivot": [0.6875, 1.825, -0.025],
							"rotation": [-45, 0, 0],
							"uv": {
								"west": {"uv": [18, 41], "uv_size": [0.5, 0.5]},
								"up": {"uv": [20, 41], "uv_size": [0.5, 0.5]},
								"down": {"uv": [22, 41.5], "uv_size": [0.5, -0.5]}
							}
						},
						{
							"origin": [0.8125, 1.5125, -0.15444],
							"size": [0.3125, 0.625, 0.25888],
							"uv": {
								"west": {"uv": [41, 22], "uv_size": [0.5, 0.5]},
								"up": {"uv": [41, 24], "uv_size": [0.5, 0.5]},
								"down": {"uv": [41, 26.5], "uv_size": [0.5, -0.5]}
							}
						},
						{
							"origin": [0.8125, 1.69556, -0.3375],
							"size": [0.3125, 0.25888, 0.625],
							"pivot": [0.6875, 1.825, -0.025],
							"rotation": [-45, 0, 0],
							"uv": {
								"north": {"uv": [41, 8], "uv_size": [0.5, 0.5]},
								"south": {"uv": [10, 41], "uv_size": [0.5, 0.5]},
								"west": {"uv": [41, 10], "uv_size": [0.5, 0.5]}
							}
						},
						{
							"origin": [0.8125, 1.69556, -0.3375],
							"size": [0.3125, 0.25888, 0.625],
							"uv": {
								"north": {"uv": [12, 41], "uv_size": [0.5, 0.5]},
								"south": {"uv": [14, 41], "uv_size": [0.5, 0.5]},
								"west": {"uv": [16, 41], "uv_size": [0.5, 0.5]}
							}
						},
						{
							"origin": [0.8125, 1.73125, 0.2875],
							"size": [0.25, 0.1875, 0.25],
							"uv": {
								"west": {"uv": [28, 41], "uv_size": [0.5, 0.5]},
								"up": {"uv": [41, 28], "uv_size": [0.5, 0.5]},
								"down": {"uv": [30, 41.5], "uv_size": [0.5, -0.5]}
							}
						}
					]
				},
				{
					"name": "group2",
					"parent": "knob",
					"pivot": [0, 8, 0]
				},
				{
					"name": "octagon2",
					"parent": "group2",
					"pivot": [0, 8, 0],
					"cubes": [
						{
							"origin": [-0.18122, 2.7, -0.4625],
							"size": [0.36244, 0.375, 0.875],
							"pivot": [0, 2.7, -0.025],
							"rotation": [0, -45, 0],
							"uv": {
								"north": {"uv": [36, 6], "uv_size": [0.5, 0.5]},
								"south": {"uv": [36, 12], "uv_size": [0.5, 0.5]},
								"up": {"uv": [28, 13], "uv_size": [0.5, 1]}
							}
						},
						{
							"origin": [-0.18122, 2.7, -0.4625],
							"size": [0.36244, 0.375, 0.875],
							"uv": {
								"north": {"uv": [36, 14], "uv_size": [0.5, 0.5]},
								"south": {"uv": [36, 16], "uv_size": [0.5, 0.5]},
								"up": {"uv": [28, 15], "uv_size": [0.5, 1]}
							}
						},
						{
							"origin": [-0.4375, 2.7, -0.20622],
							"size": [0.875, 0.375, 0.36244],
							"pivot": [0, 2.7, -0.025],
							"rotation": [0, -45, 0],
							"uv": {
								"east": {"uv": [36, 18], "uv_size": [0.5, 0.5]},
								"west": {"uv": [36, 20], "uv_size": [0.5, 0.5]},
								"up": {"uv": [28, 17], "uv_size": [1, 0.5]}
							}
						},
						{
							"origin": [-0.4375, 2.7, -0.20622],
							"size": [0.875, 0.375, 0.36244],
							"uv": {
								"east": {"uv": [24, 36], "uv_size": [0.5, 0.5]},
								"west": {"uv": [26, 36], "uv_size": [0.5, 0.5]},
								"up": {"uv": [28, 19], "uv_size": [1, 0.5]}
							}
						}
					]
				},
				{
					"name": "group3",
					"parent": "knob",
					"pivot": [0, 8, 0]
				},
				{
					"name": "octagon5",
					"parent": "group3",
					"pivot": [0, 8, 0],
					"cubes": [
						{
							"origin": [-1.28125, 1.61253, -0.4625],
							"size": [0.375, 0.36244, 0.875],
							"pivot": [-1, 1.79375, -0.025],
							"rotation": [45, 0, 0],
							"uv": {
								"north": {"uv": [36, 30], "uv_size": [0.5, 0.5]},
								"east": {"uv": [28, 21], "uv_size": [1, 0.5]},
								"south": {"uv": [36, 32], "uv_size": [0.5, 0.5]}
							}
						},
						{
							"origin": [-1.28125, 1.61253, -0.4625],
							"size": [0.375, 0.36244, 0.875],
							"uv": {
								"north": {"uv": [34, 36], "uv_size": [0.5, 0.5]},
								"east": {"uv": [25, 28], "uv_size": [1, 0.5]},
								"south": {"uv": [36, 34], "uv_size": [0.5, 0.5]}
							}
						},
						{
							"origin": [-1.28125, 1.35625, -0.20622],
							"size": [0.375, 0.875, 0.36244],
							"pivot": [-1, 1.79375, -0.025],
							"rotation": [45, 0, 0],
							"uv": {
								"east": {"uv": [27, 28], "uv_size": [0.5, 1]},
								"up": {"uv": [36, 36], "uv_size": [0.5, 0.5]},
								"down": {"uv": [0, 37.5], "uv_size": [0.5, -0.5]}
							}
						},
						{
							"origin": [-1.28125, 1.35625, -0.20622],
							"size": [0.375, 0.875, 0.36244],
							"uv": {
								"east": {"uv": [0, 29], "uv_size": [0.5, 1]},
								"up": {"uv": [37, 0], "uv_size": [0.5, 0.5]},
								"down": {"uv": [2, 37.5], "uv_size": [0.5, -0.5]}
							}
						}
					]
				},
				{
					"name": "bone4",
					"parent": "back",
					"pivot": [0, 11.125, 1.875]
				},
				{
					"name": "bone3",
					"parent": "bone4",
					"pivot": [0, 14.90625, 0.125],
					"cubes": [
						{
							"origin": [-0.90625, 1.58664, -0.525],
							"size": [0.21875, 0.41422, 1],
							"pivot": [-1, 1.79375, -0.025],
							"rotation": [45, 0, 0],
							"uv": {
								"north": {"uv": [36, 40], "uv_size": [0.5, 0.5]},
								"east": {"uv": [4, 31], "uv_size": [1, 0.5]},
								"south": {"uv": [40, 36], "uv_size": [0.5, 0.5]},
								"west": {"uv": [6, 31], "uv_size": [1, 0.5]}
							}
						},
						{
							"origin": [-0.90625, 1.58664, -0.525],
							"size": [0.21875, 0.41422, 1],
							"uv": {
								"north": {"uv": [38, 40], "uv_size": [0.5, 0.5]},
								"east": {"uv": [8, 31], "uv_size": [1, 0.5]}
							}
						},
						{
							"origin": [-0.90625, 1.29375, -0.23211],
							"size": [0.21875, 1, 0.41422],
							"pivot": [-1, 1.79375, -0.025],
							"rotation": [45, 0, 0],
							"uv": {
								"east": {"uv": [31, 8], "uv_size": [0.5, 1]},
								"west": {"uv": [10, 31], "uv_size": [0.5, 1]},
								"up": {"uv": [40, 38], "uv_size": [0.5, 0.5]},
								"down": {"uv": [40, 40.5], "uv_size": [0.5, -0.5]}
							}
						},
						{
							"origin": [-0.90625, 1.29375, -0.23211],
							"size": [0.21875, 1, 0.41422],
							"uv": {
								"east": {"uv": [31, 10], "uv_size": [0.5, 1]},
								"west": {"uv": [12, 31], "uv_size": [0.5, 1]},
								"up": {"uv": [0, 41], "uv_size": [0.5, 0.5]},
								"down": {"uv": [41, 0.5], "uv_size": [0.5, -0.5]}
							}
						},
						{
							"origin": [-0.20711, 2.5125, -0.525],
							"size": [0.41422, 0.1875, 1],
							"pivot": [0, 2.575, -0.025],
							"rotation": [0, -45, 0],
							"uv": {
								"north": {"uv": [2, 41], "uv_size": [0.5, 0.5]},
								"south": {"uv": [4, 41], "uv_size": [0.5, 0.5]},
								"up": {"uv": [14, 31], "uv_size": [0.5, 1]},
								"down": {"uv": [16, 32], "uv_size": [0.5, -1]}
							}
						},
						{
							"origin": [-0.5, 2.5125, -0.23211],
							"size": [1, 0.1875, 0.41422],
							"pivot": [0, 2.575, -0.025],
							"rotation": [0, -45, 0],
							"uv": {
								"east": {"uv": [6, 41], "uv_size": [0.5, 0.5]},
								"west": {"uv": [8, 41], "uv_size": [0.5, 0.5]},
								"up": {"uv": [18, 31], "uv_size": [1, 0.5]},
								"down": {"uv": [20, 31.5], "uv_size": [1, -0.5]}
							}
						},
						{
							"origin": [-0.5, 2.5125, -0.23211],
							"size": [1, 0.1875, 0.41422],
							"pivot": [0, 2.60625, -0.025],
							"rotation": [0, 180, 0],
							"uv": {
								"east": {"uv": [38, 50], "uv_size": [0.5, 0.5]},
								"west": {"uv": [50, 38], "uv_size": [0.5, 0.5]},
								"up": {"uv": [30, 35], "uv_size": [1, 0.5]},
								"down": {"uv": [32, 35.5], "uv_size": [1, -0.5]}
							}
						},
						{
							"origin": [-0.5, 2.5125, -0.23211],
							"size": [1, 0.1875, 0.41422],
							"pivot": [0, 2.60625, -0.025],
							"rotation": [0, -90, 0],
							"uv": {
								"east": {"uv": [40, 50], "uv_size": [0.5, 0.5]},
								"west": {"uv": [50, 40], "uv_size": [0.5, 0.5]},
								"up": {"uv": [36, 2], "uv_size": [1, 0.5]},
								"down": {"uv": [36, 4.5], "uv_size": [1, -0.5]}
							}
						}
					]
				},
				{
					"name": "base",
					"parent": "scope_body",
					"pivot": [-0.54419, 7.42992, -1.875],
					"cubes": [
						{
							"origin": [-0.3125, 0.1375, -0.3375],
							"size": [0.625, 0.6875, 0.4375],
							"uv": {
								"east": {"uv": [46, 12], "uv_size": [0.5, 0.5]},
								"south": {"uv": [46, 14], "uv_size": [0.5, 0.5]},
								"west": {"uv": [46, 16], "uv_size": [0.5, 0.5]},
								"up": {"uv": [46, 18], "uv_size": [0.5, 0.5]}
							}
						},
						{
							"origin": [-0.625, -0.3, -4.15],
							"size": [1.25, 0.4375, 4.125],
							"uv": {
								"north": {"uv": [26, 24], "uv_size": [1.5, 0.5]},
								"east": {"uv": [0, 5], "uv_size": [4, 0.5]},
								"south": {"uv": [26, 26], "uv_size": [1.5, 0.5]},
								"west": {"uv": [5, 5], "uv_size": [4, 0.5]},
								"up": {"uv": [0, 0], "uv_size": [1.5, 4]},
								"down": {"uv": [3, 4], "uv_size": [1.5, -4]}
							}
						},
						{
							"origin": [-0.5, 0.1375, -4.15],
							"size": [0.25, 0.125, 4.125],
							"uv": {
								"north": {"uv": [46, 20], "uv_size": [0.5, 0.5]},
								"south": {"uv": [24, 46], "uv_size": [0.5, 0.5]},
								"up": {"uv": [6, 0], "uv_size": [0.5, 4]}
							}
						},
						{
							"origin": [-0.3125, 0.1375, -3.9625],
							"size": [0.625, 0.375, 3.625],
							"uv": {
								"east": {"uv": [8, 7], "uv_size": [3.5, 0.5]},
								"west": {"uv": [8, 9], "uv_size": [3.5, 0.5]},
								"up": {"uv": [10, 0], "uv_size": [0.5, 3.5]}
							}
						},
						{
							"origin": [-0.3125, 0.45, -3.0875],
							"size": [0.625, 0.375, 2.75],
							"inflate": -0.001,
							"pivot": [-0.3125, 0.825, -0.3375],
							"rotation": [9, 0, 0],
							"uv": {
								"east": {"uv": [0, 16], "uv_size": [2.5, 0.5]},
								"west": {"uv": [4, 16], "uv_size": [2.5, 0.5]},
								"up": {"uv": [10, 15], "uv_size": [0.5, 2.5]}
							}
						},
						{
							"origin": [-0.0625, 0.825, -2.3375],
							"size": [0.125, 0.3125, 2],
							"uv": {
								"east": {"uv": [19, 10], "uv_size": [2, 0.5]},
								"west": {"uv": [19, 12], "uv_size": [2, 0.5]}
							}
						},
						{
							"origin": [-0.25, 0.31298, -3.64686],
							"size": [0.5, 0.5625, 0.375],
							"pivot": [0, 0.25048, -3.45936],
							"rotation": [-45, 0, 0],
							"uv": {
								"north": {"uv": [26, 46], "uv_size": [0.5, 0.5]},
								"east": {"uv": [46, 30], "uv_size": [0.5, 0.5]},
								"west": {"uv": [46, 32], "uv_size": [0.5, 0.5]}
							}
						},
						{
							"origin": [0.25, 0.1375, -4.15],
							"size": [0.25, 0.125, 4.125],
							"uv": {
								"north": {"uv": [34, 46], "uv_size": [0.5, 0.5]},
								"south": {"uv": [46, 34], "uv_size": [0.5, 0.5]},
								"up": {"uv": [0, 7], "uv_size": [0.5, 4]}
							}
						},
						{
							"origin": [0.14331, 0.06742, -4.15],
							"size": [0.1875, 0.125, 4.125],
							"inflate": -0.001,
							"pivot": [0.20581, 0.12992, -2.025],
							"rotation": [0, 0, -45],
							"uv": {
								"north": {"uv": [36, 46], "uv_size": [0.5, 0.5]},
								"south": {"uv": [46, 36], "uv_size": [0.5, 0.5]},
								"up": {"uv": [2, 7], "uv_size": [0.5, 4]}
							}
						},
						{
							"origin": [-0.33081, 0.06742, -4.15],
							"size": [0.1875, 0.125, 4.125],
							"inflate": -0.001,
							"pivot": [-0.20581, 0.12992, -2.025],
							"rotation": [0, 0, 45],
							"uv": {
								"north": {"uv": [38, 46], "uv_size": [0.5, 0.5]},
								"south": {"uv": [46, 38], "uv_size": [0.5, 0.5]},
								"up": {"uv": [4, 7], "uv_size": [0.5, 4]}
							}
						},
						{
							"origin": [-0.25, 0.45, -3.3375],
							"size": [0.5, 0.375, 0.75],
							"uv": {
								"north": {"uv": [40, 46], "uv_size": [0.5, 0.5]},
								"east": {"uv": [22, 35], "uv_size": [1, 0.5]},
								"south": {"uv": [46, 40], "uv_size": [0.5, 0.5]},
								"west": {"uv": [35, 22], "uv_size": [1, 0.5]}
							}
						},
						{
							"origin": [-0.25, 0.45, -2.5875],
							"size": [0.5, 0.1875, 2.25],
							"uv": {
								"east": {"uv": [12, 16], "uv_size": [2.5, 0.5]},
								"west": {"uv": [16, 16], "uv_size": [2.5, 0.5]}
							}
						},
						{
							"origin": [-0.3125, 0.06853, -4.00108],
							"size": [0.625, 0.42678, 0.125],
							"pivot": [0, 0.40692, -3.93858],
							"rotation": [-22.5, 0, 0],
							"uv": {
								"north": {"uv": [42, 46], "uv_size": [0.5, 0.5]},
								"east": {"uv": [46, 42], "uv_size": [0.5, 0.5]},
								"west": {"uv": [44, 46], "uv_size": [0.5, 0.5]}
							}
						},
						{
							"origin": [-0.11114, 0.39064, -2.5875],
							"size": [0.35356, 0.35355, 2.25],
							"pivot": [0.11742, 0.68169, -1.65],
							"rotation": [0, 0, 45],
							"uv": {
								"north": {"uv": [46, 44], "uv_size": [0.5, 0.5]},
								"east": {"uv": [17, 8], "uv_size": [2.5, 0.5]},
								"south": {"uv": [46, 46], "uv_size": [0.5, 0.5]},
								"up": {"uv": [8, 17], "uv_size": [0.5, 2.5]}
							}
						},
						{
							"origin": [-0.12944, 0.825, -0.3375],
							"size": [0.25888, 0.1875, 0.625],
							"pivot": [0, 1.325, -0.025],
							"rotation": [0, -45, 0],
							"uv": {
								"north": {"uv": [0, 47], "uv_size": [0.5, 0.5]},
								"south": {"uv": [47, 0], "uv_size": [0.5, 0.5]},
								"up": {"uv": [2, 47], "uv_size": [0.5, 0.5]},
								"down": {"uv": [4, 47.5], "uv_size": [0.5, -0.5]}
							}
						},
						{
							"origin": [-0.12944, 0.825, -0.3375],
							"size": [0.25888, 0.1875, 0.625],
							"uv": {
								"north": {"uv": [6, 47], "uv_size": [0.5, 0.5]},
								"south": {"uv": [8, 47], "uv_size": [0.5, 0.5]},
								"down": {"uv": [47, 8.5], "uv_size": [0.5, -0.5]}
							}
						},
						{
							"origin": [-0.3125, 0.825, -0.15444],
							"size": [0.625, 0.1875, 0.25888],
							"pivot": [0, 1.325, -0.025],
							"rotation": [0, -45, 0],
							"uv": {
								"east": {"uv": [10, 47], "uv_size": [0.5, 0.5]},
								"west": {"uv": [47, 10], "uv_size": [0.5, 0.5]},
								"up": {"uv": [12, 47], "uv_size": [0.5, 0.5]},
								"down": {"uv": [14, 47.5], "uv_size": [0.5, -0.5]}
							}
						},
						{
							"origin": [-0.3125, 0.825, -0.15444],
							"size": [0.625, 0.1875, 0.25888],
							"uv": {
								"east": {"uv": [16, 47], "uv_size": [0.5, 0.5]},
								"west": {"uv": [18, 47], "uv_size": [0.5, 0.5]},
								"down": {"uv": [20, 47.5], "uv_size": [0.5, -0.5]}
							}
						},
						{
							"origin": [-0.3125, -0.02504, -0.15463],
							"size": [0.625, 0.125, 0.1875],
							"pivot": [0, 0.22496, -0.34213],
							"rotation": [22.5, 0, 0],
							"uv": {
								"east": {"uv": [22, 47], "uv_size": [0.5, 0.5]},
								"west": {"uv": [47, 22], "uv_size": [0.5, 0.5]},
								"down": {"uv": [47, 24.5], "uv_size": [0.5, -0.5]}
							}
						},
						{
							"origin": [0.41919, 0.06742, -4.15],
							"size": [0.17678, 0.125, 4.125],
							"pivot": [0.54419, 0.12992, -2.025],
							"rotation": [0, 0, 45],
							"uv": {
								"north": {"uv": [47, 26], "uv_size": [0.5, 0.5]},
								"south": {"uv": [28, 47], "uv_size": [0.5, 0.5]},
								"up": {"uv": [6, 7], "uv_size": [0.5, 4]}
							}
						},
						{
							"origin": [-0.59597, 0.06742, -4.15],
							"size": [0.17678, 0.125, 4.125],
							"pivot": [-0.54419, 0.12992, -2.025],
							"rotation": [0, 0, -45],
							"uv": {
								"north": {"uv": [47, 28], "uv_size": [0.5, 0.5]},
								"south": {"uv": [30, 47], "uv_size": [0.5, 0.5]},
								"up": {"uv": [8, 0], "uv_size": [0.5, 4]}
							}
						}
					]
				},
				{
					"name": "lens",
					"parent": "scope_body",
					"pivot": [0.5, 8.5, -2.5625],
					"cubes": [
						{
							"origin": [-0.57813, 1.0125, -2.9625],
							"size": [1.15625, 0.25, 0.0625],
							"pivot": [0, 1.825, -2.93125],
							"rotation": [0, 0, 45],
							"uv": {
								"north": {"uv": [35, 24], "uv_size": [1, 0.5]},
								"south": {"uv": [35, 26], "uv_size": [1, 0.5]}
							}
						},
						{
							"origin": [-0.57813, 2.3875, -2.9625],
							"size": [1.15625, 0.25, 0.0625],
							"pivot": [0, 1.825, -2.93125],
							"rotation": [0, 0, 45],
							"uv": {
								"north": {"uv": [28, 35], "uv_size": [1, 0.5]},
								"south": {"uv": [35, 28], "uv_size": [1, 0.5]}
							}
						},
						{
							"origin": [-0.8125, 1.2625, -2.9625],
							"size": [1.625, 1.125, 0.0625],
							"pivot": [0, 1.825, -2.93125],
							"rotation": [0, 0, 45],
							"uv": {
								"north": {"uv": [10, 5], "uv_size": [1.5, 1]},
								"south": {"uv": [8, 11], "uv_size": [1.5, 1]}
							}
						}
					]
				},
				{
					"name": "ocular",
					"pivot": [0, 1.825, 4.625],
					"cubes": [
						{
							"origin": [-0.28477, 1.1375, 2.475],
							"size": [0.56954, 1.375, 0.01],
							"pivot": [0, 1.825, 2.475],
							"rotation": [0, 0, 45],
							"uv": {
								"south": {"uv": [57.5, 2], "uv_size": [0.5, 1.5]}
							}
						},
						{
							"origin": [-0.28477, 1.1375, 2.475],
							"size": [0.56954, 1.375, 0.01],
							"uv": {
								"south": {"uv": [60.5, 0], "uv_size": [0.5, 1.5]}
							}
						},
						{
							"origin": [-0.6875, 1.54023, 2.475],
							"size": [1.375, 0.56954, 0.01],
							"pivot": [0, 1.825, 2.475],
							"rotation": [0, 0, 45],
							"uv": {
								"south": {"uv": [57.5, 4], "uv_size": [1.5, 0.5]}
							}
						},
						{
							"origin": [-0.6875, 1.54023, 2.475],
							"size": [1.375, 0.56954, 0.01],
							"uv": {
								"south": {"uv": [55.5, 6], "uv_size": [1.5, 0.5]}
							}
						}
					]
				},
				{
					"name": "ocular_ring",
					"pivot": [0, 9.125, 2.75],
					"cubes": [
						{
							"origin": [-0.31066, 1.075, 2.225],
							"size": [0.62132, 0.03125, 0.25],
							"pivot": [0, 1.825, 2.35],
							"rotation": [0, 0, 45],
							"uv": {
								"north": {"uv": [49, 8], "uv_size": [0.5, 0.5]},
								"south": {"uv": [10, 49], "uv_size": [0.5, 0.5]},
								"up": {"uv": [49, 10], "uv_size": [0.5, 0.5]},
								"down": {"uv": [12, 49.5], "uv_size": [0.5, -0.5]}
							}
						},
						{
							"origin": [-0.31066, 1.075, 2.225],
							"size": [0.62132, 0.03125, 0.25],
							"uv": {
								"north": {"uv": [14, 49], "uv_size": [0.5, 0.5]},
								"south": {"uv": [16, 49], "uv_size": [0.5, 0.5]},
								"up": {"uv": [18, 49], "uv_size": [0.5, 0.5]},
								"down": {"uv": [20, 49.5], "uv_size": [0.5, -0.5]}
							}
						},
						{
							"origin": [-0.31066, 2.54375, 2.225],
							"size": [0.62132, 0.03125, 0.25],
							"pivot": [0, 1.825, 2.35],
							"rotation": [0, 0, 45],
							"uv": {
								"north": {"uv": [22, 49], "uv_size": [0.5, 0.5]},
								"south": {"uv": [49, 22], "uv_size": [0.5, 0.5]},
								"up": {"uv": [49, 24], "uv_size": [0.5, 0.5]},
								"down": {"uv": [49, 26.5], "uv_size": [0.5, -0.5]}
							}
						},
						{
							"origin": [-0.31066, 2.54375, 2.225],
							"size": [0.62132, 0.03125, 0.25],
							"uv": {
								"north": {"uv": [28, 49], "uv_size": [0.5, 0.5]},
								"south": {"uv": [49, 28], "uv_size": [0.5, 0.5]},
								"up": {"uv": [30, 49], "uv_size": [0.5, 0.5]},
								"down": {"uv": [32, 49.5], "uv_size": [0.5, -0.5]}
							}
						},
						{
							"origin": [0.71875, 1.51434, 2.225],
							"size": [0.03125, 0.62132, 0.25],
							"pivot": [0, 1.825, 2.35],
							"rotation": [0, 0, 45],
							"uv": {
								"north": {"uv": [50, 2], "uv_size": [0.5, 0.5]},
								"east": {"uv": [50, 4], "uv_size": [0.5, 0.5]},
								"south": {"uv": [50, 6], "uv_size": [0.5, 0.5]},
								"west": {"uv": [50, 12], "uv_size": [0.5, 0.5]}
							}
						},
						{
							"origin": [0.71875, 1.51434, 2.225],
							"size": [0.03125, 0.62132, 0.25],
							"uv": {
								"north": {"uv": [50, 14], "uv_size": [0.5, 0.5]},
								"east": {"uv": [50, 16], "uv_size": [0.5, 0.5]},
								"south": {"uv": [50, 18], "uv_size": [0.5, 0.5]},
								"west": {"uv": [50, 20], "uv_size": [0.5, 0.5]}
							}
						},
						{
							"origin": [-0.75, 1.51434, 2.225],
							"size": [0.03125, 0.62132, 0.25],
							"pivot": [0, 1.825, 2.35],
							"rotation": [0, 0, 45],
							"uv": {
								"north": {"uv": [24, 50], "uv_size": [0.5, 0.5]},
								"east": {"uv": [26, 50], "uv_size": [0.5, 0.5]},
								"south": {"uv": [50, 30], "uv_size": [0.5, 0.5]},
								"west": {"uv": [50, 32], "uv_size": [0.5, 0.5]}
							}
						},
						{
							"origin": [-0.75, 1.51434, 2.225],
							"size": [0.03125, 0.62132, 0.25],
							"uv": {
								"north": {"uv": [34, 50], "uv_size": [0.5, 0.5]},
								"east": {"uv": [50, 34], "uv_size": [0.5, 0.5]},
								"south": {"uv": [36, 50], "uv_size": [0.5, 0.5]},
								"west": {"uv": [50, 36], "uv_size": [0.5, 0.5]}
							}
						},
						{
							"origin": [-0.16162, 1.0125, 2.475],
							"size": [0.32324, 0.125, 0.25],
							"pivot": [0, 1.825, 2.6],
							"rotation": [0, 0, -45],
							"uv": {
								"north": {"uv": [52, 20], "uv_size": [0.5, 0.5]},
								"south": {"uv": [24, 52], "uv_size": [0.5, 0.5]},
								"up": {"uv": [26, 52], "uv_size": [0.5, 0.5]},
								"down": {"uv": [52, 30.5], "uv_size": [0.5, -0.5]}
							}
						},
						{
							"origin": [-0.16162, 1.0125, 2.475],
							"size": [0.32324, 0.125, 0.25],
							"pivot": [0, 1.825, 2.6],
							"rotation": [0, 0, -22.5],
							"uv": {
								"north": {"uv": [52, 32], "uv_size": [0.5, 0.5]},
								"south": {"uv": [34, 52], "uv_size": [0.5, 0.5]},
								"up": {"uv": [52, 34], "uv_size": [0.5, 0.5]},
								"down": {"uv": [36, 52.5], "uv_size": [0.5, -0.5]}
							}
						},
						{
							"origin": [-0.16162, 1.0125, 2.475],
							"size": [0.32324, 0.125, 0.25],
							"uv": {
								"north": {"uv": [52, 36], "uv_size": [0.5, 0.5]},
								"south": {"uv": [38, 52], "uv_size": [0.5, 0.5]},
								"up": {"uv": [52, 38], "uv_size": [0.5, 0.5]},
								"down": {"uv": [40, 52.5], "uv_size": [0.5, -0.5]}
							}
						},
						{
							"origin": [-0.16162, 1.0125, 2.475],
							"size": [0.32324, 0.125, 0.25],
							"pivot": [0, 1.825, 2.6],
							"rotation": [0, 0, 22.5],
							"uv": {
								"north": {"uv": [52, 40], "uv_size": [0.5, 0.5]},
								"south": {"uv": [42, 52], "uv_size": [0.5, 0.5]},
								"up": {"uv": [52, 42], "uv_size": [0.5, 0.5]},
								"down": {"uv": [44, 52.5], "uv_size": [0.5, -0.5]}
							}
						},
						{
							"origin": [-0.16162, 1.0125, 2.475],
							"size": [0.32324, 0.125, 0.25],
							"pivot": [0, 1.825, 2.6],
							"rotation": [0, 0, 45],
							"uv": {
								"north": {"uv": [52, 44], "uv_size": [0.5, 0.5]},
								"south": {"uv": [46, 52], "uv_size": [0.5, 0.5]},
								"up": {"uv": [52, 46], "uv_size": [0.5, 0.5]},
								"down": {"uv": [48, 52.5], "uv_size": [0.5, -0.5]}
							}
						},
						{
							"origin": [-0.16162, 2.5125, 2.475],
							"size": [0.32324, 0.125, 0.25],
							"pivot": [0, 1.825, 2.6],
							"rotation": [0, 0, -45],
							"uv": {
								"north": {"uv": [52, 48], "uv_size": [0.5, 0.5]},
								"south": {"uv": [50, 52], "uv_size": [0.5, 0.5]},
								"up": {"uv": [52, 50], "uv_size": [0.5, 0.5]},
								"down": {"uv": [52, 52.5], "uv_size": [0.5, -0.5]}
							}
						},
						{
							"origin": [-0.16162, 2.5125, 2.475],
							"size": [0.32324, 0.125, 0.25],
							"pivot": [0, 1.825, 2.6],
							"rotation": [0, 0, -22.5],
							"uv": {
								"north": {"uv": [0, 53], "uv_size": [0.5, 0.5]},
								"south": {"uv": [53, 0], "uv_size": [0.5, 0.5]},
								"up": {"uv": [2, 53], "uv_size": [0.5, 0.5]},
								"down": {"uv": [4, 53.5], "uv_size": [0.5, -0.5]}
							}
						},
						{
							"origin": [-0.16162, 2.5125, 2.475],
							"size": [0.32324, 0.125, 0.25],
							"uv": {
								"north": {"uv": [6, 53], "uv_size": [0.5, 0.5]},
								"south": {"uv": [8, 53], "uv_size": [0.5, 0.5]},
								"up": {"uv": [53, 8], "uv_size": [0.5, 0.5]},
								"down": {"uv": [10, 53.5], "uv_size": [0.5, -0.5]}
							}
						},
						{
							"origin": [-0.16162, 2.5125, 2.475],
							"size": [0.32324, 0.125, 0.25],
							"pivot": [0, 1.825, 2.6],
							"rotation": [0, 0, 22.5],
							"uv": {
								"north": {"uv": [53, 10], "uv_size": [0.5, 0.5]},
								"south": {"uv": [12, 53], "uv_size": [0.5, 0.5]},
								"up": {"uv": [14, 53], "uv_size": [0.5, 0.5]},
								"down": {"uv": [16, 53.5], "uv_size": [0.5, -0.5]}
							}
						},
						{
							"origin": [-0.16162, 2.5125, 2.475],
							"size": [0.32324, 0.125, 0.25],
							"pivot": [0, 1.825, 2.6],
							"rotation": [0, 0, 45],
							"uv": {
								"north": {"uv": [18, 53], "uv_size": [0.5, 0.5]},
								"south": {"uv": [20, 53], "uv_size": [0.5, 0.5]},
								"up": {"uv": [22, 53], "uv_size": [0.5, 0.5]},
								"down": {"uv": [53, 22.5], "uv_size": [0.5, -0.5]}
							}
						},
						{
							"origin": [0.6875, 1.66338, 2.475],
							"size": [0.125, 0.32324, 0.25],
							"pivot": [0, 1.825, 2.6],
							"rotation": [0, 0, -22.5],
							"uv": {
								"north": {"uv": [53, 24], "uv_size": [0.5, 0.5]},
								"east": {"uv": [53, 26], "uv_size": [0.5, 0.5]},
								"south": {"uv": [28, 53], "uv_size": [0.5, 0.5]},
								"west": {"uv": [53, 28], "uv_size": [0.5, 0.5]}
							}
						},
						{
							"origin": [0.6875, 1.66338, 2.475],
							"size": [0.125, 0.32324, 0.25],
							"uv": {
								"north": {"uv": [30, 53], "uv_size": [0.5, 0.5]},
								"east": {"uv": [32, 53], "uv_size": [0.5, 0.5]},
								"south": {"uv": [54, 2], "uv_size": [0.5, 0.5]},
								"west": {"uv": [54, 4], "uv_size": [0.5, 0.5]}
							}
						},
						{
							"origin": [0.6875, 1.66338, 2.475],
							"size": [0.125, 0.32324, 0.25],
							"pivot": [0, 1.825, 2.6],
							"rotation": [0, 0, 22.5],
							"uv": {
								"north": {"uv": [54, 6], "uv_size": [0.5, 0.5]},
								"east": {"uv": [54, 12], "uv_size": [0.5, 0.5]},
								"south": {"uv": [54, 14], "uv_size": [0.5, 0.5]},
								"west": {"uv": [54, 16], "uv_size": [0.5, 0.5]}
							}
						},
						{
							"origin": [-0.8125, 1.66338, 2.475],
							"size": [0.125, 0.32324, 0.25],
							"pivot": [0, 1.825, 2.6],
							"rotation": [0, 0, -22.5],
							"uv": {
								"north": {"uv": [54, 18], "uv_size": [0.5, 0.5]},
								"east": {"uv": [54, 20], "uv_size": [0.5, 0.5]},
								"south": {"uv": [24, 54], "uv_size": [0.5, 0.5]},
								"west": {"uv": [26, 54], "uv_size": [0.5, 0.5]}
							}
						},
						{
							"origin": [-0.8125, 1.66338, 2.475],
							"size": [0.125, 0.32324, 0.25],
							"uv": {
								"north": {"uv": [54, 30], "uv_size": [0.5, 0.5]},
								"east": {"uv": [54, 32], "uv_size": [0.5, 0.5]},
								"south": {"uv": [34, 54], "uv_size": [0.5, 0.5]},
								"west": {"uv": [54, 34], "uv_size": [0.5, 0.5]}
							}
						},
						{
							"origin": [-0.8125, 1.66338, 2.475],
							"size": [0.125, 0.32324, 0.25],
							"pivot": [0, 1.825, 2.6],
							"rotation": [0, 0, 22.5],
							"uv": {
								"north": {"uv": [36, 54], "uv_size": [0.5, 0.5]},
								"east": {"uv": [54, 36], "uv_size": [0.5, 0.5]},
								"south": {"uv": [38, 54], "uv_size": [0.5, 0.5]},
								"west": {"uv": [54, 38], "uv_size": [0.5, 0.5]}
							}
						}
					]
				},
				{
					"name": "division",
					"pivot": [0.10625, 6.55, -26.825],
					"cubes": [
						{
							"origin": [-26.1875, -24.375, -101],
							"size": [52.375, 52.375, 0.25],
							"uv": {
								"south": {"uv": [128, 0], "uv_size": [128, 128]}
							}
						},
						{
							"origin": [-93.01875, -61.475, -101],
							"size": [66.85, 125.125, 0.25],
							"uv": {
								"south": {"uv": [128, 0], "uv_size": [1, 1]}
							}
						},
						{
							"origin": [25.85625, -61.15, -101],
							"size": [67.475, 124.7, 0.25],
							"uv": {
								"south": {"uv": [128, 0], "uv_size": [1, 1]}
							}
						},
						{
							"origin": [-27.04375, 27.25, -101],
							"size": [54.075, 36, 0.25],
							"uv": {
								"south": {"uv": [128, 0], "uv_size": [1, 1]}
							}
						},
						{
							"origin": [-27.04375, -61.0625, -101],
							"size": [54.075, 36.7375, 0.25],
							"uv": {
								"south": {"uv": [128, 0], "uv_size": [1, 1]}
							}
						}
					]
				},
				{
					"name": "division_illuminated",
					"parent": "division",
					"pivot": [0.3875, 6.55, -13],
					"cubes": [
						{
							"origin": [-1.25, -2.375, -93],
							"size": [2.5, 5, 0.25],
							"uv": {
								"south": {"uv": [76, 3.5], "uv_size": [32, 64]}
							}
						}
					]
				},
				{
					"name": "scope_view",
					"pivot": [0, 1.81875, 7]
				}
			]
		}
	]
}