{
	"format_version": "1.12.0",
	"minecraft:geometry": [
		{
			"description": {
				"identifier": "geometry.unknown",
				"texture_width": 32,
				"texture_height": 32,
				"visible_bounds_width": 8,
				"visible_bounds_height": 1.5,
				"visible_bounds_offset": [0, 0.25, 0]
			},
			"bones": [
				{
					"name": "scope_body",
					"pivot": [0, 0.625, -2.1875]
				},
				{
					"name": "part_f",
					"parent": "scope_body",
					"pivot": [0, 1.5, -4.0625],
					"cubes": [
						{
							"origin": [-0.46599, 2.625, -3.5625],
							"size": [0.93198, 0.1875, 1.625],
							"pivot": [0, 1.6875, -3.0625],
							"rotation": [0, 0, 45],
							"uv": {
								"north": {"uv": [4, 9], "uv_size": [1, 0.5]},
								"south": {"uv": [13, 8], "uv_size": [1, 0.5]},
								"up": {"uv": [5, 8], "uv_size": [1, 1.5]}
							}
						},
						{
							"origin": [0.9375, 1.78401, -3.5625],
							"size": [0.1875, 0.36948, 1.625],
							"uv": {
								"north": {"uv": [8, 18], "uv_size": [0.5, 0.5]},
								"south": {"uv": [18, 8], "uv_size": [0.5, 0.5]},
								"west": {"uv": [9, 12], "uv_size": [1.5, 0.5]}
							}
						},
						{
							"origin": [-0.46599, 2.625, -3.5625],
							"size": [0.93198, 0.1875, 1.625],
							"uv": {
								"north": {"uv": [10, 13], "uv_size": [1, 0.5]},
								"south": {"uv": [11, 13], "uv_size": [1, 0.5]},
								"up": {"uv": [6, 8], "uv_size": [1, 1.5]}
							}
						},
						{
							"origin": [-1.125, 1.22151, -3.5625],
							"size": [0.1875, 0.93198, 1.625],
							"pivot": [0, 1.6875, -3.0625],
							"rotation": [0, 0, 45],
							"uv": {
								"north": {"uv": [13, 11], "uv_size": [0.5, 1]},
								"east": {"uv": [7, 8], "uv_size": [1.5, 1]},
								"south": {"uv": [12, 13], "uv_size": [0.5, 1]}
							}
						},
						{
							"origin": [0.9365, 1.62998, -2.33081],
							"size": [0.1875, 0.25, 0.35356],
							"pivot": [1.03125, 1.75498, -2.14331],
							"rotation": [45, 0, 0],
							"uv": {
								"west": {"uv": [9, 18], "uv_size": [0.5, 0.5]},
								"down": {"uv": [18, 9.5], "uv_size": [0.5, -0.5]}
							}
						},
						{
							"origin": [-1.125, 1.53401, -3.3125],
							"size": [0.1875, 0.25, 1.125],
							"uv": {
								"east": {"uv": [13, 12], "uv_size": [1, 0.5]},
								"down": {"uv": [13, 14], "uv_size": [0.5, -1]}
							}
						},
						{
							"origin": [-1.124, 1.6224, -3.52589],
							"size": [0.1875, 0.25, 0.35356],
							"pivot": [-1.03125, 1.7474, -3.34911],
							"rotation": [-45, 0, 0],
							"uv": {
								"east": {"uv": [10, 18], "uv_size": [0.5, 0.5]},
								"down": {"uv": [18, 10.5], "uv_size": [0.5, -0.5]}
							}
						},
						{
							"origin": [-1.124, 1.62998, -2.33081],
							"size": [0.1875, 0.25, 0.35356],
							"pivot": [-1.03125, 1.75498, -2.14331],
							"rotation": [45, 0, 0],
							"uv": {
								"east": {"uv": [11, 18], "uv_size": [0.5, 0.5]},
								"down": {"uv": [18, 11.5], "uv_size": [0.5, -0.5]}
							}
						},
						{
							"origin": [0.9365, 1.6224, -3.52589],
							"size": [0.1875, 0.25, 0.35356],
							"pivot": [1.03125, 1.7474, -3.34911],
							"rotation": [-45, 0, 0],
							"uv": {
								"west": {"uv": [12, 18], "uv_size": [0.5, 0.5]},
								"down": {"uv": [18, 12.5], "uv_size": [0.5, -0.5]}
							}
						},
						{
							"origin": [0.9375, 1.53401, -3.3125],
							"size": [0.1875, 0.25, 1.125],
							"uv": {
								"west": {"uv": [14, 0], "uv_size": [1, 0.5]},
								"down": {"uv": [1, 15], "uv_size": [0.5, -1]}
							}
						},
						{
							"origin": [-1.125, 1.78401, -3.5625],
							"size": [0.1875, 0.36948, 1.625],
							"uv": {
								"north": {"uv": [13, 18], "uv_size": [0.5, 0.5]},
								"east": {"uv": [12, 9], "uv_size": [1.5, 0.5]},
								"south": {"uv": [18, 13], "uv_size": [0.5, 0.5]}
							}
						}
					]
				},
				{
					"name": "base_d",
					"parent": "scope_body",
					"pivot": [-0.875, 0.5625, -1.5625],
					"cubes": [
						{
							"origin": [-1.25, -0.29687, -2.75],
							"size": [0.25, 0.40625, 0.625],
							"uv": {
								"north": {"uv": [14, 18], "uv_size": [0.5, 0.5]},
								"east": {"uv": [18, 14], "uv_size": [0.5, 0.5]},
								"south": {"uv": [15, 18], "uv_size": [0.5, 0.5]},
								"up": {"uv": [18, 15], "uv_size": [0.5, 0.5]},
								"down": {"uv": [16, 18.5], "uv_size": [0.5, -0.5]}
							}
						},
						{
							"origin": [-1.25, -0.29687, -2.125],
							"size": [0.125, 0.40625, 1.6875],
							"uv": {
								"east": {"uv": [12, 10], "uv_size": [1.5, 0.5]},
								"south": {"uv": [18, 16], "uv_size": [0.5, 0.5]},
								"west": {"uv": [11, 12], "uv_size": [1.5, 0.5]},
								"up": {"uv": [0, 13], "uv_size": [0.5, 1.5]},
								"down": {"uv": [13, 1.5], "uv_size": [0.5, -1.5]}
							}
						}
					]
				},
				{
					"name": "base_f",
					"parent": "scope_body",
					"pivot": [-0.375, -0.875, -2.5625],
					"cubes": [
						{
							"origin": [-1, -0.375, -3],
							"size": [0.125, 0.5625, 1.875],
							"uv": {
								"east": {"uv": [9, 10], "uv_size": [2, 0.5]},
								"up": {"uv": [4, 11], "uv_size": [0.5, 2]},
								"down": {"uv": [5, 13], "uv_size": [0.5, -2]}
							}
						},
						{
							"origin": [-1.25, 0.125, -2.5],
							"size": [0.25, 0.0625, 0.875],
							"uv": {
								"east": {"uv": [14, 1], "uv_size": [1, 0.5]},
								"up": {"uv": [2, 14], "uv_size": [0.5, 1]},
								"down": {"uv": [3, 15], "uv_size": [0.5, -1]}
							}
						},
						{
							"origin": [-1.25, -0.375, -2.5],
							"size": [0.25, 0.0625, 0.875],
							"uv": {
								"east": {"uv": [4, 14], "uv_size": [1, 0.5]},
								"up": {"uv": [14, 4], "uv_size": [0.5, 1]},
								"down": {"uv": [5, 15], "uv_size": [0.5, -1]}
							}
						},
						{
							"origin": [-1.15403, -0.375, -2.71025],
							"size": [0.25, 0.0625, 0.35356],
							"pivot": [-1.02903, -0.34375, -2.54419],
							"rotation": [0, -45, 0],
							"uv": {
								"east": {"uv": [17, 18], "uv_size": [0.5, 0.5]},
								"up": {"uv": [18, 17], "uv_size": [0.5, 0.5]},
								"down": {"uv": [18, 18.5], "uv_size": [0.5, -0.5]}
							}
						},
						{
							"origin": [-1.15403, 0.125, -2.71025],
							"size": [0.25, 0.0625, 0.35356],
							"pivot": [-1.02903, 0.15625, -2.54419],
							"rotation": [0, -45, 0],
							"uv": {
								"east": {"uv": [0, 19], "uv_size": [0.5, 0.5]},
								"up": {"uv": [19, 0], "uv_size": [0.5, 0.5]},
								"down": {"uv": [1, 19.5], "uv_size": [0.5, -0.5]}
							}
						},
						{
							"origin": [-1.16161, 0.125, -1.76517],
							"size": [0.25, 0.0625, 0.35356],
							"pivot": [-1.03661, -0.03125, -1.58839],
							"rotation": [0, 45, 0],
							"uv": {
								"east": {"uv": [19, 1], "uv_size": [0.5, 0.5]},
								"up": {"uv": [2, 19], "uv_size": [0.5, 0.5]},
								"down": {"uv": [19, 2.5], "uv_size": [0.5, -0.5]}
							}
						},
						{
							"origin": [-1.16161, -0.375, -1.76517],
							"size": [0.25, 0.0625, 0.35356],
							"pivot": [-1.03661, -0.15625, -1.58839],
							"rotation": [0, 45, 0],
							"uv": {
								"east": {"uv": [3, 19], "uv_size": [0.5, 0.5]},
								"up": {"uv": [19, 3], "uv_size": [0.5, 0.5]},
								"down": {"uv": [4, 19.5], "uv_size": [0.5, -0.5]}
							}
						},
						{
							"origin": [-0.97411, -0.375, -3.11428],
							"size": [0.125, 0.5625, 0.17678],
							"pivot": [-0.91161, -0.15625, -3],
							"rotation": [0, -45, 0],
							"uv": {
								"east": {"uv": [19, 4], "uv_size": [0.5, 0.5]},
								"up": {"uv": [5, 19], "uv_size": [0.5, 0.5]},
								"down": {"uv": [19, 5.5], "uv_size": [0.5, -0.5]}
							}
						},
						{
							"origin": [-0.95581, -0.375, -1.19508],
							"size": [0.125, 0.5625, 0.17677],
							"pivot": [-0.89331, -0.15625, -1.10669],
							"rotation": [0, 45, 0],
							"uv": {
								"east": {"uv": [6, 19], "uv_size": [0.5, 0.5]},
								"up": {"uv": [19, 6], "uv_size": [0.5, 0.5]},
								"down": {"uv": [7, 19.5], "uv_size": [0.5, -0.5]}
							}
						},
						{
							"origin": [0.375, -0.375, -4.125],
							"size": [0.34375, 0.375, 1.125],
							"uv": {
								"north": {"uv": [19, 7], "uv_size": [0.5, 0.5]},
								"east": {"uv": [14, 5], "uv_size": [1, 0.5]},
								"south": {"uv": [8, 19], "uv_size": [0.5, 0.5]},
								"down": {"uv": [6, 15], "uv_size": [0.5, -1]}
							}
						},
						{
							"origin": [-0.875, 0, -4.125],
							"size": [1.75, 0.1875, 4.125],
							"uv": {
								"north": {"uv": [11, 6], "uv_size": [2, 0.5]},
								"east": {"uv": [0, 7], "uv_size": [4, 0.5]},
								"south": {"uv": [11, 7], "uv_size": [2, 0.5]},
								"west": {"uv": [4, 7], "uv_size": [4, 0.5]},
								"down": {"uv": [0, 4], "uv_size": [2, -4]}
							}
						},
						{
							"origin": [0.61099, -0.4159, -4.125],
							"size": [0.1875, 0.40625, 1.125],
							"pivot": [0.86099, -0.19715, -2.0625],
							"rotation": [0, 0, 22.5],
							"uv": {
								"north": {"uv": [19, 8], "uv_size": [0.5, 0.5]},
								"south": {"uv": [9, 19], "uv_size": [0.5, 0.5]},
								"west": {"uv": [7, 14], "uv_size": [1, 0.5]},
								"down": {"uv": [8, 15], "uv_size": [0.5, -1]}
							}
						},
						{
							"origin": [0.375, -0.375, -1.125],
							"size": [0.34375, 0.375, 1.125],
							"uv": {
								"north": {"uv": [19, 9], "uv_size": [0.5, 0.5]},
								"east": {"uv": [14, 8], "uv_size": [1, 0.5]},
								"south": {"uv": [10, 19], "uv_size": [0.5, 0.5]},
								"down": {"uv": [9, 15], "uv_size": [0.5, -1]}
							}
						},
						{
							"origin": [0.61099, -0.4159, -1.125],
							"size": [0.1875, 0.40625, 1.125],
							"pivot": [0.86099, -0.19715, 0.9375],
							"rotation": [0, 0, 22.5],
							"uv": {
								"north": {"uv": [19, 10], "uv_size": [0.5, 0.5]},
								"south": {"uv": [11, 19], "uv_size": [0.5, 0.5]},
								"west": {"uv": [14, 9], "uv_size": [1, 0.5]},
								"down": {"uv": [10, 15], "uv_size": [0.5, -1]}
							}
						},
						{
							"origin": [-0.875, -0.375, -3.125],
							"size": [0.5, 0.375, 2.125],
							"uv": {
								"north": {"uv": [19, 11], "uv_size": [0.5, 0.5]},
								"south": {"uv": [12, 19], "uv_size": [0.5, 0.5]},
								"west": {"uv": [11, 8], "uv_size": [2, 0.5]},
								"down": {"uv": [6, 13], "uv_size": [0.5, -2]}
							}
						}
					]
				},
				{
					"name": "knob_d",
					"parent": "scope_body",
					"pivot": [0.90625, 1.60156, -2.0625],
					"cubes": [
						{
							"origin": [-1, 1.39063, -1.54687],
							"size": [0.1875, 0.42187, 0.45312],
							"uv": {
								"north": {"uv": [19, 12], "uv_size": [0.5, 0.5]},
								"east": {"uv": [13, 19], "uv_size": [0.5, 0.5]},
								"south": {"uv": [19, 13], "uv_size": [0.5, 0.5]},
								"down": {"uv": [14, 19.5], "uv_size": [0.5, -0.5]}
							}
						},
						{
							"origin": [-1, 1.8125, -1.54687],
							"size": [0.1875, 0.1927, 0.3733],
							"uv": {
								"north": {"uv": [19, 14], "uv_size": [0.5, 0.5]},
								"east": {"uv": [15, 19], "uv_size": [0.5, 0.5]},
								"up": {"uv": [19, 15], "uv_size": [0.5, 0.5]}
							}
						},
						{
							"origin": [-1, 1.82267, -1.21875],
							"size": [0.1875, 0.20858, 0.13635],
							"pivot": [-0.90625, 1.78906, -1.0625],
							"rotation": [22.5, 0, 0],
							"uv": {
								"east": {"uv": [16, 19], "uv_size": [0.5, 0.5]},
								"south": {"uv": [19, 16], "uv_size": [0.5, 0.5]},
								"west": {"uv": [17, 19], "uv_size": [0.5, 0.5]}
							}
						},
						{
							"origin": [0.8125, 1.8125, -1.54687],
							"size": [0.1875, 0.1927, 0.3733],
							"uv": {
								"north": {"uv": [19, 17], "uv_size": [0.5, 0.5]},
								"west": {"uv": [18, 19], "uv_size": [0.5, 0.5]},
								"up": {"uv": [19, 18], "uv_size": [0.5, 0.5]}
							}
						},
						{
							"origin": [0.8125, 1.39063, -1.54687],
							"size": [0.1875, 0.42187, 0.45312],
							"uv": {
								"north": {"uv": [19, 19], "uv_size": [0.5, 0.5]},
								"south": {"uv": [0, 20], "uv_size": [0.5, 0.5]},
								"west": {"uv": [20, 0], "uv_size": [0.5, 0.5]},
								"down": {"uv": [1, 20.5], "uv_size": [0.5, -0.5]}
							}
						},
						{
							"origin": [0.8125, 1.82267, -1.21875],
							"size": [0.1875, 0.20858, 0.13635],
							"pivot": [0.90625, 1.78906, -1.0625],
							"rotation": [22.5, 0, 0],
							"uv": {
								"east": {"uv": [20, 1], "uv_size": [0.5, 0.5]},
								"south": {"uv": [2, 20], "uv_size": [0.5, 0.5]},
								"west": {"uv": [20, 2], "uv_size": [0.5, 0.5]}
							}
						}
					]
				},
				{
					"name": "body_d",
					"parent": "scope_body",
					"pivot": [0, 0.625, -2.1875]
				},
				{
					"name": "group",
					"parent": "body_d",
					"pivot": [0.90625, 1.60156, -2.0625],
					"cubes": [
						{
							"origin": [-0.46599, 0.5625, -4.125],
							"size": [0.93198, 0.1875, 0.5],
							"pivot": [0, 1.6875, -3.625],
							"rotation": [0, 0, 45],
							"uv": {
								"north": {"uv": [14, 10], "uv_size": [1, 0.5]},
								"up": {"uv": [11, 14], "uv_size": [1, 0.5]},
								"down": {"uv": [14, 11.5], "uv_size": [1, -0.5]}
							}
						},
						{
							"origin": [-0.46599, 2.625, -4.125],
							"size": [0.93198, 0.1875, 0.5],
							"uv": {
								"north": {"uv": [12, 14], "uv_size": [1, 0.5]},
								"south": {"uv": [14, 12], "uv_size": [1, 0.5]},
								"up": {"uv": [13, 14], "uv_size": [1, 0.5]},
								"down": {"uv": [14, 13.5], "uv_size": [1, -0.5]}
							}
						},
						{
							"origin": [0.9375, 1.22151, -4.125],
							"size": [0.1875, 0.93198, 0.5],
							"pivot": [0, 1.6875, -3.625],
							"rotation": [0, 0, 45],
							"uv": {
								"north": {"uv": [14, 14], "uv_size": [0.5, 1]},
								"east": {"uv": [0, 15], "uv_size": [0.5, 1]},
								"west": {"uv": [15, 0], "uv_size": [0.5, 1]}
							}
						},
						{
							"origin": [-0.40349, 0.6875, -4.125],
							"size": [0.80698, 0.0625, 0.5],
							"uv": {
								"north": {"uv": [1, 15], "uv_size": [1, 0.5]},
								"up": {"uv": [15, 1], "uv_size": [1, 0.5]}
							}
						},
						{
							"origin": [0.9375, 1.22151, -4.125],
							"size": [0.1875, 0.93198, 0.5],
							"uv": {
								"north": {"uv": [2, 15], "uv_size": [0.5, 1]},
								"east": {"uv": [15, 2], "uv_size": [0.5, 1]},
								"south": {"uv": [3, 15], "uv_size": [0.5, 1]},
								"west": {"uv": [15, 3], "uv_size": [0.5, 1]}
							}
						},
						{
							"origin": [-1.125, 1.22151, -4.125],
							"size": [0.1875, 0.93198, 0.5],
							"pivot": [0, 1.6875, -3.625],
							"rotation": [0, 0, 45],
							"uv": {
								"north": {"uv": [4, 15], "uv_size": [0.5, 1]},
								"east": {"uv": [15, 4], "uv_size": [0.5, 1]},
								"south": {"uv": [5, 15], "uv_size": [0.5, 1]},
								"west": {"uv": [15, 5], "uv_size": [0.5, 1]}
							}
						},
						{
							"origin": [-1.125, 1.22151, -4.125],
							"size": [0.1875, 0.93198, 0.5],
							"uv": {
								"north": {"uv": [6, 15], "uv_size": [0.5, 1]},
								"east": {"uv": [15, 6], "uv_size": [0.5, 1]},
								"south": {"uv": [7, 15], "uv_size": [0.5, 1]},
								"west": {"uv": [15, 7], "uv_size": [0.5, 1]}
							}
						},
						{
							"origin": [-0.46599, 0.5625, -1.875],
							"size": [0.93198, 0.1875, 0.3125],
							"pivot": [0, 1.6875, -1.375],
							"rotation": [0, 0, 45],
							"uv": {
								"south": {"uv": [8, 15], "uv_size": [1, 0.5]},
								"down": {"uv": [15, 8.5], "uv_size": [1, -0.5]}
							}
						},
						{
							"origin": [-0.46599, 2.625, -1.875],
							"size": [0.93198, 0.1875, 0.3125],
							"pivot": [0, 1.6875, -1.375],
							"rotation": [0, 0, 45],
							"uv": {
								"north": {"uv": [9, 15], "uv_size": [1, 0.5]},
								"south": {"uv": [15, 9], "uv_size": [1, 0.5]},
								"up": {"uv": [10, 15], "uv_size": [1, 0.5]}
							}
						},
						{
							"origin": [-0.46599, 2.625, -1.875],
							"size": [0.93198, 0.1875, 0.3125],
							"uv": {
								"north": {"uv": [15, 10], "uv_size": [1, 0.5]},
								"south": {"uv": [11, 15], "uv_size": [1, 0.5]},
								"up": {"uv": [15, 11], "uv_size": [1, 0.5]}
							}
						},
						{
							"origin": [0.9375, 1.22151, -1.875],
							"size": [0.1875, 0.93198, 0.3125],
							"pivot": [0, 1.6875, -1.375],
							"rotation": [0, 0, 45],
							"uv": {
								"south": {"uv": [12, 15], "uv_size": [0.5, 1]},
								"west": {"uv": [15, 12], "uv_size": [0.5, 1]}
							}
						},
						{
							"origin": [0.9375, 1.22151, -1.875],
							"size": [0.1875, 0.93198, 0.3125],
							"uv": {
								"north": {"uv": [13, 15], "uv_size": [0.5, 1]},
								"south": {"uv": [15, 13], "uv_size": [0.5, 1]},
								"west": {"uv": [14, 15], "uv_size": [0.5, 1]}
							}
						},
						{
							"origin": [-1.125, 1.22151, -1.875],
							"size": [0.1875, 0.93198, 0.3125],
							"pivot": [0, 1.6875, -1.375],
							"rotation": [0, 0, 45],
							"uv": {
								"north": {"uv": [15, 14], "uv_size": [0.5, 1]},
								"east": {"uv": [15, 15], "uv_size": [0.5, 1]},
								"south": {"uv": [0, 16], "uv_size": [0.5, 1]}
							}
						},
						{
							"origin": [-1.125, 1.22151, -1.875],
							"size": [0.1875, 0.93198, 0.3125],
							"uv": {
								"north": {"uv": [16, 0], "uv_size": [0.5, 1]},
								"east": {"uv": [1, 16], "uv_size": [0.5, 1]},
								"south": {"uv": [16, 1], "uv_size": [0.5, 1]}
							}
						},
						{
							"origin": [-0.41421, 0.6875, -3.875],
							"size": [0.82842, 0.125, 2.3125],
							"pivot": [0, 1.6875, -2.375],
							"rotation": [0, 0, 45],
							"uv": {
								"north": {"uv": [2, 16], "uv_size": [1, 0.5]},
								"south": {"uv": [16, 2], "uv_size": [1, 0.5]},
								"up": {"uv": [4, 0], "uv_size": [1, 2.5]}
							}
						},
						{
							"origin": [-0.41421, 0.6875, -3.875],
							"size": [0.82842, 0.125, 2.3125],
							"uv": {
								"north": {"uv": [3, 16], "uv_size": [1, 0.5]},
								"up": {"uv": [2, 4], "uv_size": [1, 2.5]}
							}
						},
						{
							"origin": [-0.41421, 2.5625, -3.875],
							"size": [0.82842, 0.125, 2.3125],
							"pivot": [0, 1.6875, -2.375],
							"rotation": [0, 0, 45],
							"uv": {
								"north": {"uv": [16, 3], "uv_size": [1, 0.5]},
								"up": {"uv": [3, 4], "uv_size": [1, 2.5]},
								"down": {"uv": [4, 5.5], "uv_size": [1, -2.5]}
							}
						},
						{
							"origin": [-0.41421, 2.5625, -3.875],
							"size": [0.82842, 0.125, 2.3125],
							"uv": {
								"north": {"uv": [4, 16], "uv_size": [1, 0.5]},
								"up": {"uv": [5, 0], "uv_size": [1, 2.5]},
								"down": {"uv": [5, 5.5], "uv_size": [1, -2.5]}
							}
						},
						{
							"origin": [0.875, 1.27329, -3.875],
							"size": [0.125, 0.82842, 2.3125],
							"pivot": [0, 1.6875, -2.375],
							"rotation": [0, 0, 45],
							"uv": {
								"north": {"uv": [16, 4], "uv_size": [0.5, 1]},
								"east": {"uv": [6, 0], "uv_size": [2.5, 1]},
								"south": {"uv": [5, 16], "uv_size": [0.5, 1]}
							}
						},
						{
							"origin": [0.875, 1.27329, -3.875],
							"size": [0.125, 0.82842, 2.3125],
							"uv": {
								"north": {"uv": [16, 5], "uv_size": [0.5, 1]},
								"east": {"uv": [6, 1], "uv_size": [2.5, 1]},
								"south": {"uv": [6, 16], "uv_size": [0.5, 1]},
								"west": {"uv": [6, 2], "uv_size": [2.5, 1]}
							}
						},
						{
							"origin": [-1, 1.27329, -3.875],
							"size": [0.125, 0.82842, 2.3125],
							"pivot": [0, 1.6875, -2.375],
							"rotation": [0, 0, 45],
							"uv": {
								"north": {"uv": [16, 6], "uv_size": [0.5, 1]},
								"east": {"uv": [6, 3], "uv_size": [2.5, 1]},
								"south": {"uv": [7, 16], "uv_size": [0.5, 1]},
								"west": {"uv": [4, 6], "uv_size": [2.5, 1]}
							}
						},
						{
							"origin": [-1, 1.27329, -3.875],
							"size": [0.125, 0.82842, 2.3125],
							"uv": {
								"north": {"uv": [16, 7], "uv_size": [0.5, 1]},
								"east": {"uv": [6, 4], "uv_size": [2.5, 1]},
								"south": {"uv": [8, 16], "uv_size": [0.5, 1]},
								"west": {"uv": [6, 5], "uv_size": [2.5, 1]}
							}
						},
						{
							"origin": [-0.46599, 0.5625, -3.625],
							"size": [0.93198, 0.1875, 1.75],
							"pivot": [0, 1.6875, -3.125],
							"rotation": [0, 0, 45],
							"uv": {
								"down": {"uv": [0, 10], "uv_size": [1, -2]}
							}
						},
						{
							"origin": [-0.46599, 0.5625, -3.625],
							"size": [0.93198, 0.1875, 1.75],
							"uv": {
								"north": {"uv": [16, 8], "uv_size": [1, 0.5]}
							}
						},
						{
							"origin": [0.9375, 1.22151, -3.625],
							"size": [0.1875, 0.93198, 1.75],
							"pivot": [0, 1.6875, -3.125],
							"rotation": [0, 0, 45],
							"uv": {
								"west": {"uv": [0, 6], "uv_size": [2, 1]}
							}
						},
						{
							"origin": [0.9375, 1.22151, -3.625],
							"size": [0.1875, 0.25, 1.75],
							"uv": {
								"west": {"uv": [9, 11], "uv_size": [2, 0.5]},
								"up": {"uv": [11, 9], "uv_size": [0.5, 2]}
							}
						},
						{
							"origin": [-1.125, 1.22151, -3.625],
							"size": [0.1875, 0.25, 1.75],
							"uv": {
								"east": {"uv": [11, 11], "uv_size": [2, 0.5]},
								"up": {"uv": [12, 0], "uv_size": [0.5, 2]}
							}
						},
						{
							"origin": [-0.46599, 2.625, -4.125],
							"size": [0.93198, 0.1875, 0.5],
							"pivot": [0, 1.6875, -3.625],
							"rotation": [0, 0, 45],
							"uv": {
								"north": {"uv": [9, 16], "uv_size": [1, 0.5]},
								"south": {"uv": [16, 9], "uv_size": [1, 0.5]},
								"up": {"uv": [10, 16], "uv_size": [1, 0.5]},
								"down": {"uv": [16, 10.5], "uv_size": [1, -0.5]}
							}
						},
						{
							"origin": [-1.124, 1.43046, -3.80362],
							"size": [0.1875, 0.24448, 0.4375],
							"pivot": [-1.03125, 1.58395, -3.61612],
							"rotation": [-45, 0, 0],
							"uv": {
								"east": {"uv": [3, 20], "uv_size": [0.5, 0.5]},
								"west": {"uv": [20, 3], "uv_size": [0.5, 0.5]},
								"up": {"uv": [4, 20], "uv_size": [0.5, 0.5]}
							}
						},
						{
							"origin": [-1.124, 1.41751, -2.10263],
							"size": [0.1875, 0.24448, 0.4375],
							"pivot": [-1.03125, 1.53975, -1.88388],
							"rotation": [45, 0, 0],
							"uv": {
								"east": {"uv": [20, 4], "uv_size": [0.5, 0.5]},
								"west": {"uv": [5, 20], "uv_size": [0.5, 0.5]},
								"up": {"uv": [20, 5], "uv_size": [0.5, 0.5]}
							}
						},
						{
							"origin": [0.9365, 1.43046, -3.80362],
							"size": [0.1875, 0.24448, 0.4375],
							"pivot": [1.03125, 1.58395, -3.61612],
							"rotation": [-45, 0, 0],
							"uv": {
								"east": {"uv": [6, 20], "uv_size": [0.5, 0.5]},
								"west": {"uv": [20, 6], "uv_size": [0.5, 0.5]},
								"up": {"uv": [7, 20], "uv_size": [0.5, 0.5]}
							}
						},
						{
							"origin": [0.9365, 1.41751, -2.10263],
							"size": [0.1875, 0.24448, 0.4375],
							"pivot": [1.03125, 1.53975, -1.88388],
							"rotation": [45, 0, 0],
							"uv": {
								"east": {"uv": [20, 7], "uv_size": [0.5, 0.5]},
								"west": {"uv": [8, 20], "uv_size": [0.5, 0.5]},
								"up": {"uv": [20, 8], "uv_size": [0.5, 0.5]}
							}
						},
						{
							"origin": [-0.22671, 0.6875, -1.5625],
							"size": [0.64092, 0.25, 0.3125],
							"pivot": [0, 1.6875, -1.1875],
							"rotation": [0, 0, 45],
							"uv": {
								"north": {"uv": [9, 20], "uv_size": [0.5, 0.5]},
								"south": {"uv": [20, 9], "uv_size": [0.5, 0.5]}
							}
						},
						{
							"origin": [-0.41421, 2.4375, -1.5625],
							"size": [0.82842, 0.25, 0.3125],
							"pivot": [0, 1.6875, -1.1875],
							"rotation": [0, 0, 45],
							"uv": {
								"north": {"uv": [11, 16], "uv_size": [1, 0.5]},
								"south": {"uv": [16, 11], "uv_size": [1, 0.5]},
								"west": {"uv": [10, 20], "uv_size": [0.5, 0.5]},
								"up": {"uv": [12, 16], "uv_size": [1, 0.5]}
							}
						},
						{
							"origin": [-0.41421, 0.6875, -1.5625],
							"size": [0.64092, 0.25, 0.3125],
							"pivot": [0, 1.6875, -1.1875],
							"rotation": [0, 0, -45],
							"uv": {
								"north": {"uv": [20, 10], "uv_size": [0.5, 0.5]},
								"south": {"uv": [11, 20], "uv_size": [0.5, 0.5]}
							}
						},
						{
							"origin": [-0.41421, 2.4375, -1.5625],
							"size": [0.82842, 0.25, 0.3125],
							"uv": {
								"north": {"uv": [16, 12], "uv_size": [1, 0.5]},
								"south": {"uv": [13, 16], "uv_size": [1, 0.5]}
							}
						},
						{
							"origin": [-1, 1.33579, -1.5625],
							"size": [0.25, 0.76592, 0.3125],
							"pivot": [0, 1.6875, -1.1875],
							"rotation": [0, 0, 45],
							"uv": {
								"north": {"uv": [16, 13], "uv_size": [0.5, 1]},
								"east": {"uv": [14, 16], "uv_size": [0.5, 1]},
								"south": {"uv": [16, 14], "uv_size": [0.5, 1]}
							}
						},
						{
							"origin": [-0.36244, 2.4375, -1.25],
							"size": [0.72488, 0.125, 0.3125],
							"pivot": [0, 1.6875, -1.1875],
							"rotation": [0, 0, 45],
							"uv": {
								"south": {"uv": [20, 11], "uv_size": [0.5, 0.5]},
								"up": {"uv": [12, 20], "uv_size": [0.5, 0.5]}
							}
						},
						{
							"origin": [-0.36244, 2.4375, -1.25],
							"size": [0.72488, 0.125, 0.3125],
							"uv": {
								"south": {"uv": [20, 12], "uv_size": [0.5, 0.5]},
								"up": {"uv": [13, 20], "uv_size": [0.5, 0.5]}
							}
						},
						{
							"origin": [-0.875, 1.32506, -1.25],
							"size": [0.125, 0.72488, 0.3125],
							"pivot": [0, 1.6875, -1.1875],
							"rotation": [0, 0, 45],
							"uv": {
								"north": {"uv": [20, 13], "uv_size": [0.5, 0.5]},
								"east": {"uv": [14, 20], "uv_size": [0.5, 0.5]},
								"south": {"uv": [20, 14], "uv_size": [0.5, 0.5]}
							}
						},
						{
							"origin": [-0.41421, 2.50205, -1.62262],
							"size": [0.82842, 0.1209, 0.33655],
							"pivot": [0, 2.56455, -1.10577],
							"rotation": [-22.5, 0, 0],
							"uv": {
								"north": {"uv": [15, 16], "uv_size": [1, 0.5]},
								"east": {"uv": [15, 20], "uv_size": [0.5, 0.5]},
								"west": {"uv": [20, 15], "uv_size": [0.5, 0.5]},
								"up": {"uv": [16, 15], "uv_size": [1, 0.5]}
							}
						},
						{
							"origin": [-0.875, 0.875, -1.5625],
							"size": [0.1875, 1.17494, 0.625],
							"uv": {
								"north": {"uv": [16, 16], "uv_size": [0.5, 1]},
								"east": {"uv": [0, 17], "uv_size": [0.5, 1]},
								"south": {"uv": [17, 0], "uv_size": [0.5, 1]}
							}
						},
						{
							"origin": [0.375, 0.89063, -1.5625],
							"size": [0.46875, 0.23743, 0.625],
							"pivot": [0.53125, 1.04059, -1.25],
							"rotation": [0, 0, -45],
							"uv": {
								"north": {"uv": [16, 20], "uv_size": [0.5, 0.5]},
								"east": {"uv": [20, 16], "uv_size": [0.5, 0.5]},
								"south": {"uv": [17, 20], "uv_size": [0.5, 0.5]}
							}
						},
						{
							"origin": [0.6875, 0.875, -1.5625],
							"size": [0.1875, 1.17494, 0.625],
							"uv": {
								"north": {"uv": [1, 17], "uv_size": [0.5, 1]},
								"south": {"uv": [17, 1], "uv_size": [0.5, 1]},
								"west": {"uv": [2, 17], "uv_size": [0.5, 1]}
							}
						},
						{
							"origin": [-0.84375, 0.89063, -1.5625],
							"size": [0.46875, 0.23743, 0.625],
							"pivot": [-0.53125, 1.04059, -1.25],
							"rotation": [0, 0, 45],
							"uv": {
								"north": {"uv": [20, 17], "uv_size": [0.5, 0.5]},
								"south": {"uv": [18, 20], "uv_size": [0.5, 0.5]},
								"west": {"uv": [20, 18], "uv_size": [0.5, 0.5]}
							}
						},
						{
							"origin": [-1, 1.21875, -1.5625],
							"size": [0.1875, 0.125, 0.5],
							"uv": {
								"north": {"uv": [19, 20], "uv_size": [0.5, 0.5]},
								"east": {"uv": [20, 19], "uv_size": [0.5, 0.5]},
								"up": {"uv": [20, 20], "uv_size": [0.5, 0.5]},
								"down": {"uv": [0, 21.5], "uv_size": [0.5, -0.5]}
							}
						},
						{
							"origin": [-0.6875, 0.875, -1.5625],
							"size": [1.375, 0.11244, 0.625],
							"uv": {
								"north": {"uv": [1, 13], "uv_size": [1.5, 0.5]},
								"south": {"uv": [13, 2], "uv_size": [1.5, 0.5]},
								"up": {"uv": [13, 3], "uv_size": [1.5, 0.5]}
							}
						},
						{
							"origin": [-1, 1.34375, -1.0625],
							"size": [0.1875, 0.50796, 0.125],
							"uv": {
								"north": {"uv": [21, 0], "uv_size": [0.5, 0.5]},
								"east": {"uv": [1, 21], "uv_size": [0.5, 0.5]},
								"south": {"uv": [21, 1], "uv_size": [0.5, 0.5]}
							}
						},
						{
							"origin": [-1, 2.02849, -1.5625],
							"size": [0.25, 0.125, 0.5],
							"uv": {
								"north": {"uv": [2, 21], "uv_size": [0.5, 0.5]},
								"east": {"uv": [21, 2], "uv_size": [0.5, 0.5]},
								"up": {"uv": [3, 21], "uv_size": [0.5, 0.5]},
								"down": {"uv": [21, 3.5], "uv_size": [0.5, -0.5]}
							}
						},
						{
							"origin": [-1, 1.80959, -1.14927],
							"size": [0.25, 0.32664, 0.125],
							"pivot": [-0.90625, 2.04876, -1.08677],
							"rotation": [22.5, 0, 0],
							"uv": {
								"north": {"uv": [4, 21], "uv_size": [0.5, 0.5]},
								"east": {"uv": [21, 4], "uv_size": [0.5, 0.5]},
								"south": {"uv": [5, 21], "uv_size": [0.5, 0.5]},
								"west": {"uv": [21, 5], "uv_size": [0.5, 0.5]}
							}
						},
						{
							"origin": [-1, 1.37722, -1.17992],
							"size": [0.1875, 0.125, 0.17678],
							"pivot": [-0.90625, 1.43972, -0.92992],
							"rotation": [45, 0, 0],
							"uv": {
								"east": {"uv": [6, 21], "uv_size": [0.5, 0.5]},
								"west": {"uv": [21, 6], "uv_size": [0.5, 0.5]},
								"up": {"uv": [7, 21], "uv_size": [0.5, 0.5]},
								"down": {"uv": [21, 7.5], "uv_size": [0.5, -0.5]}
							}
						},
						{
							"origin": [-1.09388, 2.02849, -1.59355],
							"size": [0.125, 0.125, 0.375],
							"pivot": [-1.03138, 1.71201, -1.4998],
							"rotation": [0, 22.5, 0],
							"uv": {
								"east": {"uv": [8, 21], "uv_size": [0.5, 0.5]},
								"up": {"uv": [21, 8], "uv_size": [0.5, 0.5]},
								"down": {"uv": [9, 21.5], "uv_size": [0.5, -0.5]}
							}
						},
						{
							"origin": [-1.09388, 1.21875, -1.59355],
							"size": [0.125, 0.125, 0.375],
							"pivot": [-1.03138, 1.66023, -1.4998],
							"rotation": [0, 22.5, 0],
							"uv": {
								"north": {"uv": [21, 9], "uv_size": [0.5, 0.5]},
								"east": {"uv": [10, 21], "uv_size": [0.5, 0.5]},
								"west": {"uv": [21, 10], "uv_size": [0.5, 0.5]},
								"up": {"uv": [11, 21], "uv_size": [0.5, 0.5]},
								"down": {"uv": [21, 11.5], "uv_size": [0.5, -0.5]}
							}
						},
						{
							"origin": [0.96888, 2.02849, -1.59355],
							"size": [0.125, 0.125, 0.375],
							"pivot": [1.03138, 1.71201, -1.4998],
							"rotation": [0, -22.5, 0],
							"uv": {
								"west": {"uv": [12, 21], "uv_size": [0.5, 0.5]},
								"up": {"uv": [21, 12], "uv_size": [0.5, 0.5]},
								"down": {"uv": [13, 21.5], "uv_size": [0.5, -0.5]}
							}
						},
						{
							"origin": [0.8125, 2.02849, -1.5625],
							"size": [0.1875, 0.125, 0.5],
							"uv": {
								"north": {"uv": [21, 13], "uv_size": [0.5, 0.5]},
								"east": {"uv": [14, 21], "uv_size": [0.5, 0.5]},
								"west": {"uv": [21, 14], "uv_size": [0.5, 0.5]},
								"up": {"uv": [15, 21], "uv_size": [0.5, 0.5]},
								"down": {"uv": [21, 15.5], "uv_size": [0.5, -0.5]}
							}
						},
						{
							"origin": [0.8125, 1.80959, -1.14927],
							"size": [0.1875, 0.32664, 0.125],
							"pivot": [0.90625, 2.04876, -1.08677],
							"rotation": [22.5, 0, 0],
							"uv": {
								"north": {"uv": [16, 21], "uv_size": [0.5, 0.5]},
								"east": {"uv": [21, 16], "uv_size": [0.5, 0.5]},
								"south": {"uv": [17, 21], "uv_size": [0.5, 0.5]},
								"west": {"uv": [21, 17], "uv_size": [0.5, 0.5]}
							}
						},
						{
							"origin": [0.8125, 1.34375, -1.0625],
							"size": [0.1875, 0.50796, 0.125],
							"uv": {
								"north": {"uv": [18, 21], "uv_size": [0.5, 0.5]},
								"south": {"uv": [21, 18], "uv_size": [0.5, 0.5]},
								"west": {"uv": [19, 21], "uv_size": [0.5, 0.5]}
							}
						},
						{
							"origin": [0.8125, 1.37722, -1.17992],
							"size": [0.1875, 0.125, 0.17678],
							"pivot": [0.90625, 1.43972, -0.92992],
							"rotation": [45, 0, 0],
							"uv": {
								"east": {"uv": [21, 19], "uv_size": [0.5, 0.5]},
								"west": {"uv": [20, 21], "uv_size": [0.5, 0.5]},
								"up": {"uv": [21, 20], "uv_size": [0.5, 0.5]},
								"down": {"uv": [21, 21.5], "uv_size": [0.5, -0.5]}
							}
						},
						{
							"origin": [0.8125, 1.21875, -1.5625],
							"size": [0.1875, 0.125, 0.5],
							"uv": {
								"north": {"uv": [0, 22], "uv_size": [0.5, 0.5]},
								"west": {"uv": [22, 0], "uv_size": [0.5, 0.5]},
								"up": {"uv": [1, 22], "uv_size": [0.5, 0.5]},
								"down": {"uv": [22, 1.5], "uv_size": [0.5, -0.5]}
							}
						},
						{
							"origin": [0.96888, 1.21875, -1.59355],
							"size": [0.125, 0.125, 0.375],
							"pivot": [1.03138, 1.66023, -1.4998],
							"rotation": [0, -22.5, 0],
							"uv": {
								"north": {"uv": [2, 22], "uv_size": [0.5, 0.5]},
								"east": {"uv": [22, 2], "uv_size": [0.5, 0.5]},
								"west": {"uv": [3, 22], "uv_size": [0.5, 0.5]},
								"up": {"uv": [22, 3], "uv_size": [0.5, 0.5]},
								"down": {"uv": [4, 22.5], "uv_size": [0.5, -0.5]}
							}
						},
						{
							"origin": [0.59375, 0.6875, -4.125],
							"size": [0.21875, 0.25, 2.5625],
							"uv": {
								"north": {"uv": [22, 4], "uv_size": [0.5, 0.5]},
								"east": {"uv": [10, 2], "uv_size": [2.5, 0.5]}
							}
						},
						{
							"origin": [-0.8125, 0.6875, -4.125],
							"size": [0.21875, 0.25, 2.5625],
							"uv": {
								"north": {"uv": [5, 22], "uv_size": [0.5, 0.5]},
								"west": {"uv": [10, 3], "uv_size": [2.5, 0.5]}
							}
						},
						{
							"origin": [0.79509, 0.64659, -4.125],
							"size": [0.19717, 0.6549, 2.5625],
							"pivot": [0.85759, 0.92784, -2.84375],
							"rotation": [0, 0, 22.5],
							"uv": {
								"north": {"uv": [22, 5], "uv_size": [0.5, 0.5]},
								"south": {"uv": [6, 22], "uv_size": [0.5, 0.5]},
								"west": {"uv": [4, 10], "uv_size": [2.5, 0.5]},
								"down": {"uv": [0, 12.5], "uv_size": [0.5, -2.5]}
							}
						}
					]
				},
				{
					"name": "base",
					"parent": "body_d",
					"pivot": [-0.5, 0.125, -2.6875],
					"cubes": [
						{
							"origin": [-0.875, 0.1875, -4.125],
							"size": [1.6875, 0.5, 4.125],
							"uv": {
								"north": {"uv": [4, 13], "uv_size": [1.5, 0.5]},
								"east": {"uv": [7, 6], "uv_size": [4, 0.5]},
								"south": {"uv": [6, 13], "uv_size": [1.5, 0.5]},
								"west": {"uv": [1, 8], "uv_size": [4, 0.5]},
								"up": {"uv": [2, 0], "uv_size": [1.5, 4]}
							}
						},
						{
							"origin": [-0.875, 0.6875, -1.5625],
							"size": [1.75, 0.1875, 1.375],
							"uv": {
								"north": {"uv": [1, 12], "uv_size": [2, 0.5]},
								"east": {"uv": [13, 6], "uv_size": [1.5, 0.5]},
								"west": {"uv": [13, 7], "uv_size": [1.5, 0.5]},
								"up": {"uv": [0, 4], "uv_size": [2, 1.5]}
							}
						},
						{
							"origin": [-0.875, 0.41475, -0.37814],
							"size": [1.75, 0.25, 0.26516],
							"pivot": [0, 0.53975, -0.02903],
							"rotation": [-45, 0, 0],
							"uv": {
								"east": {"uv": [22, 6], "uv_size": [0.5, 0.5]},
								"west": {"uv": [7, 22], "uv_size": [0.5, 0.5]},
								"up": {"uv": [12, 4], "uv_size": [2, 0.5]}
							}
						},
						{
							"origin": [0.8125, 0.1875, -1.6875],
							"size": [0.0625, 0.5, 1.6875],
							"uv": {
								"north": {"uv": [22, 7], "uv_size": [0.5, 0.5]},
								"south": {"uv": [8, 22], "uv_size": [0.5, 0.5]},
								"west": {"uv": [8, 13], "uv_size": [1.5, 0.5]}
							}
						},
						{
							"origin": [0.8125, 0.0172, -1.66586],
							"size": [0.0625, 0.1924, 0.17677],
							"pivot": [0.625, 0.2721, -1.34846],
							"rotation": [-45, 0, 0],
							"uv": {
								"east": {"uv": [22, 8], "uv_size": [0.5, 0.5]},
								"west": {"uv": [9, 22], "uv_size": [0.5, 0.5]},
								"down": {"uv": [22, 9.5], "uv_size": [0.5, -0.5]}
							}
						},
						{
							"origin": [0.8125, 0.0221, -1.91096],
							"size": [0.0625, 0.46875, 0.17187],
							"pivot": [0.625, 0.2721, -1.59846],
							"rotation": [-45, 0, 0],
							"uv": {
								"north": {"uv": [10, 22], "uv_size": [0.5, 0.5]},
								"east": {"uv": [22, 10], "uv_size": [0.5, 0.5]},
								"south": {"uv": [11, 22], "uv_size": [0.5, 0.5]},
								"west": {"uv": [22, 11], "uv_size": [0.5, 0.5]},
								"down": {"uv": [12, 22.5], "uv_size": [0.5, -0.5]}
							}
						},
						{
							"origin": [0.8125, 0.1569, -3.95201],
							"size": [0.0625, 0.6875, 0.4375],
							"pivot": [0.625, 0.43815, -3.57701],
							"rotation": [-45, 0, 0],
							"uv": {
								"north": {"uv": [22, 12], "uv_size": [0.5, 0.5]},
								"east": {"uv": [13, 22], "uv_size": [0.5, 0.5]},
								"south": {"uv": [22, 13], "uv_size": [0.5, 0.5]},
								"west": {"uv": [14, 22], "uv_size": [0.5, 0.5]},
								"up": {"uv": [22, 14], "uv_size": [0.5, 0.5]}
							}
						},
						{
							"origin": [0.8125, 0.1875, -3.75],
							"size": [0.0625, 0.125, 2.0625],
							"uv": {
								"west": {"uv": [12, 5], "uv_size": [2, 0.5]},
								"up": {"uv": [3, 12], "uv_size": [0.5, 2]}
							}
						},
						{
							"origin": [0.8125, 0.1875, -4.125],
							"size": [0.0625, 0.5, 0.375],
							"uv": {
								"north": {"uv": [15, 22], "uv_size": [0.5, 0.5]},
								"west": {"uv": [22, 15], "uv_size": [0.5, 0.5]}
							}
						}
					]
				},
				{
					"name": "octagon",
					"parent": "body_d",
					"pivot": [0, 0.625, -2.1875],
					"cubes": [
						{
							"origin": [0.6875, 0.3125, -1.29105],
							"size": [0.20312, 0.5, 0.2071],
							"uv": {
								"west": {"uv": [16, 22], "uv_size": [0.5, 0.5]},
								"up": {"uv": [22, 16], "uv_size": [0.5, 0.5]},
								"down": {"uv": [17, 22.5], "uv_size": [0.5, -0.5]}
							}
						},
						{
							"origin": [0.6875, 0.45895, -1.4375],
							"size": [0.20312, 0.2071, 0.5],
							"pivot": [0.8125, 0.5625, -1.1875],
							"rotation": [-45, 0, 0],
							"uv": {
								"north": {"uv": [22, 17], "uv_size": [0.5, 0.5]},
								"east": {"uv": [18, 22], "uv_size": [0.5, 0.5]},
								"south": {"uv": [22, 18], "uv_size": [0.5, 0.5]},
								"west": {"uv": [19, 22], "uv_size": [0.5, 0.5]}
							}
						},
						{
							"origin": [0.6875, 0.45895, -1.4375],
							"size": [0.20312, 0.2071, 0.5],
							"uv": {
								"north": {"uv": [22, 19], "uv_size": [0.5, 0.5]},
								"south": {"uv": [20, 22], "uv_size": [0.5, 0.5]},
								"west": {"uv": [22, 20], "uv_size": [0.5, 0.5]}
							}
						},
						{
							"origin": [0.6875, 0.3125, -1.29105],
							"size": [0.20312, 0.5, 0.2071],
							"pivot": [0.8125, 0.5625, -1.1875],
							"rotation": [-45, 0, 0],
							"uv": {
								"east": {"uv": [21, 22], "uv_size": [0.5, 0.5]},
								"west": {"uv": [22, 21], "uv_size": [0.5, 0.5]},
								"up": {"uv": [22, 22], "uv_size": [0.5, 0.5]},
								"down": {"uv": [0, 23.5], "uv_size": [0.5, -0.5]}
							}
						}
					]
				},
				{
					"name": "octagon5",
					"parent": "body_d",
					"pivot": [-1.8125, 0.625, -2.1875],
					"cubes": [
						{
							"origin": [-0.25, 0.6875, -0.3848],
							"size": [0.5, 0.20313, 0.2071],
							"uv": {
								"east": {"uv": [23, 0], "uv_size": [0.5, 0.5]},
								"west": {"uv": [1, 23], "uv_size": [0.5, 0.5]},
								"up": {"uv": [23, 1], "uv_size": [0.5, 0.5]}
							}
						},
						{
							"origin": [-0.10355, 0.6875, -0.53125],
							"size": [0.2071, 0.20313, 0.5],
							"pivot": [0, 0.8125, -0.28125],
							"rotation": [0, -45, 0],
							"uv": {
								"north": {"uv": [2, 23], "uv_size": [0.5, 0.5]},
								"south": {"uv": [23, 2], "uv_size": [0.5, 0.5]},
								"up": {"uv": [3, 23], "uv_size": [0.5, 0.5]},
								"down": {"uv": [23, 3.5], "uv_size": [0.5, -0.5]}
							}
						},
						{
							"origin": [-0.10355, 0.6875, -0.53125],
							"size": [0.2071, 0.20313, 0.5],
							"uv": {
								"north": {"uv": [4, 23], "uv_size": [0.5, 0.5]},
								"south": {"uv": [23, 4], "uv_size": [0.5, 0.5]},
								"up": {"uv": [5, 23], "uv_size": [0.5, 0.5]}
							}
						},
						{
							"origin": [-0.25, 0.6875, -0.3848],
							"size": [0.5, 0.20313, 0.2071],
							"pivot": [0, 0.8125, -0.28125],
							"rotation": [0, -45, 0],
							"uv": {
								"east": {"uv": [23, 5], "uv_size": [0.5, 0.5]},
								"west": {"uv": [6, 23], "uv_size": [0.5, 0.5]},
								"up": {"uv": [23, 6], "uv_size": [0.5, 0.5]},
								"down": {"uv": [7, 23.5], "uv_size": [0.5, -0.5]}
							}
						}
					]
				},
				{
					"name": "group2",
					"parent": "body_d",
					"pivot": [0, 1.5, -2],
					"cubes": [
						{
							"origin": [-0.31066, 0.9375, -1.5625],
							"size": [0.62132, 0.0875, 1.125],
							"pivot": [0, 1.6875, -1],
							"rotation": [0, 0, 45],
							"uv": {
								"north": {"uv": [23, 7], "uv_size": [0.5, 0.5]},
								"south": {"uv": [8, 23], "uv_size": [0.5, 0.5]},
								"up": {"uv": [17, 2], "uv_size": [0.5, 1]},
								"down": {"uv": [3, 18], "uv_size": [0.5, -1]}
							}
						},
						{
							"origin": [-0.31066, 0.9375, -1.5625],
							"size": [0.62132, 0.0875, 1.125],
							"uv": {
								"north": {"uv": [23, 8], "uv_size": [0.5, 0.5]},
								"south": {"uv": [9, 23], "uv_size": [0.5, 0.5]},
								"up": {"uv": [17, 3], "uv_size": [0.5, 1]},
								"down": {"uv": [4, 18], "uv_size": [0.5, -1]}
							}
						},
						{
							"origin": [-0.31066, 2.35, -1.5625],
							"size": [0.62132, 0.0875, 1.125],
							"pivot": [0, 1.6875, -1],
							"rotation": [0, 0, 45],
							"uv": {
								"north": {"uv": [23, 9], "uv_size": [0.5, 0.5]},
								"south": {"uv": [10, 23], "uv_size": [0.5, 0.5]},
								"up": {"uv": [17, 4], "uv_size": [0.5, 1]},
								"down": {"uv": [5, 18], "uv_size": [0.5, -1]}
							}
						},
						{
							"origin": [-0.31066, 2.35, -1.5625],
							"size": [0.62132, 0.0875, 1.125],
							"uv": {
								"north": {"uv": [23, 10], "uv_size": [0.5, 0.5]},
								"south": {"uv": [11, 23], "uv_size": [0.5, 0.5]},
								"up": {"uv": [17, 5], "uv_size": [0.5, 1]},
								"down": {"uv": [6, 18], "uv_size": [0.5, -1]}
							}
						},
						{
							"origin": [0.6625, 1.37684, -1.5625],
							"size": [0.0875, 0.62132, 1.125],
							"pivot": [0, 1.6875, -1],
							"rotation": [0, 0, 45],
							"uv": {
								"north": {"uv": [23, 11], "uv_size": [0.5, 0.5]},
								"east": {"uv": [17, 6], "uv_size": [1, 0.5]},
								"south": {"uv": [12, 23], "uv_size": [0.5, 0.5]},
								"west": {"uv": [7, 17], "uv_size": [1, 0.5]}
							}
						},
						{
							"origin": [0.6625, 1.37684, -1.5625],
							"size": [0.0875, 0.62132, 1.125],
							"uv": {
								"north": {"uv": [23, 12], "uv_size": [0.5, 0.5]},
								"east": {"uv": [17, 7], "uv_size": [1, 0.5]},
								"south": {"uv": [13, 23], "uv_size": [0.5, 0.5]},
								"west": {"uv": [8, 17], "uv_size": [1, 0.5]}
							}
						},
						{
							"origin": [-0.75, 1.37684, -1.5625],
							"size": [0.0875, 0.62132, 1.125],
							"pivot": [0, 1.6875, -1],
							"rotation": [0, 0, 45],
							"uv": {
								"north": {"uv": [23, 13], "uv_size": [0.5, 0.5]},
								"east": {"uv": [17, 8], "uv_size": [1, 0.5]},
								"south": {"uv": [14, 23], "uv_size": [0.5, 0.5]},
								"west": {"uv": [9, 17], "uv_size": [1, 0.5]}
							}
						},
						{
							"origin": [-0.75, 1.37684, -1.5625],
							"size": [0.0875, 0.62132, 1.125],
							"uv": {
								"north": {"uv": [23, 14], "uv_size": [0.5, 0.5]},
								"east": {"uv": [17, 9], "uv_size": [1, 0.5]},
								"south": {"uv": [15, 23], "uv_size": [0.5, 0.5]},
								"west": {"uv": [10, 17], "uv_size": [1, 0.5]}
							}
						},
						{
							"origin": [-0.13879, 0.9375, -1.5625],
							"size": [0.27758, 0.0875, 1.125],
							"pivot": [0, 1.6875, -1],
							"rotation": [0, 0, 22.5],
							"uv": {
								"north": {"uv": [23, 15], "uv_size": [0.5, 0.5]},
								"south": {"uv": [16, 23], "uv_size": [0.5, 0.5]},
								"up": {"uv": [17, 10], "uv_size": [0.5, 1]}
							}
						},
						{
							"origin": [-0.13879, 0.9375, -1.5625],
							"size": [0.27758, 0.0875, 1.125],
							"pivot": [0, 1.6875, -1],
							"rotation": [0, 0, -22.5],
							"uv": {
								"north": {"uv": [23, 16], "uv_size": [0.5, 0.5]},
								"south": {"uv": [17, 23], "uv_size": [0.5, 0.5]},
								"up": {"uv": [11, 17], "uv_size": [0.5, 1]}
							}
						},
						{
							"origin": [-0.13879, 2.35, -1.5625],
							"size": [0.27758, 0.0875, 1.125],
							"pivot": [0, 1.6875, -1],
							"rotation": [0, 0, 22.5],
							"uv": {
								"north": {"uv": [23, 17], "uv_size": [0.5, 0.5]},
								"south": {"uv": [18, 23], "uv_size": [0.5, 0.5]},
								"down": {"uv": [17, 12], "uv_size": [0.5, -1]}
							}
						},
						{
							"origin": [-0.13879, 2.35, -1.5625],
							"size": [0.27758, 0.0875, 1.125],
							"pivot": [0, 1.6875, -1],
							"rotation": [0, 0, -22.5],
							"uv": {
								"north": {"uv": [23, 18], "uv_size": [0.5, 0.5]},
								"south": {"uv": [19, 23], "uv_size": [0.5, 0.5]},
								"down": {"uv": [12, 18], "uv_size": [0.5, -1]}
							}
						},
						{
							"origin": [0.6625, 1.54871, -1.5625],
							"size": [0.0875, 0.27758, 1.125],
							"pivot": [0, 1.6875, -1],
							"rotation": [0, 0, 22.5],
							"uv": {
								"north": {"uv": [23, 19], "uv_size": [0.5, 0.5]},
								"east": {"uv": [17, 12], "uv_size": [1, 0.5]},
								"south": {"uv": [20, 23], "uv_size": [0.5, 0.5]}
							}
						},
						{
							"origin": [0.6625, 1.54871, -1.5625],
							"size": [0.0875, 0.27758, 1.125],
							"pivot": [0, 1.6875, -1],
							"rotation": [0, 0, -22.5],
							"uv": {
								"north": {"uv": [23, 20], "uv_size": [0.5, 0.5]},
								"east": {"uv": [13, 17], "uv_size": [1, 0.5]},
								"south": {"uv": [21, 23], "uv_size": [0.5, 0.5]}
							}
						},
						{
							"origin": [-0.75, 1.54871, -1.5625],
							"size": [0.0875, 0.27758, 1.125],
							"pivot": [0, 1.6875, -1],
							"rotation": [0, 0, 22.5],
							"uv": {
								"north": {"uv": [23, 21], "uv_size": [0.5, 0.5]},
								"south": {"uv": [22, 23], "uv_size": [0.5, 0.5]},
								"west": {"uv": [17, 13], "uv_size": [1, 0.5]}
							}
						},
						{
							"origin": [-0.75, 1.54871, -1.5625],
							"size": [0.0875, 0.27758, 1.125],
							"pivot": [0, 1.6875, -1],
							"rotation": [0, 0, -22.5],
							"uv": {
								"north": {"uv": [23, 22], "uv_size": [0.5, 0.5]},
								"south": {"uv": [23, 23], "uv_size": [0.5, 0.5]},
								"west": {"uv": [14, 17], "uv_size": [1, 0.5]}
							}
						}
					]
				},
				{
					"name": "battery_d",
					"parent": "body_d",
					"pivot": [0, 0.625, -2.1875]
				},
				{
					"name": "octagon4",
					"parent": "battery_d",
					"pivot": [0, 0.625, -2.1875],
					"cubes": [
						{
							"origin": [-1.6875, 0.54289, -4.4375],
							"size": [1, 0.41422, 0.25],
							"uv": {
								"north": {"uv": [17, 14], "uv_size": [1, 0.5]},
								"east": {"uv": [0, 24], "uv_size": [0.5, 0.5]},
								"south": {"uv": [15, 17], "uv_size": [1, 0.5]},
								"west": {"uv": [24, 0], "uv_size": [0.5, 0.5]}
							}
						},
						{
							"origin": [-1.39461, 0.25, -4.4375],
							"size": [0.41422, 1, 0.25],
							"pivot": [-1.1875, 0.75, -4.3125],
							"rotation": [0, 0, 45],
							"uv": {
								"north": {"uv": [17, 15], "uv_size": [0.5, 1]},
								"south": {"uv": [16, 17], "uv_size": [0.5, 1]},
								"up": {"uv": [1, 24], "uv_size": [0.5, 0.5]},
								"down": {"uv": [24, 1.5], "uv_size": [0.5, -0.5]}
							}
						},
						{
							"origin": [-1.39461, 0.25, -4.4375],
							"size": [0.41422, 1, 0.25],
							"uv": {
								"north": {"uv": [17, 16], "uv_size": [0.5, 1]},
								"south": {"uv": [17, 17], "uv_size": [0.5, 1]},
								"up": {"uv": [2, 24], "uv_size": [0.5, 0.5]},
								"down": {"uv": [24, 2.5], "uv_size": [0.5, -0.5]}
							}
						},
						{
							"origin": [-1.6875, 0.54289, -4.4375],
							"size": [1, 0.41422, 0.25],
							"pivot": [-1.1875, 0.75, -4.3125],
							"rotation": [0, 0, 45],
							"uv": {
								"north": {"uv": [0, 18], "uv_size": [1, 0.5]},
								"east": {"uv": [3, 24], "uv_size": [0.5, 0.5]},
								"south": {"uv": [18, 0], "uv_size": [1, 0.5]},
								"west": {"uv": [24, 3], "uv_size": [0.5, 0.5]}
							}
						}
					]
				},
				{
					"name": "octagon3",
					"parent": "battery_d",
					"pivot": [0, 0.625, -2.1875],
					"cubes": [
						{
							"origin": [-1.6875, 0.54289, -4.125],
							"size": [1, 0.41422, 0.625],
							"uv": {
								"north": {"uv": [1, 18], "uv_size": [1, 0.5]},
								"east": {"uv": [4, 24], "uv_size": [0.5, 0.5]},
								"south": {"uv": [18, 1], "uv_size": [1, 0.5]}
							}
						},
						{
							"origin": [-1.39461, 0.25, -4.125],
							"size": [0.41422, 1, 0.625],
							"pivot": [-1.1875, 0.75, -3.8125],
							"rotation": [0, 0, 45],
							"uv": {
								"north": {"uv": [2, 18], "uv_size": [0.5, 1]},
								"south": {"uv": [18, 2], "uv_size": [0.5, 1]},
								"down": {"uv": [24, 4.5], "uv_size": [0.5, -0.5]}
							}
						},
						{
							"origin": [-1.39461, 0.25, -4.125],
							"size": [0.41422, 1, 0.625],
							"uv": {
								"north": {"uv": [3, 18], "uv_size": [0.5, 1]},
								"south": {"uv": [18, 3], "uv_size": [0.5, 1]},
								"up": {"uv": [5, 24], "uv_size": [0.5, 0.5]},
								"down": {"uv": [24, 5.5], "uv_size": [0.5, -0.5]}
							}
						},
						{
							"origin": [-1.6875, 0.54289, -4.125],
							"size": [1, 0.41422, 0.625],
							"pivot": [-1.1875, 0.75, -3.8125],
							"rotation": [0, 0, 45],
							"uv": {
								"north": {"uv": [4, 18], "uv_size": [1, 0.5]},
								"east": {"uv": [6, 24], "uv_size": [0.5, 0.5]},
								"south": {"uv": [18, 4], "uv_size": [1, 0.5]},
								"west": {"uv": [24, 6], "uv_size": [0.5, 0.5]}
							}
						}
					]
				},
				{
					"name": "octagon2",
					"parent": "battery_d",
					"pivot": [0, 0.625, -2.1875],
					"cubes": [
						{
							"origin": [-1.625, 0.56878, -4.1875],
							"size": [0.875, 0.36244, 3.0625],
							"uv": {
								"east": {"uv": [8, 7], "uv_size": [3, 0.5]},
								"south": {"uv": [5, 18], "uv_size": [1, 0.5]},
								"west": {"uv": [9, 0], "uv_size": [3, 0.5]}
							}
						},
						{
							"origin": [-1.35633, 0.2826, -4.1875],
							"size": [0.36243, 0.875, 3.0625],
							"pivot": [-1.14522, 0.75, -1.90323],
							"rotation": [0, 0, 45],
							"uv": {
								"south": {"uv": [18, 5], "uv_size": [0.5, 1]},
								"up": {"uv": [1, 9], "uv_size": [0.5, 3]},
								"down": {"uv": [9, 4], "uv_size": [0.5, -3]}
							}
						},
						{
							"origin": [-1.36872, 0.3125, -4.1875],
							"size": [0.36244, 0.875, 3.0625],
							"uv": {
								"south": {"uv": [6, 18], "uv_size": [0.5, 1]},
								"up": {"uv": [2, 9], "uv_size": [0.5, 3]},
								"down": {"uv": [3, 12], "uv_size": [0.5, -3]}
							}
						},
						{
							"origin": [-1.00628, 0.3125, -3.5],
							"size": [0.13128, 0.875, 2.375],
							"uv": {
								"north": {"uv": [18, 6], "uv_size": [0.5, 1]},
								"up": {"uv": [7, 10], "uv_size": [0.5, 2.5]},
								"down": {"uv": [8, 12.5], "uv_size": [0.5, -2.5]}
							}
						},
						{
							"origin": [-1.34179, 0.3115, -1.20453],
							"size": [0.52022, 0.877, 0.25158],
							"pivot": [-0.88713, 0.75, -1.07953],
							"rotation": [0, -22.5, 0],
							"uv": {
								"south": {"uv": [7, 18], "uv_size": [0.5, 1]},
								"up": {"uv": [7, 24], "uv_size": [0.5, 0.5]},
								"down": {"uv": [24, 7.5], "uv_size": [0.5, -0.5]}
							}
						},
						{
							"origin": [-1.61262, 0.53888, -4.1875],
							"size": [0.875, 0.36244, 3.0625],
							"pivot": [-1.14522, 0.75, -1.90323],
							"rotation": [0, 0, 45],
							"uv": {
								"east": {"uv": [9, 4], "uv_size": [3, 0.5]},
								"south": {"uv": [18, 7], "uv_size": [1, 0.5]},
								"west": {"uv": [9, 5], "uv_size": [3, 0.5]}
							}
						}
					]
				},
				{
					"name": "scope_view",
					"pivot": [0, 1.6875, 5]
				},
				{
					"name": "division",
					"pivot": [0, 1.6875, -12]
				},
				{
					"name": "division_illuminated",
					"parent": "division",
					"pivot": [0, 1.6875, -12],
					"cubes": [
						{
							"origin": [-0.125, 1.5625, -48],
							"size": [0.25, 0.25, 0],
							"pivot": [0, 1.6875, -48],
							"rotation": [0, 0, 45],
							"uv": {
								"south": {"uv": [8, 24], "uv_size": [0.5, 0.5]}
							}
						}
					]
				},
				{
					"name": "ocular",
					"pivot": [0, 1.6875, -0.75],
					"cubes": [
						{
							"origin": [-0.6875, 1.3125, -0.75],
							"size": [1.375, 0.75, 0],
							"uv": {
								"south": {"uv": [7, 9], "uv_size": [1.5, 1]}
							}
						},
						{
							"origin": [-0.6875, 1.3125, -0.75],
							"size": [1.375, 0.75, 0],
							"pivot": [0, 1.6875, -0.75],
							"rotation": [0, 0, -90],
							"uv": {
								"south": {"uv": [9, 8], "uv_size": [1.5, 1]}
							}
						},
						{
							"origin": [-0.6875, 1.3125, -0.75],
							"size": [1.375, 0.75, 0],
							"pivot": [0, 1.6875, -0.75],
							"rotation": [0, 0, -135],
							"uv": {
								"south": {"uv": [9, 9], "uv_size": [1.5, 1]}
							}
						},
						{
							"origin": [-0.6875, 1.3125, -0.75],
							"size": [1.375, 0.75, 0],
							"pivot": [0, 1.6875, -0.75],
							"rotation": [0, 0, -45],
							"uv": {
								"south": {"uv": [10, 1], "uv_size": [1.5, 1]}
							}
						}
					]
				}
			]
		}
	]
}