{
	"format_version": "1.12.0",
	"minecraft:geometry": [
		{
			"description": {
				"identifier": "geometry.sight_coyote - Converted",
				"texture_width": 128,
				"texture_height": 128,
				"visible_bounds_width": 15,
				"visible_bounds_height": 2.5,
				"visible_bounds_offset": [0, 0.75, 0]
			},
			"bones": [
				{
					"name": "scope_body",
					"pivot": [0, 21.7, -1.25],
					"cubes": [
						{
							"origin": [0.625, 1.125, 0.45221],
							"size": [0.1875, 0.1875, 0.20312],
							"pivot": [0.71875, 1.21875, 0.55377],
							"rotation": [16.32495, 15.69986, -42.73421],
							"uv": {
								"north": {"uv": [33, 0], "uv_size": [0.5, 0.5]},
								"east": {"uv": [25, 0], "uv_size": [1, 0.5]},
								"south": {"uv": [33, 2], "uv_size": [0.5, 0.5]},
								"west": {"uv": [2, 26], "uv_size": [1, 0.5]},
								"up": {"uv": [26, 7], "uv_size": [0.5, 1]},
								"down": {"uv": [26, 10], "uv_size": [0.5, -1]}
							}
						},
						{
							"origin": [-0.8125, 1.125, 0.45221],
							"size": [0.1875, 0.1875, 0.20312],
							"pivot": [-0.71875, 1.21875, 0.55377],
							"rotation": [-16.32495, -15.69986, 137.26579],
							"uv": {
								"north": {"uv": [4, 33], "uv_size": [0.5, 0.5]},
								"east": {"uv": [26, 11], "uv_size": [1, 0.5]},
								"south": {"uv": [33, 4], "uv_size": [0.5, 0.5]},
								"west": {"uv": [26, 13], "uv_size": [1, 0.5]},
								"up": {"uv": [15, 26], "uv_size": [0.5, 1]},
								"down": {"uv": [26, 16], "uv_size": [0.5, -1]}
							}
						},
						{
							"origin": [-0.78125, 0.1875, -0.17279],
							"size": [0.25, 0.25, 1.03125],
							"pivot": [-0.65625, 0.3125, 0.34284],
							"rotation": [0, 0, -45],
							"uv": {
								"north": {"uv": [16, 33], "uv_size": [0.5, 0.5]},
								"east": {"uv": [26, 17], "uv_size": [1, 0.5]},
								"south": {"uv": [18, 33], "uv_size": [0.5, 0.5]},
								"west": {"uv": [26, 19], "uv_size": [1, 0.5]},
								"up": {"uv": [26, 21], "uv_size": [0.5, 1]},
								"down": {"uv": [0, 28], "uv_size": [0.5, -1]}
							}
						},
						{
							"origin": [0.53125, 0.1875, -0.17279],
							"size": [0.25, 0.25, 1.03125],
							"pivot": [0.65625, 0.3125, 0.34284],
							"rotation": [0, 0, -45],
							"uv": {
								"north": {"uv": [20, 33], "uv_size": [0.5, 0.5]},
								"east": {"uv": [27, 0], "uv_size": [1, 0.5]},
								"south": {"uv": [22, 33], "uv_size": [0.5, 0.5]},
								"west": {"uv": [27, 2], "uv_size": [1, 0.5]},
								"up": {"uv": [4, 27], "uv_size": [0.5, 1]},
								"down": {"uv": [27, 5], "uv_size": [0.5, -1]}
							}
						},
						{
							"origin": [-1.34375, 0.59375, 0.04289],
							"size": [0.71875, 0.25, 0.25],
							"pivot": [-0.84375, 0.34375, -0.20711],
							"rotation": [-45, 0, 0],
							"uv": {
								"north": {"uv": [33, 22], "uv_size": [0.5, 0.5]},
								"east": {"uv": [24, 33], "uv_size": [0.5, 0.5]},
								"south": {"uv": [33, 24], "uv_size": [0.5, 0.5]},
								"west": {"uv": [26, 33], "uv_size": [0.5, 0.5]},
								"up": {"uv": [33, 26], "uv_size": [0.5, 0.5]},
								"down": {"uv": [28, 33.5], "uv_size": [0.5, -0.5]}
							}
						},
						{
							"origin": [-1.1875, 1.2402, -0.625],
							"size": [0.125, 0.2071, 0.5],
							"pivot": [-0.75, 1.34375, -0.375],
							"rotation": [-45, 0, 0],
							"uv": {
								"north": {"uv": [34, 8], "uv_size": [0.5, 0.5]},
								"east": {"uv": [10, 34], "uv_size": [0.5, 0.5]},
								"south": {"uv": [34, 10], "uv_size": [0.5, 0.5]},
								"west": {"uv": [12, 34], "uv_size": [0.5, 0.5]},
								"up": {"uv": [34, 12], "uv_size": [0.5, 0.5]},
								"down": {"uv": [14, 34.5], "uv_size": [0.5, -0.5]}
							}
						},
						{
							"origin": [-1.1875, 1.2402, -0.625],
							"size": [0.125, 0.2071, 0.5],
							"uv": {
								"north": {"uv": [34, 14], "uv_size": [0.5, 0.5]},
								"east": {"uv": [34, 16], "uv_size": [0.5, 0.5]},
								"south": {"uv": [34, 18], "uv_size": [0.5, 0.5]},
								"west": {"uv": [34, 20], "uv_size": [0.5, 0.5]},
								"up": {"uv": [34, 28], "uv_size": [0.5, 0.5]},
								"down": {"uv": [30, 34.5], "uv_size": [0.5, -0.5]}
							}
						},
						{
							"origin": [-1.1875, 1.09375, -0.47855],
							"size": [0.125, 0.5, 0.2071],
							"pivot": [-0.75, 1.34375, -0.375],
							"rotation": [-45, 0, 0],
							"uv": {
								"east": {"uv": [34, 30], "uv_size": [0.5, 0.5]},
								"west": {"uv": [32, 34], "uv_size": [0.5, 0.5]},
								"up": {"uv": [34, 32], "uv_size": [0.5, 0.5]},
								"down": {"uv": [34, 34.5], "uv_size": [0.5, -0.5]}
							}
						},
						{
							"origin": [-1.1875, 1.09375, -0.47855],
							"size": [0.125, 0.5, 0.2071],
							"uv": {
								"east": {"uv": [0, 35], "uv_size": [0.5, 0.5]},
								"up": {"uv": [35, 0], "uv_size": [0.5, 0.5]},
								"down": {"uv": [35, 2.5], "uv_size": [0.5, -0.5]}
							}
						},
						{
							"origin": [-1.1875, 0.9277, -2.0625],
							"size": [0.125, 0.2071, 0.5],
							"pivot": [-0.6875, 1.03125, -1.8125],
							"rotation": [-45, 0, 0],
							"uv": {
								"north": {"uv": [4, 35], "uv_size": [0.5, 0.5]},
								"east": {"uv": [35, 4], "uv_size": [0.5, 0.5]},
								"south": {"uv": [16, 35], "uv_size": [0.5, 0.5]},
								"west": {"uv": [18, 35], "uv_size": [0.5, 0.5]}
							}
						},
						{
							"origin": [-1.1875, 0.9277, -2.0625],
							"size": [0.125, 0.2071, 0.5],
							"uv": {
								"north": {"uv": [20, 35], "uv_size": [0.5, 0.5]},
								"east": {"uv": [22, 35], "uv_size": [0.5, 0.5]},
								"south": {"uv": [35, 22], "uv_size": [0.5, 0.5]},
								"west": {"uv": [24, 35], "uv_size": [0.5, 0.5]},
								"up": {"uv": [35, 24], "uv_size": [0.5, 0.5]},
								"down": {"uv": [26, 35.5], "uv_size": [0.5, -0.5]}
							}
						},
						{
							"origin": [-1.1875, 0.78125, -1.91605],
							"size": [0.125, 0.5, 0.2071],
							"pivot": [-0.6875, 1.03125, -1.8125],
							"rotation": [-45, 0, 0],
							"uv": {
								"north": {"uv": [35, 26], "uv_size": [0.5, 0.5]},
								"east": {"uv": [28, 35], "uv_size": [0.5, 0.5]},
								"south": {"uv": [2, 36], "uv_size": [0.5, 0.5]},
								"west": {"uv": [6, 36], "uv_size": [0.5, 0.5]},
								"up": {"uv": [36, 6], "uv_size": [0.5, 0.5]},
								"down": {"uv": [8, 36.5], "uv_size": [0.5, -0.5]}
							}
						},
						{
							"origin": [-1.1875, 0.78125, -1.91605],
							"size": [0.125, 0.5, 0.2071],
							"uv": {
								"east": {"uv": [36, 8], "uv_size": [0.5, 0.5]},
								"up": {"uv": [10, 36], "uv_size": [0.5, 0.5]},
								"down": {"uv": [36, 10.5], "uv_size": [0.5, -0.5]}
							}
						},
						{
							"origin": [-0.375, -0.03125, -2.125],
							"size": [1.4375, 0.375, 2.625],
							"uv": {
								"north": {"uv": [20, 22], "uv_size": [1.5, 0.5]},
								"south": {"uv": [8, 23], "uv_size": [1.5, 0.5]},
								"west": {"uv": [15, 13], "uv_size": [2.5, 0.5]},
								"down": {"uv": [6, 2.5], "uv_size": [1.5, -2.5]}
							}
						},
						{
							"origin": [0.375, -0.21875, -2.125],
							"size": [0.5, 0.1875, 2.625],
							"uv": {
								"east": {"uv": [16, 15], "uv_size": [2.5, 0.5]},
								"south": {"uv": [40, 16], "uv_size": [0.5, 0.5]},
								"down": {"uv": [2, 19.5], "uv_size": [0.5, -2.5]}
							}
						},
						{
							"origin": [-1.12565, -0.06943, -0.4375],
							"size": [0.26516, 0.1875, 0.9375],
							"pivot": [-1.11049, 0.02432, -1.0625],
							"rotation": [0, 0, 45],
							"uv": {
								"north": {"uv": [40, 18], "uv_size": [0.5, 0.5]},
								"south": {"uv": [40, 20], "uv_size": [0.5, 0.5]},
								"down": {"uv": [10, 31], "uv_size": [0.5, -1]}
							}
						},
						{
							"origin": [-0.375, -0.03125, -2.6875],
							"size": [0.75, 0.375, 0.5625],
							"uv": {
								"north": {"uv": [30, 10], "uv_size": [1, 0.5]},
								"down": {"uv": [12, 30.5], "uv_size": [1, -0.5]}
							}
						},
						{
							"origin": [-1, -0.21875, -0.4375],
							"size": [0.625, 0.1875, 0.9375],
							"uv": {
								"north": {"uv": [40, 28], "uv_size": [0.5, 0.5]},
								"south": {"uv": [30, 40], "uv_size": [0.5, 0.5]},
								"west": {"uv": [30, 12], "uv_size": [1, 0.5]},
								"down": {"uv": [14, 31], "uv_size": [0.5, -1]}
							}
						},
						{
							"origin": [0.73549, -0.06943, -2.125],
							"size": [0.26516, 0.1875, 2.625],
							"pivot": [0.98549, 0.02432, -1.0625],
							"rotation": [0, 0, -45],
							"uv": {
								"north": {"uv": [40, 30], "uv_size": [0.5, 0.5]},
								"south": {"uv": [32, 40], "uv_size": [0.5, 0.5]},
								"down": {"uv": [4, 19.5], "uv_size": [0.5, -2.5]}
							}
						},
						{
							"origin": [-1.1875, -0.03125, -0.4375],
							"size": [0.8125, 0.375, 0.9375],
							"uv": {
								"north": {"uv": [30, 14], "uv_size": [1, 0.5]},
								"east": {"uv": [30, 16], "uv_size": [1, 0.5]},
								"south": {"uv": [30, 18], "uv_size": [1, 0.5]},
								"up": {"uv": [19, 8], "uv_size": [1, 1]}
							}
						},
						{
							"origin": [-0.875, -0.28125, -2.6875],
							"size": [0.5, 0.625, 2.25],
							"uv": {
								"north": {"uv": [40, 32], "uv_size": [0.5, 0.5]},
								"south": {"uv": [34, 40], "uv_size": [0.5, 0.5]},
								"west": {"uv": [17, 4], "uv_size": [2.5, 0.5]},
								"down": {"uv": [17, 8.5], "uv_size": [0.5, -2.5]}
							}
						},
						{
							"origin": [-1.0625, -0.28125, -2.5],
							"size": [0.1875, 0.625, 1.875],
							"uv": {
								"east": {"uv": [20, 15], "uv_size": [2, 0.5]},
								"down": {"uv": [2, 23], "uv_size": [0.5, -2]}
							}
						},
						{
							"origin": [-0.73641, -0.28125, -2.55243],
							"size": [0.1875, 0.625, 0.26517],
							"pivot": [-0.64266, 0.03125, -2.78726],
							"rotation": [0, -45, 0],
							"uv": {
								"east": {"uv": [40, 34], "uv_size": [0.5, 0.5]},
								"up": {"uv": [36, 40], "uv_size": [0.5, 0.5]},
								"down": {"uv": [40, 36.5], "uv_size": [0.5, -0.5]}
							}
						},
						{
							"origin": [-0.99621, -0.28125, -0.73012],
							"size": [0.1875, 0.625, 0.26516],
							"pivot": [-0.90246, 0.03125, -0.59754],
							"rotation": [0, 45, 0],
							"uv": {
								"east": {"uv": [38, 40], "uv_size": [0.5, 0.5]},
								"up": {"uv": [40, 38], "uv_size": [0.5, 0.5]},
								"down": {"uv": [40, 40.5], "uv_size": [0.5, -0.5]}
							}
						},
						{
							"origin": [0.375, -0.28125, -2.6875],
							"size": [0.5, 0.625, 0.5625],
							"uv": {
								"north": {"uv": [0, 41], "uv_size": [0.5, 0.5]},
								"east": {"uv": [41, 0], "uv_size": [0.5, 0.5]},
								"south": {"uv": [41, 2], "uv_size": [0.5, 0.5]},
								"down": {"uv": [4, 41.5], "uv_size": [0.5, -0.5]}
							}
						},
						{
							"origin": [0.7603, -0.28125, -2.71181],
							"size": [0.21526, 0.625, 0.51968],
							"pivot": [0.98638, 0.0625, -2.44688],
							"rotation": [0, 22.5, 0],
							"uv": {
								"south": {"uv": [41, 4], "uv_size": [0.5, 0.5]},
								"west": {"uv": [16, 41], "uv_size": [0.5, 0.5]},
								"up": {"uv": [18, 41], "uv_size": [0.5, 0.5]},
								"down": {"uv": [20, 41.5], "uv_size": [0.5, -0.5]}
							}
						},
						{
							"origin": [-1.1875, -0.04642, -1.75],
							"size": [0.625, 0.15534, 0.375],
							"pivot": [-0.75, 0.03125, -1.5625],
							"rotation": [-45, 0, 0],
							"uv": {
								"north": {"uv": [22, 41], "uv_size": [0.5, 0.5]},
								"east": {"uv": [41, 22], "uv_size": [0.5, 0.5]},
								"south": {"uv": [24, 41], "uv_size": [0.5, 0.5]},
								"west": {"uv": [41, 24], "uv_size": [0.5, 0.5]}
							}
						},
						{
							"origin": [-1.1875, -0.04642, -1.75],
							"size": [0.625, 0.15534, 0.375],
							"uv": {
								"north": {"uv": [26, 41], "uv_size": [0.5, 0.5]},
								"east": {"uv": [41, 26], "uv_size": [0.5, 0.5]},
								"south": {"uv": [28, 41], "uv_size": [0.5, 0.5]}
							}
						},
						{
							"origin": [-1.1875, -0.15625, -1.64017],
							"size": [0.625, 0.375, 0.15534],
							"pivot": [-0.75, 0.03125, -1.5625],
							"rotation": [-45, 0, 0],
							"uv": {
								"east": {"uv": [2, 42], "uv_size": [0.5, 0.5]},
								"west": {"uv": [6, 42], "uv_size": [0.5, 0.5]},
								"up": {"uv": [42, 6], "uv_size": [0.5, 0.5]},
								"down": {"uv": [8, 42.5], "uv_size": [0.5, -0.5]}
							}
						},
						{
							"origin": [-1.1875, -0.15625, -1.64017],
							"size": [0.625, 0.375, 0.15534],
							"uv": {
								"east": {"uv": [42, 8], "uv_size": [0.5, 0.5]},
								"up": {"uv": [10, 42], "uv_size": [0.5, 0.5]},
								"down": {"uv": [42, 10.5], "uv_size": [0.5, -0.5]}
							}
						},
						{
							"origin": [1.3125, -0.21875, -1.03125],
							"size": [0.1875, 0.29688, 1.65625],
							"uv": {
								"east": {"uv": [23, 14], "uv_size": [1.5, 0.5]},
								"south": {"uv": [12, 42], "uv_size": [0.5, 0.5]},
								"west": {"uv": [23, 22], "uv_size": [1.5, 0.5]},
								"up": {"uv": [15, 23], "uv_size": [0.5, 1.5]},
								"down": {"uv": [0, 25.5], "uv_size": [0.5, -1.5]}
							}
						},
						{
							"origin": [1.3125, -0.29775, -1.14331],
							"size": [0.1875, 0.25, 0.5],
							"pivot": [1.4375, -0.17275, -0.29956],
							"rotation": [-22.5, 0, 0],
							"uv": {
								"east": {"uv": [42, 12], "uv_size": [0.5, 0.5]},
								"west": {"uv": [14, 42], "uv_size": [0.5, 0.5]},
								"up": {"uv": [42, 14], "uv_size": [0.5, 0.5]}
							}
						},
						{
							"origin": [1.3125, -0.21875, -1.8125],
							"size": [0.1875, 0.48438, 0.78125],
							"uv": {
								"east": {"uv": [30, 20], "uv_size": [1, 0.5]},
								"west": {"uv": [30, 28], "uv_size": [1, 0.5]},
								"up": {"uv": [30, 30], "uv_size": [0.5, 1]},
								"down": {"uv": [0, 32], "uv_size": [0.5, -1]}
							}
						},
						{
							"origin": [0.77167, -0.21875, -1.98224],
							"size": [0.6875, 0.48438, 0.375],
							"pivot": [1.05292, 0.0625, -1.79474],
							"rotation": [0, -22.5, 0],
							"uv": {
								"north": {"uv": [42, 16], "uv_size": [0.5, 0.5]},
								"south": {"uv": [42, 18], "uv_size": [0.5, 0.5]},
								"up": {"uv": [42, 20], "uv_size": [0.5, 0.5]},
								"down": {"uv": [42, 28.5], "uv_size": [0.5, -0.5]}
							}
						},
						{
							"origin": [-1.3125, 0.767, -3.625],
							"size": [0.25, 0.466, 1.125],
							"pivot": [-0.0625, 1, -3.0625],
							"rotation": [-45, 0, 0],
							"uv": {
								"north": {"uv": [30, 42], "uv_size": [0.5, 0.5]},
								"east": {"uv": [31, 0], "uv_size": [1, 0.5]},
								"south": {"uv": [42, 30], "uv_size": [0.5, 0.5]},
								"west": {"uv": [31, 2], "uv_size": [1, 0.5]}
							}
						},
						{
							"origin": [-1.3125, 0.767, -3.625],
							"size": [0.25, 0.466, 1.125],
							"uv": {
								"north": {"uv": [32, 42], "uv_size": [0.5, 0.5]},
								"east": {"uv": [4, 31], "uv_size": [1, 0.5]},
								"south": {"uv": [42, 32], "uv_size": [0.5, 0.5]}
							}
						},
						{
							"origin": [-1.3125, 0.4375, -3.2955],
							"size": [0.25, 1.125, 0.466],
							"pivot": [-0.0625, 1, -3.0625],
							"rotation": [-45, 0, 0],
							"uv": {
								"north": {"uv": [31, 4], "uv_size": [0.5, 1]},
								"east": {"uv": [16, 31], "uv_size": [0.5, 1]},
								"south": {"uv": [18, 31], "uv_size": [0.5, 1]},
								"west": {"uv": [20, 31], "uv_size": [0.5, 1]},
								"up": {"uv": [34, 42], "uv_size": [0.5, 0.5]},
								"down": {"uv": [42, 34.5], "uv_size": [0.5, -0.5]}
							}
						},
						{
							"origin": [-1.3125, 0.4375, -3.2955],
							"size": [0.25, 1.125, 0.466],
							"uv": {
								"north": {"uv": [22, 31], "uv_size": [0.5, 1]},
								"east": {"uv": [31, 22], "uv_size": [0.5, 1]},
								"south": {"uv": [24, 31], "uv_size": [0.5, 1]},
								"west": {"uv": [31, 24], "uv_size": [0.5, 1]},
								"up": {"uv": [36, 42], "uv_size": [0.5, 0.5]},
								"down": {"uv": [42, 36.5], "uv_size": [0.5, -0.5]}
							}
						},
						{
							"origin": [0.875, 1.53125, -3.3125],
							"size": [0.1875, 0.125, 1.8125],
							"uv": {
								"west": {"uv": [21, 2], "uv_size": [2, 0.5]},
								"up": {"uv": [4, 21], "uv_size": [0.5, 2]}
							}
						},
						{
							"origin": [0.875, 1.53125, -1.5],
							"size": [0.1875, 1.125, 1.5],
							"uv": {
								"north": {"uv": [26, 31], "uv_size": [0.5, 1]},
								"east": {"uv": [2, 15], "uv_size": [1.5, 1]},
								"west": {"uv": [15, 2], "uv_size": [1.5, 1]}
							}
						},
						{
							"origin": [-0.75, 2.78125, -1.5],
							"size": [1.5, 0.1875, 1.5],
							"uv": {
								"north": {"uv": [2, 24], "uv_size": [1.5, 0.5]},
								"south": {"uv": [24, 2], "uv_size": [1.5, 0.5]},
								"up": {"uv": [0, 10], "uv_size": [1.5, 1.5]},
								"down": {"uv": [3, 11.5], "uv_size": [1.5, -1.5]}
							}
						},
						{
							"origin": [0.875, 1.40361, -0.20077],
							"size": [0.1875, 1.25, 0.4375],
							"pivot": [0.96875, 2.05986, 0.11173],
							"rotation": [22.5, 0, 0],
							"uv": {
								"east": {"uv": [5, 24], "uv_size": [0.5, 1.5]},
								"south": {"uv": [24, 8], "uv_size": [0.5, 1.5]},
								"west": {"uv": [24, 11], "uv_size": [0.5, 1.5]}
							}
						},
						{
							"origin": [-1.0625, 1.53125, -3.3125],
							"size": [0.1875, 0.125, 1.8125],
							"uv": {
								"east": {"uv": [21, 4], "uv_size": [2, 0.5]},
								"up": {"uv": [6, 21], "uv_size": [0.5, 2]}
							}
						},
						{
							"origin": [-1.0625, 1.40361, -0.20077],
							"size": [0.1875, 1.25, 0.4375],
							"pivot": [-0.96875, 2.05986, 0.11173],
							"rotation": [22.5, 0, 0],
							"uv": {
								"east": {"uv": [24, 16], "uv_size": [0.5, 1.5]},
								"south": {"uv": [17, 24], "uv_size": [0.5, 1.5]},
								"west": {"uv": [19, 24], "uv_size": [0.5, 1.5]}
							}
						},
						{
							"origin": [-0.875, 1.15625, -3.4375],
							"size": [1.75, 0.375, 0.125],
							"uv": {
								"east": {"uv": [38, 42], "uv_size": [0.5, 0.5]},
								"west": {"uv": [42, 38], "uv_size": [0.5, 0.5]},
								"up": {"uv": [8, 21], "uv_size": [2, 0.5]}
							}
						},
						{
							"origin": [-1.0625, 1.83886, -1.90042],
							"size": [0.1875, 0.3125, 0.5625],
							"pivot": [0, 1.93261, -1.27542],
							"rotation": [45, 0, 0],
							"uv": {
								"east": {"uv": [40, 42], "uv_size": [0.5, 0.5]},
								"west": {"uv": [42, 40], "uv_size": [0.5, 0.5]},
								"up": {"uv": [42, 42], "uv_size": [0.5, 0.5]}
							}
						},
						{
							"origin": [0.875, 1.83886, -1.90042],
							"size": [0.1875, 0.3125, 0.5625],
							"pivot": [0, 1.93261, -1.27542],
							"rotation": [45, 0, 0],
							"uv": {
								"east": {"uv": [0, 43], "uv_size": [0.5, 0.5]},
								"west": {"uv": [43, 0], "uv_size": [0.5, 0.5]},
								"up": {"uv": [43, 2], "uv_size": [0.5, 0.5]}
							}
						},
						{
							"origin": [-1.0625, 0.34375, -3.3125],
							"size": [2.125, 1.1875, 3.8125],
							"uv": {
								"east": {"uv": [0, 5], "uv_size": [4, 1]},
								"south": {"uv": [6, 12], "uv_size": [2, 1]},
								"west": {"uv": [5, 5], "uv_size": [4, 1]},
								"up": {"uv": [0, 0], "uv_size": [2, 4]},
								"down": {"uv": [3, 4], "uv_size": [2, -4]}
							}
						},
						{
							"origin": [-0.9375, 0.09375, 0.5],
							"size": [1.875, 0.75, 0.25],
							"uv": {
								"east": {"uv": [2, 32], "uv_size": [0.5, 1]},
								"south": {"uv": [12, 7], "uv_size": [2, 1]},
								"west": {"uv": [6, 32], "uv_size": [0.5, 1]},
								"down": {"uv": [21, 8.5], "uv_size": [2, -0.5]}
							}
						},
						{
							"origin": [0.48234, 2.32257, -1.5],
							"size": [0.44195, 0.1875, 1.5],
							"pivot": [1.16984, 2.41632, -0.5],
							"rotation": [0, 0, 45],
							"uv": {
								"north": {"uv": [4, 43], "uv_size": [0.5, 0.5]},
								"south": {"uv": [43, 4], "uv_size": [0.5, 0.5]},
								"up": {"uv": [21, 24], "uv_size": [0.5, 1.5]},
								"down": {"uv": [23, 25.5], "uv_size": [0.5, -1.5]}
							}
						},
						{
							"origin": [-0.9375, 0.76499, 0.35405],
							"size": [1.875, 0.67188, 0.25],
							"pivot": [0, 1.17124, 0.47905],
							"rotation": [22.5, 0, 0],
							"uv": {
								"east": {"uv": [16, 43], "uv_size": [0.5, 0.5]},
								"south": {"uv": [21, 10], "uv_size": [2, 0.5]},
								"west": {"uv": [18, 43], "uv_size": [0.5, 0.5]}
							}
						},
						{
							"origin": [-0.97411, 1.41697, -3.3125],
							"size": [0.1875, 0.125, 3.6875],
							"pivot": [-0.78661, 1.47947, -2.40625],
							"rotation": [0, 0, 45],
							"uv": {
								"north": {"uv": [22, 43], "uv_size": [0.5, 0.5]},
								"south": {"uv": [43, 22], "uv_size": [0.5, 0.5]},
								"up": {"uv": [9, 12], "uv_size": [0.5, 3.5]}
							}
						},
						{
							"origin": [-1.0625, 1.53125, -1.5],
							"size": [0.1875, 1.125, 1.5],
							"uv": {
								"north": {"uv": [32, 6], "uv_size": [0.5, 1]},
								"east": {"uv": [15, 11], "uv_size": [1.5, 1]},
								"west": {"uv": [13, 15], "uv_size": [1.5, 1]}
							}
						},
						{
							"origin": [0.78661, 1.41697, -3.3125],
							"size": [0.1875, 0.125, 3.6875],
							"pivot": [0.78661, 1.47947, -2.40625],
							"rotation": [0, 0, -45],
							"uv": {
								"north": {"uv": [43, 26], "uv_size": [0.5, 0.5]},
								"south": {"uv": [28, 43], "uv_size": [0.5, 0.5]},
								"west": {"uv": [12, 9], "uv_size": [3.5, 0.5]},
								"up": {"uv": [11, 12], "uv_size": [0.5, 3.5]},
								"down": {"uv": [0, 16.5], "uv_size": [0.5, -3.5]}
							}
						},
						{
							"origin": [-0.92429, 2.32257, -1.5],
							"size": [0.44195, 0.1875, 1.5],
							"pivot": [-1.16984, 2.41632, -0.5],
							"rotation": [0, 0, -45],
							"uv": {
								"north": {"uv": [2, 44], "uv_size": [0.5, 0.5]},
								"south": {"uv": [6, 44], "uv_size": [0.5, 0.5]},
								"up": {"uv": [9, 25], "uv_size": [0.5, 1.5]},
								"down": {"uv": [11, 26.5], "uv_size": [0.5, -1.5]}
							}
						},
						{
							"origin": [-1.0625, 0.72817, -3.69692],
							"size": [0.1875, 0.54366, 0.5],
							"pivot": [-0.5625, 1, -3.04067],
							"rotation": [-45, 0, 0],
							"uv": {
								"north": {"uv": [44, 6], "uv_size": [0.5, 0.5]},
								"east": {"uv": [8, 44], "uv_size": [0.5, 0.5]},
								"west": {"uv": [44, 8], "uv_size": [0.5, 0.5]}
							}
						},
						{
							"origin": [0.875, 0.72817, -3.69692],
							"size": [0.4375, 0.54366, 0.5],
							"pivot": [1.375, 1, -3.04067],
							"rotation": [-45, 0, 0],
							"uv": {
								"north": {"uv": [10, 44], "uv_size": [0.5, 0.5]},
								"east": {"uv": [44, 10], "uv_size": [0.5, 0.5]},
								"west": {"uv": [12, 44], "uv_size": [0.5, 0.5]}
							}
						},
						{
							"origin": [-0.875, 0.72817, -3.69692],
							"size": [1.75, 0.36688, 0.5],
							"pivot": [1.1875, 1, -3.04067],
							"rotation": [-45, 0, 0],
							"uv": {
								"north": {"uv": [21, 12], "uv_size": [2, 0.5]}
							}
						},
						{
							"origin": [-1.0625, 0.72817, -3.69692],
							"size": [2.375, 0.54366, 0.5],
							"uv": {
								"north": {"uv": [8, 17], "uv_size": [2.5, 0.5]},
								"east": {"uv": [44, 12], "uv_size": [0.5, 0.5]},
								"west": {"uv": [14, 44], "uv_size": [0.5, 0.5]}
							}
						},
						{
							"origin": [1.0625, 0.34375, -3.3125],
							"size": [0.25, 1.3125, 0.61558],
							"uv": {
								"west": {"uv": [13, 25], "uv_size": [0.5, 1.5]},
								"up": {"uv": [44, 14], "uv_size": [0.5, 0.5]},
								"down": {"uv": [44, 16.5], "uv_size": [0.5, -0.5]}
							}
						},
						{
							"origin": [0.88147, 0.34375, -2.87546],
							"size": [0.25, 1.3125, 0.36558],
							"pivot": [1.00647, 1, -2.56767],
							"rotation": [0, -45, 0],
							"uv": {
								"west": {"uv": [25, 24], "uv_size": [0.5, 1.5]},
								"up": {"uv": [44, 18], "uv_size": [0.5, 0.5]},
								"down": {"uv": [44, 20.5], "uv_size": [0.5, -0.5]}
							}
						},
						{
							"origin": [-1.0625, 0.34375, -3.3125],
							"size": [2.375, 0.5, 0.54366],
							"pivot": [-0.5625, 1, -3.04067],
							"rotation": [-45, 0, 0],
							"uv": {
								"east": {"uv": [44, 28], "uv_size": [0.5, 0.5]},
								"west": {"uv": [30, 44], "uv_size": [0.5, 0.5]},
								"down": {"uv": [12, 17.5], "uv_size": [2.5, -0.5]}
							}
						}
					]
				},
				{
					"name": "bone",
					"parent": "scope_body",
					"pivot": [-1.25, 0.48514, -0.77245],
					"cubes": [
						{
							"origin": [1.375, 0.28125, -2.4375],
							"size": [0.125, 1.125, 1.875],
							"uv": {
								"north": {"uv": [10, 28], "uv_size": [0.5, 1]},
								"east": {"uv": [6, 10], "uv_size": [2, 1]},
								"west": {"uv": [9, 10], "uv_size": [2, 1]},
								"down": {"uv": [16, 19], "uv_size": [0.5, -2]}
							}
						},
						{
							"origin": [1.375, 0.20389, -0.9287],
							"size": [0.125, 0.1875, 0.5],
							"pivot": [1.4375, 0.48514, -0.77245],
							"rotation": [-22.5, 0, 0],
							"uv": {
								"east": {"uv": [24, 37], "uv_size": [0.5, 0.5]},
								"west": {"uv": [37, 24], "uv_size": [0.5, 0.5]},
								"down": {"uv": [26, 37.5], "uv_size": [0.5, -0.5]}
							}
						},
						{
							"origin": [1.375, 1.04419, -2.25092],
							"size": [0.125, 0.44195, 0.25],
							"pivot": [0.125, 1.45044, -1.90717],
							"rotation": [-45, 0, 0],
							"uv": {
								"north": {"uv": [36, 32], "uv_size": [0.5, 0.5]},
								"east": {"uv": [34, 36], "uv_size": [0.5, 0.5]},
								"west": {"uv": [36, 34], "uv_size": [0.5, 0.5]}
							}
						},
						{
							"origin": [1.375, 1.40625, -2.125],
							"size": [0.125, 0.3125, 1.5625],
							"uv": {
								"east": {"uv": [22, 6], "uv_size": [1.5, 0.5]},
								"west": {"uv": [17, 22], "uv_size": [1.5, 0.5]},
								"up": {"uv": [22, 19], "uv_size": [0.5, 1.5]}
							}
						},
						{
							"origin": [1.28282, 1.62879, -2],
							"size": [0.125, 0.26517, 2.75],
							"pivot": [1.34532, 1.78504, -1],
							"rotation": [0, 0, -45],
							"uv": {
								"north": {"uv": [36, 16], "uv_size": [0.5, 0.5]},
								"east": {"uv": [13, 4], "uv_size": [3, 0.5]},
								"south": {"uv": [36, 18], "uv_size": [0.5, 0.5]},
								"west": {"uv": [15, 0], "uv_size": [3, 0.5]}
							}
						},
						{
							"origin": [1.3125, 2.09375, -1.625],
							"size": [0.001, 0.4, 1.6],
							"uv": {
								"north": {"uv": [3.5, 17], "uv_size": [0, 0.25]},
								"south": {"uv": [4.5, 17], "uv_size": [0, 0.25]},
								"west": {"uv": [58, 5.25], "uv_size": [64, 16]},
								"up": {"uv": [8, 45], "uv_size": [0, 1.5]},
								"down": {"uv": [8.5, 46.5], "uv_size": [0, -1.5]}
							}
						},
						{
							"origin": [1.1875, 1.84375, -1.75],
							"size": [0.125, 0.8125, 1.875],
							"uv": {
								"north": {"uv": [8, 28], "uv_size": [0.5, 1]},
								"east": {"uv": [9, 3], "uv_size": [2, 1]},
								"south": {"uv": [28, 8], "uv_size": [0.5, 1]},
								"west": {"uv": [10, 5], "uv_size": [2, 1]}
							}
						},
						{
							"origin": [1.1875, 1.75, -1.9375],
							"size": [0.125, 0.65625, 0.25],
							"pivot": [-0.0625, 1.96875, -1.59375],
							"rotation": [-22.5, 0, 0],
							"uv": {
								"north": {"uv": [36, 20], "uv_size": [0.5, 0.5]},
								"east": {"uv": [36, 28], "uv_size": [0.5, 0.5]},
								"west": {"uv": [30, 36], "uv_size": [0.5, 0.5]}
							}
						},
						{
							"origin": [1.1875, 1.78883, 0.01386],
							"size": [0.125, 0.75, 0.3125],
							"pivot": [-0.0625, 2.03883, 0.07636],
							"rotation": [22.5, 0, 0],
							"uv": {
								"east": {"uv": [28, 10], "uv_size": [0.5, 1]},
								"south": {"uv": [12, 28], "uv_size": [0.5, 1]},
								"west": {"uv": [28, 12], "uv_size": [0.5, 1]}
							}
						},
						{
							"origin": [1.5, 1.15625, -1.1875],
							"size": [0.01562, 0.4375, 1.0625],
							"uv": {
								"north": {"uv": [12, 36], "uv_size": [0.5, 0.5]},
								"south": {"uv": [36, 12], "uv_size": [0.5, 0.5]},
								"west": {"uv": [2, 28], "uv_size": [1, 0.5]},
								"up": {"uv": [6, 28], "uv_size": [0.5, 1]},
								"down": {"uv": [28, 7], "uv_size": [0.5, -1]}
							}
						},
						{
							"origin": [1.4375, 1.15625, 0.125],
							"size": [0.125, 0.375, 0.375],
							"pivot": [1.5, 1.34375, 0.3125],
							"rotation": [-45, 0, 0],
							"uv": {
								"north": {"uv": [32, 20], "uv_size": [0.5, 0.5]},
								"east": {"uv": [32, 28], "uv_size": [0.5, 0.5]},
								"south": {"uv": [30, 32], "uv_size": [0.5, 0.5]},
								"west": {"uv": [32, 30], "uv_size": [0.5, 0.5]},
								"up": {"uv": [32, 32], "uv_size": [0.5, 0.5]},
								"down": {"uv": [0, 33.5], "uv_size": [0.5, -0.5]}
							}
						},
						{
							"origin": [1.4375, 0.46875, 0.0625],
							"size": [0.125, 0.375, 0.5625],
							"uv": {
								"north": {"uv": [8, 32], "uv_size": [0.5, 0.5]},
								"south": {"uv": [32, 8], "uv_size": [0.5, 0.5]},
								"west": {"uv": [10, 32], "uv_size": [0.5, 0.5]},
								"up": {"uv": [32, 10], "uv_size": [0.5, 0.5]},
								"down": {"uv": [12, 32.5], "uv_size": [0.5, -0.5]}
							}
						},
						{
							"origin": [1.375, 0.09375, -0.5625],
							"size": [0.125, 1.625, 1.3125],
							"uv": {
								"east": {"uv": [9, 0], "uv_size": [1.5, 1.5]},
								"south": {"uv": [11, 22], "uv_size": [0.5, 1.5]},
								"west": {"uv": [9, 7], "uv_size": [1.5, 1.5]},
								"down": {"uv": [13, 23.5], "uv_size": [0.5, -1.5]}
							}
						},
						{
							"origin": [1.4375, 0.46875, -0.625],
							"size": [0.125, 0.375, 0.5625],
							"uv": {
								"north": {"uv": [32, 12], "uv_size": [0.5, 0.5]},
								"south": {"uv": [14, 32], "uv_size": [0.5, 0.5]},
								"west": {"uv": [32, 14], "uv_size": [0.5, 0.5]},
								"up": {"uv": [32, 16], "uv_size": [0.5, 0.5]},
								"down": {"uv": [32, 18.5], "uv_size": [0.5, -0.5]}
							}
						},
						{
							"origin": [0.5625, 0.78125, -1.3125],
							"size": [0.96875, 0.25, 0.25],
							"pivot": [1.0625, 0.53125, -1.5625],
							"rotation": [-45, 0, 0],
							"uv": {
								"north": {"uv": [17, 27], "uv_size": [1, 0.5]},
								"east": {"uv": [2, 34], "uv_size": [0.5, 0.5]},
								"south": {"uv": [19, 27], "uv_size": [1, 0.5]},
								"west": {"uv": [6, 34], "uv_size": [0.5, 0.5]},
								"up": {"uv": [21, 27], "uv_size": [1, 0.5]},
								"down": {"uv": [23, 27.5], "uv_size": [1, -0.5]}
							}
						},
						{
							"origin": [0.5625, 0.78125, -2.375],
							"size": [0.96875, 0.25, 0.25],
							"pivot": [1.0625, 0.53125, -2.625],
							"rotation": [-45, 0, 0],
							"uv": {
								"north": {"uv": [27, 23], "uv_size": [1, 0.5]},
								"east": {"uv": [34, 6], "uv_size": [0.5, 0.5]},
								"south": {"uv": [25, 27], "uv_size": [1, 0.5]},
								"west": {"uv": [8, 34], "uv_size": [0.5, 0.5]},
								"up": {"uv": [27, 25], "uv_size": [1, 0.5]},
								"down": {"uv": [27, 27.5], "uv_size": [1, -0.5]}
							}
						},
						{
							"origin": [1.1875, 1.83018, 0.23798],
							"size": [0.125, 0.14062, 0.5],
							"pivot": [1.25, 1.9083, 0.58173],
							"rotation": [-22.5, 0, 0],
							"uv": {
								"east": {"uv": [37, 0], "uv_size": [0.5, 0.5]},
								"south": {"uv": [37, 2], "uv_size": [0.5, 0.5]},
								"west": {"uv": [4, 37], "uv_size": [0.5, 0.5]},
								"up": {"uv": [37, 4], "uv_size": [0.5, 0.5]},
								"down": {"uv": [16, 37.5], "uv_size": [0.5, -0.5]}
							}
						},
						{
							"origin": [1.1875, 1.78125, -2],
							"size": [0.125, 0.125, 2.75],
							"uv": {
								"north": {"uv": [14, 36], "uv_size": [0.5, 0.5]},
								"east": {"uv": [2, 13], "uv_size": [3, 0.5]},
								"south": {"uv": [36, 14], "uv_size": [0.5, 0.5]},
								"up": {"uv": [13, 11], "uv_size": [0.5, 3]},
								"down": {"uv": [6, 17], "uv_size": [0.5, -3]}
							}
						},
						{
							"origin": [1.1133, 2.59176, -1.75],
							"size": [0.125, 0.375, 1.875],
							"pivot": [1.1133, 2.81051, -0.8125],
							"rotation": [0, 0, -22.5],
							"uv": {
								"north": {"uv": [36, 36], "uv_size": [0.5, 0.5]},
								"east": {"uv": [18, 10], "uv_size": [2, 0.5]},
								"south": {"uv": [0, 37], "uv_size": [0.5, 0.5]},
								"west": {"uv": [18, 17], "uv_size": [2, 0.5]}
							}
						},
						{
							"origin": [0.65343, 2.97093, -1.75],
							"size": [0.48438, 0.125, 1.875],
							"pivot": [0.91906, 2.97093, -0.8125],
							"rotation": [0, 0, 22.5],
							"uv": {
								"north": {"uv": [36, 30], "uv_size": [0.5, 0.5]},
								"south": {"uv": [32, 36], "uv_size": [0.5, 0.5]},
								"up": {"uv": [0, 18], "uv_size": [0.5, 2]},
								"down": {"uv": [6, 20], "uv_size": [0.5, -2]}
							}
						},
						{
							"origin": [-0.71875, 3.0625, -1.75],
							"size": [1.44024, 0.12557, 1.875],
							"uv": {
								"north": {"uv": [21, 17], "uv_size": [1.5, 0.5]},
								"east": {"uv": [18, 2], "uv_size": [2, 0.5]},
								"south": {"uv": [22, 0], "uv_size": [1.5, 0.5]},
								"up": {"uv": [0, 7], "uv_size": [1.5, 2]},
								"down": {"uv": [3, 9], "uv_size": [1.5, -2]}
							}
						},
						{
							"origin": [-1.13781, 2.97093, -1.75],
							"size": [0.48438, 0.125, 1.875],
							"pivot": [-0.91906, 2.97093, -0.8125],
							"rotation": [0, 0, -22.5],
							"uv": {
								"north": {"uv": [22, 37], "uv_size": [0.5, 0.5]},
								"south": {"uv": [37, 22], "uv_size": [0.5, 0.5]},
								"west": {"uv": [8, 19], "uv_size": [2, 0.5]},
								"up": {"uv": [11, 19], "uv_size": [0.5, 2]},
								"down": {"uv": [19, 14], "uv_size": [0.5, -2]}
							}
						},
						{
							"origin": [-1.2383, 2.59176, -1.75],
							"size": [0.125, 0.375, 1.875],
							"pivot": [-1.1133, 2.81051, -0.8125],
							"rotation": [0, 0, 22.5],
							"uv": {
								"north": {"uv": [18, 37], "uv_size": [0.5, 0.5]},
								"east": {"uv": [19, 0], "uv_size": [2, 0.5]},
								"south": {"uv": [20, 37], "uv_size": [0.5, 0.5]},
								"west": {"uv": [19, 6], "uv_size": [2, 0.5]}
							}
						},
						{
							"origin": [-1.3125, 1.78883, 0.01386],
							"size": [0.125, 0.75, 0.3125],
							"pivot": [0.0625, 2.03883, 0.07636],
							"rotation": [22.5, 0, 0],
							"uv": {
								"east": {"uv": [29, 2], "uv_size": [0.5, 1]},
								"south": {"uv": [4, 29], "uv_size": [0.5, 1]},
								"west": {"uv": [29, 4], "uv_size": [0.5, 1]}
							}
						},
						{
							"origin": [-1.3125, 1.84375, -1.75],
							"size": [0.125, 0.8125, 1.875],
							"uv": {
								"north": {"uv": [8, 30], "uv_size": [0.5, 1]},
								"east": {"uv": [12, 0], "uv_size": [2, 1]},
								"south": {"uv": [30, 8], "uv_size": [0.5, 1]},
								"west": {"uv": [12, 2], "uv_size": [2, 1]},
								"down": {"uv": [0, 23], "uv_size": [0.5, -2]}
							}
						},
						{
							"origin": [-1.3125, 0.09375, 0.125],
							"size": [0.125, 1.8125, 0.625],
							"uv": {
								"north": {"uv": [13, 19], "uv_size": [0.5, 2]},
								"east": {"uv": [18, 19], "uv_size": [0.5, 2]},
								"south": {"uv": [15, 20], "uv_size": [0.5, 2]},
								"west": {"uv": [20, 19], "uv_size": [0.5, 2]},
								"down": {"uv": [37, 26.5], "uv_size": [0.5, -0.5]}
							}
						},
						{
							"origin": [-1.3125, 1.7833, 0.23798],
							"size": [0.125, 0.1875, 0.5],
							"pivot": [-1.25, 1.9083, 0.58173],
							"rotation": [-22.5, 0, 0],
							"uv": {
								"east": {"uv": [38, 8], "uv_size": [0.5, 0.5]},
								"west": {"uv": [10, 38], "uv_size": [0.5, 0.5]},
								"up": {"uv": [38, 10], "uv_size": [0.5, 0.5]}
							}
						},
						{
							"origin": [-1.3125, 0.09375, -0.5625],
							"size": [0.125, 0.75, 0.6875],
							"uv": {
								"east": {"uv": [26, 29], "uv_size": [0.5, 1]},
								"west": {"uv": [29, 26], "uv_size": [0.5, 1]},
								"up": {"uv": [39, 26], "uv_size": [0.5, 0.5]},
								"down": {"uv": [28, 39.5], "uv_size": [0.5, -0.5]}
							}
						},
						{
							"origin": [-1.3125, 1.08487, 0.125],
							"size": [0.125, 0.51776, 0.25],
							"pivot": [-0.8125, 1.34375, -0.375],
							"rotation": [-45, 0, 0],
							"uv": {
								"north": {"uv": [12, 38], "uv_size": [0.5, 0.5]},
								"east": {"uv": [38, 12], "uv_size": [0.5, 0.5]},
								"west": {"uv": [14, 38], "uv_size": [0.5, 0.5]}
							}
						},
						{
							"origin": [-1.3125, 1.84375, -0.63388],
							"size": [0.125, 0.25, 0.51776],
							"pivot": [-0.8125, 1.34375, -0.375],
							"rotation": [-45, 0, 0],
							"uv": {
								"north": {"uv": [38, 20], "uv_size": [0.5, 0.5]},
								"east": {"uv": [38, 28], "uv_size": [0.5, 0.5]},
								"south": {"uv": [30, 38], "uv_size": [0.5, 0.5]},
								"west": {"uv": [38, 30], "uv_size": [0.5, 0.5]},
								"up": {"uv": [32, 38], "uv_size": [0.5, 0.5]},
								"down": {"uv": [38, 32.5], "uv_size": [0.5, -0.5]}
							}
						},
						{
							"origin": [-1.3125, 1.53125, -2.07138],
							"size": [0.125, 0.99632, 0.55438],
							"pivot": [-0.8125, 1.03125, -1.8125],
							"rotation": [-45, 0, 0],
							"uv": {
								"east": {"uv": [29, 22], "uv_size": [0.5, 1]},
								"south": {"uv": [24, 29], "uv_size": [0.5, 1]},
								"west": {"uv": [29, 24], "uv_size": [0.5, 1]},
								"down": {"uv": [18, 39.5], "uv_size": [0.5, -0.5]}
							}
						},
						{
							"origin": [-1.3125, 1.59375, -1.9375],
							"size": [0.125, 0.8125, 0.6875],
							"pivot": [0.0625, 1.96875, -1.59375],
							"rotation": [-22.5, 0, 0],
							"uv": {
								"north": {"uv": [28, 20], "uv_size": [0.5, 1]},
								"east": {"uv": [0, 29], "uv_size": [0.5, 1]},
								"west": {"uv": [29, 0], "uv_size": [0.5, 1]},
								"down": {"uv": [28, 37.5], "uv_size": [0.5, -0.5]}
							}
						},
						{
							"origin": [-1.3125, 0.77237, -2.4375],
							"size": [0.125, 0.58026, 0.125],
							"pivot": [-0.8125, 1.03125, -1.8125],
							"rotation": [-45, 0, 0],
							"uv": {
								"east": {"uv": [34, 38], "uv_size": [0.5, 0.5]},
								"south": {"uv": [38, 34], "uv_size": [0.5, 0.5]},
								"west": {"uv": [36, 38], "uv_size": [0.5, 0.5]},
								"up": {"uv": [38, 36], "uv_size": [0.5, 0.5]}
							}
						},
						{
							"origin": [-1.3125, 1.04419, -2.25092],
							"size": [0.125, 0.625, 0.125],
							"pivot": [0.0625, 1.45044, -1.90717],
							"rotation": [-45, 0, 0],
							"uv": {
								"north": {"uv": [2, 38], "uv_size": [0.5, 0.5]},
								"east": {"uv": [6, 38], "uv_size": [0.5, 0.5]},
								"west": {"uv": [38, 6], "uv_size": [0.5, 0.5]},
								"up": {"uv": [8, 38], "uv_size": [0.5, 0.5]}
							}
						},
						{
							"origin": [-1.3125, 1.53125, -2.07138],
							"size": [0.125, 0.1875, 0.51776],
							"uv": {
								"north": {"uv": [20, 39], "uv_size": [0.5, 0.5]},
								"east": {"uv": [22, 39], "uv_size": [0.5, 0.5]},
								"south": {"uv": [39, 22], "uv_size": [0.5, 0.5]},
								"west": {"uv": [24, 39], "uv_size": [0.5, 0.5]},
								"up": {"uv": [39, 24], "uv_size": [0.5, 0.5]},
								"down": {"uv": [26, 39.5], "uv_size": [0.5, -0.5]}
							}
						},
						{
							"origin": [-1.3125, 0.46875, -2.4375],
							"size": [0.125, 0.9375, 0.125],
							"uv": {
								"north": {"uv": [14, 28], "uv_size": [0.5, 1]},
								"east": {"uv": [28, 14], "uv_size": [0.5, 1]},
								"south": {"uv": [28, 16], "uv_size": [0.5, 1]},
								"west": {"uv": [28, 18], "uv_size": [0.5, 1]}
							}
						},
						{
							"origin": [-1.3125, 0.40625, -2.07138],
							"size": [0.125, 0.125, 0.51776],
							"pivot": [-0.8125, 1.03125, -1.8125],
							"rotation": [-45, 0, 0],
							"uv": {
								"east": {"uv": [4, 39], "uv_size": [0.5, 0.5]},
								"west": {"uv": [39, 4], "uv_size": [0.5, 0.5]},
								"up": {"uv": [16, 39], "uv_size": [0.5, 0.5]}
							}
						},
						{
							"origin": [-1.3125, 0.28125, -2.4375],
							"size": [0.125, 0.25, 1.1875],
							"uv": {
								"north": {"uv": [40, 12], "uv_size": [0.5, 0.5]},
								"east": {"uv": [28, 29], "uv_size": [1, 0.5]},
								"west": {"uv": [2, 30], "uv_size": [1, 0.5]},
								"up": {"uv": [6, 30], "uv_size": [0.5, 1]},
								"down": {"uv": [30, 7], "uv_size": [0.5, -1]}
							}
						},
						{
							"origin": [-1.3125, 0.77237, -1.3125],
							"size": [0.125, 0.51776, 0.25],
							"pivot": [-0.8125, 1.03125, -1.8125],
							"rotation": [-45, 0, 0],
							"uv": {
								"north": {"uv": [38, 38], "uv_size": [0.5, 0.5]},
								"east": {"uv": [0, 39], "uv_size": [0.5, 0.5]},
								"south": {"uv": [39, 0], "uv_size": [0.5, 0.5]},
								"west": {"uv": [39, 2], "uv_size": [0.5, 0.5]}
							}
						},
						{
							"origin": [-1.3125, 0.28125, -1.25],
							"size": [0.125, 0.5625, 0.6875],
							"uv": {
								"north": {"uv": [2, 40], "uv_size": [0.5, 0.5]},
								"east": {"uv": [6, 40], "uv_size": [0.5, 0.5]},
								"west": {"uv": [40, 6], "uv_size": [0.5, 0.5]},
								"up": {"uv": [8, 40], "uv_size": [0.5, 0.5]},
								"down": {"uv": [40, 8.5], "uv_size": [0.5, -0.5]}
							}
						},
						{
							"origin": [-1.3125, 0.77237, -1.3125],
							"size": [0.125, 0.83026, 0.4375],
							"uv": {
								"north": {"uv": [16, 29], "uv_size": [0.5, 1]},
								"east": {"uv": [18, 29], "uv_size": [0.5, 1]},
								"south": {"uv": [20, 29], "uv_size": [0.5, 1]},
								"west": {"uv": [22, 29], "uv_size": [0.5, 1]}
							}
						},
						{
							"origin": [-1.3125, 0.59375, -0.63388],
							"size": [0.125, 0.25, 0.51776],
							"pivot": [-0.8125, 1.34375, -0.375],
							"rotation": [-45, 0, 0],
							"uv": {
								"east": {"uv": [38, 14], "uv_size": [0.5, 0.5]},
								"west": {"uv": [38, 16], "uv_size": [0.5, 0.5]},
								"up": {"uv": [38, 18], "uv_size": [0.5, 0.5]}
							}
						},
						{
							"origin": [-1.3125, 0.20389, -0.9287],
							"size": [0.125, 0.1875, 0.5],
							"pivot": [-1.25, 0.48514, -0.77245],
							"rotation": [-22.5, 0, 0],
							"uv": {
								"east": {"uv": [10, 40], "uv_size": [0.5, 0.5]},
								"west": {"uv": [40, 10], "uv_size": [0.5, 0.5]},
								"down": {"uv": [12, 40.5], "uv_size": [0.5, -0.5]}
							}
						},
						{
							"origin": [-1.3135, 2.09375, -1.625],
							"size": [0.001, 0.4, 1.6],
							"uv": {
								"north": {"uv": [3.5, 17], "uv_size": [0, 0.25]},
								"east": {"uv": [58, 5.75], "uv_size": [64, 16]},
								"south": {"uv": [4.5, 17], "uv_size": [0, 0.25]},
								"up": {"uv": [8, 45], "uv_size": [0, 1.5]},
								"down": {"uv": [8.5, 46.5], "uv_size": [0, -1.5]}
							}
						},
						{
							"origin": [1.0625, 0.09375, 0.375],
							"size": [0.3125, 1.4375, 0.25],
							"uv": {
								"east": {"uv": [25, 4], "uv_size": [0.5, 1.5]},
								"south": {"uv": [7, 25], "uv_size": [0.5, 1.5]},
								"down": {"uv": [20, 43.5], "uv_size": [0.5, -0.5]}
							}
						},
						{
							"origin": [1.0625, 1.40338, 0.31629],
							"size": [0.3125, 0.35355, 0.25],
							"pivot": [1.21875, 1.53818, 0.44129],
							"rotation": [45, 0, 0],
							"uv": {
								"east": {"uv": [24, 43], "uv_size": [0.5, 0.5]},
								"south": {"uv": [43, 24], "uv_size": [0.5, 0.5]},
								"west": {"uv": [26, 43], "uv_size": [0.5, 0.5]}
							}
						},
						{
							"origin": [1.0625, 0.09375, -0.5],
							"size": [0.3125, 1.6875, 0.875],
							"uv": {
								"north": {"uv": [24, 19], "uv_size": [0.5, 1.5]},
								"east": {"uv": [15, 6], "uv_size": [1, 1.5]},
								"up": {"uv": [31, 26], "uv_size": [0.5, 1]},
								"down": {"uv": [28, 32], "uv_size": [0.5, -1]}
							}
						},
						{
							"origin": [-1.3125, 0.31786, -2.03477],
							"size": [0.125, 0.125, 0.26777],
							"pivot": [-0.8125, 0.94286, -1.90089],
							"rotation": [-45, 0, 0],
							"uv": {
								"east": {"uv": [14, 40], "uv_size": [0.5, 0.5]},
								"west": {"uv": [40, 14], "uv_size": [0.5, 0.5]}
							}
						}
					]
				},
				{
					"name": "knobs",
					"parent": "scope_body",
					"pivot": [0, 21.7, -1.25]
				},
				{
					"name": "octagon3",
					"parent": "knobs",
					"pivot": [0, 21.7, -1.25]
				},
				{
					"name": "octagon",
					"parent": "knobs",
					"pivot": [0, 21.7, -1.25]
				},
				{
					"name": "screws",
					"parent": "scope_body",
					"pivot": [0, 21.65581, 0]
				},
				{
					"name": "pattern",
					"parent": "scope_body",
					"pivot": [-8.45313, 8.8125, 7]
				},
				{
					"name": "division",
					"pivot": [0, 0, -72]
				},
				{
					"name": "division_illuminated",
					"parent": "division",
					"pivot": [0, 2.12625, -103.3],
					"cubes": [
						{
							"origin": [-1.5, 0.62625, -106],
							"size": [3, 3, 0.3],
							"uv": {
								"south": {"uv": [57.125, 60], "uv_size": [64, 64]}
							}
						}
					]
				},
				{
					"name": "ocular",
					"pivot": [0.02968, 2.16172, -2.40668],
					"cubes": [
						{
							"origin": [-0.87638, 1.52427, -0.169],
							"size": [1.81213, 1.27491, 0.02463],
							"uv": {
								"south": {"uv": [6, 7], "uv_size": [2, 1.5]}
							}
						}
					]
				},
				{
					"name": "scope_view",
					"pivot": [0, 2.1375, 16]
				}
			]
		}
	]
}