{
	"format_version": "1.21.0",
	"minecraft:geometry": [
		{
			"description": {
				"identifier": "geometry.AMG UH-1 gen II - Converted",
				"texture_width": 128,
				"texture_height": 128,
				"visible_bounds_width": 12,
				"visible_bounds_height": 3,
				"visible_bounds_offset": [0, 0.5, 0]
			},
			"bones": [
				{
					"name": "scope_body",
					"pivot": [0, 0.625, 0]
				},
				{
					"name": "pattern",
					"parent": "scope_body",
					"pivot": [-1.09907, -6.57812, -8.0614],
					"cubes": [
						{
							"origin": [-1.02031, 2.18221, -2.89525],
							"size": [0, 0.48828, 2.07519],
							"uv": {
								"east": {"uv": [0, 76.53125], "uv_size": [128, 32]}
							}
						},
						{
							"origin": [1.02031, 2.18221, -2.89525],
							"size": [0, 0.48828, 2.07519],
							"uv": {
								"west": {"uv": [0, 76.03125], "uv_size": [128, 32]}
							}
						}
					]
				},
				{
					"name": "base_darknot_dye",
					"parent": "scope_body",
					"pivot": [0, 0.625, 0]
				},
				{
					"name": "group2",
					"parent": "base_darknot_dye",
					"pivot": [-0.5, 0.125, -0.5],
					"cubes": [
						{
							"origin": [-0.74105, -0.3125, -2.3125],
							"size": [0.36605, 0.5, 2.75],
							"uv": {
								"north": {"uv": [37, 0], "uv_size": [0.5, 0.5]},
								"east": {"uv": [21, 14], "uv_size": [3, 0.5]},
								"south": {"uv": [37, 8], "uv_size": [0.5, 0.5]},
								"west": {"uv": [0, 22], "uv_size": [3, 0.5]},
								"up": {"uv": [22, 0], "uv_size": [0.5, 3]},
								"down": {"uv": [4, 25], "uv_size": [0.5, -3]}
							}
						},
						{
							"origin": [0.375, -0.3125, -2.3125],
							"size": [0.36605, 0.5, 2.75],
							"uv": {
								"north": {"uv": [37, 10], "uv_size": [0.5, 0.5]},
								"east": {"uv": [22, 4], "uv_size": [3, 0.5]},
								"south": {"uv": [37, 16], "uv_size": [0.5, 0.5]},
								"west": {"uv": [22, 8], "uv_size": [3, 0.5]},
								"up": {"uv": [9, 22], "uv_size": [0.5, 3]},
								"down": {"uv": [22, 13], "uv_size": [0.5, -3]}
							}
						},
						{
							"origin": [-0.375, -0.125, -2.3125],
							"size": [0.75, 0.3125, 2.75],
							"uv": {
								"north": {"uv": [4, 26], "uv_size": [1, 0.5]},
								"south": {"uv": [30, 27], "uv_size": [1, 0.5]},
								"up": {"uv": [12, 6], "uv_size": [1, 3]},
								"down": {"uv": [8, 15], "uv_size": [1, -3]}
							}
						}
					]
				},
				{
					"name": "group3",
					"parent": "base_darknot_dye",
					"pivot": [0.00016, 1.48523, 0.8143],
					"cubes": [
						{
							"origin": [-1.08724, -0.38224, 0.35769],
							"size": [0.1709, 0.64958, 0.24339],
							"uv": {
								"east": {"uv": [18, 37], "uv_size": [0.5, 0.5]},
								"west": {"uv": [37, 18], "uv_size": [0.5, 0.5]},
								"up": {"uv": [37, 22], "uv_size": [0.5, 0.5]},
								"down": {"uv": [26, 37.5], "uv_size": [0.5, -0.5]}
							}
						},
						{
							"origin": [-1.08724, -0.18693, 0.60108],
							"size": [0.17301, 0.45427, 0.18605],
							"uv": {
								"north": {"uv": [28, 37], "uv_size": [0.5, 0.5]},
								"east": {"uv": [37, 29], "uv_size": [0.5, 0.5]},
								"west": {"uv": [30, 37], "uv_size": [0.5, 0.5]},
								"up": {"uv": [32, 37], "uv_size": [0.5, 0.5]}
							}
						},
						{
							"origin": [-1.08724, -0.00237, 0.78713],
							"size": [0.17301, 0.26971, 0.18606],
							"uv": {
								"east": {"uv": [34, 37], "uv_size": [0.5, 0.5]},
								"west": {"uv": [0, 38], "uv_size": [0.5, 0.5]},
								"up": {"uv": [2, 38], "uv_size": [0.5, 0.5]}
							}
						},
						{
							"origin": [0.74105, -0.47409, -0.20387],
							"size": [0.17301, 0.5477, 0.4227],
							"pivot": [-0.06266, -2.98352, -1.3732],
							"rotation": [45, 0, 0],
							"uv": {
								"north": {"uv": [38, 2], "uv_size": [0.5, 0.5]},
								"east": {"uv": [4, 38], "uv_size": [0.5, 0.5]},
								"west": {"uv": [38, 4], "uv_size": [0.5, 0.5]}
							}
						},
						{
							"origin": [0.74105, -0.38224, -2.32079],
							"size": [0.17301, 0.59778, 2.73437],
							"uv": {
								"east": {"uv": [24, 12], "uv_size": [2.5, 0.5]},
								"west": {"uv": [22, 24], "uv_size": [2.5, 0.5]},
								"down": {"uv": [6, 27.5], "uv_size": [0.5, -2.5]}
							}
						},
						{
							"origin": [-1.08724, 1.52487, -0.89684],
							"size": [0.17301, 0.91864, 0.20899],
							"pivot": [0.06038, -0.98457, -2.34546],
							"rotation": [-45, 0, 0],
							"uv": {
								"north": {"uv": [30, 29], "uv_size": [0.5, 1]},
								"east": {"uv": [31, 0], "uv_size": [0.5, 1]},
								"south": {"uv": [31, 11], "uv_size": [0.5, 1]},
								"west": {"uv": [18, 31], "uv_size": [0.5, 1]},
								"down": {"uv": [6, 38.5], "uv_size": [0.5, -0.5]}
							}
						},
						{
							"origin": [-0.91406, -0.38224, -2.32079],
							"size": [0.17301, 0.59778, 2.73437],
							"uv": {
								"east": {"uv": [24, 22], "uv_size": [2.5, 0.5]},
								"west": {"uv": [25, 14], "uv_size": [2.5, 0.5]},
								"down": {"uv": [11, 27.5], "uv_size": [0.5, -2.5]}
							}
						},
						{
							"origin": [-0.91406, -0.47409, -0.20387],
							"size": [0.17301, 0.5477, 0.4227],
							"pivot": [0.06266, -2.98352, -1.3732],
							"rotation": [45, 0, 0],
							"uv": {
								"north": {"uv": [38, 6], "uv_size": [0.5, 0.5]},
								"east": {"uv": [8, 38], "uv_size": [0.5, 0.5]},
								"west": {"uv": [10, 38], "uv_size": [0.5, 0.5]},
								"up": {"uv": [12, 38], "uv_size": [0.5, 0.5]}
							}
						}
					]
				},
				{
					"name": "clip",
					"parent": "base_darknot_dye",
					"pivot": [0.81963, 4.50379, 1.14063],
					"cubes": [
						{
							"origin": [1.0552, -0.36272, 0.12015],
							"size": [0.19742, 0.51966, 1.28418],
							"uv": {
								"north": {"uv": [38, 12], "uv_size": [0.5, 0.5]},
								"east": {"uv": [16, 28], "uv_size": [1.5, 0.5]},
								"south": {"uv": [14, 38], "uv_size": [0.5, 0.5]},
								"west": {"uv": [28, 18], "uv_size": [1.5, 0.5]},
								"up": {"uv": [19, 28], "uv_size": [0.5, 1.5]},
								"down": {"uv": [28, 21.5], "uv_size": [0.5, -1.5]}
							}
						},
						{
							"origin": [1.16351, 0.0035, -0.20643],
							"size": [0.1878, 0.15344, 0.36797],
							"pivot": [1.2134, -0.09313, -0.13143],
							"rotation": [0, -22.5, 0],
							"uv": {
								"east": {"uv": [38, 14], "uv_size": [0.5, 0.5]},
								"west": {"uv": [16, 38], "uv_size": [0.5, 0.5]},
								"up": {"uv": [20, 38], "uv_size": [0.5, 0.5]},
								"down": {"uv": [38, 20.5], "uv_size": [0.5, -0.5]}
							}
						},
						{
							"origin": [1.17209, 0.0035, -0.4409],
							"size": [0.19742, 0.15344, 0.29297],
							"uv": {
								"north": {"uv": [22, 38], "uv_size": [0.5, 0.5]},
								"east": {"uv": [24, 38], "uv_size": [0.5, 0.5]},
								"west": {"uv": [38, 24], "uv_size": [0.5, 0.5]},
								"up": {"uv": [38, 26], "uv_size": [0.5, 0.5]},
								"down": {"uv": [38, 31.5], "uv_size": [0.5, -0.5]}
							}
						},
						{
							"origin": [1.16351, -0.36272, -0.20643],
							"size": [0.1878, 0.15345, 0.36797],
							"pivot": [1.2134, -0.09313, -0.13143],
							"rotation": [0, -22.5, 0],
							"uv": {
								"east": {"uv": [38, 33], "uv_size": [0.5, 0.5]},
								"west": {"uv": [38, 35], "uv_size": [0.5, 0.5]},
								"up": {"uv": [36, 38], "uv_size": [0.5, 0.5]},
								"down": {"uv": [38, 37.5], "uv_size": [0.5, -0.5]}
							}
						},
						{
							"origin": [1.17209, -0.36272, -0.4409],
							"size": [0.19742, 0.15345, 0.29297],
							"uv": {
								"north": {"uv": [39, 0], "uv_size": [0.5, 0.5]},
								"east": {"uv": [39, 8], "uv_size": [0.5, 0.5]},
								"west": {"uv": [39, 10], "uv_size": [0.5, 0.5]},
								"up": {"uv": [39, 16], "uv_size": [0.5, 0.5]},
								"down": {"uv": [18, 39.5], "uv_size": [0.5, -0.5]}
							}
						}
					]
				},
				{
					"name": "group4",
					"parent": "clip",
					"pivot": [0.62678, -1.53304, 0.97894],
					"cubes": [
						{
							"origin": [1.06104, -0.36272, -1.1474],
							"size": [0.27067, 0.52455, 0.43945],
							"pivot": [-0.00371, -0.10045, -0.57082],
							"rotation": [0, 22.5, 0],
							"uv": {
								"north": {"uv": [39, 18], "uv_size": [0.5, 0.5]},
								"east": {"uv": [39, 22], "uv_size": [0.5, 0.5]},
								"south": {"uv": [26, 39], "uv_size": [0.5, 0.5]},
								"west": {"uv": [28, 39], "uv_size": [0.5, 0.5]},
								"up": {"uv": [39, 28], "uv_size": [0.5, 0.5]},
								"down": {"uv": [30, 39.5], "uv_size": [0.5, -0.5]}
							}
						},
						{
							"origin": [0.89856, -0.36272, -0.83079],
							"size": [0.19744, 0.52455, 0.70801],
							"uv": {
								"north": {"uv": [32, 39], "uv_size": [0.5, 0.5]},
								"west": {"uv": [34, 39], "uv_size": [0.5, 0.5]},
								"up": {"uv": [38, 39], "uv_size": [0.5, 0.5]},
								"down": {"uv": [0, 40.5], "uv_size": [0.5, -0.5]}
							}
						},
						{
							"origin": [1.01072, -0.36272, -0.57772],
							"size": [0.17302, 0.52455, 0.49707],
							"pivot": [-0.00371, -0.10045, -0.57082],
							"rotation": [0, -22.5, 0],
							"uv": {
								"west": {"uv": [2, 40], "uv_size": [0.5, 0.5]},
								"up": {"uv": [40, 2], "uv_size": [0.5, 0.5]},
								"down": {"uv": [4, 40.5], "uv_size": [0.5, -0.5]}
							}
						},
						{
							"origin": [1.12539, -0.36272, -1.20854],
							"size": [0.05218, 0.52455, 0.13533],
							"uv": {
								"north": {"uv": [40, 4], "uv_size": [0.5, 0.5]},
								"east": {"uv": [6, 40], "uv_size": [0.5, 0.5]},
								"south": {"uv": [40, 6], "uv_size": [0.5, 0.5]},
								"west": {"uv": [8, 40], "uv_size": [0.5, 0.5]},
								"up": {"uv": [10, 40], "uv_size": [0.5, 0.5]},
								"down": {"uv": [12, 40.5], "uv_size": [0.5, -0.5]}
							}
						},
						{
							"origin": [0.91455, 0.07673, -0.70795],
							"size": [0.41716, 0.0851, 0.3418],
							"pivot": [-0.00371, -0.10045, -0.57082],
							"rotation": [0, 22.5, 0],
							"uv": {
								"south": {"uv": [40, 12], "uv_size": [0.5, 0.5]},
								"west": {"uv": [14, 40], "uv_size": [0.5, 0.5]},
								"up": {"uv": [40, 14], "uv_size": [0.5, 0.5]},
								"down": {"uv": [16, 40.5], "uv_size": [0.5, -0.5]}
							}
						},
						{
							"origin": [0.91455, -0.36272, -0.70795],
							"size": [0.41716, 0.08509, 0.3418],
							"pivot": [-0.00371, -0.10045, -0.57082],
							"rotation": [0, 22.5, 0],
							"uv": {
								"north": {"uv": [20, 40], "uv_size": [0.5, 0.5]},
								"south": {"uv": [40, 20], "uv_size": [0.5, 0.5]},
								"west": {"uv": [22, 40], "uv_size": [0.5, 0.5]},
								"up": {"uv": [24, 40], "uv_size": [0.5, 0.5]},
								"down": {"uv": [40, 24.5], "uv_size": [0.5, -0.5]}
							}
						},
						{
							"origin": [1.16944, -0.28459, -0.58844],
							"size": [0.14861, 0.3634, 0.24414],
							"pivot": [-0.00371, -0.08091, -0.57082],
							"rotation": [0, 22.5, 0],
							"uv": {
								"north": {"uv": [40, 26], "uv_size": [0.5, 0.5]},
								"east": {"uv": [40, 30], "uv_size": [0.5, 0.5]},
								"west": {"uv": [40, 32], "uv_size": [0.5, 0.5]},
								"up": {"uv": [40, 34], "uv_size": [0.5, 0.5]},
								"down": {"uv": [36, 40.5], "uv_size": [0.5, -0.5]}
							}
						},
						{
							"origin": [1.02296, -0.36272, -0.3443],
							"size": [0.29509, 0.51966, 0.1709],
							"pivot": [-0.00371, -0.08091, -0.57082],
							"rotation": [0, 22.5, 0],
							"uv": {
								"north": {"uv": [40, 36], "uv_size": [0.5, 0.5]},
								"south": {"uv": [40, 38], "uv_size": [0.5, 0.5]},
								"west": {"uv": [40, 40], "uv_size": [0.5, 0.5]},
								"up": {"uv": [41, 0], "uv_size": [0.5, 0.5]},
								"down": {"uv": [41, 8.5], "uv_size": [0.5, -0.5]}
							}
						},
						{
							"origin": [-1.19736, -0.38224, -1.04543],
							"size": [0.15204, 0.64958, 1.01333],
							"pivot": [0.12129, -0.10045, -0.50832],
							"rotation": [0, -22.5, 0],
							"uv": {
								"east": {"uv": [31, 18], "uv_size": [1, 0.5]},
								"west": {"uv": [27, 31], "uv_size": [1, 0.5]},
								"up": {"uv": [29, 31], "uv_size": [0.5, 1]},
								"down": {"uv": [31, 32], "uv_size": [0.5, -1]}
							}
						},
						{
							"origin": [-1.27922, -0.38224, -0.57298],
							"size": [0.37237, 0.64958, 0.73869],
							"uv": {
								"east": {"uv": [41, 10], "uv_size": [0.5, 0.5]},
								"up": {"uv": [41, 16], "uv_size": [0.5, 0.5]},
								"down": {"uv": [18, 41.5], "uv_size": [0.5, -0.5]}
							}
						},
						{
							"origin": [-1.38983, -0.38224, -1.04033],
							"size": [0.29756, 0.64958, 0.39651],
							"pivot": [0.12129, -0.10045, -0.57082],
							"rotation": [0, 45, 0],
							"uv": {
								"east": {"uv": [41, 18], "uv_size": [0.5, 0.5]},
								"south": {"uv": [41, 22], "uv_size": [0.5, 0.5]},
								"up": {"uv": [26, 41], "uv_size": [0.5, 0.5]},
								"down": {"uv": [28, 41.5], "uv_size": [0.5, -0.5]}
							}
						},
						{
							"origin": [-1.03104, -0.38224, -0.54543],
							"size": [0.18885, 0.64958, 0.58508],
							"pivot": [0.30879, -0.10045, -0.50832],
							"rotation": [0, -22.5, 0],
							"uv": {
								"north": {"uv": [41, 28], "uv_size": [0.5, 0.5]},
								"west": {"uv": [30, 41], "uv_size": [0.5, 0.5]},
								"up": {"uv": [32, 41], "uv_size": [0.5, 0.5]},
								"down": {"uv": [34, 41.5], "uv_size": [0.5, -0.5]}
							}
						},
						{
							"origin": [1.07443, -0.36272, -0.70946],
							"size": [0.29508, 0.51966, 0.19531],
							"uv": {
								"south": {"uv": [38, 41], "uv_size": [0.5, 0.5]},
								"west": {"uv": [0, 42], "uv_size": [0.5, 0.5]},
								"up": {"uv": [2, 42], "uv_size": [0.5, 0.5]},
								"down": {"uv": [42, 2.5], "uv_size": [0.5, -0.5]}
							}
						},
						{
							"origin": [0.99159, -0.36272, -1.04397],
							"size": [0.29509, 0.51966, 0.09765],
							"pivot": [-0.00371, -0.08091, -0.57082],
							"rotation": [0, -22.5, 0],
							"uv": {
								"north": {"uv": [4, 42], "uv_size": [0.5, 0.5]},
								"south": {"uv": [42, 4], "uv_size": [0.5, 0.5]},
								"west": {"uv": [6, 42], "uv_size": [0.5, 0.5]},
								"up": {"uv": [42, 6], "uv_size": [0.5, 0.5]},
								"down": {"uv": [8, 42.5], "uv_size": [0.5, -0.5]}
							}
						},
						{
							"origin": [1.03537, -0.1967, -0.4409],
							"size": [0.38297, 0.18762, 0.31737],
							"uv": {
								"west": {"uv": [10, 42], "uv_size": [0.5, 0.5]},
								"up": {"uv": [12, 42], "uv_size": [0.5, 0.5]},
								"down": {"uv": [42, 12.5], "uv_size": [0.5, -0.5]}
							}
						},
						{
							"origin": [1.00599, -0.1967, -0.99499],
							"size": [0.35382, 0.18762, 0.14656],
							"pivot": [-0.00371, -0.08091, -0.57082],
							"rotation": [0, -22.5, 0],
							"uv": {
								"north": {"uv": [14, 42], "uv_size": [0.5, 0.5]},
								"west": {"uv": [42, 14], "uv_size": [0.5, 0.5]},
								"up": {"uv": [16, 42], "uv_size": [0.5, 0.5]},
								"down": {"uv": [20, 42.5], "uv_size": [0.5, -0.5]}
							}
						},
						{
							"origin": [1.04731, -0.1967, -1.26008],
							"size": [0.27081, 0.18762, 0.27081],
							"pivot": [-0.00371, -0.08091, -0.57082],
							"rotation": [0, -45, 0],
							"uv": {
								"south": {"uv": [42, 20], "uv_size": [0.5, 0.5]},
								"west": {"uv": [22, 42], "uv_size": [0.5, 0.5]},
								"up": {"uv": [24, 42], "uv_size": [0.5, 0.5]},
								"down": {"uv": [42, 24.5], "uv_size": [0.5, -0.5]}
							}
						}
					]
				},
				{
					"name": "knobbutton",
					"parent": "base_darknot_dye",
					"pivot": [0, 0.625, 0]
				},
				{
					"name": "octagon2",
					"parent": "knobbutton",
					"pivot": [0, 0.625, 0],
					"cubes": [
						{
							"origin": [-1.33752, -0.25666, -0.36726],
							"size": [0.39062, 0.3125, 0.3125],
							"pivot": [-1.14221, -0.10041, -0.21101],
							"rotation": [45, 0, 0],
							"uv": {
								"north": {"uv": [42, 26], "uv_size": [0.5, 0.5]},
								"east": {"uv": [42, 30], "uv_size": [0.5, 0.5]},
								"south": {"uv": [42, 32], "uv_size": [0.5, 0.5]},
								"west": {"uv": [42, 34], "uv_size": [0.5, 0.5]},
								"up": {"uv": [36, 42], "uv_size": [0.5, 0.5]},
								"down": {"uv": [42, 36.5], "uv_size": [0.5, -0.5]}
							}
						}
					]
				},
				{
					"name": "group5",
					"parent": "knobbutton",
					"pivot": [-0.03125, 4.86522, 2.01336],
					"cubes": [
						{
							"origin": [-0.9088, 0.69623, 1.07899],
							"size": [0.39062, 0.56151, 0.29297],
							"pivot": [-0.567, 0.88544, 1.22547],
							"rotation": [22.5, 0, 0],
							"uv": {
								"north": {"uv": [42, 38], "uv_size": [0.5, 0.5]},
								"east": {"uv": [40, 42], "uv_size": [0.5, 0.5]},
								"south": {"uv": [42, 40], "uv_size": [0.5, 0.5]},
								"west": {"uv": [42, 42], "uv_size": [0.5, 0.5]},
								"up": {"uv": [43, 0], "uv_size": [0.5, 0.5]},
								"down": {"uv": [43, 8.5], "uv_size": [0.5, -0.5]}
							}
						},
						{
							"origin": [-0.52816, 0.57901, 1.07899],
							"size": [0.25895, 0.53518, 0.29297],
							"pivot": [-0.567, 0.88544, 1.22547],
							"rotation": [16.32495, 15.69986, -42.73421],
							"uv": {
								"north": {"uv": [43, 10], "uv_size": [0.5, 0.5]},
								"south": {"uv": [43, 16], "uv_size": [0.5, 0.5]},
								"west": {"uv": [18, 43], "uv_size": [0.5, 0.5]},
								"up": {"uv": [43, 18], "uv_size": [0.5, 0.5]},
								"down": {"uv": [43, 22.5], "uv_size": [0.5, -0.5]}
							}
						},
						{
							"origin": [-0.32716, 1.20238, 0.94519],
							"size": [0.6375, 0.17671, 0.29297],
							"pivot": [-0.03954, 1.20353, 1.09168],
							"rotation": [22.5, 0, 0],
							"uv": {
								"east": {"uv": [26, 43], "uv_size": [0.5, 0.5]},
								"south": {"uv": [28, 43], "uv_size": [0.5, 0.5]},
								"west": {"uv": [43, 28], "uv_size": [0.5, 0.5]},
								"up": {"uv": [30, 43], "uv_size": [0.5, 0.5]}
							}
						},
						{
							"origin": [-0.24373, 0.95532, 0.94519],
							"size": [0.45078, 0.20736, 0.29297],
							"pivot": [-0.03954, 1.20353, 1.09168],
							"rotation": [16.32495, 15.69986, -42.73421],
							"uv": {
								"north": {"uv": [32, 43], "uv_size": [0.5, 0.5]},
								"east": {"uv": [34, 43], "uv_size": [0.5, 0.5]},
								"south": {"uv": [38, 43], "uv_size": [0.5, 0.5]},
								"down": {"uv": [0, 44.5], "uv_size": [0.5, -0.5]}
							}
						},
						{
							"origin": [-0.24211, 0.99934, 0.94519],
							"size": [0.24342, 0.23862, 0.29297],
							"pivot": [-0.03954, 1.20353, 1.09168],
							"rotation": [16.32495, -15.69986, 42.73421],
							"uv": {
								"north": {"uv": [2, 44], "uv_size": [0.5, 0.5]},
								"south": {"uv": [44, 2], "uv_size": [0.5, 0.5]},
								"down": {"uv": [4, 44.5], "uv_size": [0.5, -0.5]}
							}
						},
						{
							"origin": [0.50135, 0.69623, 1.07899],
							"size": [0.39063, 0.56151, 0.29297],
							"pivot": [0.55018, 0.88544, 1.22547],
							"rotation": [22.5, 0, 0],
							"uv": {
								"north": {"uv": [44, 4], "uv_size": [0.5, 0.5]},
								"east": {"uv": [6, 44], "uv_size": [0.5, 0.5]},
								"south": {"uv": [44, 6], "uv_size": [0.5, 0.5]},
								"west": {"uv": [8, 44], "uv_size": [0.5, 0.5]},
								"up": {"uv": [10, 44], "uv_size": [0.5, 0.5]},
								"down": {"uv": [12, 44.5], "uv_size": [0.5, -0.5]}
							}
						},
						{
							"origin": [0.25239, 0.57901, 1.07899],
							"size": [0.25895, 0.53518, 0.29297],
							"pivot": [0.55018, 0.88544, 1.22547],
							"rotation": [16.32495, -15.69986, 42.73421],
							"uv": {
								"north": {"uv": [44, 12], "uv_size": [0.5, 0.5]},
								"east": {"uv": [14, 44], "uv_size": [0.5, 0.5]},
								"south": {"uv": [44, 14], "uv_size": [0.5, 0.5]},
								"up": {"uv": [16, 44], "uv_size": [0.5, 0.5]},
								"down": {"uv": [20, 44.5], "uv_size": [0.5, -0.5]}
							}
						},
						{
							"origin": [-0.51818, 0.69623, 1.07899],
							"size": [0.19532, 0.19531, 0.29297],
							"pivot": [-0.567, 0.88544, 1.22547],
							"rotation": [22.5, 0, 0],
							"uv": {
								"north": {"uv": [44, 20], "uv_size": [0.5, 0.5]},
								"east": {"uv": [22, 44], "uv_size": [0.5, 0.5]},
								"south": {"uv": [24, 44], "uv_size": [0.5, 0.5]},
								"west": {"uv": [44, 24], "uv_size": [0.5, 0.5]},
								"up": {"uv": [44, 26], "uv_size": [0.5, 0.5]},
								"down": {"uv": [44, 30.5], "uv_size": [0.5, -0.5]}
							}
						},
						{
							"origin": [0.30604, 0.69623, 1.07899],
							"size": [0.19531, 0.19531, 0.29297],
							"pivot": [0.55018, 0.88544, 1.22547],
							"rotation": [22.5, 0, 0],
							"uv": {
								"north": {"uv": [44, 32], "uv_size": [0.5, 0.5]},
								"east": {"uv": [44, 34], "uv_size": [0.5, 0.5]},
								"south": {"uv": [36, 44], "uv_size": [0.5, 0.5]},
								"west": {"uv": [44, 36], "uv_size": [0.5, 0.5]},
								"up": {"uv": [44, 38], "uv_size": [0.5, 0.5]},
								"down": {"uv": [40, 44.5], "uv_size": [0.5, -0.5]}
							}
						}
					]
				},
				{
					"name": "octagon3",
					"parent": "knobbutton",
					"pivot": [0, 0.625, 0],
					"cubes": [
						{
							"origin": [0.75917, 0.91534, -0.96337],
							"size": [0.41503, 0.12943, 0.3125],
							"pivot": [1.10096, 0.98005, -0.80712],
							"rotation": [-22.5, 0, 0],
							"uv": {
								"north": {"uv": [44, 40], "uv_size": [0.5, 0.5]},
								"south": {"uv": [42, 44], "uv_size": [0.5, 0.5]},
								"west": {"uv": [44, 42], "uv_size": [0.5, 0.5]}
							}
						},
						{
							"origin": [0.75917, 0.91534, -0.96337],
							"size": [0.41503, 0.12943, 0.3125],
							"pivot": [1.10096, 0.98005, -0.80712],
							"rotation": [22.5, 0, 0],
							"uv": {
								"north": {"uv": [44, 44], "uv_size": [0.5, 0.5]},
								"south": {"uv": [45, 0], "uv_size": [0.5, 0.5]},
								"west": {"uv": [45, 8], "uv_size": [0.5, 0.5]}
							}
						},
						{
							"origin": [0.75917, 0.8238, -0.87184],
							"size": [0.41503, 0.3125, 0.12944],
							"pivot": [1.10096, 0.98005, -0.80712],
							"rotation": [-22.5, 0, 0],
							"uv": {
								"west": {"uv": [45, 10], "uv_size": [0.5, 0.5]},
								"up": {"uv": [45, 16], "uv_size": [0.5, 0.5]},
								"down": {"uv": [18, 45.5], "uv_size": [0.5, -0.5]}
							}
						},
						{
							"origin": [0.75917, 0.8238, -0.87184],
							"size": [0.41503, 0.3125, 0.12944],
							"pivot": [1.10096, 0.98005, -0.80712],
							"rotation": [22.5, 0, 0],
							"uv": {
								"west": {"uv": [45, 18], "uv_size": [0.5, 0.5]},
								"up": {"uv": [45, 22], "uv_size": [0.5, 0.5]},
								"down": {"uv": [26, 45.5], "uv_size": [0.5, -0.5]}
							}
						}
					]
				},
				{
					"name": "octagon4",
					"parent": "knobbutton",
					"pivot": [0, 0.625, 0],
					"cubes": [
						{
							"origin": [0.808, 0.36291, -2.18407],
							"size": [0.48828, 0.45304, 1.09375],
							"pivot": [1.58925, 0.58943, -1.6372],
							"rotation": [-22.5, 0, 0],
							"uv": {
								"north": {"uv": [28, 45], "uv_size": [0.5, 0.5]},
								"south": {"uv": [45, 28], "uv_size": [0.5, 0.5]},
								"west": {"uv": [0, 32], "uv_size": [1, 0.5]},
								"up": {"uv": [2, 32], "uv_size": [0.5, 1]},
								"down": {"uv": [32, 3], "uv_size": [0.5, -1]}
							}
						},
						{
							"origin": [0.808, 0.36291, -2.18407],
							"size": [0.48828, 0.45304, 1.09375],
							"pivot": [1.58925, 0.58943, -1.6372],
							"rotation": [22.5, 0, 0],
							"uv": {
								"north": {"uv": [30, 45], "uv_size": [0.5, 0.5]},
								"south": {"uv": [32, 45], "uv_size": [0.5, 0.5]},
								"west": {"uv": [4, 32], "uv_size": [1, 0.5]},
								"up": {"uv": [32, 4], "uv_size": [0.5, 1]},
								"down": {"uv": [6, 33], "uv_size": [0.5, -1]}
							}
						},
						{
							"origin": [0.808, 0.04255, -1.86371],
							"size": [0.48828, 1.09375, 0.45303],
							"pivot": [1.58925, 0.58943, -1.6372],
							"rotation": [-22.5, 0, 0],
							"uv": {
								"west": {"uv": [32, 6], "uv_size": [0.5, 1]},
								"up": {"uv": [34, 45], "uv_size": [0.5, 0.5]},
								"down": {"uv": [38, 45.5], "uv_size": [0.5, -0.5]}
							}
						},
						{
							"origin": [1.29628, 0.23787, -1.76606],
							"size": [0.19531, 0.70312, 0.25772],
							"pivot": [1.39393, 0.58943, -1.6372],
							"rotation": [-22.5, 0, 0],
							"uv": {
								"north": {"uv": [0, 46], "uv_size": [0.5, 0.5]},
								"south": {"uv": [2, 46], "uv_size": [0.5, 0.5]},
								"west": {"uv": [46, 2], "uv_size": [0.5, 0.5]},
								"up": {"uv": [4, 46], "uv_size": [0.5, 0.5]},
								"down": {"uv": [46, 4.5], "uv_size": [0.5, -0.5]}
							}
						},
						{
							"origin": [1.3451, 0.16951, -1.54634],
							"size": [0.09766, 0.83984, 0.33586],
							"pivot": [2.07753, 0.58943, -1.6372],
							"rotation": [-22.5, 0, 0],
							"uv": {
								"north": {"uv": [8, 32], "uv_size": [0.5, 1]},
								"east": {"uv": [10, 32], "uv_size": [0.5, 1]},
								"south": {"uv": [12, 32], "uv_size": [0.5, 1]},
								"west": {"uv": [32, 13], "uv_size": [0.5, 1]},
								"up": {"uv": [6, 46], "uv_size": [0.5, 0.5]},
								"down": {"uv": [46, 6.5], "uv_size": [0.5, -0.5]}
							}
						},
						{
							"origin": [1.3451, 0.34858, -1.20594],
							"size": [0.09766, 0.52735, 0.15625],
							"pivot": [2.07753, 0.61226, -1.69231],
							"rotation": [-22.5, 0, 0],
							"uv": {
								"east": {"uv": [8, 46], "uv_size": [0.5, 0.5]},
								"south": {"uv": [10, 46], "uv_size": [0.5, 0.5]},
								"west": {"uv": [12, 46], "uv_size": [0.5, 0.5]},
								"up": {"uv": [46, 12], "uv_size": [0.5, 0.5]},
								"down": {"uv": [14, 46.5], "uv_size": [0.5, -0.5]}
							}
						},
						{
							"origin": [1.29628, 0.11881, -1.70783],
							"size": [0.15625, 0.9375, 0.15029],
							"pivot": [1.37441, 0.58756, -1.63269],
							"rotation": [-22.5, 0, 0],
							"uv": {
								"north": {"uv": [14, 32], "uv_size": [0.5, 1]},
								"south": {"uv": [32, 15], "uv_size": [0.5, 1]},
								"west": {"uv": [16, 32], "uv_size": [0.5, 1]},
								"up": {"uv": [46, 14], "uv_size": [0.5, 0.5]},
								"down": {"uv": [16, 46.5], "uv_size": [0.5, -0.5]}
							}
						},
						{
							"origin": [0.808, 0.04255, -1.86371],
							"size": [0.48828, 1.09375, 0.45303],
							"pivot": [1.58925, 0.58943, -1.6372],
							"rotation": [22.5, 0, 0],
							"uv": {
								"north": {"uv": [20, 32], "uv_size": [0.5, 1]},
								"south": {"uv": [22, 32], "uv_size": [0.5, 1]},
								"west": {"uv": [32, 22], "uv_size": [0.5, 1]},
								"up": {"uv": [20, 46], "uv_size": [0.5, 0.5]},
								"down": {"uv": [46, 20.5], "uv_size": [0.5, -0.5]}
							}
						}
					]
				},
				{
					"name": "group6",
					"parent": "knobbutton",
					"pivot": [0, 0.625, 0],
					"cubes": [
						{
							"origin": [-1.0625, 0.27085, -2.77703],
							"size": [0.125, 0.25889, 0.625],
							"pivot": [-0.5625, 0.4003, -2.46453],
							"rotation": [-22.5, 0, 0],
							"uv": {
								"east": {"uv": [22, 46], "uv_size": [0.5, 0.5]},
								"west": {"uv": [24, 46], "uv_size": [0.5, 0.5]}
							}
						},
						{
							"origin": [-1.0625, 0.27085, -2.77703],
							"size": [0.125, 0.25889, 0.625],
							"pivot": [-0.5625, 0.4003, -2.46453],
							"rotation": [22.5, 0, 0],
							"uv": {
								"east": {"uv": [46, 24], "uv_size": [0.5, 0.5]},
								"west": {"uv": [46, 26], "uv_size": [0.5, 0.5]}
							}
						},
						{
							"origin": [-1.0625, 0.0878, -2.59397],
							"size": [0.125, 0.625, 0.25888],
							"pivot": [-0.5625, 0.4003, -2.46453],
							"rotation": [-22.5, 0, 0],
							"uv": {
								"east": {"uv": [46, 30], "uv_size": [0.5, 0.5]},
								"west": {"uv": [46, 32], "uv_size": [0.5, 0.5]}
							}
						},
						{
							"origin": [-1.0625, 0.0878, -2.59397],
							"size": [0.125, 0.625, 0.25888],
							"pivot": [-0.5625, 0.4003, -2.46453],
							"rotation": [22.5, 0, 0],
							"uv": {
								"east": {"uv": [46, 34], "uv_size": [0.5, 0.5]},
								"west": {"uv": [36, 46], "uv_size": [0.5, 0.5]}
							}
						}
					]
				},
				{
					"name": "octagon",
					"parent": "group6",
					"pivot": [0, 0.625, 0],
					"cubes": [
						{
							"origin": [-1.0625, 0.8646, -1.05828],
							"size": [0.125, 0.25889, 0.625],
							"pivot": [-0.5625, 0.99405, -0.74578],
							"rotation": [-22.5, 0, 0],
							"uv": {
								"east": {"uv": [46, 36], "uv_size": [0.5, 0.5]},
								"west": {"uv": [46, 38], "uv_size": [0.5, 0.5]}
							}
						},
						{
							"origin": [-1.0625, 0.8646, -1.05828],
							"size": [0.125, 0.25889, 0.625],
							"pivot": [-0.5625, 0.99405, -0.74578],
							"rotation": [22.5, 0, 0],
							"uv": {
								"east": {"uv": [40, 46], "uv_size": [0.5, 0.5]},
								"west": {"uv": [46, 40], "uv_size": [0.5, 0.5]}
							}
						},
						{
							"origin": [-1.0625, 0.68155, -0.87522],
							"size": [0.125, 0.625, 0.25888],
							"pivot": [-0.5625, 0.99405, -0.74578],
							"rotation": [-22.5, 0, 0],
							"uv": {
								"east": {"uv": [42, 46], "uv_size": [0.5, 0.5]},
								"west": {"uv": [46, 42], "uv_size": [0.5, 0.5]}
							}
						},
						{
							"origin": [-1.0625, 0.68155, -0.87522],
							"size": [0.125, 0.625, 0.25888],
							"pivot": [-0.5625, 0.99405, -0.74578],
							"rotation": [22.5, 0, 0],
							"uv": {
								"east": {"uv": [44, 46], "uv_size": [0.5, 0.5]},
								"west": {"uv": [46, 44], "uv_size": [0.5, 0.5]}
							}
						}
					]
				},
				{
					"name": "sight_bodydye",
					"parent": "scope_body",
					"pivot": [0, 0.625, 0]
				},
				{
					"name": "body",
					"parent": "sight_bodydye",
					"pivot": [0, 0.625, 0]
				},
				{
					"name": "scope_base",
					"parent": "body",
					"pivot": [0, 0.625, 0]
				},
				{
					"name": "base",
					"parent": "scope_base",
					"pivot": [0.0278, -6.36875, 0.14875]
				},
				{
					"name": "group7",
					"parent": "scope_base",
					"pivot": [-0.7451, 7.43459, 0.79016],
					"cubes": [
						{
							"origin": [-1.10938, 0.43255, 0.8954],
							"size": [2.21875, 1.0254, 0.44531],
							"pivot": [0, 0.6767, 1.1454],
							"rotation": [22.5, 0, 0],
							"uv": {
								"north": {"uv": [14, 8], "uv_size": [2, 1]},
								"east": {"uv": [24, 32], "uv_size": [0.5, 1]},
								"south": {"uv": [13, 14], "uv_size": [2, 1]},
								"west": {"uv": [32, 27], "uv_size": [0.5, 1]}
							}
						},
						{
							"origin": [-1.10938, 0.66073, 1.22163],
							"size": [2.21875, 0.29297, 0.19531],
							"pivot": [0, 0.73398, 0.34273],
							"rotation": [-22.5, 0, 0],
							"uv": {
								"east": {"uv": [46, 46], "uv_size": [0.5, 0.5]},
								"south": {"uv": [25, 18], "uv_size": [2, 0.5]},
								"west": {"uv": [47, 0], "uv_size": [0.5, 0.5]},
								"down": {"uv": [25, 20.5], "uv_size": [2, -0.5]}
							}
						},
						{
							"origin": [-1.10938, 0.25523, 0.98683],
							"size": [2.21875, 0.29297, 0.32032],
							"uv": {
								"north": {"uv": [26, 0], "uv_size": [2, 0.5]},
								"east": {"uv": [47, 8], "uv_size": [0.5, 0.5]},
								"west": {"uv": [47, 10], "uv_size": [0.5, 0.5]},
								"down": {"uv": [26, 2.5], "uv_size": [2, -0.5]}
							}
						},
						{
							"origin": [-1.10938, 1.0582, 0.51124],
							"size": [2.21875, 0.41503, 0.51563],
							"uv": {
								"north": {"uv": [26, 4], "uv_size": [2, 0.5]},
								"east": {"uv": [47, 16], "uv_size": [0.5, 0.5]},
								"west": {"uv": [18, 47], "uv_size": [0.5, 0.5]},
								"up": {"uv": [26, 6], "uv_size": [2, 0.5]},
								"down": {"uv": [8, 26.5], "uv_size": [2, -0.5]}
							}
						},
						{
							"origin": [-1.10938, 1.37068, -3.17357],
							"size": [2.21875, 0.10255, 3.68481],
							"uv": {
								"east": {"uv": [15, 18], "uv_size": [3.5, 0.5]},
								"west": {"uv": [18, 16], "uv_size": [3.5, 0.5]},
								"down": {"uv": [3, 8.5], "uv_size": [2, -3.5]}
							}
						},
						{
							"origin": [-1, 1.0826, -2.98607],
							"size": [2, 0.29297, 3.49903],
							"uv": {
								"east": {"uv": [2, 20], "uv_size": [3.5, 0.5]},
								"west": {"uv": [15, 20], "uv_size": [3.5, 0.5]},
								"down": {"uv": [6, 3.5], "uv_size": [2, -3.5]}
							}
						},
						{
							"origin": [-1.06055, 1.17538, 0.09327],
							"size": [2.1211, 0.21972, 0.8086],
							"uv": {
								"north": {"uv": [26, 8], "uv_size": [2, 0.5]},
								"east": {"uv": [32, 29], "uv_size": [1, 0.5]},
								"west": {"uv": [33, 0], "uv_size": [1, 0.5]}
							}
						},
						{
							"origin": [-1.10938, 1.0582, -0.4409],
							"size": [2.21875, 0.12206, 0.95214],
							"uv": {
								"east": {"uv": [33, 8], "uv_size": [1, 0.5]},
								"west": {"uv": [33, 10], "uv_size": [1, 0.5]},
								"up": {"uv": [0, 15], "uv_size": [2, 1]},
								"down": {"uv": [10, 16], "uv_size": [2, -1]}
							}
						},
						{
							"origin": [-1.1094, 0.83918, -3.17357],
							"size": [2.2188, 0.5315, 0.19009],
							"uv": {
								"east": {"uv": [47, 18], "uv_size": [0.5, 0.5]},
								"south": {"uv": [26, 16], "uv_size": [2, 0.5]},
								"west": {"uv": [47, 22], "uv_size": [0.5, 0.5]},
								"up": {"uv": [22, 26], "uv_size": [2, 0.5]},
								"down": {"uv": [26, 24.5], "uv_size": [2, -0.5]}
							}
						},
						{
							"origin": [0.7321, -0.03301, -2.89069],
							"size": [0.375, 0.96711, 0.17823],
							"pivot": [-0.0625, 0.16776, -2.83277],
							"rotation": [22.5, 0, 0],
							"uv": {
								"north": {"uv": [33, 17], "uv_size": [0.5, 1]},
								"east": {"uv": [18, 33], "uv_size": [0.5, 1]},
								"south": {"uv": [33, 19], "uv_size": [0.5, 1]},
								"west": {"uv": [33, 24], "uv_size": [0.5, 1]},
								"up": {"uv": [26, 47], "uv_size": [0.5, 0.5]}
							}
						},
						{
							"origin": [0.7321, -0.03989, -2.80945],
							"size": [0.375, 0.44081, 1.17225],
							"uv": {
								"east": {"uv": [26, 33], "uv_size": [1, 0.5]},
								"south": {"uv": [28, 47], "uv_size": [0.5, 0.5]},
								"west": {"uv": [28, 33], "uv_size": [1, 0.5]},
								"up": {"uv": [30, 33], "uv_size": [0.5, 1]},
								"down": {"uv": [33, 32], "uv_size": [0.5, -1]}
							}
						},
						{
							"origin": [-1.10938, -0.03302, -2.89069],
							"size": [0.375, 0.96712, 0.17823],
							"pivot": [0.0625, 0.16776, -2.83277],
							"rotation": [22.5, 0, 0],
							"uv": {
								"north": {"uv": [32, 33], "uv_size": [0.5, 1]},
								"east": {"uv": [0, 34], "uv_size": [0.5, 1]},
								"south": {"uv": [2, 34], "uv_size": [0.5, 1]},
								"west": {"uv": [34, 2], "uv_size": [0.5, 1]},
								"up": {"uv": [47, 28], "uv_size": [0.5, 0.5]}
							}
						},
						{
							"origin": [-1.10938, -0.0399, -2.80945],
							"size": [0.375, 0.09902, 1.48963],
							"uv": {
								"east": {"uv": [21, 28], "uv_size": [1.5, 0.5]},
								"west": {"uv": [24, 28], "uv_size": [1.5, 0.5]},
								"up": {"uv": [28, 26], "uv_size": [0.5, 1.5]},
								"down": {"uv": [29, 1.5], "uv_size": [0.5, -1.5]}
							}
						},
						{
							"origin": [-1.10938, -0.06102, -1.39599],
							"size": [0.39063, 0.09901, 0.89686],
							"pivot": [0.0625, 0.04149, -1.38342],
							"rotation": [45, 0, 0],
							"uv": {
								"east": {"uv": [4, 34], "uv_size": [1, 0.5]},
								"west": {"uv": [34, 4], "uv_size": [1, 0.5]},
								"up": {"uv": [6, 34], "uv_size": [0.5, 1]},
								"down": {"uv": [34, 7], "uv_size": [0.5, -1]}
							}
						},
						{
							"origin": [0.71648, 1.08511, -1.84285],
							"size": [0.39062, 0.28557, 0.39315],
							"uv": {
								"north": {"uv": [30, 47], "uv_size": [0.5, 0.5]},
								"south": {"uv": [32, 47], "uv_size": [0.5, 0.5]},
								"west": {"uv": [34, 47], "uv_size": [0.5, 0.5]}
							}
						},
						{
							"origin": [-0.62337, 0.74091, -1.39082],
							"size": [1.73047, 0.09766, 0.8789],
							"pivot": [-0.00227, 0.98505, -0.15792],
							"rotation": [22.5, 0, 0],
							"uv": {
								"east": {"uv": [8, 34], "uv_size": [1, 0.5]},
								"west": {"uv": [10, 34], "uv_size": [1, 0.5]},
								"up": {"uv": [15, 22], "uv_size": [1.5, 1]},
								"down": {"uv": [18, 23], "uv_size": [1.5, -1]}
							}
						},
						{
							"origin": [-0.62337, 0.64621, -0.5519],
							"size": [1.73047, 0.26856, 0.09766],
							"pivot": [-0.00227, 0.85374, -0.67396],
							"rotation": [22.5, 0, 0],
							"uv": {
								"north": {"uv": [29, 3], "uv_size": [1.5, 0.5]},
								"east": {"uv": [38, 47], "uv_size": [0.5, 0.5]},
								"south": {"uv": [29, 5], "uv_size": [1.5, 0.5]},
								"west": {"uv": [0, 48], "uv_size": [0.5, 0.5]}
							}
						},
						{
							"origin": [-0.62337, 0.62402, -0.4892],
							"size": [1.73047, 0.12208, 0.09766],
							"uv": {
								"north": {"uv": [29, 7], "uv_size": [1.5, 0.5]},
								"south": {"uv": [29, 14], "uv_size": [1.5, 0.5]},
								"west": {"uv": [2, 48], "uv_size": [0.5, 0.5]},
								"up": {"uv": [29, 16], "uv_size": [1.5, 0.5]},
								"down": {"uv": [29, 23.5], "uv_size": [1.5, -0.5]}
							}
						},
						{
							"origin": [-0.71875, 0.80491, -0.51527],
							"size": [1.82812, 0.11491, 0.237],
							"pivot": [0, 0.85374, -0.67396],
							"rotation": [45, 0, 0],
							"uv": {
								"north": {"uv": [25, 26], "uv_size": [2, 0.5]},
								"east": {"uv": [48, 2], "uv_size": [0.5, 0.5]},
								"west": {"uv": [4, 48], "uv_size": [0.5, 0.5]},
								"up": {"uv": [27, 10], "uv_size": [2, 0.5]},
								"down": {"uv": [0, 28.5], "uv_size": [2, -0.5]}
							}
						},
						{
							"origin": [-0.62337, 0.93141, -0.74695],
							"size": [1.73047, 0.09766, 0.21972],
							"uv": {
								"west": {"uv": [48, 4], "uv_size": [0.5, 0.5]},
								"up": {"uv": [27, 29], "uv_size": [1.5, 0.5]},
								"down": {"uv": [0, 30.5], "uv_size": [1.5, -0.5]}
							}
						},
						{
							"origin": [0.47234, 0.90404, -1.00243],
							"size": [0.63476, 0.16181, 0.39062],
							"pivot": [1.30241, 0.98495, -0.80712],
							"rotation": [-22.5, 0, 0],
							"uv": {
								"north": {"uv": [6, 48], "uv_size": [0.5, 0.5]},
								"east": {"uv": [48, 6], "uv_size": [0.5, 0.5]},
								"south": {"uv": [8, 48], "uv_size": [0.5, 0.5]},
								"west": {"uv": [10, 48], "uv_size": [0.5, 0.5]}
							}
						},
						{
							"origin": [0.47234, 0.78963, -0.88802],
							"size": [0.63476, 0.39063, 0.16181],
							"pivot": [1.30241, 0.98495, -0.80712],
							"rotation": [22.5, 0, 0],
							"uv": {
								"east": {"uv": [12, 48], "uv_size": [0.5, 0.5]},
								"west": {"uv": [48, 12], "uv_size": [0.5, 0.5]},
								"up": {"uv": [14, 48], "uv_size": [0.5, 0.5]},
								"down": {"uv": [48, 14.5], "uv_size": [0.5, -0.5]}
							}
						},
						{
							"origin": [0.47234, 0.78963, -0.88802],
							"size": [0.63476, 0.39063, 0.16181],
							"pivot": [1.30241, 0.98495, -0.80712],
							"rotation": [-22.5, 0, 0],
							"uv": {
								"east": {"uv": [16, 48], "uv_size": [0.5, 0.5]},
								"west": {"uv": [20, 48], "uv_size": [0.5, 0.5]},
								"up": {"uv": [48, 20], "uv_size": [0.5, 0.5]},
								"down": {"uv": [22, 48.5], "uv_size": [0.5, -0.5]}
							}
						},
						{
							"origin": [-0.62337, 0.73474, -1.11359],
							"size": [1.73047, 0.09414, 0.13513],
							"pivot": [-0.00227, 0.8324, -1.25923],
							"rotation": [22.5, 0, 0],
							"uv": {
								"east": {"uv": [24, 48], "uv_size": [0.5, 0.5]},
								"west": {"uv": [48, 24], "uv_size": [0.5, 0.5]},
								"up": {"uv": [3, 30], "uv_size": [1.5, 0.5]},
								"down": {"uv": [6, 30.5], "uv_size": [1.5, -0.5]}
							}
						},
						{
							"origin": [0.47234, 0.90404, -1.00243],
							"size": [0.63476, 0.16181, 0.39062],
							"pivot": [1.30241, 0.98495, -0.80712],
							"rotation": [22.5, 0, 0],
							"uv": {
								"north": {"uv": [48, 26], "uv_size": [0.5, 0.5]},
								"east": {"uv": [48, 30], "uv_size": [0.5, 0.5]},
								"south": {"uv": [48, 32], "uv_size": [0.5, 0.5]},
								"west": {"uv": [48, 34], "uv_size": [0.5, 0.5]}
							}
						},
						{
							"origin": [-1.10938, 1.32674, 0.48263],
							"size": [2.21875, 0.09766, 0.09766],
							"pivot": [0, 1.37557, 0.53146],
							"rotation": [45, 0, 0],
							"uv": {
								"north": {"uv": [3, 28], "uv_size": [2, 0.5]},
								"east": {"uv": [36, 48], "uv_size": [0.5, 0.5]},
								"west": {"uv": [48, 36], "uv_size": [0.5, 0.5]}
							}
						},
						{
							"origin": [-1.10938, 1.20048, 0.45404],
							"size": [2.21875, 0.09765, 0.09765],
							"pivot": [0, 1.2493, 0.60052],
							"rotation": [45, 0, 0],
							"uv": {
								"east": {"uv": [48, 38], "uv_size": [0.5, 0.5]},
								"west": {"uv": [40, 48], "uv_size": [0.5, 0.5]},
								"up": {"uv": [8, 28], "uv_size": [2, 0.5]}
							}
						},
						{
							"origin": [-0.7344, 0.33351, -3.30833],
							"size": [1.4688, 0.85448, 0.5735],
							"pivot": [0.02327, 0.76075, -2.77158],
							"rotation": [22.5, 0, 0],
							"uv": {
								"north": {"uv": [21, 22], "uv_size": [1.5, 1]},
								"east": {"uv": [12, 34], "uv_size": [0.5, 1]},
								"west": {"uv": [34, 12], "uv_size": [0.5, 1]}
							}
						},
						{
							"origin": [-0.7344, 0.16062, -3.10396],
							"size": [1.4688, 0.4834, 1.0735],
							"uv": {
								"east": {"uv": [14, 34], "uv_size": [1, 0.5]},
								"south": {"uv": [9, 30], "uv_size": [1.5, 0.5]},
								"west": {"uv": [34, 14], "uv_size": [1, 0.5]},
								"down": {"uv": [6, 24], "uv_size": [1.5, -1]}
							}
						},
						{
							"origin": [-1.10937, 1.18026, -0.4991],
							"size": [0.29069, 0.19042, 0.10508],
							"uv": {
								"east": {"uv": [48, 40], "uv_size": [0.5, 0.5]},
								"south": {"uv": [42, 48], "uv_size": [0.5, 0.5]}
							}
						},
						{
							"origin": [0.76531, 0.00838, -1.8799],
							"size": [0.34179, 1.17188, 0.48541],
							"pivot": [0.42351, 0.59432, -1.6372],
							"rotation": [22.5, 0, 0],
							"uv": {
								"east": {"uv": [16, 34], "uv_size": [0.5, 1]},
								"west": {"uv": [20, 34], "uv_size": [0.5, 1]},
								"up": {"uv": [48, 42], "uv_size": [0.5, 0.5]},
								"down": {"uv": [44, 48.5], "uv_size": [0.5, -0.5]}
							}
						},
						{
							"origin": [0.76531, 0.35162, -2.22313],
							"size": [0.34179, 0.4854, 1.17187],
							"pivot": [0.42351, 0.59432, -1.6372],
							"rotation": [-22.5, 0, 0],
							"uv": {
								"north": {"uv": [48, 44], "uv_size": [0.5, 0.5]},
								"east": {"uv": [34, 21], "uv_size": [1, 0.5]},
								"south": {"uv": [46, 48], "uv_size": [0.5, 0.5]},
								"west": {"uv": [22, 34], "uv_size": [1, 0.5]}
							}
						},
						{
							"origin": [0.76531, 0.35162, -2.22313],
							"size": [0.34179, 0.4854, 1.17187],
							"pivot": [0.42351, 0.59432, -1.6372],
							"rotation": [22.5, 0, 0],
							"uv": {
								"north": {"uv": [48, 46], "uv_size": [0.5, 0.5]},
								"east": {"uv": [24, 34], "uv_size": [1, 0.5]},
								"south": {"uv": [48, 48], "uv_size": [0.5, 0.5]},
								"west": {"uv": [34, 26], "uv_size": [1, 0.5]}
							}
						},
						{
							"origin": [0.76531, 0.30135, -1.8799],
							"size": [0.34179, 0.87891, 0.48541],
							"pivot": [0.42351, 0.59432, -1.6372],
							"rotation": [-22.5, 0, 0],
							"uv": {
								"east": {"uv": [34, 28], "uv_size": [0.5, 1]},
								"west": {"uv": [34, 33], "uv_size": [0.5, 1]},
								"up": {"uv": [49, 0], "uv_size": [0.5, 0.5]}
							}
						}
					]
				},
				{
					"name": "group8",
					"parent": "scope_base",
					"pivot": [-0.00212, 2.2676, 1.48824],
					"cubes": [
						{
							"origin": [-0.91406, 0.21554, -2.89417],
							"size": [1.82812, 0.9033, 3.89063],
							"uv": {
								"north": {"uv": [3, 16], "uv_size": [2, 1]},
								"east": {"uv": [3, 10], "uv_size": [4, 1]},
								"west": {"uv": [8, 10], "uv_size": [4, 1]},
								"down": {"uv": [0, 4], "uv_size": [2, -4]}
							}
						},
						{
							"origin": [-1, -0.03454, -1.63231],
							"size": [2, 1.11714, 1.4375],
							"uv": {
								"north": {"uv": [6, 16], "uv_size": [2, 1]},
								"east": {"uv": [23, 6], "uv_size": [1.5, 1]},
								"west": {"uv": [11, 23], "uv_size": [1.5, 1]},
								"down": {"uv": [10, 13.5], "uv_size": [2, -1.5]}
							}
						},
						{
							"origin": [-0.91345, -0.03454, -0.26227],
							"size": [0.25261, 1.11714, 0.5026],
							"pivot": [-0.78714, 0.52403, -0.01097],
							"rotation": [0, 22.5, 0],
							"uv": {
								"east": {"uv": [35, 0], "uv_size": [0.5, 1]},
								"up": {"uv": [49, 8], "uv_size": [0.5, 0.5]},
								"down": {"uv": [49, 10.5], "uv_size": [0.5, -0.5]}
							}
						},
						{
							"origin": [0.66084, -0.03454, -0.26227],
							"size": [0.25261, 1.11714, 0.5026],
							"pivot": [0.78714, 0.52403, -0.01097],
							"rotation": [0, -22.5, 0],
							"uv": {
								"west": {"uv": [35, 8], "uv_size": [0.5, 1]},
								"up": {"uv": [49, 16], "uv_size": [0.5, 0.5]},
								"down": {"uv": [18, 49.5], "uv_size": [0.5, -0.5]}
							}
						},
						{
							"origin": [-0.91406, 0.60616, -3.06506],
							"size": [1.82585, 0.51268, 0.17089],
							"uv": {
								"east": {"uv": [49, 18], "uv_size": [0.5, 0.5]},
								"south": {"uv": [28, 12], "uv_size": [2, 0.5]},
								"west": {"uv": [49, 22], "uv_size": [0.5, 0.5]}
							}
						},
						{
							"origin": [-0.91406, 1.52487, -1.31481],
							"size": [0.17301, 1.10614, 0.43946],
							"pivot": [0.06266, -0.98457, -2.53296],
							"rotation": [-45, 0, 0],
							"uv": {
								"east": {"uv": [35, 10], "uv_size": [0.5, 1]},
								"south": {"uv": [35, 16], "uv_size": [0.5, 1]},
								"west": {"uv": [18, 35], "uv_size": [0.5, 1]}
							}
						},
						{
							"origin": [0.74105, 1.52486, -1.31481],
							"size": [0.17301, 1.10614, 0.43946],
							"pivot": [-0.06266, -0.98458, -2.53296],
							"rotation": [-45, 0, 0],
							"uv": {
								"east": {"uv": [35, 18], "uv_size": [0.5, 1]},
								"south": {"uv": [35, 23], "uv_size": [0.5, 1]},
								"west": {"uv": [26, 35], "uv_size": [0.5, 1]}
							}
						},
						{
							"origin": [-0.74105, -0.0337, -0.19481],
							"size": [1.4821, 0.3663, 0.95693],
							"uv": {
								"east": {"uv": [28, 35], "uv_size": [1, 0.5]},
								"west": {"uv": [30, 35], "uv_size": [1, 0.5]},
								"down": {"uv": [23, 17], "uv_size": [1.5, -1]}
							}
						},
						{
							"origin": [-0.74105, 2.01777, -1.11949],
							"size": [1.4821, 0.61324, 0.24414],
							"pivot": [-0.00326, -0.98457, -2.53296],
							"rotation": [-45, 0, 0],
							"uv": {
								"south": {"uv": [30, 9], "uv_size": [1.5, 0.5]}
							}
						}
					]
				},
				{
					"name": "group9",
					"parent": "body",
					"pivot": [-1.03987, 5.45444, 1.42417],
					"cubes": [
						{
							"origin": [-1.10937, 0.69326, -2.61714],
							"size": [0.26854, 0.09766, 0.3236],
							"pivot": [-0.40137, 0.40029, -2.45534],
							"rotation": [22.5, 0, 0],
							"uv": {
								"north": {"uv": [26, 49], "uv_size": [0.5, 0.5]},
								"east": {"uv": [28, 49], "uv_size": [0.5, 0.5]},
								"south": {"uv": [49, 28], "uv_size": [0.5, 0.5]},
								"west": {"uv": [30, 49], "uv_size": [0.5, 0.5]},
								"up": {"uv": [32, 49], "uv_size": [0.5, 0.5]},
								"down": {"uv": [34, 49.5], "uv_size": [0.5, -0.5]}
							}
						},
						{
							"origin": [-1.06055, 0.00287, -2.66042],
							"size": [0.26855, 0.71183, 0.80078],
							"uv": {
								"north": {"uv": [38, 49], "uv_size": [0.5, 0.5]},
								"east": {"uv": [35, 30], "uv_size": [1, 0.5]},
								"south": {"uv": [0, 50], "uv_size": [0.5, 0.5]},
								"west": {"uv": [32, 35], "uv_size": [1, 0.5]},
								"up": {"uv": [34, 35], "uv_size": [0.5, 1]}
							}
						},
						{
							"origin": [-1.06055, 0.12006, -2.77761],
							"size": [0.26855, 0.51651, 0.11719],
							"uv": {
								"east": {"uv": [2, 50], "uv_size": [0.5, 0.5]},
								"west": {"uv": [50, 2], "uv_size": [0.5, 0.5]},
								"down": {"uv": [4, 50.5], "uv_size": [0.5, -0.5]}
							}
						},
						{
							"origin": [-1.10937, 0.00967, -2.59273],
							"size": [0.26854, 0.09765, 0.29919],
							"pivot": [-0.40137, 0.40029, -2.45534],
							"rotation": [-22.5, 0, 0],
							"uv": {
								"east": {"uv": [50, 4], "uv_size": [0.5, 0.5]},
								"west": {"uv": [6, 50], "uv_size": [0.5, 0.5]},
								"up": {"uv": [50, 6], "uv_size": [0.5, 0.5]},
								"down": {"uv": [8, 50.5], "uv_size": [0.5, -0.5]}
							}
						},
						{
							"origin": [-1.10937, 0.00967, -2.61714],
							"size": [0.26854, 0.09765, 0.3236],
							"pivot": [-0.40137, 0.40029, -2.45534],
							"rotation": [22.5, 0, 0],
							"uv": {
								"east": {"uv": [10, 50], "uv_size": [0.5, 0.5]},
								"south": {"uv": [12, 50], "uv_size": [0.5, 0.5]},
								"west": {"uv": [50, 12], "uv_size": [0.5, 0.5]},
								"up": {"uv": [14, 50], "uv_size": [0.5, 0.5]},
								"down": {"uv": [50, 14.5], "uv_size": [0.5, -0.5]}
							}
						},
						{
							"origin": [-1.10937, 0.23849, -2.16237],
							"size": [0.26854, 0.3236, 0.09766],
							"pivot": [-0.40137, 0.40029, -2.45534],
							"rotation": [-22.5, 0, 0],
							"uv": {
								"north": {"uv": [16, 50], "uv_size": [0.5, 0.5]},
								"east": {"uv": [20, 50], "uv_size": [0.5, 0.5]},
								"south": {"uv": [50, 20], "uv_size": [0.5, 0.5]},
								"west": {"uv": [22, 50], "uv_size": [0.5, 0.5]},
								"up": {"uv": [24, 50], "uv_size": [0.5, 0.5]},
								"down": {"uv": [50, 24.5], "uv_size": [0.5, -0.5]}
							}
						},
						{
							"origin": [-1.10937, 0.69326, -2.61714],
							"size": [0.26854, 0.09766, 0.3236],
							"pivot": [-0.40137, 0.40029, -2.45534],
							"rotation": [-22.5, 0, 0],
							"uv": {
								"north": {"uv": [50, 26], "uv_size": [0.5, 0.5]},
								"east": {"uv": [50, 30], "uv_size": [0.5, 0.5]},
								"south": {"uv": [50, 32], "uv_size": [0.5, 0.5]},
								"west": {"uv": [50, 34], "uv_size": [0.5, 0.5]},
								"up": {"uv": [36, 50], "uv_size": [0.5, 0.5]},
								"down": {"uv": [50, 36.5], "uv_size": [0.5, -0.5]}
							}
						},
						{
							"origin": [-1.10937, 0.23849, -2.16237],
							"size": [0.26854, 0.3236, 0.09766],
							"pivot": [-0.40137, 0.40029, -2.45534],
							"rotation": [22.5, 0, 0],
							"uv": {
								"north": {"uv": [50, 38], "uv_size": [0.5, 0.5]},
								"east": {"uv": [40, 50], "uv_size": [0.5, 0.5]},
								"south": {"uv": [50, 40], "uv_size": [0.5, 0.5]},
								"west": {"uv": [42, 50], "uv_size": [0.5, 0.5]},
								"up": {"uv": [50, 42], "uv_size": [0.5, 0.5]},
								"down": {"uv": [44, 50.5], "uv_size": [0.5, -0.5]}
							}
						},
						{
							"origin": [-1.06055, 0.36909, -2.09889],
							"size": [0.26855, 0.45303, 1.09375],
							"pivot": [-0.30372, 0.5956, -1.55201],
							"rotation": [-45, 0, 0],
							"uv": {
								"north": {"uv": [50, 44], "uv_size": [0.5, 0.5]},
								"east": {"uv": [0, 36], "uv_size": [1, 0.5]},
								"west": {"uv": [2, 36], "uv_size": [1, 0.5]},
								"down": {"uv": [36, 3], "uv_size": [0.5, -1]}
							}
						},
						{
							"origin": [-1.06055, 0.04873, -1.77854],
							"size": [0.26855, 1.09375, 0.45304],
							"uv": {
								"east": {"uv": [4, 36], "uv_size": [0.5, 1]},
								"up": {"uv": [46, 50], "uv_size": [0.5, 0.5]}
							}
						},
						{
							"origin": [-1.06055, -0.0001, -1.77854],
							"size": [0.26855, 1.14258, 0.45304],
							"pivot": [-0.30372, 0.5956, -1.55201],
							"rotation": [-45, 0, 0],
							"uv": {
								"east": {"uv": [36, 4], "uv_size": [0.5, 1]},
								"west": {"uv": [6, 36], "uv_size": [0.5, 1]},
								"up": {"uv": [50, 46], "uv_size": [0.5, 0.5]},
								"down": {"uv": [48, 50.5], "uv_size": [0.5, -0.5]}
							}
						},
						{
							"origin": [-1.06055, 0.36909, -2.09889],
							"size": [0.26855, 0.45303, 1.09375],
							"uv": {
								"north": {"uv": [50, 48], "uv_size": [0.5, 0.5]},
								"east": {"uv": [36, 6], "uv_size": [1, 0.5]},
								"up": {"uv": [8, 36], "uv_size": [0.5, 1]}
							}
						},
						{
							"origin": [-1.06055, 0.39545, -1.09037],
							"size": [0.26855, 0.29678, 0.21875],
							"pivot": [-0.92627, 0.53603, -0.94974],
							"rotation": [-45, 0, 0],
							"uv": {
								"east": {"uv": [50, 50], "uv_size": [0.5, 0.5]},
								"west": {"uv": [51, 0], "uv_size": [0.5, 0.5]}
							}
						},
						{
							"origin": [-1.10937, 0.59635, -0.9132],
							"size": [0.26854, 0.09765, 0.3236],
							"pivot": [-0.9751, 0.98697, -0.7514],
							"rotation": [-22.5, 0, 0],
							"uv": {
								"north": {"uv": [51, 8], "uv_size": [0.5, 0.5]},
								"east": {"uv": [51, 10], "uv_size": [0.5, 0.5]},
								"west": {"uv": [51, 16], "uv_size": [0.5, 0.5]},
								"up": {"uv": [18, 51], "uv_size": [0.5, 0.5]},
								"down": {"uv": [51, 18.5], "uv_size": [0.5, -0.5]}
							}
						},
						{
							"origin": [-1.10937, 0.82518, -1.14202],
							"size": [0.26854, 0.32359, 0.09765],
							"pivot": [-0.9751, 0.98697, -0.7514],
							"rotation": [22.5, 0, 0],
							"uv": {
								"north": {"uv": [51, 22], "uv_size": [0.5, 0.5]},
								"east": {"uv": [26, 51], "uv_size": [0.5, 0.5]},
								"south": {"uv": [28, 51], "uv_size": [0.5, 0.5]},
								"west": {"uv": [51, 28], "uv_size": [0.5, 0.5]},
								"down": {"uv": [30, 51.5], "uv_size": [0.5, -0.5]}
							}
						},
						{
							"origin": [-1.10937, 0.82517, -1.14202],
							"size": [0.26854, 0.32361, 0.09766],
							"pivot": [-0.9751, 0.98697, -0.7514],
							"rotation": [-22.5, 0, 0],
							"uv": {
								"north": {"uv": [32, 51], "uv_size": [0.5, 0.5]},
								"east": {"uv": [34, 51], "uv_size": [0.5, 0.5]},
								"south": {"uv": [38, 51], "uv_size": [0.5, 0.5]},
								"west": {"uv": [0, 52], "uv_size": [0.5, 0.5]}
							}
						},
						{
							"origin": [-1.10937, 1.27994, -0.9132],
							"size": [0.26854, 0.09766, 0.3236],
							"pivot": [-0.9751, 0.98697, -0.7514],
							"rotation": [22.5, 0, 0],
							"uv": {
								"north": {"uv": [2, 52], "uv_size": [0.5, 0.5]},
								"east": {"uv": [52, 2], "uv_size": [0.5, 0.5]},
								"west": {"uv": [4, 52], "uv_size": [0.5, 0.5]},
								"up": {"uv": [52, 4], "uv_size": [0.5, 0.5]},
								"down": {"uv": [6, 52.5], "uv_size": [0.5, -0.5]}
							}
						},
						{
							"origin": [-1.10937, 1.27994, -0.9132],
							"size": [0.26854, 0.16016, 0.3236],
							"pivot": [-0.9751, 0.98697, -0.7514],
							"rotation": [-22.5, 0, 0],
							"uv": {
								"east": {"uv": [52, 6], "uv_size": [0.5, 0.5]},
								"west": {"uv": [8, 52], "uv_size": [0.5, 0.5]},
								"down": {"uv": [10, 52.5], "uv_size": [0.5, -0.5]}
							}
						},
						{
							"origin": [-1.10937, 0.82518, -0.45843],
							"size": [0.26854, 0.32359, 0.09766],
							"pivot": [-0.9751, 0.98697, -0.7514],
							"rotation": [22.5, 0, 0],
							"uv": {
								"north": {"uv": [12, 52], "uv_size": [0.5, 0.5]},
								"east": {"uv": [52, 12], "uv_size": [0.5, 0.5]},
								"south": {"uv": [14, 52], "uv_size": [0.5, 0.5]},
								"west": {"uv": [52, 14], "uv_size": [0.5, 0.5]},
								"down": {"uv": [16, 52.5], "uv_size": [0.5, -0.5]}
							}
						},
						{
							"origin": [-1.10937, 0.82516, -0.45843],
							"size": [0.26854, 0.32361, 0.09766],
							"pivot": [-0.9751, 0.98697, -0.7514],
							"rotation": [-22.5, 0, 0],
							"uv": {
								"north": {"uv": [20, 52], "uv_size": [0.5, 0.5]},
								"east": {"uv": [52, 20], "uv_size": [0.5, 0.5]},
								"south": {"uv": [22, 52], "uv_size": [0.5, 0.5]},
								"west": {"uv": [24, 52], "uv_size": [0.5, 0.5]},
								"up": {"uv": [52, 24], "uv_size": [0.5, 0.5]},
								"down": {"uv": [52, 26.5], "uv_size": [0.5, -0.5]}
							}
						},
						{
							"origin": [-1.10937, 0.59635, -0.91321],
							"size": [0.26854, 0.09765, 0.32361],
							"pivot": [-0.9751, 0.98697, -0.7514],
							"rotation": [22.5, 0, 0],
							"uv": {
								"east": {"uv": [52, 30], "uv_size": [0.5, 0.5]},
								"west": {"uv": [52, 32], "uv_size": [0.5, 0.5]},
								"up": {"uv": [52, 34], "uv_size": [0.5, 0.5]},
								"down": {"uv": [36, 52.5], "uv_size": [0.5, -0.5]}
							}
						},
						{
							"origin": [-1.10937, 0.23849, -2.77271],
							"size": [0.26854, 0.3236, 0.0244],
							"pivot": [-0.40137, 0.40029, -2.45534],
							"rotation": [22.5, 0, 0],
							"uv": {
								"east": {"uv": [52, 36], "uv_size": [0.5, 0.5]},
								"south": {"uv": [52, 38], "uv_size": [0.5, 0.5]},
								"west": {"uv": [40, 52], "uv_size": [0.5, 0.5]}
							}
						},
						{
							"origin": [-1.10937, 0.28732, -2.84596],
							"size": [0.26854, 0.27477, 0.09765],
							"pivot": [-0.40137, 0.40029, -2.45534],
							"rotation": [-22.5, 0, 0],
							"uv": {
								"north": {"uv": [52, 40], "uv_size": [0.5, 0.5]},
								"east": {"uv": [42, 52], "uv_size": [0.5, 0.5]},
								"south": {"uv": [52, 42], "uv_size": [0.5, 0.5]},
								"west": {"uv": [44, 52], "uv_size": [0.5, 0.5]},
								"up": {"uv": [52, 44], "uv_size": [0.5, 0.5]},
								"down": {"uv": [46, 52.5], "uv_size": [0.5, -0.5]}
							}
						}
					]
				},
				{
					"name": "upper",
					"parent": "sight_bodydye",
					"pivot": [-0.89338, 6.31515, 1.16236],
					"cubes": [
						{
							"origin": [-1.1094, 1.47323, -3.17357],
							"size": [2.2188, 0.16601, 4.18852],
							"uv": {
								"east": {"uv": [17, 10], "uv_size": [4, 0.5]},
								"south": {"uv": [13, 28], "uv_size": [2, 0.5]},
								"west": {"uv": [17, 12], "uv_size": [4, 0.5]},
								"up": {"uv": [3, 0], "uv_size": [2, 4]},
								"down": {"uv": [0, 9], "uv_size": [2, -4]}
							}
						},
						{
							"origin": [0.76891, 2.2228, -3.16967],
							"size": [0.33709, 0.38396, 4.18462],
							"pivot": [-0.0602, 2.1189, -1.19919],
							"rotation": [0, 0, 45],
							"uv": {
								"north": {"uv": [52, 50], "uv_size": [0.5, 0.5]},
								"east": {"uv": [2, 18], "uv_size": [4, 0.5]},
								"south": {"uv": [52, 52], "uv_size": [0.5, 0.5]},
								"up": {"uv": [7, 18], "uv_size": [0.5, 4]}
							}
						},
						{
							"origin": [-1.106, 2.2228, -3.16967],
							"size": [0.33709, 0.38396, 4.18462],
							"pivot": [0.0602, 2.1189, -1.19919],
							"rotation": [0, 0, -45],
							"uv": {
								"north": {"uv": [53, 0], "uv_size": [0.5, 0.5]},
								"south": {"uv": [53, 8], "uv_size": [0.5, 0.5]},
								"west": {"uv": [18, 6], "uv_size": [4, 0.5]},
								"up": {"uv": [13, 18], "uv_size": [0.5, 4]}
							}
						},
						{
							"origin": [-1.01171, 1.63924, -3.27415],
							"size": [0.12206, 1.14453, 3.07909],
							"uv": {
								"north": {"uv": [36, 14], "uv_size": [0.5, 1]},
								"east": {"uv": [13, 10], "uv_size": [3, 1]},
								"south": {"uv": [16, 36], "uv_size": [0.5, 1]},
								"west": {"uv": [13, 12], "uv_size": [3, 1]},
								"down": {"uv": [0, 27], "uv_size": [0.5, -3]}
							}
						},
						{
							"origin": [0.88964, 1.63924, -3.27415],
							"size": [0.12208, 1.14453, 3.07909],
							"uv": {
								"north": {"uv": [20, 36], "uv_size": [0.5, 1]},
								"east": {"uv": [3, 14], "uv_size": [3, 1]},
								"south": {"uv": [36, 20], "uv_size": [0.5, 1]},
								"west": {"uv": [14, 6], "uv_size": [3, 1]},
								"up": {"uv": [24, 0], "uv_size": [0.5, 3]},
								"down": {"uv": [2, 27], "uv_size": [0.5, -3]}
							}
						},
						{
							"origin": [0.77442, 1.08251, 0.52103],
							"size": [0.11522, 0.48242, 0.24706],
							"inflate": -0.001,
							"pivot": [-0.0625, 2.1189, -1.19919],
							"rotation": [22.5, 0, 0],
							"uv": {
								"east": {"uv": [53, 10], "uv_size": [0.5, 0.5]},
								"south": {"uv": [53, 16], "uv_size": [0.5, 0.5]},
								"west": {"uv": [18, 53], "uv_size": [0.5, 0.5]}
							}
						},
						{
							"origin": [0.88964, 1.63924, -0.19506],
							"size": [0.12208, 0.29297, 0.70801],
							"uv": {
								"west": {"uv": [53, 18], "uv_size": [0.5, 0.5]},
								"up": {"uv": [53, 22], "uv_size": [0.5, 0.5]}
							}
						},
						{
							"origin": [-0.7355, 2.93791, -3.44603],
							"size": [1.471, 0.12207, 3.25097],
							"uv": {
								"north": {"uv": [30, 20], "uv_size": [1.5, 0.5]},
								"east": {"uv": [20, 18], "uv_size": [3.5, 0.5]},
								"west": {"uv": [20, 20], "uv_size": [3.5, 0.5]},
								"up": {"uv": [9, 5], "uv_size": [1.5, 3.5]},
								"down": {"uv": [0, 13.5], "uv_size": [1.5, -3.5]}
							}
						},
						{
							"origin": [-0.67691, 3.25054, -0.63163],
							"size": [1.35382, 0.12207, 0.39063],
							"pivot": [0, 2.1189, -1.19919],
							"rotation": [-22.5, 0, 0],
							"uv": {
								"up": {"uv": [21, 30], "uv_size": [1.5, 0.5]}
							}
						},
						{
							"origin": [1.87066, 0.83846, -2.1555],
							"size": [0.29226, 0.80078, 0.38726],
							"pivot": [-0.06023, 2.1189, -1.19919],
							"rotation": [0, 45, 0],
							"uv": {
								"east": {"uv": [22, 36], "uv_size": [0.5, 1]},
								"south": {"uv": [24, 36], "uv_size": [0.5, 1]},
								"west": {"uv": [36, 25], "uv_size": [0.5, 1]},
								"up": {"uv": [26, 53], "uv_size": [0.5, 0.5]},
								"down": {"uv": [28, 53.5], "uv_size": [0.5, -0.5]}
							}
						},
						{
							"origin": [-0.835, 0.83846, -3.44797],
							"size": [1.67112, 0.80078, 0.2934],
							"uv": {
								"north": {"uv": [24, 10], "uv_size": [1.5, 1]},
								"west": {"uv": [36, 27], "uv_size": [0.5, 1]},
								"up": {"uv": [24, 30], "uv_size": [1.5, 0.5]},
								"down": {"uv": [30, 25.5], "uv_size": [1.5, -0.5]}
							}
						},
						{
							"origin": [-2.16092, 0.83846, -2.15147],
							"size": [0.29387, 0.80078, 0.38806],
							"pivot": [0.06705, 2.1189, -1.19919],
							"rotation": [0, -45, 0],
							"uv": {
								"east": {"uv": [36, 32], "uv_size": [0.5, 1]},
								"south": {"uv": [36, 34], "uv_size": [0.5, 1]},
								"west": {"uv": [36, 36], "uv_size": [0.5, 1]},
								"up": {"uv": [53, 28], "uv_size": [0.5, 0.5]},
								"down": {"uv": [30, 53.5], "uv_size": [0.5, -0.5]}
							}
						},
						{
							"origin": [-1.58515, 1.63924, -0.02846],
							"size": [0.12207, 0.29297, 0.34179],
							"pivot": [0.0625, 2.1189, -1.19919],
							"rotation": [0, 22.5, 0],
							"uv": {
								"east": {"uv": [32, 53], "uv_size": [0.5, 0.5]},
								"up": {"uv": [34, 53], "uv_size": [0.5, 0.5]},
								"down": {"uv": [38, 53.5], "uv_size": [0.5, -0.5]}
							}
						},
						{
							"origin": [-1.01171, 1.63924, -0.19506],
							"size": [0.12207, 0.29297, 0.70801],
							"uv": {
								"east": {"uv": [0, 54], "uv_size": [0.5, 0.5]},
								"up": {"uv": [2, 54], "uv_size": [0.5, 0.5]}
							}
						},
						{
							"origin": [1.46308, 1.63924, -0.02847],
							"size": [0.12208, 0.29297, 0.3418],
							"pivot": [-0.0625, 2.1189, -1.19919],
							"rotation": [0, -22.5, 0],
							"uv": {
								"west": {"uv": [54, 2], "uv_size": [0.5, 0.5]},
								"up": {"uv": [4, 54], "uv_size": [0.5, 0.5]},
								"down": {"uv": [54, 4.5], "uv_size": [0.5, -0.5]}
							}
						},
						{
							"origin": [-0.7355, 3.18804, -0.63163],
							"size": [0.05859, 0.18457, 0.46875],
							"pivot": [0.0625, 2.1189, -1.19919],
							"rotation": [-22.5, 0, 0],
							"uv": {
								"east": {"uv": [6, 54], "uv_size": [0.5, 0.5]},
								"south": {"uv": [54, 6], "uv_size": [0.5, 0.5]},
								"west": {"uv": [8, 54], "uv_size": [0.5, 0.5]},
								"up": {"uv": [10, 54], "uv_size": [0.5, 0.5]},
								"down": {"uv": [12, 54.5], "uv_size": [0.5, -0.5]}
							}
						},
						{
							"origin": [0.67691, 3.18804, -0.63163],
							"size": [0.05859, 0.18457, 0.42578],
							"pivot": [-0.0625, 2.1189, -1.19919],
							"rotation": [-22.5, 0, 0],
							"uv": {
								"east": {"uv": [54, 12], "uv_size": [0.5, 0.5]},
								"south": {"uv": [14, 54], "uv_size": [0.5, 0.5]},
								"west": {"uv": [54, 14], "uv_size": [0.5, 0.5]},
								"up": {"uv": [16, 54], "uv_size": [0.5, 0.5]},
								"down": {"uv": [20, 54.5], "uv_size": [0.5, -0.5]}
							}
						},
						{
							"origin": [0.77442, 1.63924, 0.83033],
							"size": [0.11522, 0.27501, 0.18462],
							"uv": {
								"east": {"uv": [54, 20], "uv_size": [0.5, 0.5]},
								"south": {"uv": [22, 54], "uv_size": [0.5, 0.5]},
								"west": {"uv": [24, 54], "uv_size": [0.5, 0.5]}
							}
						},
						{
							"origin": [-0.88964, 1.08251, 0.52103],
							"size": [0.11522, 0.48242, 0.24706],
							"inflate": -0.001,
							"pivot": [0.0625, 2.1189, -1.19919],
							"rotation": [22.5, 0, 0],
							"uv": {
								"east": {"uv": [54, 24], "uv_size": [0.5, 0.5]},
								"south": {"uv": [54, 26], "uv_size": [0.5, 0.5]},
								"west": {"uv": [54, 30], "uv_size": [0.5, 0.5]}
							}
						},
						{
							"origin": [-0.88964, 1.63924, 0.83033],
							"size": [0.11522, 0.27501, 0.18462],
							"uv": {
								"east": {"uv": [54, 32], "uv_size": [0.5, 0.5]},
								"south": {"uv": [54, 34], "uv_size": [0.5, 0.5]},
								"west": {"uv": [36, 54], "uv_size": [0.5, 0.5]}
							}
						},
						{
							"origin": [-0.16367, 3.22655, -3.27415],
							"size": [0.39062, 0.12206, 3.07909],
							"pivot": [-0.0625, 2.1189, -1.19919],
							"rotation": [0, 0, 45],
							"uv": {
								"north": {"uv": [54, 36], "uv_size": [0.5, 0.5]},
								"south": {"uv": [54, 38], "uv_size": [0.5, 0.5]},
								"up": {"uv": [14, 24], "uv_size": [0.5, 3]},
								"down": {"uv": [16, 27], "uv_size": [0.5, -3]}
							}
						},
						{
							"origin": [-0.16367, 3.22655, -3.3679],
							"size": [0.20312, 0.12206, 0.09375],
							"pivot": [-0.0625, 2.1189, -1.19919],
							"rotation": [0, 0, 45],
							"uv": {
								"north": {"uv": [40, 54], "uv_size": [0.5, 0.5]},
								"west": {"uv": [54, 40], "uv_size": [0.5, 0.5]},
								"up": {"uv": [42, 54], "uv_size": [0.5, 0.5]},
								"down": {"uv": [54, 42.5], "uv_size": [0.5, -0.5]}
							}
						},
						{
							"origin": [-0.22695, 3.22655, -3.27415],
							"size": [0.39062, 0.12206, 3.07909],
							"pivot": [0.0625, 2.1189, -1.19919],
							"rotation": [0, 0, -45],
							"uv": {
								"north": {"uv": [44, 54], "uv_size": [0.5, 0.5]},
								"south": {"uv": [54, 44], "uv_size": [0.5, 0.5]},
								"up": {"uv": [18, 24], "uv_size": [0.5, 3]},
								"down": {"uv": [20, 27], "uv_size": [0.5, -3]}
							}
						},
						{
							"origin": [-0.03945, 3.22655, -3.3679],
							"size": [0.20312, 0.12206, 0.09375],
							"pivot": [0.0625, 2.1189, -1.19919],
							"rotation": [0, 0, -45],
							"uv": {
								"north": {"uv": [46, 54], "uv_size": [0.5, 0.5]},
								"east": {"uv": [54, 46], "uv_size": [0.5, 0.5]},
								"up": {"uv": [48, 54], "uv_size": [0.5, 0.5]},
								"down": {"uv": [54, 48.5], "uv_size": [0.5, -0.5]}
							}
						}
					]
				},
				{
					"name": "group",
					"parent": "upper",
					"pivot": [0, 6.58765, 0.98831],
					"cubes": [
						{
							"origin": [-0.88965, 1.63924, -3.16967],
							"size": [0.11524, 1.09571, 4],
							"uv": {
								"north": {"uv": [10, 36], "uv_size": [0.5, 1]},
								"east": {"uv": [12, 0], "uv_size": [4, 1]},
								"south": {"uv": [12, 36], "uv_size": [0.5, 1]},
								"west": {"uv": [12, 2], "uv_size": [4, 1]}
							}
						},
						{
							"origin": [-0.68248, 2.82686, -3.16967],
							"size": [1.36497, 0.11524, 4],
							"uv": {
								"north": {"uv": [12, 30], "uv_size": [1.5, 0.5]},
								"east": {"uv": [13, 16], "uv_size": [4, 0.5]},
								"south": {"uv": [15, 30], "uv_size": [1.5, 0.5]},
								"west": {"uv": [16, 14], "uv_size": [4, 0.5]},
								"up": {"uv": [6, 5], "uv_size": [1.5, 4]},
								"down": {"uv": [9, 4], "uv_size": [1.5, -4]}
							}
						},
						{
							"origin": [-1.04638, 1.88123, -3.16967],
							"size": [0.11524, 0.29297, 4],
							"pivot": [0.0625, 2.1189, -1.19919],
							"rotation": [0, 0, 45],
							"uv": {
								"north": {"uv": [52, 46], "uv_size": [0.5, 0.5]},
								"east": {"uv": [17, 0], "uv_size": [4, 0.5]},
								"south": {"uv": [48, 52], "uv_size": [0.5, 0.5]},
								"west": {"uv": [17, 2], "uv_size": [4, 0.5]},
								"up": {"uv": [0, 17], "uv_size": [0.5, 4]}
							}
						},
						{
							"origin": [0.93115, 1.88123, -3.16967],
							"size": [0.11523, 0.29297, 4],
							"pivot": [-0.0625, 2.1189, -1.19919],
							"rotation": [0, 0, -45],
							"uv": {
								"north": {"uv": [52, 48], "uv_size": [0.5, 0.5]},
								"east": {"uv": [17, 4], "uv_size": [4, 0.5]},
								"south": {"uv": [50, 52], "uv_size": [0.5, 0.5]},
								"west": {"uv": [17, 8], "uv_size": [4, 0.5]},
								"up": {"uv": [9, 17], "uv_size": [0.5, 4]},
								"down": {"uv": [11, 21], "uv_size": [0.5, -4]}
							}
						},
						{
							"origin": [0.77442, 1.63924, -3.16967],
							"size": [0.11522, 1.09571, 4],
							"uv": {
								"north": {"uv": [36, 12], "uv_size": [0.5, 1]},
								"east": {"uv": [3, 12], "uv_size": [4, 1]},
								"south": {"uv": [14, 36], "uv_size": [0.5, 1]},
								"west": {"uv": [12, 4], "uv_size": [4, 1]}
							}
						}
					]
				},
				{
					"name": "division",
					"pivot": [0.05, 0.825, -104]
				},
				{
					"name": "division_illuminated",
					"parent": "division",
					"pivot": [-0.03125, 2.2825, -75.7375],
					"cubes": [
						{
							"origin": [-0.875, 1.4075, -99],
							"size": [1.75, 1.75, 0.3],
							"uv": {
								"south": {"uv": [61.5, 0], "uv_size": [64, 64]}
							}
						}
					]
				},
				{
					"name": "scope_view",
					"pivot": [0, 2.29375, 18]
				},
				{
					"name": "ocular",
					"pivot": [0, 3.375, 1.0875],
					"cubes": [
						{
							"origin": [-0.78263, 1.61802, 0.456],
							"size": [1.57776, 1.19678, 0.02463],
							"uv": {
								"south": {"uv": [54, 50], "uv_size": [1.5, 1]}
							}
						}
					]
				}
			]
		}
	]
}