{
	"format_version": "1.12.0",
	"minecraft:geometry": [
		{
			"description": {
				"identifier": "geometry.sight_coyote - Converted",
				"texture_width": 128,
				"texture_height": 128,
				"visible_bounds_width": 15,
				"visible_bounds_height": 2.5,
				"visible_bounds_offset": [0, 0.75, 0]
			},
			"bones": [
				{
					"name": "scope_body",
					"pivot": [0, 21.7, -2]
				},
				{
					"name": "knobs",
					"parent": "scope_body",
					"pivot": [0, 21.7, -2]
				},
				{
					"name": "octagon3",
					"parent": "knobs",
					"pivot": [0, 21.7, -2]
				},
				{
					"name": "octagon",
					"parent": "knobs",
					"pivot": [0, 21.7, -2]
				},
				{
					"name": "screws",
					"parent": "scope_body",
					"pivot": [0, 21.65581, -0.75]
				},
				{
					"name": "pattern",
					"parent": "scope_body",
					"pivot": [-8.45313, 8.8125, 6.25]
				},
				{
					"name": "552",
					"parent": "scope_body",
					"pivot": [-1, 3.40625, 6],
					"cubes": [
						{
							"origin": [1.25, 0.34375, -0.5625],
							"size": [0.01562, 0.5, 1.0625],
							"uv": {
								"north": {"uv": [31, 30], "uv_size": [0.5, 0.5]},
								"south": {"uv": [0, 32], "uv_size": [0.5, 0.5]},
								"west": {"uv": [13, 25], "uv_size": [1, 0.5]},
								"up": {"uv": [20, 25], "uv_size": [0.5, 1]},
								"down": {"uv": [26, 3], "uv_size": [0.5, -1]}
							}
						}
					]
				},
				{
					"name": "group",
					"parent": "552",
					"pivot": [-1, 3.40625, 6]
				},
				{
					"name": "group9",
					"parent": "group",
					"pivot": [-2.0508, 4.12301, 8.1875]
				},
				{
					"name": "group8",
					"parent": "group",
					"pivot": [-1.8125, 2.69286, 5.34911]
				},
				{
					"name": "bone",
					"parent": "group8",
					"pivot": [0, 0, 0],
					"cubes": [
						{
							"origin": [1.125, 0.15625, -2],
							"size": [0.125, 1.0625, 2.4375],
							"uv": {
								"east": {"uv": [9, 0], "uv_size": [2.5, 1]},
								"west": {"uv": [0, 10], "uv_size": [2.5, 1]}
							}
						},
						{
							"origin": [1.125, 0.15625, 0.4375],
							"size": [0.125, 0.4375, 0.3125],
							"uv": {
								"east": {"uv": [2, 32], "uv_size": [0.5, 0.5]},
								"south": {"uv": [32, 2], "uv_size": [0.5, 0.5]},
								"west": {"uv": [32, 4], "uv_size": [0.5, 0.5]}
							}
						},
						{
							"origin": [1.125, 0.51737, 0.30351],
							"size": [0.125, 0.75, 0.3125],
							"pivot": [0, 0.89237, 0.49101],
							"rotation": [22.5, 0, 0],
							"uv": {
								"east": {"uv": [15, 26], "uv_size": [0.5, 1]},
								"south": {"uv": [26, 17], "uv_size": [0.5, 1]},
								"west": {"uv": [26, 19], "uv_size": [0.5, 1]}
							}
						},
						{
							"origin": [1.125, 0.12186, -3.35003],
							"size": [0.125, 0.5625, 2.075],
							"inflate": 0.001,
							"pivot": [0, 0.46561, -2.69378],
							"rotation": [45, 0, 0],
							"uv": {
								"east": {"uv": [21, 14], "uv_size": [2, 0.5]},
								"west": {"uv": [15, 21], "uv_size": [2, 0.5]},
								"up": {"uv": [0, 22], "uv_size": [0.5, 2]}
							}
						},
						{
							"origin": [1.125, 0.15625, -2.5625],
							"size": [0.125, 0.5625, 0.5625],
							"uv": {
								"east": {"uv": [6, 32], "uv_size": [0.5, 0.5]},
								"west": {"uv": [32, 6], "uv_size": [0.5, 0.5]}
							}
						},
						{
							"origin": [1.125, 1.21875, -1.75],
							"size": [0.125, 1.0625, 1.875],
							"uv": {
								"east": {"uv": [13, 0], "uv_size": [2, 1]},
								"south": {"uv": [22, 26], "uv_size": [0.5, 1]},
								"west": {"uv": [12, 13], "uv_size": [2, 1]}
							}
						},
						{
							"origin": [1.125, 1.37132, -2.2045],
							"size": [0.125, 1.0625, 0.375],
							"pivot": [0, 1.21507, -2.36075],
							"rotation": [-22.5, 0, 0],
							"uv": {
								"north": {"uv": [4, 27], "uv_size": [0.5, 1]},
								"east": {"uv": [27, 8], "uv_size": [0.5, 1]},
								"west": {"uv": [11, 27], "uv_size": [0.5, 1]}
							}
						},
						{
							"origin": [1.125, 1.08844, -0.07807],
							"size": [0.125, 0.5, 0.3125],
							"pivot": [0, 1.46344, 0.10943],
							"rotation": [45, 0, 0],
							"uv": {
								"east": {"uv": [8, 32], "uv_size": [0.5, 0.5]},
								"south": {"uv": [32, 10], "uv_size": [0.5, 0.5]},
								"west": {"uv": [14, 32], "uv_size": [0.5, 0.5]}
							}
						},
						{
							"origin": [-1.25, 0.15625, 0.4375],
							"size": [0.125, 0.4375, 0.3125],
							"uv": {
								"east": {"uv": [32, 14], "uv_size": [0.5, 0.5]},
								"south": {"uv": [32, 16], "uv_size": [0.5, 0.5]},
								"west": {"uv": [32, 18], "uv_size": [0.5, 0.5]}
							}
						},
						{
							"origin": [-1.25, 0.51737, 0.30351],
							"size": [0.125, 0.75, 0.3125],
							"pivot": [0, 0.89237, 0.49101],
							"rotation": [22.5, 0, 0],
							"uv": {
								"east": {"uv": [27, 12], "uv_size": [0.5, 1]},
								"south": {"uv": [13, 27], "uv_size": [0.5, 1]},
								"west": {"uv": [17, 27], "uv_size": [0.5, 1]}
							}
						},
						{
							"origin": [-1.25, -0.28125, -3.3125],
							"size": [0.3125, 0.4375, 4.0625],
							"uv": {
								"north": {"uv": [20, 32], "uv_size": [0.5, 0.5]},
								"east": {"uv": [0, 14], "uv_size": [4, 0.5]},
								"south": {"uv": [32, 20], "uv_size": [0.5, 0.5]},
								"up": {"uv": [6, 12], "uv_size": [0.5, 4]},
								"down": {"uv": [10, 18], "uv_size": [0.5, -4]}
							}
						},
						{
							"origin": [-1.25, 0.48123, -3.35003],
							"size": [0.125, 0.20313, 1.6875],
							"inflate": 0.001,
							"pivot": [0, 0.46561, -2.69378],
							"rotation": [45, 0, 0],
							"uv": {
								"east": {"uv": [4, 25], "uv_size": [1.5, 0.5]},
								"west": {"uv": [25, 4], "uv_size": [1.5, 0.5]},
								"up": {"uv": [7, 25], "uv_size": [0.5, 1.5]},
								"down": {"uv": [9, 26.5], "uv_size": [0.5, -1.5]}
							}
						},
						{
							"origin": [0.9375, -0.28125, -3.3125],
							"size": [0.3125, 0.4375, 4.0625],
							"uv": {
								"north": {"uv": [32, 22], "uv_size": [0.5, 0.5]},
								"south": {"uv": [32, 24], "uv_size": [0.5, 0.5]},
								"west": {"uv": [14, 2], "uv_size": [4, 0.5]},
								"up": {"uv": [15, 10], "uv_size": [0.5, 4]},
								"down": {"uv": [12, 19], "uv_size": [0.5, -4]}
							}
						},
						{
							"origin": [-1.25, 1.37132, -2.2045],
							"size": [0.125, 1.0625, 0.3125],
							"pivot": [0, 1.21507, -2.36075],
							"rotation": [-22.5, 0, 0],
							"uv": {
								"north": {"uv": [19, 27], "uv_size": [0.5, 1]},
								"east": {"uv": [24, 27], "uv_size": [0.5, 1]},
								"west": {"uv": [26, 27], "uv_size": [0.5, 1]}
							}
						},
						{
							"origin": [-1.25, 1.08844, -0.07807],
							"size": [0.125, 0.5, 0.3125],
							"pivot": [0, 1.46344, 0.10943],
							"rotation": [45, 0, 0],
							"uv": {
								"east": {"uv": [32, 26], "uv_size": [0.5, 0.5]},
								"south": {"uv": [27, 32], "uv_size": [0.5, 0.5]},
								"west": {"uv": [32, 28], "uv_size": [0.5, 0.5]}
							}
						},
						{
							"origin": [0.67735, 2.53819, -1.75],
							"size": [0.42188, 0.125, 1.875],
							"pivot": [0.88048, 2.53819, -0.8125],
							"rotation": [0, 0, 22.5],
							"uv": {
								"north": {"uv": [29, 32], "uv_size": [0.5, 0.5]},
								"south": {"uv": [31, 32], "uv_size": [0.5, 0.5]},
								"up": {"uv": [4, 22], "uv_size": [0.5, 2]},
								"down": {"uv": [22, 10], "uv_size": [0.5, -2]}
							}
						},
						{
							"origin": [1.0508, 2.21676, -1.75],
							"size": [0.125, 0.3125, 1.875],
							"pivot": [1.0508, 2.43551, -0.8125],
							"rotation": [0, 0, -22.5],
							"uv": {
								"north": {"uv": [33, 0], "uv_size": [0.5, 0.5]},
								"east": {"uv": [22, 11], "uv_size": [2, 0.5]},
								"south": {"uv": [4, 33], "uv_size": [0.5, 0.5]},
								"west": {"uv": [22, 16], "uv_size": [2, 0.5]}
							}
						},
						{
							"origin": [-0.74065, 2.60584, -1.75],
							"size": [1.4813, 0.12557, 1.875],
							"uv": {
								"north": {"uv": [25, 6], "uv_size": [1.5, 0.5]},
								"south": {"uv": [25, 10], "uv_size": [1.5, 0.5]},
								"up": {"uv": [5, 4], "uv_size": [1.5, 2]},
								"down": {"uv": [6, 2], "uv_size": [1.5, -2]}
							}
						},
						{
							"origin": [-1.09923, 2.53819, -1.75],
							"size": [0.42188, 0.125, 1.875],
							"pivot": [-0.88048, 2.53819, -0.8125],
							"rotation": [0, 0, -22.5],
							"uv": {
								"north": {"uv": [33, 8], "uv_size": [0.5, 0.5]},
								"south": {"uv": [10, 33], "uv_size": [0.5, 0.5]},
								"up": {"uv": [18, 22], "uv_size": [0.5, 2]},
								"down": {"uv": [20, 24], "uv_size": [0.5, -2]}
							}
						},
						{
							"origin": [-1.1758, 2.21676, -1.75],
							"size": [0.125, 0.3125, 1.875],
							"pivot": [-1.0508, 2.43551, -0.8125],
							"rotation": [0, 0, 22.5],
							"uv": {
								"north": {"uv": [12, 33], "uv_size": [0.5, 0.5]},
								"east": {"uv": [22, 22], "uv_size": [2, 0.5]},
								"south": {"uv": [33, 12], "uv_size": [0.5, 0.5]},
								"west": {"uv": [23, 0], "uv_size": [2, 0.5]}
							}
						},
						{
							"origin": [-1.25, 1.46875, -1.75],
							"size": [0.125, 0.8125, 1.875],
							"uv": {
								"east": {"uv": [14, 15], "uv_size": [2, 1]},
								"south": {"uv": [21, 28], "uv_size": [0.5, 1]},
								"west": {"uv": [0, 16], "uv_size": [2, 1]},
								"down": {"uv": [15, 25], "uv_size": [0.5, -2]}
							}
						},
						{
							"origin": [-1.25, 1.15625, -2.19638],
							"size": [0.125, 0.94632, 0.67938],
							"pivot": [-0.75, 0.65625, -1.8125],
							"rotation": [-45, 0, 0],
							"uv": {
								"east": {"uv": [28, 10], "uv_size": [0.5, 1]},
								"south": {"uv": [28, 14], "uv_size": [0.5, 1]},
								"west": {"uv": [15, 28], "uv_size": [0.5, 1]},
								"down": {"uv": [34, 22.5], "uv_size": [0.5, -0.5]}
							}
						},
						{
							"origin": [-1.25, 1.15625, -2.07138],
							"size": [0.125, 0.3125, 0.58026],
							"uv": {
								"east": {"uv": [34, 24], "uv_size": [0.5, 0.5]},
								"west": {"uv": [26, 34], "uv_size": [0.5, 0.5]},
								"down": {"uv": [34, 26.5], "uv_size": [0.5, -0.5]}
							}
						},
						{
							"origin": [-1.25, 0.15625, -2.5625],
							"size": [0.125, 0.75, 0.25],
							"uv": {
								"east": {"uv": [0, 28], "uv_size": [0.5, 1]},
								"south": {"uv": [2, 28], "uv_size": [0.5, 1]},
								"west": {"uv": [28, 2], "uv_size": [0.5, 1]}
							}
						},
						{
							"origin": [-1.25, 0.15625, -2.8125],
							"size": [0.125, 0.5, 0.25],
							"uv": {
								"east": {"uv": [16, 33], "uv_size": [0.5, 0.5]},
								"west": {"uv": [18, 33], "uv_size": [0.5, 0.5]}
							}
						},
						{
							"origin": [-1.25, -0.09375, -2.07138],
							"size": [0.125, 0.25, 0.51776],
							"pivot": [-0.75, 0.65625, -1.8125],
							"rotation": [-45, 0, 0],
							"uv": {
								"east": {"uv": [34, 18], "uv_size": [0.5, 0.5]},
								"west": {"uv": [20, 34], "uv_size": [0.5, 0.5]},
								"up": {"uv": [34, 20], "uv_size": [0.5, 0.5]}
							}
						},
						{
							"origin": [-1.25, 0.39737, -1.3125],
							"size": [0.125, 0.51776, 0.25],
							"pivot": [-0.75, 0.65625, -1.8125],
							"rotation": [-45, 0, 0],
							"uv": {
								"north": {"uv": [34, 10], "uv_size": [0.5, 0.5]},
								"east": {"uv": [14, 34], "uv_size": [0.5, 0.5]},
								"south": {"uv": [34, 14], "uv_size": [0.5, 0.5]},
								"west": {"uv": [34, 16], "uv_size": [0.5, 0.5]}
							}
						},
						{
							"origin": [-1.25, 0.15625, -1.25],
							"size": [0.125, 0.3125, 0.6875],
							"uv": {
								"north": {"uv": [28, 34], "uv_size": [0.5, 0.5]},
								"east": {"uv": [34, 28], "uv_size": [0.5, 0.5]},
								"west": {"uv": [30, 34], "uv_size": [0.5, 0.5]},
								"up": {"uv": [32, 34], "uv_size": [0.5, 0.5]}
							}
						},
						{
							"origin": [-1.25, 0.39737, -1.3125],
							"size": [0.125, 0.83026, 0.4375],
							"uv": {
								"north": {"uv": [28, 4], "uv_size": [0.5, 1]},
								"east": {"uv": [6, 28], "uv_size": [0.5, 1]},
								"south": {"uv": [28, 6], "uv_size": [0.5, 1]},
								"west": {"uv": [8, 28], "uv_size": [0.5, 1]}
							}
						},
						{
							"origin": [-1.25, 0.21875, -0.63388],
							"size": [0.125, 0.25, 0.51776],
							"pivot": [-0.75, 0.96875, -0.375],
							"rotation": [-45, 0, 0],
							"uv": {
								"east": {"uv": [2, 34], "uv_size": [0.5, 0.5]},
								"west": {"uv": [34, 2], "uv_size": [0.5, 0.5]},
								"up": {"uv": [34, 4], "uv_size": [0.5, 0.5]}
							}
						},
						{
							"origin": [-1.25, 0.15625, -0.5625],
							"size": [0.125, 0.3125, 1],
							"uv": {
								"east": {"uv": [28, 16], "uv_size": [1, 0.5]},
								"west": {"uv": [28, 18], "uv_size": [1, 0.5]},
								"up": {"uv": [28, 20], "uv_size": [0.5, 1]}
							}
						},
						{
							"origin": [-1.25, 0.15625, 0.125],
							"size": [0.125, 1.0625, 0.3125],
							"uv": {
								"north": {"uv": [28, 22], "uv_size": [0.5, 1]},
								"east": {"uv": [28, 24], "uv_size": [0.5, 1]},
								"west": {"uv": [28, 26], "uv_size": [0.5, 1]}
							}
						},
						{
							"origin": [-1.25, 0.70987, 0.125],
							"size": [0.125, 0.51776, 0.25],
							"pivot": [-0.75, 0.96875, -0.375],
							"rotation": [-45, 0, 0],
							"uv": {
								"north": {"uv": [33, 30], "uv_size": [0.5, 0.5]},
								"east": {"uv": [33, 32], "uv_size": [0.5, 0.5]},
								"west": {"uv": [0, 34], "uv_size": [0.5, 0.5]}
							}
						},
						{
							"origin": [-1.25, 1.46875, -0.63388],
							"size": [0.125, 0.25, 0.51776],
							"pivot": [-0.75, 0.96875, -0.375],
							"rotation": [-45, 0, 0],
							"uv": {
								"east": {"uv": [6, 34], "uv_size": [0.5, 0.5]},
								"west": {"uv": [34, 6], "uv_size": [0.5, 0.5]},
								"down": {"uv": [8, 34.5], "uv_size": [0.5, -0.5]}
							}
						},
						{
							"origin": [-1.25, 0.15625, -3.0625],
							"size": [0.125, 0.25, 0.25],
							"uv": {
								"east": {"uv": [22, 33], "uv_size": [0.5, 0.5]},
								"west": {"uv": [24, 33], "uv_size": [0.5, 0.5]}
							}
						}
					]
				},
				{
					"name": "group7",
					"parent": "552",
					"pivot": [-1, 1.65625, 7.6875],
					"cubes": [
						{
							"origin": [-1.0625, 0.15625, -5.6875],
							"size": [2.125, 0.6875, 3.125],
							"uv": {
								"north": {"uv": [23, 2], "uv_size": [2, 0.5]},
								"east": {"uv": [14, 17], "uv_size": [3, 0.5]},
								"west": {"uv": [17, 14], "uv_size": [3, 0.5]},
								"up": {"uv": [0, 0], "uv_size": [2, 3]}
							}
						},
						{
							"origin": [-0.8125, 0.15625, -5.9375],
							"size": [0.625, 0.6875, 0.25],
							"uv": {
								"north": {"uv": [34, 34], "uv_size": [0.5, 0.5]},
								"west": {"uv": [35, 0], "uv_size": [0.5, 0.5]}
							}
						},
						{
							"origin": [-0.8125, 0.84375, -5.6875],
							"size": [0.625, 0.25, 3.125],
							"uv": {
								"south": {"uv": [4, 35], "uv_size": [0.5, 0.5]},
								"west": {"uv": [18, 8], "uv_size": [3, 0.5]},
								"up": {"uv": [0, 18], "uv_size": [0.5, 3]}
							}
						},
						{
							"origin": [-0.91291, 0.48261, -5.6875],
							"size": [0.35355, 0.25, 3.75],
							"pivot": [-1.12186, 0.60761, -3.9375],
							"rotation": [0, 0, -45],
							"uv": {
								"north": {"uv": [35, 8], "uv_size": [0.5, 0.5]},
								"south": {"uv": [10, 35], "uv_size": [0.5, 0.5]},
								"up": {"uv": [3, 16], "uv_size": [0.5, 4]}
							}
						},
						{
							"origin": [0.55936, 0.48261, -5.6875],
							"size": [0.35355, 0.25, 3.75],
							"pivot": [1.12186, 0.60761, -3.9375],
							"rotation": [0, 0, 45],
							"uv": {
								"north": {"uv": [12, 35], "uv_size": [0.5, 0.5]},
								"south": {"uv": [35, 12], "uv_size": [0.5, 0.5]},
								"up": {"uv": [5, 17], "uv_size": [0.5, 4]}
							}
						},
						{
							"origin": [0.1875, 0.84375, -5.6875],
							"size": [0.625, 0.25, 3.125],
							"uv": {
								"east": {"uv": [18, 16], "uv_size": [3, 0.5]},
								"south": {"uv": [16, 35], "uv_size": [0.5, 0.5]},
								"up": {"uv": [18, 18], "uv_size": [0.5, 3]}
							}
						},
						{
							"origin": [0.1875, 0.15625, -5.9375],
							"size": [0.625, 0.6875, 0.25],
							"uv": {
								"north": {"uv": [18, 35], "uv_size": [0.5, 0.5]},
								"east": {"uv": [22, 35], "uv_size": [0.5, 0.5]}
							}
						},
						{
							"origin": [0.63258, 0.15625, -5.75314],
							"size": [0.35356, 0.6875, 0.25],
							"pivot": [0.94508, 0.5, -5.62814],
							"rotation": [0, -45, 0],
							"uv": {
								"north": {"uv": [24, 35], "uv_size": [0.5, 0.5]},
								"up": {"uv": [35, 30], "uv_size": [0.5, 0.5]}
							}
						},
						{
							"origin": [-0.98614, 0.15625, -5.75314],
							"size": [0.35356, 0.6875, 0.25],
							"pivot": [-0.94508, 0.5, -5.62814],
							"rotation": [0, 45, 0],
							"uv": {
								"north": {"uv": [35, 32], "uv_size": [0.5, 0.5]},
								"up": {"uv": [0, 36], "uv_size": [0.5, 0.5]}
							}
						},
						{
							"origin": [0.1875, 0.75249, -5.96718],
							"size": [0.625, 0.35355, 0.25],
							"pivot": [0.5, 0.76229, -5.84218],
							"rotation": [-45, 0, 0],
							"uv": {
								"north": {"uv": [2, 36], "uv_size": [0.5, 0.5]},
								"east": {"uv": [36, 2], "uv_size": [0.5, 0.5]},
								"west": {"uv": [36, 4], "uv_size": [0.5, 0.5]}
							}
						},
						{
							"origin": [-0.8125, 0.75249, -5.96718],
							"size": [0.625, 0.35355, 0.25],
							"pivot": [-0.5, 0.76229, -5.84218],
							"rotation": [-45, 0, 0],
							"uv": {
								"north": {"uv": [6, 36], "uv_size": [0.5, 0.5]},
								"east": {"uv": [36, 6], "uv_size": [0.5, 0.5]},
								"west": {"uv": [8, 36], "uv_size": [0.5, 0.5]}
							}
						},
						{
							"origin": [-0.8125, 0.84375, -2.5625],
							"size": [0.4375, 0.25, 0.625],
							"uv": {
								"west": {"uv": [36, 10], "uv_size": [0.5, 0.5]},
								"up": {"uv": [14, 36], "uv_size": [0.5, 0.5]}
							}
						},
						{
							"origin": [0.375, 0.84375, -2.5625],
							"size": [0.4375, 0.25, 0.625],
							"uv": {
								"east": {"uv": [36, 14], "uv_size": [0.5, 0.5]},
								"up": {"uv": [36, 16], "uv_size": [0.5, 0.5]}
							}
						},
						{
							"origin": [-0.375, 0.84375, -2.5625],
							"size": [0.75, -0.00758, 0.62186],
							"pivot": [0.09375, 0.96875, -2.25],
							"rotation": [45, 0, 0],
							"uv": {
								"east": {"uv": [36, 18], "uv_size": [0.5, 0.5]},
								"south": {"uv": [28, 28], "uv_size": [1, 0.5]},
								"west": {"uv": [20, 36], "uv_size": [0.5, 0.5]},
								"up": {"uv": [29, 0], "uv_size": [1, 0.5]},
								"down": {"uv": [4, 29.5], "uv_size": [1, -0.5]}
							}
						},
						{
							"origin": [-1.0625, 0.15625, -2.5625],
							"size": [2.125, 0.6875, 0.625],
							"uv": {
								"east": {"uv": [36, 20], "uv_size": [0.5, 0.5]},
								"west": {"uv": [36, 22], "uv_size": [0.5, 0.5]},
								"up": {"uv": [24, 8], "uv_size": [2, 0.5]}
							}
						}
					]
				},
				{
					"name": "group6",
					"parent": "group7",
					"pivot": [-0.5, 2.84375, 3.25],
					"cubes": [
						{
							"origin": [-0.15625, 0.90188, -2.68629],
							"size": [0.3125, 0.25, 0.35355],
							"pivot": [0, 1.02688, -2.50952],
							"rotation": [22.5, 0, 0],
							"uv": {
								"east": {"uv": [36, 24], "uv_size": [0.5, 0.5]},
								"south": {"uv": [26, 36], "uv_size": [0.5, 0.5]},
								"west": {"uv": [36, 26], "uv_size": [0.5, 0.5]},
								"up": {"uv": [28, 36], "uv_size": [0.5, 0.5]},
								"down": {"uv": [36, 28.5], "uv_size": [0.5, -0.5]}
							}
						},
						{
							"origin": [-0.15625, 0.84375, -5.6875],
							"size": [0.3125, 0.25, 3.0625],
							"uv": {
								"east": {"uv": [19, 0], "uv_size": [3, 0.5]},
								"west": {"uv": [19, 2], "uv_size": [3, 0.5]},
								"up": {"uv": [19, 4], "uv_size": [0.5, 3]}
							}
						},
						{
							"origin": [-0.15625, 0.65468, -5.73104],
							"size": [0.3125, 0.35355, 0.25],
							"pivot": [0, 0.99843, -5.60604],
							"rotation": [-45, 0, 0],
							"uv": {
								"north": {"uv": [30, 36], "uv_size": [0.5, 0.5]},
								"east": {"uv": [32, 36], "uv_size": [0.5, 0.5]},
								"west": {"uv": [34, 36], "uv_size": [0.5, 0.5]}
							}
						},
						{
							"origin": [-0.15625, 0.15625, -5.9375],
							"size": [0.3125, 0.6875, 0.25],
							"uv": {
								"north": {"uv": [36, 34], "uv_size": [0.5, 0.5]},
								"east": {"uv": [36, 36], "uv_size": [0.5, 0.5]},
								"west": {"uv": [37, 0], "uv_size": [0.5, 0.5]}
							}
						}
					]
				},
				{
					"name": "body",
					"parent": "552",
					"pivot": [-2.16984, 4.10382, -1.5],
					"cubes": [
						{
							"origin": [0.875, 1.09375, -1.6875],
							"size": [0.1875, 1.125, 1.75],
							"uv": {
								"north": {"uv": [29, 8], "uv_size": [0.5, 1]},
								"east": {"uv": [16, 0], "uv_size": [2, 1]},
								"south": {"uv": [10, 29], "uv_size": [0.5, 1]},
								"west": {"uv": [16, 4], "uv_size": [2, 1]}
							}
						},
						{
							"origin": [-0.75, 2.34375, -1.6875],
							"size": [1.5, 0.1875, 1.75],
							"uv": {
								"north": {"uv": [25, 15], "uv_size": [1.5, 0.5]},
								"south": {"uv": [17, 25], "uv_size": [1.5, 0.5]},
								"up": {"uv": [2, 7], "uv_size": [1.5, 2]},
								"down": {"uv": [5, 9], "uv_size": [1.5, -2]}
							}
						},
						{
							"origin": [0.875, 0.75601, -0.25287],
							"size": [0.1875, 0.75, 0.4375],
							"pivot": [0, 1.38101, -0.03412],
							"rotation": [45, 0, 0],
							"uv": {
								"east": {"uv": [4, 37], "uv_size": [0.5, 0.5]},
								"south": {"uv": [37, 8], "uv_size": [0.5, 0.5]},
								"west": {"uv": [10, 37], "uv_size": [0.5, 0.5]}
							}
						},
						{
							"origin": [-1.0625, 0.75601, -0.25287],
							"size": [0.1875, 0.75, 0.4375],
							"pivot": [0, 1.38101, -0.03412],
							"rotation": [45, 0, 0],
							"uv": {
								"east": {"uv": [12, 37], "uv_size": [0.5, 0.5]},
								"south": {"uv": [37, 12], "uv_size": [0.5, 0.5]},
								"west": {"uv": [16, 37], "uv_size": [0.5, 0.5]}
							}
						},
						{
							"origin": [-1.0625, 0.15625, -1.9375],
							"size": [2.125, 0.9375, 2.5],
							"uv": {
								"north": {"uv": [16, 6], "uv_size": [2, 1]},
								"east": {"uv": [10, 2], "uv_size": [2.5, 1]},
								"south": {"uv": [7, 17], "uv_size": [2, 1]},
								"west": {"uv": [4, 10], "uv_size": [2.5, 1]},
								"up": {"uv": [3, 0], "uv_size": [2, 2.5]}
							}
						},
						{
							"origin": [-0.9375, 0.15625, 0.5625],
							"size": [1.875, 0.25, 0.25],
							"uv": {
								"east": {"uv": [18, 37], "uv_size": [0.5, 0.5]},
								"south": {"uv": [24, 13], "uv_size": [2, 0.5]},
								"west": {"uv": [22, 37], "uv_size": [0.5, 0.5]}
							}
						},
						{
							"origin": [0.48234, 1.88507, -1.6875],
							"size": [0.44195, 0.1875, 1.75],
							"pivot": [1.16984, 1.97882, -0.4375],
							"rotation": [0, 0, 45],
							"uv": {
								"north": {"uv": [24, 37], "uv_size": [0.5, 0.5]},
								"south": {"uv": [37, 30], "uv_size": [0.5, 0.5]},
								"up": {"uv": [11, 24], "uv_size": [0.5, 2]},
								"down": {"uv": [24, 20], "uv_size": [0.5, -2]}
							}
						},
						{
							"origin": [-0.9375, 0.32749, 0.41655],
							"size": [1.875, 0.67188, 0.25],
							"pivot": [0, 0.73374, 0.54155],
							"rotation": [22.5, 0, 0],
							"uv": {
								"east": {"uv": [37, 32], "uv_size": [0.5, 0.5]},
								"south": {"uv": [22, 24], "uv_size": [2, 0.5]},
								"west": {"uv": [0, 38], "uv_size": [0.5, 0.5]}
							}
						},
						{
							"origin": [-1.0625, 1.03125, -1.6875],
							"size": [0.1875, 1.1875, 1.75],
							"uv": {
								"north": {"uv": [12, 29], "uv_size": [0.5, 1]},
								"east": {"uv": [17, 10], "uv_size": [2, 1]},
								"south": {"uv": [29, 12], "uv_size": [0.5, 1]},
								"west": {"uv": [17, 12], "uv_size": [2, 1]}
							}
						},
						{
							"origin": [-0.92429, 1.88507, -1.6875],
							"size": [0.44195, 0.1875, 1.75],
							"pivot": [-1.16984, 1.97882, -0.4375],
							"rotation": [0, 0, -45],
							"uv": {
								"north": {"uv": [2, 38], "uv_size": [0.5, 0.5]},
								"south": {"uv": [38, 2], "uv_size": [0.5, 0.5]},
								"up": {"uv": [0, 25], "uv_size": [0.5, 2]},
								"down": {"uv": [2, 27], "uv_size": [0.5, -2]}
							}
						},
						{
							"origin": [0.875, 1.09375, -2],
							"size": [0.1875, 0.125, 0.5625],
							"uv": {
								"west": {"uv": [38, 4], "uv_size": [0.5, 0.5]}
							}
						},
						{
							"origin": [-1.0625, 1.09375, -2],
							"size": [0.1875, 0.125, 0.5625],
							"uv": {
								"east": {"uv": [6, 38], "uv_size": [0.5, 0.5]}
							}
						},
						{
							"origin": [-1.0625, 1.35734, -2.6458],
							"size": [0.1875, 0.375, 1.125],
							"pivot": [0, 1.51359, -1.4583],
							"rotation": [45, 0, 0],
							"uv": {
								"east": {"uv": [17, 29], "uv_size": [1, 0.5]},
								"west": {"uv": [19, 29], "uv_size": [1, 0.5]},
								"up": {"uv": [23, 29], "uv_size": [0.5, 1]},
								"down": {"uv": [25, 30], "uv_size": [0.5, -1]}
							}
						},
						{
							"origin": [-0.97411, 0.97947, -2.0625],
							"size": [0.1875, 0.125, 2.5],
							"pivot": [-0.78661, 1.04197, -1.65625],
							"rotation": [0, 0, 45],
							"uv": {
								"north": {"uv": [38, 6], "uv_size": [0.5, 0.5]},
								"east": {"uv": [21, 4], "uv_size": [2.5, 0.5]},
								"south": {"uv": [8, 38], "uv_size": [0.5, 0.5]},
								"up": {"uv": [2, 21], "uv_size": [0.5, 2.5]},
								"down": {"uv": [7, 23.5], "uv_size": [0.5, -2.5]}
							}
						},
						{
							"origin": [0.875, 1.41984, -2.6458],
							"size": [0.1875, 0.3125, 1.125],
							"pivot": [0, 1.51359, -1.4583],
							"rotation": [45, 0, 0],
							"uv": {
								"east": {"uv": [0, 30], "uv_size": [1, 0.5]},
								"west": {"uv": [2, 30], "uv_size": [1, 0.5]},
								"up": {"uv": [30, 2], "uv_size": [0.5, 1]},
								"down": {"uv": [30, 5], "uv_size": [0.5, -1]}
							}
						},
						{
							"origin": [0.78661, 0.97947, -2.0625],
							"size": [0.1875, 0.125, 2.5],
							"pivot": [0.78661, 1.04197, -1.65625],
							"rotation": [0, 0, -45],
							"uv": {
								"north": {"uv": [38, 10], "uv_size": [0.5, 0.5]},
								"south": {"uv": [14, 38], "uv_size": [0.5, 0.5]},
								"west": {"uv": [21, 6], "uv_size": [2.5, 0.5]},
								"up": {"uv": [9, 21], "uv_size": [0.5, 2.5]},
								"down": {"uv": [13, 23.5], "uv_size": [0.5, -2.5]}
							}
						}
					]
				},
				{
					"name": "group5",
					"parent": "body",
					"pivot": [-1.5, 2.44979, 3.15782]
				},
				{
					"name": "octagon5",
					"parent": "body",
					"pivot": [-1, 3.40625, 6]
				},
				{
					"name": "group4",
					"parent": "552",
					"pivot": [0.5, 3.09375, 7.5625],
					"cubes": [
						{
							"origin": [-0.8125, 0.28125, 0.625],
							"size": [0.5625, 0.375, 0.21875],
							"uv": {
								"east": {"uv": [38, 14], "uv_size": [0.5, 0.5]},
								"south": {"uv": [38, 16], "uv_size": [0.5, 0.5]},
								"west": {"uv": [38, 18], "uv_size": [0.5, 0.5]},
								"up": {"uv": [20, 38], "uv_size": [0.5, 0.5]},
								"down": {"uv": [38, 20.5], "uv_size": [0.5, -0.5]}
							}
						},
						{
							"origin": [0.25, 0.28125, 0.625],
							"size": [0.5625, 0.375, 0.21875],
							"uv": {
								"east": {"uv": [38, 22], "uv_size": [0.5, 0.5]},
								"south": {"uv": [38, 24], "uv_size": [0.5, 0.5]},
								"west": {"uv": [26, 38], "uv_size": [0.5, 0.5]},
								"up": {"uv": [38, 26], "uv_size": [0.5, 0.5]},
								"down": {"uv": [28, 38.5], "uv_size": [0.5, -0.5]}
							}
						},
						{
							"origin": [-0.1875, 0.58904, 0.5],
							"size": [0.375, 0.375, 0.26563],
							"pivot": [0, 0.77654, 0.63282],
							"rotation": [-16.32495, 15.69986, -137.26579],
							"uv": {
								"north": {"uv": [38, 28], "uv_size": [0.5, 0.5]},
								"east": {"uv": [30, 38], "uv_size": [0.5, 0.5]},
								"south": {"uv": [32, 38], "uv_size": [0.5, 0.5]},
								"west": {"uv": [34, 38], "uv_size": [0.5, 0.5]},
								"up": {"uv": [38, 34], "uv_size": [0.5, 0.5]},
								"down": {"uv": [36, 38.5], "uv_size": [0.5, -0.5]}
							}
						}
					]
				},
				{
					"name": "group3",
					"parent": "552",
					"pivot": [-0.9375, 2.15625, 4],
					"cubes": [
						{
							"origin": [-1.0625, -0.09375, -5.6875],
							"size": [0.5, 0.25, 2.75],
							"uv": {
								"east": {"uv": [7, 19], "uv_size": [3, 0.5]},
								"west": {"uv": [14, 19], "uv_size": [3, 0.5]},
								"down": {"uv": [20, 13], "uv_size": [0.5, -3]}
							}
						},
						{
							"origin": [-0.8125, -0.09375, -5.9375],
							"size": [0.25, 0.25, 0.25],
							"uv": {
								"north": {"uv": [38, 36], "uv_size": [0.5, 0.5]},
								"west": {"uv": [38, 38], "uv_size": [0.5, 0.5]},
								"down": {"uv": [39, 0.5], "uv_size": [0.5, -0.5]}
							}
						},
						{
							"origin": [-0.98614, -0.09375, -5.75314],
							"size": [0.35356, 0.25, 0.25],
							"pivot": [-0.94508, 0.25, -5.62814],
							"rotation": [0, 45, 0],
							"uv": {
								"north": {"uv": [4, 39], "uv_size": [0.5, 0.5]},
								"down": {"uv": [39, 8.5], "uv_size": [0.5, -0.5]}
							}
						},
						{
							"origin": [-0.5625, 0.03125, -5.9375],
							"size": [1.125, 0.125, 2.9375],
							"uv": {
								"north": {"uv": [6, 30], "uv_size": [1, 0.5]},
								"up": {"uv": [8, 3], "uv_size": [1, 3]},
								"down": {"uv": [8, 10], "uv_size": [1, -3]}
							}
						},
						{
							"origin": [0.5625, -0.09375, -5.9375],
							"size": [0.25, 0.25, 0.25],
							"uv": {
								"north": {"uv": [10, 39], "uv_size": [0.5, 0.5]},
								"east": {"uv": [12, 39], "uv_size": [0.5, 0.5]},
								"down": {"uv": [39, 12.5], "uv_size": [0.5, -0.5]}
							}
						},
						{
							"origin": [0.63258, -0.09375, -5.75314],
							"size": [0.35356, 0.25, 0.25],
							"pivot": [0.94508, 0.25, -5.62814],
							"rotation": [0, -45, 0],
							"uv": {
								"north": {"uv": [16, 39], "uv_size": [0.5, 0.5]},
								"down": {"uv": [18, 39.5], "uv_size": [0.5, -0.5]}
							}
						},
						{
							"origin": [0.5625, -0.09375, -5.6875],
							"size": [0.5, 0.25, 2.75],
							"uv": {
								"east": {"uv": [20, 18], "uv_size": [3, 0.5]},
								"west": {"uv": [20, 20], "uv_size": [3, 0.5]},
								"down": {"uv": [11, 23], "uv_size": [0.5, -3]}
							}
						},
						{
							"origin": [0.5625, -0.21181, -4.2241],
							"size": [0.375, 0.375, 0.5],
							"pivot": [0.65625, -0.02431, -3.94285],
							"rotation": [-22.5, 0, 0],
							"uv": {
								"east": {"uv": [22, 39], "uv_size": [0.5, 0.5]},
								"west": {"uv": [24, 39], "uv_size": [0.5, 0.5]},
								"down": {"uv": [39, 30.5], "uv_size": [0.5, -0.5]}
							}
						},
						{
							"origin": [0.375, -0.28125, -3.8125],
							"size": [0.5625, 0.4375, 4.625],
							"uv": {
								"north": {"uv": [39, 32], "uv_size": [0.5, 0.5]},
								"east": {"uv": [10, 4], "uv_size": [4.5, 0.5]},
								"south": {"uv": [0, 40], "uv_size": [0.5, 0.5]},
								"west": {"uv": [10, 6], "uv_size": [4.5, 0.5]},
								"down": {"uv": [10, 12.5], "uv_size": [0.5, -4.5]}
							}
						},
						{
							"origin": [-0.9375, -0.28125, -3.8125],
							"size": [0.5625, 0.4375, 4.625],
							"uv": {
								"north": {"uv": [2, 40], "uv_size": [0.5, 0.5]},
								"east": {"uv": [0, 12], "uv_size": [4.5, 0.5]},
								"south": {"uv": [40, 2], "uv_size": [0.5, 0.5]},
								"west": {"uv": [12, 8], "uv_size": [4.5, 0.5]},
								"down": {"uv": [8, 15.5], "uv_size": [0.5, -4.5]}
							}
						},
						{
							"origin": [-0.375, 0.03125, -3],
							"size": [0.75, 0.125, 3.8125],
							"uv": {
								"south": {"uv": [30, 6], "uv_size": [1, 0.5]},
								"down": {"uv": [0, 8], "uv_size": [1, -4]}
							}
						},
						{
							"origin": [-0.9375, -0.21181, -4.2241],
							"size": [0.375, 0.375, 0.5],
							"pivot": [-0.65625, -0.02431, -3.94285],
							"rotation": [-22.5, 0, 0],
							"uv": {
								"east": {"uv": [40, 4], "uv_size": [0.5, 0.5]},
								"west": {"uv": [6, 40], "uv_size": [0.5, 0.5]},
								"down": {"uv": [40, 6.5], "uv_size": [0.5, -0.5]}
							}
						}
					]
				},
				{
					"name": "screw",
					"parent": "552",
					"pivot": [-1, 3.40625, 6],
					"cubes": [
						{
							"origin": [-1.28125, 0.21875, -0.625],
							"size": [0.59375, 0.25, 0.25],
							"pivot": [-0.8125, -0.03125, -0.875],
							"rotation": [-45, 0, 0],
							"uv": {
								"north": {"uv": [8, 40], "uv_size": [0.5, 0.5]},
								"east": {"uv": [40, 10], "uv_size": [0.5, 0.5]},
								"south": {"uv": [14, 40], "uv_size": [0.5, 0.5]},
								"west": {"uv": [40, 14], "uv_size": [0.5, 0.5]},
								"up": {"uv": [40, 16], "uv_size": [0.5, 0.5]},
								"down": {"uv": [40, 18.5], "uv_size": [0.5, -0.5]}
							}
						},
						{
							"origin": [-1.28125, 0.21875, -3.3125],
							"size": [0.59375, 0.25, 0.25],
							"pivot": [-0.8125, -0.03125, -3.5625],
							"rotation": [-45, 0, 0],
							"uv": {
								"north": {"uv": [20, 40], "uv_size": [0.5, 0.5]},
								"east": {"uv": [40, 20], "uv_size": [0.5, 0.5]},
								"south": {"uv": [40, 22], "uv_size": [0.5, 0.5]},
								"west": {"uv": [40, 24], "uv_size": [0.5, 0.5]},
								"up": {"uv": [26, 40], "uv_size": [0.5, 0.5]},
								"down": {"uv": [40, 26.5], "uv_size": [0.5, -0.5]}
							}
						},
						{
							"origin": [0.6875, 0.21875, -3.3125],
							"size": [0.59375, 0.25, 0.25],
							"pivot": [0.8125, -0.03125, -3.5625],
							"rotation": [-45, 0, 0],
							"uv": {
								"north": {"uv": [28, 40], "uv_size": [0.5, 0.5]},
								"east": {"uv": [40, 28], "uv_size": [0.5, 0.5]},
								"south": {"uv": [30, 40], "uv_size": [0.5, 0.5]},
								"west": {"uv": [32, 40], "uv_size": [0.5, 0.5]},
								"up": {"uv": [34, 40], "uv_size": [0.5, 0.5]},
								"down": {"uv": [40, 34.5], "uv_size": [0.5, -0.5]}
							}
						},
						{
							"origin": [0.6875, 0.21875, -0.625],
							"size": [0.59375, 0.25, 0.25],
							"pivot": [0.8125, -0.03125, -0.875],
							"rotation": [-45, 0, 0],
							"uv": {
								"north": {"uv": [36, 40], "uv_size": [0.5, 0.5]},
								"east": {"uv": [40, 36], "uv_size": [0.5, 0.5]},
								"south": {"uv": [38, 40], "uv_size": [0.5, 0.5]},
								"west": {"uv": [40, 38], "uv_size": [0.5, 0.5]},
								"up": {"uv": [40, 40], "uv_size": [0.5, 0.5]},
								"down": {"uv": [41, 0.5], "uv_size": [0.5, -0.5]}
							}
						}
					]
				},
				{
					"name": "group2",
					"parent": "screw",
					"pivot": [-0.34375, 2.03125, 7.59283],
					"cubes": [
						{
							"origin": [0.625, 0.75, 0.51471],
							"size": [0.1875, 0.1875, 0.20312],
							"pivot": [0.71875, 0.84375, 0.61627],
							"rotation": [16.32495, 15.69986, -42.73421],
							"uv": {
								"north": {"uv": [4, 41], "uv_size": [0.5, 0.5]},
								"east": {"uv": [8, 30], "uv_size": [1, 0.5]},
								"south": {"uv": [41, 8], "uv_size": [0.5, 0.5]},
								"west": {"uv": [30, 10], "uv_size": [1, 0.5]},
								"up": {"uv": [14, 30], "uv_size": [0.5, 1]},
								"down": {"uv": [30, 15], "uv_size": [0.5, -1]}
							}
						},
						{
							"origin": [-0.8125, 0.75, 0.51471],
							"size": [0.1875, 0.1875, 0.20312],
							"pivot": [-0.71875, 0.84375, 0.61627],
							"rotation": [16.32495, 15.69986, -42.73421],
							"uv": {
								"north": {"uv": [10, 41], "uv_size": [0.5, 0.5]},
								"east": {"uv": [30, 16], "uv_size": [1, 0.5]},
								"south": {"uv": [12, 41], "uv_size": [0.5, 0.5]},
								"west": {"uv": [30, 18], "uv_size": [1, 0.5]},
								"up": {"uv": [30, 20], "uv_size": [0.5, 1]},
								"down": {"uv": [21, 31], "uv_size": [0.5, -1]}
							}
						},
						{
							"origin": [0.53125, -0.15624, -0.11029],
							"size": [0.25, 0.25, 1.03125],
							"pivot": [0.65625, -0.03125, 0.40534],
							"rotation": [0, 0, -45],
							"uv": {
								"east": {"uv": [30, 22], "uv_size": [1, 0.5]},
								"south": {"uv": [41, 12], "uv_size": [0.5, 0.5]},
								"west": {"uv": [30, 24], "uv_size": [1, 0.5]},
								"up": {"uv": [30, 26], "uv_size": [0.5, 1]},
								"down": {"uv": [27, 31], "uv_size": [0.5, -1]}
							}
						},
						{
							"origin": [-0.78125, -0.15624, -0.11029],
							"size": [0.25, 0.25, 1.03125],
							"pivot": [-0.65625, -0.03125, 0.40534],
							"rotation": [0, 0, -45],
							"uv": {
								"east": {"uv": [31, 8], "uv_size": [1, 0.5]},
								"south": {"uv": [18, 41], "uv_size": [0.5, 0.5]},
								"west": {"uv": [10, 31], "uv_size": [1, 0.5]},
								"up": {"uv": [12, 31], "uv_size": [0.5, 1]},
								"down": {"uv": [31, 13], "uv_size": [0.5, -1]}
							}
						}
					]
				},
				{
					"name": "octagon4",
					"parent": "screw",
					"pivot": [-1, 3.40625, 6],
					"cubes": [
						{
							"origin": [-1.125, 0.8652, -0.625],
							"size": [0.0625, 0.2071, 0.5],
							"pivot": [-0.75, 0.96875, -0.375],
							"rotation": [-45, 0, 0],
							"uv": {
								"north": {"uv": [24, 41], "uv_size": [0.5, 0.5]},
								"east": {"uv": [41, 30], "uv_size": [0.5, 0.5]},
								"south": {"uv": [41, 32], "uv_size": [0.5, 0.5]},
								"west": {"uv": [0, 42], "uv_size": [0.5, 0.5]}
							}
						},
						{
							"origin": [-1.125, 0.8652, -0.625],
							"size": [0.0625, 0.2071, 0.5],
							"uv": {
								"north": {"uv": [2, 42], "uv_size": [0.5, 0.5]},
								"east": {"uv": [42, 2], "uv_size": [0.5, 0.5]},
								"south": {"uv": [42, 4], "uv_size": [0.5, 0.5]}
							}
						},
						{
							"origin": [-1.125, 0.71875, -0.47855],
							"size": [0.0625, 0.5, 0.2071],
							"pivot": [-0.75, 0.96875, -0.375],
							"rotation": [-45, 0, 0],
							"uv": {
								"east": {"uv": [6, 42], "uv_size": [0.5, 0.5]},
								"west": {"uv": [42, 6], "uv_size": [0.5, 0.5]},
								"up": {"uv": [8, 42], "uv_size": [0.5, 0.5]},
								"down": {"uv": [42, 10.5], "uv_size": [0.5, -0.5]}
							}
						},
						{
							"origin": [-1.125, 0.71875, -0.47855],
							"size": [0.0625, 0.5, 0.2071],
							"uv": {
								"east": {"uv": [14, 42], "uv_size": [0.5, 0.5]},
								"up": {"uv": [42, 14], "uv_size": [0.5, 0.5]},
								"down": {"uv": [42, 16.5], "uv_size": [0.5, -0.5]}
							}
						}
					]
				},
				{
					"name": "octagon2",
					"parent": "screw",
					"pivot": [-1, 3.40625, 6],
					"cubes": [
						{
							"origin": [-1.125, 0.5527, -2.0625],
							"size": [0.0625, 0.2071, 0.5],
							"pivot": [-0.75, 0.65625, -1.8125],
							"rotation": [-45, 0, 0],
							"uv": {
								"north": {"uv": [42, 18], "uv_size": [0.5, 0.5]},
								"east": {"uv": [20, 42], "uv_size": [0.5, 0.5]},
								"south": {"uv": [42, 20], "uv_size": [0.5, 0.5]},
								"west": {"uv": [42, 22], "uv_size": [0.5, 0.5]}
							}
						},
						{
							"origin": [-1.125, 0.5527, -2.0625],
							"size": [0.0625, 0.2071, 0.5],
							"uv": {
								"north": {"uv": [42, 24], "uv_size": [0.5, 0.5]},
								"east": {"uv": [26, 42], "uv_size": [0.5, 0.5]},
								"south": {"uv": [42, 26], "uv_size": [0.5, 0.5]}
							}
						},
						{
							"origin": [-1.125, 0.40625, -1.91605],
							"size": [0.0625, 0.5, 0.2071],
							"pivot": [-0.75, 0.65625, -1.8125],
							"rotation": [-45, 0, 0],
							"uv": {
								"east": {"uv": [28, 42], "uv_size": [0.5, 0.5]},
								"west": {"uv": [42, 28], "uv_size": [0.5, 0.5]},
								"up": {"uv": [30, 42], "uv_size": [0.5, 0.5]},
								"down": {"uv": [32, 42.5], "uv_size": [0.5, -0.5]}
							}
						},
						{
							"origin": [-1.125, 0.40625, -1.91605],
							"size": [0.0625, 0.5, 0.2071],
							"uv": {
								"east": {"uv": [34, 42], "uv_size": [0.5, 0.5]},
								"up": {"uv": [42, 34], "uv_size": [0.5, 0.5]},
								"down": {"uv": [36, 42.5], "uv_size": [0.5, -0.5]}
							}
						}
					]
				},
				{
					"name": "base",
					"parent": "552",
					"pivot": [-0.9375, 0.84375, 6]
				},
				{
					"name": "pattern2",
					"parent": "scope_body",
					"pivot": [-8.45313, 8.8125, 6.25],
					"cubes": [
						{
							"origin": [1.25, 1.8125, -1.625],
							"size": [0.001, 0.3375, 1.6],
							"uv": {
								"north": {"uv": [5, 14], "uv_size": [0, 0.5]},
								"east": {"uv": [25, 21], "uv_size": [1.5, 0.5]},
								"south": {"uv": [2, 18], "uv_size": [0, 0.5]},
								"west": {"uv": [0, 44], "uv_size": [64, 16]},
								"up": {"uv": [6, 22], "uv_size": [0, 1.5]},
								"down": {"uv": [42, 37.5], "uv_size": [0, -1.5]}
							}
						},
						{
							"origin": [-1.251, 1.8125, -1.625],
							"size": [0.001, 0.3375, 1.6],
							"uv": {
								"north": {"uv": [17, 23], "uv_size": [0, 0.5]},
								"east": {"uv": [0, 44], "uv_size": [64, 16]},
								"south": {"uv": [38, 42], "uv_size": [0, 0.5]},
								"west": {"uv": [26, 0], "uv_size": [1.5, 0.5]},
								"up": {"uv": [39, 42], "uv_size": [0, 1.5]},
								"down": {"uv": [42, 40.5], "uv_size": [0, -1.5]}
							}
						}
					]
				},
				{
					"name": "division",
					"pivot": [0, 0.3125, -72]
				},
				{
					"name": "division_illuminated",
					"parent": "division",
					"pivot": [-0.01562, 1.68875, -102],
					"cubes": [
						{
							"origin": [-1.5, 0.25125, -106],
							"size": [3, 3, 0.3],
							"uv": {
								"south": {"uv": [4, 58.5], "uv_size": [64, 64]}
							}
						}
					]
				},
				{
					"name": "ocular",
					"pivot": [-0.00157, 1.69298, -1.03168],
					"cubes": [
						{
							"origin": [-0.87638, 1.02427, -0.169],
							"size": [1.74963, 1.33741, 0.02463],
							"uv": {
								"south": {"uv": [12, 10], "uv_size": [1.5, 1.5]}
							}
						}
					]
				},
				{
					"name": "scope_view",
					"pivot": [0, 1.7, 16]
				}
			]
		}
	]
}