{
	"format_version": "1.12.0",
	"minecraft:geometry": [
		{
			"description": {
				"identifier": "geometry.unknown",
				"texture_width": 16,
				"texture_height": 16,
				"visible_bounds_width": 4,
				"visible_bounds_height": 1.5,
				"visible_bounds_offset": [0, 0.25, 0]
			},
			"bones": [
				{
					"name": "scope_body",
					"pivot": [0, 0.15, 0]
				},
				{
					"name": "main",
					"parent": "scope_body",
					"pivot": [0, 0.775, -1.1875],
					"cubes": [
						{
							"origin": [-0.625, 0.15, -1.875],
							"size": [1.25, 0.375, 1.875],
							"uv": {
								"east": {"uv": [2, 0], "uv_size": [2, 0.5]},
								"south": {"uv": [3, 2], "uv_size": [1.5, 0.5]},
								"west": {"uv": [2, 1], "uv_size": [2, 0.5]},
								"up": {"uv": [0, 0], "uv_size": [1.5, 2]},
								"down": {"uv": [0, 4], "uv_size": [1.5, -2]}
							}
						},
						{
							"origin": [-0.625, 0.15, -1.875],
							"size": [0.375, 0.375, 0.25],
							"pivot": [-0.625, 0.3375, -1.875],
							"rotation": [0, 15, 0],
							"uv": {
								"north": {"uv": [1, 4], "uv_size": [0.5, 0.5]},
								"up": {"uv": [4, 1], "uv_size": [0.5, 0.5]},
								"down": {"uv": [2, 4.5], "uv_size": [0.5, -0.5]}
							}
						},
						{
							"origin": [0.25, 0.15, -1.875],
							"size": [0.375, 0.375, 0.25],
							"pivot": [0.625, 0.3375, -1.875],
							"rotation": [0, -15, 0],
							"uv": {
								"north": {"uv": [3, 4], "uv_size": [0.5, 0.5]},
								"up": {"uv": [4, 3], "uv_size": [0.5, 0.5]},
								"down": {"uv": [4, 4.5], "uv_size": [0.5, -0.5]}
							}
						},
						{
							"origin": [-0.26278, 0.15, -1.97206],
							"size": [0.52556, 0.375, 0.09706],
							"uv": {
								"north": {"uv": [0, 5], "uv_size": [0.5, 0.5]},
								"up": {"uv": [5, 0], "uv_size": [0.5, 0.5]},
								"down": {"uv": [1, 5.5], "uv_size": [0.5, -0.5]}
							}
						},
						{
							"origin": [0.29337, 0.48318, -0.6875],
							"size": [0.3125, 0.125, 0.6875],
							"pivot": [-0.01913, 0.42068, -1],
							"rotation": [0, 0, 7.5],
							"uv": {
								"north": {"uv": [5, 1], "uv_size": [0.5, 0.5]},
								"south": {"uv": [2, 5], "uv_size": [0.5, 0.5]},
								"up": {"uv": [5, 2], "uv_size": [0.5, 0.5]}
							}
						},
						{
							"origin": [-0.60587, 0.48318, -0.6875],
							"size": [0.3125, 0.125, 0.6875],
							"pivot": [0.01913, 0.42068, -1],
							"rotation": [0, 0, -7.5],
							"uv": {
								"north": {"uv": [3, 5], "uv_size": [0.5, 0.5]},
								"south": {"uv": [5, 3], "uv_size": [0.5, 0.5]},
								"up": {"uv": [4, 5], "uv_size": [0.5, 0.5]}
							}
						},
						{
							"origin": [-0.31517, 0.525, -0.4375],
							"size": [0.63035, 0.04079, 0.4375],
							"uv": {
								"south": {"uv": [5, 4], "uv_size": [0.5, 0.5]},
								"up": {"uv": [5, 5], "uv_size": [0.5, 0.5]}
							}
						},
						{
							"origin": [0.6875, 0.65, -1.8125],
							"size": [0.0625, 0.5625, 0.5],
							"uv": {
								"north": {"uv": [0, 6], "uv_size": [0.5, 0.5]},
								"east": {"uv": [6, 0], "uv_size": [0.5, 0.5]},
								"south": {"uv": [1, 6], "uv_size": [0.5, 0.5]},
								"west": {"uv": [6, 1], "uv_size": [0.5, 0.5]}
							}
						},
						{
							"origin": [0.57322, 0.37411, -1.875],
							"size": [0.0625, 0.375, 0.6875],
							"pivot": [0.57322, 0.56161, -1.4375],
							"rotation": [0, 0, 45],
							"uv": {
								"north": {"uv": [2, 6], "uv_size": [0.5, 0.5]},
								"east": {"uv": [6, 2], "uv_size": [0.5, 0.5]},
								"south": {"uv": [3, 6], "uv_size": [0.5, 0.5]},
								"west": {"uv": [6, 3], "uv_size": [0.5, 0.5]}
							}
						},
						{
							"origin": [0.6875, 0.65, -1.875],
							"size": [0.0625, 0.125, 0.0625],
							"uv": {
								"north": {"uv": [4, 6], "uv_size": [0.5, 0.5]},
								"east": {"uv": [6, 4], "uv_size": [0.5, 0.5]},
								"west": {"uv": [5, 6], "uv_size": [0.5, 0.5]}
							}
						},
						{
							"origin": [0.6875, 0.775, -1.875],
							"size": [0.0625, 0.35938, 0.0625],
							"pivot": [0.6875, 0.775, -1.875],
							"rotation": [-10, 0, 0],
							"uv": {
								"north": {"uv": [6, 5], "uv_size": [0.5, 0.5]},
								"east": {"uv": [6, 6], "uv_size": [0.5, 0.5]},
								"west": {"uv": [0, 7], "uv_size": [0.5, 0.5]}
							}
						},
						{
							"origin": [-0.63572, 0.37411, -1.875],
							"size": [0.0625, 0.375, 0.6875],
							"pivot": [-0.57322, 0.56161, -1.4375],
							"rotation": [0, 0, -45],
							"uv": {
								"north": {"uv": [7, 0], "uv_size": [0.5, 0.5]},
								"east": {"uv": [1, 7], "uv_size": [0.5, 0.5]},
								"south": {"uv": [7, 1], "uv_size": [0.5, 0.5]},
								"west": {"uv": [2, 7], "uv_size": [0.5, 0.5]}
							}
						},
						{
							"origin": [-0.75, 0.65, -1.875],
							"size": [0.0625, 0.125, 0.0625],
							"uv": {
								"north": {"uv": [7, 2], "uv_size": [0.5, 0.5]},
								"east": {"uv": [3, 7], "uv_size": [0.5, 0.5]},
								"west": {"uv": [7, 3], "uv_size": [0.5, 0.5]}
							}
						},
						{
							"origin": [-0.75, 0.775, -1.875],
							"size": [0.0625, 0.35938, 0.0625],
							"pivot": [-0.6875, 0.775, -1.875],
							"rotation": [-10, 0, 0],
							"uv": {
								"north": {"uv": [4, 7], "uv_size": [0.5, 0.5]},
								"east": {"uv": [7, 4], "uv_size": [0.5, 0.5]},
								"west": {"uv": [5, 7], "uv_size": [0.5, 0.5]}
							}
						},
						{
							"origin": [-0.75, 0.65, -1.8125],
							"size": [0.0625, 0.5625, 0.5],
							"uv": {
								"north": {"uv": [7, 5], "uv_size": [0.5, 0.5]},
								"east": {"uv": [6, 7], "uv_size": [0.5, 0.5]},
								"south": {"uv": [7, 6], "uv_size": [0.5, 0.5]},
								"west": {"uv": [7, 7], "uv_size": [0.5, 0.5]}
							}
						},
						{
							"origin": [0.6875, 1.2125, -1.8125],
							"size": [0.0625, 0.25, 0.5],
							"pivot": [0.75, 1.2125, -1.5625],
							"rotation": [0, 0, -45],
							"uv": {
								"north": {"uv": [0, 8], "uv_size": [0.5, 0.5]},
								"east": {"uv": [8, 0], "uv_size": [0.5, 0.5]},
								"south": {"uv": [1, 8], "uv_size": [0.5, 0.5]},
								"west": {"uv": [8, 1], "uv_size": [0.5, 0.5]}
							}
						},
						{
							"origin": [0.43382, 1.25437, -1.8125],
							"size": [0.0625, 0.25, 0.5],
							"pivot": [0.43382, 1.37937, -1.5625],
							"rotation": [0, 0, -67.5],
							"uv": {
								"north": {"uv": [2, 8], "uv_size": [0.5, 0.5]},
								"east": {"uv": [8, 2], "uv_size": [0.5, 0.5]},
								"south": {"uv": [3, 8], "uv_size": [0.5, 0.5]},
								"west": {"uv": [8, 3], "uv_size": [0.5, 0.5]}
							}
						},
						{
							"origin": [-0.75, 1.2125, -1.8125],
							"size": [0.0625, 0.25, 0.5],
							"pivot": [-0.75, 1.2125, -1.5625],
							"rotation": [0, 0, 45],
							"uv": {
								"north": {"uv": [4, 8], "uv_size": [0.5, 0.5]},
								"east": {"uv": [8, 4], "uv_size": [0.5, 0.5]},
								"south": {"uv": [5, 8], "uv_size": [0.5, 0.5]},
								"west": {"uv": [8, 5], "uv_size": [0.5, 0.5]}
							}
						},
						{
							"origin": [-0.49632, 1.25437, -1.8125],
							"size": [0.0625, 0.25, 0.5],
							"pivot": [-0.43382, 1.37937, -1.5625],
							"rotation": [0, 0, 67.5],
							"uv": {
								"north": {"uv": [6, 8], "uv_size": [0.5, 0.5]},
								"east": {"uv": [8, 6], "uv_size": [0.5, 0.5]},
								"south": {"uv": [7, 8], "uv_size": [0.5, 0.5]},
								"west": {"uv": [8, 7], "uv_size": [0.5, 0.5]}
							}
						},
						{
							"origin": [-0.27975, 1.29745, -1.8125],
							"size": [0.0625, 0.68451, 0.5],
							"pivot": [-0.21725, 1.42245, -1.5625],
							"rotation": [0, 0, 90],
							"uv": {
								"north": {"uv": [8, 8], "uv_size": [0.5, 0.5]},
								"east": {"uv": [0, 9], "uv_size": [0.5, 0.5]},
								"south": {"uv": [9, 0], "uv_size": [0.5, 0.5]},
								"west": {"uv": [1, 9], "uv_size": [0.5, 0.5]}
							}
						},
						{
							"origin": [-0.625, 0.525, -1.875],
							"size": [1.25, 0.04895, 0.6875],
							"uv": {
								"north": {"uv": [3, 3], "uv_size": [1, 0.5]},
								"south": {"uv": [0, 4], "uv_size": [1, 0.5]},
								"up": {"uv": [4, 0], "uv_size": [1, 0.5]}
							}
						},
						{
							"origin": [0.21875, 0.4625, -0.70312],
							"size": [0.25, 0.125, 0.25],
							"pivot": [0.34375, 0.4, -0.57812],
							"rotation": [0, -45, 0],
							"uv": {
								"north": {"uv": [9, 1], "uv_size": [0.5, 0.5]},
								"east": {"uv": [2, 9], "uv_size": [0.5, 0.5]},
								"south": {"uv": [9, 2], "uv_size": [0.5, 0.5]},
								"west": {"uv": [3, 9], "uv_size": [0.5, 0.5]},
								"up": {"uv": [9, 3], "uv_size": [0.5, 0.5]}
							}
						},
						{
							"origin": [-0.46875, 0.4625, -0.70312],
							"size": [0.25, 0.125, 0.25],
							"pivot": [-0.34375, 0.4, -0.57812],
							"rotation": [0, 45, 0],
							"uv": {
								"north": {"uv": [4, 9], "uv_size": [0.5, 0.5]},
								"east": {"uv": [9, 4], "uv_size": [0.5, 0.5]},
								"south": {"uv": [5, 9], "uv_size": [0.5, 0.5]},
								"west": {"uv": [9, 5], "uv_size": [0.5, 0.5]},
								"up": {"uv": [6, 9], "uv_size": [0.5, 0.5]}
							}
						},
						{
							"origin": [-0.31624, 0.45891, -0.66624],
							"size": [0.63142, 0.04895, 0.25],
							"pivot": [-0.00053, 0.48338, -0.57249],
							"rotation": [22.5, 0, 0],
							"uv": {
								"up": {"uv": [9, 6], "uv_size": [0.5, 0.5]}
							}
						},
						{
							"origin": [0.50221, 0.46841, -0.94555],
							"size": [0.12179, 0.0625, 0.3125],
							"pivot": [0.56571, 0.50643, -0.69555],
							"rotation": [-10, 0, 0],
							"uv": {
								"east": {"uv": [7, 9], "uv_size": [0.5, 0.5]},
								"west": {"uv": [9, 7], "uv_size": [0.5, 0.5]},
								"up": {"uv": [8, 9], "uv_size": [0.5, 0.5]}
							}
						},
						{
							"origin": [-0.624, 0.46841, -0.94555],
							"size": [0.12179, 0.0625, 0.3125],
							"pivot": [-0.56571, 0.50643, -0.69555],
							"rotation": [-10, 0, 0],
							"uv": {
								"east": {"uv": [9, 8], "uv_size": [0.5, 0.5]},
								"west": {"uv": [9, 9], "uv_size": [0.5, 0.5]},
								"up": {"uv": [0, 10], "uv_size": [0.5, 0.5]}
							}
						},
						{
							"origin": [0.5022, 0.525, -1.1875],
							"size": [0.1218, 0.04895, 0.25],
							"uv": {
								"east": {"uv": [10, 0], "uv_size": [0.5, 0.5]},
								"west": {"uv": [1, 10], "uv_size": [0.5, 0.5]},
								"up": {"uv": [10, 1], "uv_size": [0.5, 0.5]}
							}
						},
						{
							"origin": [-0.624, 0.525, -1.1875],
							"size": [0.1218, 0.04895, 0.25],
							"uv": {
								"east": {"uv": [2, 10], "uv_size": [0.5, 0.5]},
								"west": {"uv": [10, 2], "uv_size": [0.5, 0.5]},
								"up": {"uv": [3, 10], "uv_size": [0.5, 0.5]}
							}
						},
						{
							"origin": [0.5022, 0.524, -1.0625],
							"size": [0.125, 0.04895, 0.25],
							"pivot": [0.2522, 0.54947, -0.9375],
							"rotation": [0, 45, 0],
							"uv": {
								"east": {"uv": [10, 3], "uv_size": [0.5, 0.5]},
								"up": {"uv": [4, 10], "uv_size": [0.5, 0.5]}
							}
						},
						{
							"origin": [-0.6272, 0.524, -1.0625],
							"size": [0.125, 0.04895, 0.25],
							"pivot": [-0.2522, 0.54947, -0.9375],
							"rotation": [0, -45, 0],
							"uv": {
								"west": {"uv": [10, 4], "uv_size": [0.5, 0.5]},
								"up": {"uv": [5, 10], "uv_size": [0.5, 0.5]}
							}
						},
						{
							"origin": [-0.75, 0.65, -1.3125],
							"size": [0.0625, 0.125, 0.125],
							"uv": {
								"east": {"uv": [10, 5], "uv_size": [0.5, 0.5]},
								"south": {"uv": [6, 10], "uv_size": [0.5, 0.5]},
								"west": {"uv": [10, 6], "uv_size": [0.5, 0.5]}
							}
						},
						{
							"origin": [0.6875, 0.65, -1.3125],
							"size": [0.0625, 0.125, 0.125],
							"uv": {
								"east": {"uv": [7, 10], "uv_size": [0.5, 0.5]},
								"south": {"uv": [10, 7], "uv_size": [0.5, 0.5]},
								"west": {"uv": [8, 10], "uv_size": [0.5, 0.5]}
							}
						},
						{
							"origin": [-0.75, 0.775, -1.3125],
							"size": [0.0625, 0.375, 0.125],
							"pivot": [0, 0.775, -1.1875],
							"rotation": [20, 0, 0],
							"uv": {
								"east": {"uv": [10, 8], "uv_size": [0.5, 0.5]},
								"south": {"uv": [9, 10], "uv_size": [0.5, 0.5]},
								"west": {"uv": [10, 9], "uv_size": [0.5, 0.5]}
							}
						},
						{
							"origin": [0.6875, 0.775, -1.3125],
							"size": [0.0625, 0.375, 0.125],
							"pivot": [0.6875, 0.775, -1.1875],
							"rotation": [20, 0, 0],
							"uv": {
								"east": {"uv": [10, 10], "uv_size": [0.5, 0.5]},
								"south": {"uv": [0, 11], "uv_size": [0.5, 0.5]},
								"west": {"uv": [11, 0], "uv_size": [0.5, 0.5]}
							}
						}
					]
				},
				{
					"name": "bone2",
					"parent": "scope_body",
					"pivot": [0.58964, -0.06464, -1],
					"cubes": [
						{
							"origin": [-0.675, 0, -1.9375],
							"size": [1.3, 0.15, 1.95],
							"uv": {
								"north": {"uv": [12, 2], "uv_size": [0.5, 0.5]},
								"east": {"uv": [11.5, 0], "uv_size": [1, 0.5]},
								"south": {"uv": [12.5, 2], "uv_size": [0.5, 0.5]},
								"up": {"uv": [11.5, 0.5], "uv_size": [0.5, 1]},
								"down": {"uv": [12, 1.5], "uv_size": [0.5, -1]}
							}
						},
						{
							"origin": [-0.675, -0.25, -1.9375],
							"size": [0.3, 0.25, 1.95],
							"uv": {
								"north": {"uv": [13.5, 1.5], "uv_size": [0.5, 0.5]},
								"east": {"uv": [12.5, 0], "uv_size": [1, 0.5]},
								"south": {"uv": [13.5, 2], "uv_size": [0.5, 0.5]},
								"west": {"uv": [12.5, 0.5], "uv_size": [1, 0.5]},
								"down": {"uv": [12.5, 2], "uv_size": [0.5, -1]}
							}
						},
						{
							"origin": [-0.7, -0.175, -0.3375],
							"size": [0.125, 0.25, 0.25],
							"pivot": [-0.675, -0.05, -0.2125],
							"rotation": [-45, 0, 0],
							"uv": {
								"north": {"uv": [14, 0], "uv_size": [0.5, 0.5]},
								"east": {"uv": [12, 2.5], "uv_size": [0.5, 0.5]},
								"south": {"uv": [14, 0.5], "uv_size": [0.5, 0.5]},
								"up": {"uv": [12.5, 2.5], "uv_size": [0.5, 0.5]},
								"down": {"uv": [14, 1.5], "uv_size": [0.5, -0.5]}
							}
						},
						{
							"origin": [0.65, -0.125, -0.3375],
							"size": [0.075, 0.15, 0.15],
							"pivot": [0.75, -0.1, -0.2125],
							"rotation": [-45, 0, 0],
							"uv": {
								"north": {"uv": [13, 2.5], "uv_size": [0.5, 0.5]},
								"south": {"uv": [14, 1.5], "uv_size": [0.5, 0.5]},
								"west": {"uv": [13.5, 2.5], "uv_size": [0.5, 0.5]},
								"up": {"uv": [14, 2], "uv_size": [0.5, 0.5]},
								"down": {"uv": [14, 3], "uv_size": [0.5, -0.5]}
							}
						},
						{
							"origin": [0.65, -0.125, -1.8625],
							"size": [0.075, 0.15, 0.15],
							"pivot": [0.75, -0.1, -1.7375],
							"rotation": [-45, 0, 0],
							"uv": {
								"north": {"uv": [11.5, 3], "uv_size": [0.5, 0.5]},
								"south": {"uv": [14.5, 0], "uv_size": [0.5, 0.5]},
								"west": {"uv": [12, 3], "uv_size": [0.5, 0.5]},
								"up": {"uv": [14.5, 0.5], "uv_size": [0.5, 0.5]},
								"down": {"uv": [12.5, 3.5], "uv_size": [0.5, -0.5]}
							}
						},
						{
							"origin": [-0.7, -0.175, -1.8625],
							"size": [0.125, 0.25, 0.25],
							"pivot": [-0.675, -0.05, -1.7375],
							"rotation": [-45, 0, 0],
							"uv": {
								"north": {"uv": [14.5, 1], "uv_size": [0.5, 0.5]},
								"east": {"uv": [13, 3], "uv_size": [0.5, 0.5]},
								"south": {"uv": [14.5, 1.5], "uv_size": [0.5, 0.5]},
								"up": {"uv": [13.5, 3], "uv_size": [0.5, 0.5]},
								"down": {"uv": [14.5, 2.5], "uv_size": [0.5, -0.5]}
							}
						},
						{
							"origin": [0.54874, -0.15, -1.9375],
							"size": [0.14697, 0.22929, 1.95],
							"uv": {
								"north": {"uv": [14, 3], "uv_size": [0.5, 0.5]},
								"south": {"uv": [14.5, 2.5], "uv_size": [0.5, 0.5]},
								"west": {"uv": [11.5, 1.5], "uv_size": [1, 0.5]}
							}
						},
						{
							"origin": [0.37803, -0.22071, -1.9375],
							"size": [0.24697, 0.22071, 1.95],
							"uv": {
								"north": {"uv": [14.5, 3], "uv_size": [0.5, 0.5]},
								"east": {"uv": [13, 1], "uv_size": [1, 0.5]},
								"south": {"uv": [11.5, 3.5], "uv_size": [0.5, 0.5]},
								"down": {"uv": [13, 2.5], "uv_size": [0.5, -1]}
							}
						},
						{
							"origin": [0.52866, -0.08258, -1.9375],
							"size": [0.1, 0.2, 1.95],
							"pivot": [0.61616, 0.01742, -1],
							"rotation": [0, 0, 45],
							"uv": {
								"north": {"uv": [15, 0], "uv_size": [0.5, 0.5]},
								"south": {"uv": [12, 3.5], "uv_size": [0.5, 0.5]},
								"up": {"uv": [11.5, 2], "uv_size": [0.5, 1]}
							}
						},
						{
							"origin": [0.53964, -0.21464, -1.9375],
							"size": [0.1, 0.2, 1.95],
							"pivot": [0.58964, -0.11464, -1],
							"rotation": [0, 0, -45],
							"uv": {
								"north": {"uv": [15, 0.5], "uv_size": [0.5, 0.5]},
								"south": {"uv": [12.5, 3.5], "uv_size": [0.5, 0.5]},
								"down": {"uv": [13.5, 1], "uv_size": [0.5, -1]}
							}
						}
					]
				},
				{
					"name": "division",
					"pivot": [0, 0.15, 0]
				},
				{
					"name": "division_illuminated",
					"parent": "division",
					"pivot": [0.00001, 0.93916, -32],
					"cubes": [
						{
							"origin": [-0.51562, 0.89228, -32],
							"size": [0.375, 0.09375, 0],
							"uv": {
								"south": {"uv": [1, 11], "uv_size": [0.5, 0.5]}
							}
						},
						{
							"origin": [0.14063, 0.89228, -32],
							"size": [0.375, 0.09375, 0],
							"uv": {
								"south": {"uv": [1, 11], "uv_size": [0.5, 0.5]}
							}
						},
						{
							"origin": [-0.4375, 0.81415, -32],
							"size": [0.375, 0.09375, 0],
							"pivot": [0, 0.86103, -31.93904],
							"rotation": [0, 0, -90],
							"uv": {
								"south": {"uv": [1, 11], "uv_size": [0.5, 0.5]}
							}
						},
						{
							"origin": [0.0625, 0.9704, -32],
							"size": [0.375, 0.09375, 0],
							"pivot": [0, 1.01728, -31.93904],
							"rotation": [0, 0, -90],
							"uv": {
								"south": {"uv": [1, 11], "uv_size": [0.5, 0.5]}
							}
						}
					]
				},
				{
					"name": "ocular",
					"pivot": [0, 0.93915, -1.68904],
					"cubes": [
						{
							"origin": [-0.67187, 0.4625, -1.6875],
							"size": [1.34375, 0.95313, 0.001],
							"pivot": [0, 0.9625, -1.687],
							"rotation": [-5, 0, 0],
							"uv": {
								"north": {"uv": [2, 2], "uv_size": [1, 1]},
								"south": {"uv": [2, 3], "uv_size": [1, 1]}
							}
						}
					]
				},
				{
					"name": "scope_view",
					"pivot": [0, 0.93915, 10]
				}
			]
		}
	]
}