{
	"format_version": "1.12.0",
	"minecraft:geometry": [
		{
			"description": {
				"identifier": "geometry.unknown",
				"texture_width": 64,
				"texture_height": 64,
				"visible_bounds_width": 3,
				"visible_bounds_height": 2,
				"visible_bounds_offset": [0, 0, 0]
			},
			"bones": [
				{
					"name": "haenel_stock",
					"pivot": [0, 9.5, 15.56251],
					"cubes": [
						{
							"origin": [-0.83188, -0.34457, 0.02751],
							"size": [1.66375, 0.68914, 8.3125],
							"uv": {
								"north": {"uv": [23, 23], "uv_size": [1.5, 0.5]},
								"east": {"uv": [8, 12], "uv_size": [8.5, 0.5]},
								"south": {"uv": [24, 0], "uv_size": [1.5, 0.5]},
								"west": {"uv": [12, 8], "uv_size": [8.5, 0.5]},
								"up": {"uv": [0, 4], "uv_size": [1.5, 8.5]},
								"down": {"uv": [2, 12.5], "uv_size": [1.5, -8.5]}
							}
						},
						{
							"origin": [-2.43096, -0.84712, 0.02751],
							"size": [1.66375, 0.68914, 8.3125],
							"pivot": [-0.19291, -2.18155, -15.19734],
							"rotation": [0, 0, 45],
							"uv": {
								"north": {"uv": [24, 1], "uv_size": [1.5, 0.5]},
								"east": {"uv": [12, 9], "uv_size": [8.5, 0.5]},
								"south": {"uv": [24, 2], "uv_size": [1.5, 0.5]},
								"west": {"uv": [12, 10], "uv_size": [8.5, 0.5]},
								"up": {"uv": [4, 4], "uv_size": [1.5, 8.5]},
								"down": {"uv": [6, 12.5], "uv_size": [1.5, -8.5]}
							}
						},
						{
							"origin": [-0.34457, -1.39438, 0.02751],
							"size": [0.68914, 2.22625, 8.3125],
							"inflate": 0.0001,
							"uv": {
								"north": {"uv": [5, 23], "uv_size": [0.5, 2]},
								"east": {"uv": [0, 0], "uv_size": [8.5, 2]},
								"south": {"uv": [6, 23], "uv_size": [0.5, 2]},
								"west": {"uv": [0, 2], "uv_size": [8.5, 2]},
								"up": {"uv": [0, 13], "uv_size": [0.5, 8.5]},
								"down": {"uv": [1, 21.5], "uv_size": [0.5, -8.5]}
							}
						},
						{
							"origin": [-0.34457, -2.45688, 6.65251],
							"size": [0.68914, 0.25, 1],
							"uv": {
								"north": {"uv": [29, 13], "uv_size": [0.5, 0.5]},
								"east": {"uv": [19, 26], "uv_size": [1, 0.5]},
								"south": {"uv": [14, 29], "uv_size": [0.5, 0.5]},
								"west": {"uv": [20, 26], "uv_size": [1, 0.5]},
								"up": {"uv": [26, 20], "uv_size": [0.5, 1]},
								"down": {"uv": [22, 27], "uv_size": [0.5, -1]}
							}
						},
						{
							"origin": [-0.34457, -2.20688, 7.27751],
							"size": [0.68914, 0.8125, 0.375],
							"uv": {
								"north": {"uv": [23, 26], "uv_size": [0.5, 1]},
								"east": {"uv": [24, 26], "uv_size": [0.5, 1]},
								"south": {"uv": [26, 24], "uv_size": [0.5, 1]},
								"west": {"uv": [25, 26], "uv_size": [0.5, 1]},
								"up": {"uv": [29, 14], "uv_size": [0.5, 0.5]},
								"down": {"uv": [15, 29.5], "uv_size": [0.5, -0.5]}
							}
						},
						{
							"origin": [-0.34457, -2.29959, 7.60675],
							"size": [0.68914, 0.29688, 0.35355],
							"pivot": [0, -0.79959, 7.11655],
							"rotation": [-45, 0, 0],
							"uv": {
								"north": {"uv": [29, 15], "uv_size": [0.5, 0.5]},
								"east": {"uv": [16, 29], "uv_size": [0.5, 0.5]},
								"south": {"uv": [29, 16], "uv_size": [0.5, 0.5]},
								"west": {"uv": [17, 29], "uv_size": [0.5, 0.5]},
								"up": {"uv": [29, 17], "uv_size": [0.5, 0.5]},
								"down": {"uv": [18, 29.5], "uv_size": [0.5, -0.5]}
							}
						},
						{
							"origin": [-0.34457, -2.20688, 6.40251],
							"size": [0.68914, 0.8125, 0.3125],
							"uv": {
								"north": {"uv": [26, 25], "uv_size": [0.5, 1]},
								"east": {"uv": [26, 26], "uv_size": [0.5, 1]},
								"south": {"uv": [0, 27], "uv_size": [0.5, 1]},
								"west": {"uv": [1, 27], "uv_size": [0.5, 1]},
								"up": {"uv": [29, 18], "uv_size": [0.5, 0.5]},
								"down": {"uv": [19, 29.5], "uv_size": [0.5, -0.5]}
							}
						},
						{
							"origin": [-0.34457, -1.64438, 6.77751],
							"size": [0.68914, 0.5, 0.1875],
							"pivot": [0, -1.48813, 6.99626],
							"rotation": [-120, 0, 0],
							"uv": {
								"north": {"uv": [29, 19], "uv_size": [0.5, 0.5]},
								"east": {"uv": [20, 29], "uv_size": [0.5, 0.5]},
								"south": {"uv": [29, 20], "uv_size": [0.5, 0.5]},
								"west": {"uv": [21, 29], "uv_size": [0.5, 0.5]},
								"up": {"uv": [29, 21], "uv_size": [0.5, 0.5]},
								"down": {"uv": [22, 29.5], "uv_size": [0.5, -0.5]}
							}
						},
						{
							"origin": [-0.34457, -1.92675, 6.88995],
							"size": [0.68914, 0.375, 0.21875],
							"pivot": [0, -1.42675, 7.13995],
							"rotation": [-60, 0, 0],
							"uv": {
								"north": {"uv": [29, 22], "uv_size": [0.5, 0.5]},
								"east": {"uv": [23, 29], "uv_size": [0.5, 0.5]},
								"south": {"uv": [29, 23], "uv_size": [0.5, 0.5]},
								"west": {"uv": [24, 29], "uv_size": [0.5, 0.5]},
								"up": {"uv": [29, 24], "uv_size": [0.5, 0.5]},
								"down": {"uv": [25, 29.5], "uv_size": [0.5, -0.5]}
							}
						},
						{
							"origin": [-0.34457, -1.80175, 7.76495],
							"size": [0.68914, 0.1875, 0.21875],
							"pivot": [0, -1.42675, 7.13995],
							"rotation": [-60, 0, 0],
							"uv": {
								"north": {"uv": [29, 25], "uv_size": [0.5, 0.5]},
								"east": {"uv": [26, 29], "uv_size": [0.5, 0.5]},
								"south": {"uv": [29, 26], "uv_size": [0.5, 0.5]},
								"west": {"uv": [27, 29], "uv_size": [0.5, 0.5]},
								"up": {"uv": [29, 27], "uv_size": [0.5, 0.5]},
								"down": {"uv": [28, 29.5], "uv_size": [0.5, -0.5]}
							}
						},
						{
							"origin": [-0.34457, -2.9468, 0.2129],
							"size": [0.68914, 0.625, 0.625],
							"pivot": [0, -1.9468, 1.99415],
							"rotation": [-45, 0, 0],
							"uv": {
								"north": {"uv": [29, 28], "uv_size": [0.5, 0.5]},
								"east": {"uv": [29, 29], "uv_size": [0.5, 0.5]},
								"south": {"uv": [0, 30], "uv_size": [0.5, 0.5]},
								"west": {"uv": [30, 0], "uv_size": [0.5, 0.5]},
								"up": {"uv": [1, 30], "uv_size": [0.5, 0.5]},
								"down": {"uv": [30, 1.5], "uv_size": [0.5, -0.5]}
							}
						},
						{
							"origin": [-0.34457, -1.95741, 0.51174],
							"size": [0.68914, 0.8125, 2],
							"inflate": 0.0002,
							"pivot": [0, -1.55116, 1.48049],
							"rotation": [-7, 0, 0],
							"uv": {
								"north": {"uv": [2, 27], "uv_size": [0.5, 1]},
								"east": {"uv": [14, 3], "uv_size": [2, 1]},
								"south": {"uv": [27, 2], "uv_size": [0.5, 1]},
								"west": {"uv": [11, 15], "uv_size": [2, 1]},
								"up": {"uv": [9, 23], "uv_size": [0.5, 2]},
								"down": {"uv": [11, 25], "uv_size": [0.5, -2]}
							}
						},
						{
							"origin": [-0.34457, -2.36694, 2.32124],
							"size": [0.68914, 0.4375, 1.3125],
							"pivot": [0, -2.08569, 3.28999],
							"rotation": [-20, 0, 0],
							"uv": {
								"north": {"uv": [2, 30], "uv_size": [0.5, 0.5]},
								"east": {"uv": [24, 3], "uv_size": [1.5, 0.5]},
								"south": {"uv": [30, 2], "uv_size": [0.5, 0.5]},
								"west": {"uv": [24, 4], "uv_size": [1.5, 0.5]},
								"up": {"uv": [4, 24], "uv_size": [0.5, 1.5]},
								"down": {"uv": [7, 25.5], "uv_size": [0.5, -1.5]}
							}
						},
						{
							"origin": [-0.21957, -2.50629, 0.69371],
							"size": [0.43914, 0.3125, 3.125],
							"pivot": [0.125, -2.16254, 2.97496],
							"rotation": [-13, 0, 0],
							"uv": {
								"north": {"uv": [3, 30], "uv_size": [0.5, 0.5]},
								"east": {"uv": [19, 4], "uv_size": [3, 0.5]},
								"south": {"uv": [30, 3], "uv_size": [0.5, 0.5]},
								"west": {"uv": [19, 5], "uv_size": [3, 0.5]},
								"up": {"uv": [16, 1], "uv_size": [0.5, 3]},
								"down": {"uv": [11, 23], "uv_size": [0.5, -3]}
							}
						},
						{
							"origin": [-0.34457, -2.64989, 3.08929],
							"size": [0.68914, 0.125, 0.1875],
							"pivot": [0, -2.74364, 3.74554],
							"rotation": [-65, 0, 0],
							"uv": {
								"north": {"uv": [4, 30], "uv_size": [0.5, 0.5]},
								"east": {"uv": [30, 4], "uv_size": [0.5, 0.5]},
								"south": {"uv": [5, 30], "uv_size": [0.5, 0.5]},
								"west": {"uv": [30, 5], "uv_size": [0.5, 0.5]},
								"up": {"uv": [6, 30], "uv_size": [0.5, 0.5]},
								"down": {"uv": [30, 6.5], "uv_size": [0.5, -0.5]}
							}
						},
						{
							"origin": [-0.34457, -2.36694, 3.63374],
							"size": [0.68914, 0.3125, 1.5625],
							"pivot": [0, -2.08569, 3.28999],
							"rotation": [-20, 0, 0],
							"uv": {
								"north": {"uv": [7, 30], "uv_size": [0.5, 0.5]},
								"east": {"uv": [24, 5], "uv_size": [1.5, 0.5]},
								"south": {"uv": [30, 7], "uv_size": [0.5, 0.5]},
								"west": {"uv": [24, 10], "uv_size": [1.5, 0.5]},
								"up": {"uv": [8, 24], "uv_size": [0.5, 1.5]},
								"down": {"uv": [10, 25.5], "uv_size": [0.5, -1.5]}
							}
						},
						{
							"origin": [-0.34457, -3.49836, 4.43275],
							"size": [0.68914, 0.25, 0.625],
							"pivot": [0, -3.52961, 5.214],
							"rotation": [-61.75, 0, 0],
							"uv": {
								"north": {"uv": [8, 30], "uv_size": [0.5, 0.5]},
								"east": {"uv": [30, 8], "uv_size": [0.5, 0.5]},
								"south": {"uv": [9, 30], "uv_size": [0.5, 0.5]},
								"west": {"uv": [30, 9], "uv_size": [0.5, 0.5]},
								"up": {"uv": [10, 30], "uv_size": [0.5, 0.5]},
								"down": {"uv": [30, 10.5], "uv_size": [0.5, -0.5]}
							}
						},
						{
							"origin": [-0.34457, -3.49836, 6.68275],
							"size": [0.68914, 0.25, 0.39063],
							"pivot": [0, -3.52961, 5.214],
							"rotation": [-61.75, 0, 0],
							"uv": {
								"north": {"uv": [11, 30], "uv_size": [0.5, 0.5]},
								"east": {"uv": [30, 11], "uv_size": [0.5, 0.5]},
								"south": {"uv": [12, 30], "uv_size": [0.5, 0.5]},
								"west": {"uv": [30, 12], "uv_size": [0.5, 0.5]},
								"up": {"uv": [13, 30], "uv_size": [0.5, 0.5]},
								"down": {"uv": [30, 13.5], "uv_size": [0.5, -0.5]}
							}
						},
						{
							"origin": [-0.34457, -5.32776, 5.91277],
							"size": [0.68914, 0.35653, 0.23431],
							"pivot": [0, -4.92151, 6.13927],
							"rotation": [-106.75, 0, 0],
							"uv": {
								"north": {"uv": [14, 30], "uv_size": [0.5, 0.5]},
								"east": {"uv": [30, 14], "uv_size": [0.5, 0.5]},
								"south": {"uv": [15, 30], "uv_size": [0.5, 0.5]},
								"west": {"uv": [30, 15], "uv_size": [0.5, 0.5]},
								"up": {"uv": [16, 30], "uv_size": [0.5, 0.5]},
								"down": {"uv": [30, 16.5], "uv_size": [0.5, -0.5]}
							}
						},
						{
							"origin": [-0.34457, -3.57406, 5.10708],
							"size": [0.68914, 0.35653, 0.23431],
							"pivot": [0, -3.39579, 5.22423],
							"rotation": [-16.75, 0, 0],
							"uv": {
								"north": {"uv": [17, 30], "uv_size": [0.5, 0.5]},
								"east": {"uv": [30, 17], "uv_size": [0.5, 0.5]},
								"south": {"uv": [18, 30], "uv_size": [0.5, 0.5]},
								"west": {"uv": [30, 18], "uv_size": [0.5, 0.5]},
								"up": {"uv": [19, 30], "uv_size": [0.5, 0.5]},
								"down": {"uv": [30, 19.5], "uv_size": [0.5, -0.5]}
							}
						},
						{
							"origin": [-0.34457, -3.81086, 4.24525],
							"size": [0.68914, 0.3125, 2.6875],
							"pivot": [0, -3.52961, 5.214],
							"rotation": [-61.75, 0, 0],
							"uv": {
								"north": {"uv": [20, 30], "uv_size": [0.5, 0.5]},
								"east": {"uv": [21, 10], "uv_size": [2.5, 0.5]},
								"south": {"uv": [30, 20], "uv_size": [0.5, 0.5]},
								"west": {"uv": [21, 11], "uv_size": [2.5, 0.5]},
								"up": {"uv": [10, 21], "uv_size": [0.5, 2.5]},
								"down": {"uv": [12, 23.5], "uv_size": [0.5, -2.5]}
							}
						},
						{
							"origin": [-0.34457, -6.06221, 5.57546],
							"size": [0.68914, 0.3125, 0.25],
							"pivot": [0, -5.90596, 6.91921],
							"rotation": [-39.25, 0, 0],
							"uv": {
								"north": {"uv": [21, 30], "uv_size": [0.5, 0.5]},
								"east": {"uv": [30, 21], "uv_size": [0.5, 0.5]},
								"south": {"uv": [22, 30], "uv_size": [0.5, 0.5]},
								"west": {"uv": [30, 22], "uv_size": [0.5, 0.5]},
								"up": {"uv": [23, 30], "uv_size": [0.5, 0.5]},
								"down": {"uv": [30, 23.5], "uv_size": [0.5, -0.5]}
							}
						},
						{
							"origin": [-0.34457, -5.33494, 5.97336],
							"size": [0.68914, 0.3125, 1.5],
							"uv": {
								"north": {"uv": [24, 30], "uv_size": [0.5, 0.5]},
								"east": {"uv": [24, 11], "uv_size": [1.5, 0.5]},
								"south": {"uv": [30, 24], "uv_size": [0.5, 0.5]},
								"west": {"uv": [12, 24], "uv_size": [1.5, 0.5]},
								"up": {"uv": [24, 12], "uv_size": [0.5, 1.5]},
								"down": {"uv": [14, 25.5], "uv_size": [0.5, -1.5]}
							}
						},
						{
							"origin": [-0.34457, -5.77244, 6.78586],
							"size": [0.68914, 0.4375, 0.9375],
							"pivot": [0, -5.17869, 6.59836],
							"rotation": [67.5, 0, 0],
							"uv": {
								"north": {"uv": [25, 30], "uv_size": [0.5, 0.5]},
								"east": {"uv": [3, 27], "uv_size": [1, 0.5]},
								"south": {"uv": [30, 25], "uv_size": [0.5, 0.5]},
								"west": {"uv": [27, 3], "uv_size": [1, 0.5]},
								"up": {"uv": [27, 4], "uv_size": [0.5, 1]},
								"down": {"uv": [5, 28], "uv_size": [0.5, -1]}
							}
						},
						{
							"origin": [-1.94366, -1.33442, 0.02751],
							"size": [0.68914, 1.66375, 8.3125],
							"pivot": [-0.19291, -2.18155, -15.19734],
							"rotation": [0, 0, 45],
							"uv": {
								"north": {"uv": [24, 14], "uv_size": [0.5, 1.5]},
								"east": {"uv": [8, 4], "uv_size": [8.5, 1.5]},
								"south": {"uv": [17, 24], "uv_size": [0.5, 1.5]},
								"west": {"uv": [8, 6], "uv_size": [8.5, 1.5]},
								"up": {"uv": [2, 13], "uv_size": [0.5, 8.5]},
								"down": {"uv": [3, 21.5], "uv_size": [0.5, -8.5]}
							}
						}
					]
				},
				{
					"name": "bone2",
					"parent": "haenel_stock",
					"pivot": [0.19291, 7.31845, -3.62734],
					"cubes": [
						{
							"origin": [-1.01937, 0.03534, 5.27751],
							"size": [0.22625, 0.37173, 2.41455],
							"uv": {
								"north": {"uv": [26, 30], "uv_size": [0.5, 0.5]},
								"east": {"uv": [21, 12], "uv_size": [2.5, 0.5]},
								"south": {"uv": [30, 26], "uv_size": [0.5, 0.5]},
								"west": {"uv": [21, 13], "uv_size": [2.5, 0.5]},
								"up": {"uv": [13, 21], "uv_size": [0.5, 2.5]},
								"down": {"uv": [14, 23.5], "uv_size": [0.5, -2.5]}
							}
						},
						{
							"origin": [-0.90278, 0.31684, 5.27751],
							"size": [0.16375, 0.37173, 2.41455],
							"pivot": [-0.85215, 0.5027, 6.48479],
							"rotation": [0, 0, 45],
							"uv": {
								"north": {"uv": [27, 30], "uv_size": [0.5, 0.5]},
								"east": {"uv": [21, 14], "uv_size": [2.5, 0.5]},
								"south": {"uv": [30, 27], "uv_size": [0.5, 0.5]},
								"west": {"uv": [21, 15], "uv_size": [2.5, 0.5]},
								"up": {"uv": [21, 16], "uv_size": [0.5, 2.5]},
								"down": {"uv": [18, 23.5], "uv_size": [0.5, -2.5]}
							}
						},
						{
							"origin": [-0.90509, 0.68952, 4.90251],
							"size": [0.16375, 0.62173, 3.10205],
							"pivot": [-0.85446, 0.50039, 6.98479],
							"rotation": [0, 0, 45],
							"uv": {
								"north": {"uv": [28, 30], "uv_size": [0.5, 0.5]},
								"east": {"uv": [19, 6], "uv_size": [3, 0.5]},
								"south": {"uv": [30, 28], "uv_size": [0.5, 0.5]},
								"west": {"uv": [12, 20], "uv_size": [3, 0.5]},
								"up": {"uv": [20, 16], "uv_size": [0.5, 3]},
								"down": {"uv": [17, 23], "uv_size": [0.5, -3]}
							}
						},
						{
							"origin": [-0.07585, 0.70476, 4.49789],
							"size": [0.16375, 0.63378, 3.50667],
							"pivot": [0.00603, 1.02768, 6.42229],
							"rotation": [0, 0, 90],
							"uv": {
								"north": {"uv": [29, 30], "uv_size": [0.5, 0.5]},
								"east": {"uv": [17, 7], "uv_size": [3.5, 0.5]},
								"south": {"uv": [30, 29], "uv_size": [0.5, 0.5]},
								"west": {"uv": [17, 11], "uv_size": [3.5, 0.5]},
								"up": {"uv": [9, 17], "uv_size": [0.5, 3.5]},
								"down": {"uv": [10, 20.5], "uv_size": [0.5, -3.5]}
							}
						},
						{
							"origin": [-1.00558, 0.07609, 7.59149],
							"size": [0.16375, 0.18423, 0.41455],
							"pivot": [-0.92371, 0.38695, 6.42377],
							"rotation": [22.5, 0, 45],
							"uv": {
								"north": {"uv": [30, 30], "uv_size": [0.5, 0.5]},
								"east": {"uv": [0, 31], "uv_size": [0.5, 0.5]},
								"south": {"uv": [31, 0], "uv_size": [0.5, 0.5]},
								"west": {"uv": [1, 31], "uv_size": [0.5, 0.5]},
								"up": {"uv": [31, 1], "uv_size": [0.5, 0.5]},
								"down": {"uv": [2, 31.5], "uv_size": [0.5, -0.5]}
							}
						},
						{
							"origin": [-0.90509, 1.09741, 4.49789],
							"size": [0.16375, 0.21385, 0.40462],
							"pivot": [-0.85446, 0.50039, 3.73479],
							"rotation": [0, 0, 45],
							"uv": {
								"north": {"uv": [31, 2], "uv_size": [0.5, 0.5]},
								"east": {"uv": [3, 31], "uv_size": [0.5, 0.5]},
								"south": {"uv": [31, 3], "uv_size": [0.5, 0.5]},
								"west": {"uv": [4, 31], "uv_size": [0.5, 0.5]},
								"up": {"uv": [31, 4], "uv_size": [0.5, 0.5]},
								"down": {"uv": [5, 31.5], "uv_size": [0.5, -0.5]}
							}
						},
						{
							"origin": [-0.62507, 0.6906, 4.45183],
							"size": [0.16375, 0.29397, 1.10254],
							"pivot": [-0.54319, 0.76746, 4.79466],
							"rotation": [-45, 0, 45],
							"uv": {
								"north": {"uv": [31, 5], "uv_size": [0.5, 0.5]},
								"east": {"uv": [27, 5], "uv_size": [1, 0.5]},
								"south": {"uv": [6, 31], "uv_size": [0.5, 0.5]},
								"west": {"uv": [6, 27], "uv_size": [1, 0.5]},
								"up": {"uv": [27, 6], "uv_size": [0.5, 1]},
								"down": {"uv": [27, 8], "uv_size": [0.5, -1]}
							}
						},
						{
							"origin": [0.74134, 0.68952, 4.90251],
							"size": [0.16375, 0.62173, 3.10205],
							"pivot": [0.85446, 0.50039, 6.98479],
							"rotation": [0, 0, -45],
							"uv": {
								"north": {"uv": [31, 6], "uv_size": [0.5, 0.5]},
								"east": {"uv": [18, 20], "uv_size": [3, 0.5]},
								"south": {"uv": [7, 31], "uv_size": [0.5, 0.5]},
								"west": {"uv": [20, 19], "uv_size": [3, 0.5]},
								"up": {"uv": [21, 0], "uv_size": [0.5, 3]},
								"down": {"uv": [4, 24], "uv_size": [0.5, -3]}
							}
						},
						{
							"origin": [0.46132, 0.6906, 4.45183],
							"size": [0.16375, 0.29397, 1.10254],
							"pivot": [0.54319, 0.76746, 4.79466],
							"rotation": [-45, 0, -45],
							"uv": {
								"north": {"uv": [31, 7], "uv_size": [0.5, 0.5]},
								"east": {"uv": [27, 8], "uv_size": [1, 0.5]},
								"south": {"uv": [8, 31], "uv_size": [0.5, 0.5]},
								"west": {"uv": [9, 27], "uv_size": [1, 0.5]},
								"up": {"uv": [27, 9], "uv_size": [0.5, 1]},
								"down": {"uv": [27, 11], "uv_size": [0.5, -1]}
							}
						},
						{
							"origin": [0.74134, 1.09741, 4.49789],
							"size": [0.16375, 0.21385, 0.40462],
							"pivot": [0.85446, 0.50039, 3.73479],
							"rotation": [0, 0, -45],
							"uv": {
								"north": {"uv": [31, 8], "uv_size": [0.5, 0.5]},
								"east": {"uv": [9, 31], "uv_size": [0.5, 0.5]},
								"south": {"uv": [31, 9], "uv_size": [0.5, 0.5]},
								"west": {"uv": [10, 31], "uv_size": [0.5, 0.5]},
								"up": {"uv": [31, 10], "uv_size": [0.5, 0.5]},
								"down": {"uv": [11, 31.5], "uv_size": [0.5, -0.5]}
							}
						},
						{
							"origin": [0.73903, 0.31684, 5.27751],
							"size": [0.16375, 0.37173, 2.41455],
							"pivot": [0.85215, 0.5027, 6.48479],
							"rotation": [0, 0, -45],
							"uv": {
								"north": {"uv": [31, 11], "uv_size": [0.5, 0.5]},
								"east": {"uv": [19, 21], "uv_size": [2.5, 0.5]},
								"south": {"uv": [12, 31], "uv_size": [0.5, 0.5]},
								"west": {"uv": [21, 20], "uv_size": [2.5, 0.5]},
								"up": {"uv": [0, 22], "uv_size": [0.5, 2.5]},
								"down": {"uv": [22, 2.5], "uv_size": [0.5, -2.5]}
							}
						},
						{
							"origin": [0.84183, 0.07609, 7.59149],
							"size": [0.16375, 0.18423, 0.41455],
							"pivot": [0.92371, 0.38695, 6.42377],
							"rotation": [22.5, 0, -45],
							"uv": {
								"north": {"uv": [31, 12], "uv_size": [0.5, 0.5]},
								"east": {"uv": [13, 31], "uv_size": [0.5, 0.5]},
								"south": {"uv": [31, 13], "uv_size": [0.5, 0.5]},
								"west": {"uv": [14, 31], "uv_size": [0.5, 0.5]},
								"up": {"uv": [31, 14], "uv_size": [0.5, 0.5]},
								"down": {"uv": [15, 31.5], "uv_size": [0.5, -0.5]}
							}
						},
						{
							"origin": [-1.01937, -1.40707, 5.27751],
							"size": [0.22625, 1.44241, 0.1875],
							"uv": {
								"north": {"uv": [18, 24], "uv_size": [0.5, 1.5]},
								"east": {"uv": [24, 18], "uv_size": [0.5, 1.5]},
								"south": {"uv": [22, 24], "uv_size": [0.5, 1.5]},
								"west": {"uv": [23, 24], "uv_size": [0.5, 1.5]},
								"up": {"uv": [31, 15], "uv_size": [0.5, 0.5]},
								"down": {"uv": [16, 31.5], "uv_size": [0.5, -0.5]}
							}
						},
						{
							"origin": [-1.01937, -1.40707, 5.46501],
							"size": [0.22625, 0.75164, 0.5],
							"uv": {
								"north": {"uv": [27, 11], "uv_size": [0.5, 1]},
								"east": {"uv": [27, 12], "uv_size": [0.5, 1]},
								"south": {"uv": [13, 27], "uv_size": [0.5, 1]},
								"west": {"uv": [27, 13], "uv_size": [0.5, 1]},
								"up": {"uv": [31, 16], "uv_size": [0.5, 0.5]},
								"down": {"uv": [17, 31.5], "uv_size": [0.5, -0.5]}
							}
						},
						{
							"origin": [-0.70687, -0.53735, 5.5581],
							"size": [1.41375, 0.56414, 0.6875],
							"pivot": [-1, -1.22402, 5.5581],
							"rotation": [-151.75, 0, 0],
							"uv": {
								"north": {"uv": [24, 20], "uv_size": [1.5, 0.5]},
								"east": {"uv": [31, 17], "uv_size": [0.5, 0.5]},
								"south": {"uv": [24, 24], "uv_size": [1.5, 0.5]},
								"west": {"uv": [18, 31], "uv_size": [0.5, 0.5]},
								"up": {"uv": [0, 25], "uv_size": [1.5, 0.5]},
								"down": {"uv": [2, 25.5], "uv_size": [1.5, -0.5]}
							}
						},
						{
							"origin": [-0.70687, 0.02515, 5.5581],
							"size": [1.41375, 1.31414, 0.125],
							"pivot": [-1, -1.22402, 5.5581],
							"rotation": [-151.75, 0, 0],
							"uv": {
								"north": {"uv": [7, 13], "uv_size": [1.5, 1.5]},
								"east": {"uv": [5, 25], "uv_size": [0.5, 1.5]},
								"south": {"uv": [9, 13], "uv_size": [1.5, 1.5]},
								"west": {"uv": [6, 25], "uv_size": [0.5, 1.5]},
								"up": {"uv": [25, 6], "uv_size": [1.5, 0.5]},
								"down": {"uv": [25, 7.5], "uv_size": [1.5, -0.5]}
							}
						},
						{
							"origin": [-0.70687, 0.02515, 6.1206],
							"size": [1.41375, 1.31414, 0.125],
							"pivot": [-1, -1.22402, 5.5581],
							"rotation": [-151.75, 0, 0],
							"uv": {
								"north": {"uv": [11, 13], "uv_size": [1.5, 1.5]},
								"east": {"uv": [25, 8], "uv_size": [0.5, 1.5]},
								"south": {"uv": [13, 13], "uv_size": [1.5, 1.5]},
								"west": {"uv": [9, 25], "uv_size": [0.5, 1.5]},
								"up": {"uv": [11, 25], "uv_size": [1.5, 0.5]},
								"down": {"uv": [25, 12.5], "uv_size": [1.5, -0.5]}
							}
						},
						{
							"origin": [-0.58188, -0.16235, 5.6831],
							"size": [1.16375, 1.50164, 0.125],
							"pivot": [-1.125, -1.22402, 5.5581],
							"rotation": [-151.75, 0, 0],
							"uv": {
								"north": {"uv": [5, 21], "uv_size": [1, 1.5]},
								"east": {"uv": [13, 25], "uv_size": [0.5, 1.5]},
								"south": {"uv": [6, 21], "uv_size": [1, 1.5]},
								"west": {"uv": [25, 13], "uv_size": [0.5, 1.5]},
								"up": {"uv": [27, 14], "uv_size": [1, 0.5]},
								"down": {"uv": [15, 27.5], "uv_size": [1, -0.5]}
							}
						},
						{
							"origin": [-0.58188, -0.16235, 5.9956],
							"size": [1.16375, 1.50164, 0.125],
							"pivot": [-1.125, -1.22402, 5.5581],
							"rotation": [-151.75, 0, 0],
							"uv": {
								"north": {"uv": [21, 7], "uv_size": [1, 1.5]},
								"east": {"uv": [15, 25], "uv_size": [0.5, 1.5]},
								"south": {"uv": [9, 21], "uv_size": [1, 1.5]},
								"west": {"uv": [25, 15], "uv_size": [0.5, 1.5]},
								"up": {"uv": [16, 27], "uv_size": [1, 0.5]},
								"down": {"uv": [27, 17.5], "uv_size": [1, -0.5]}
							}
						},
						{
							"origin": [-0.58188, 1.21265, 5.8081],
							"size": [1.16375, 0.12664, 0.1875],
							"pivot": [-1.125, -1.22402, 5.5581],
							"rotation": [-151.75, 0, 0],
							"uv": {
								"north": {"uv": [27, 18], "uv_size": [1, 0.5]},
								"east": {"uv": [31, 18], "uv_size": [0.5, 0.5]},
								"south": {"uv": [19, 27], "uv_size": [1, 0.5]},
								"west": {"uv": [19, 31], "uv_size": [0.5, 0.5]},
								"up": {"uv": [27, 19], "uv_size": [1, 0.5]},
								"down": {"uv": [20, 27.5], "uv_size": [1, -0.5]}
							}
						},
						{
							"origin": [-0.58188, -0.16235, 5.8081],
							"size": [1.16375, 0.12664, 0.1875],
							"pivot": [-1.125, -1.22402, 5.5581],
							"rotation": [-151.75, 0, 0],
							"uv": {
								"north": {"uv": [27, 20], "uv_size": [1, 0.5]},
								"east": {"uv": [31, 19], "uv_size": [0.5, 0.5]},
								"south": {"uv": [21, 27], "uv_size": [1, 0.5]},
								"west": {"uv": [20, 31], "uv_size": [0.5, 0.5]},
								"up": {"uv": [27, 21], "uv_size": [1, 0.5]},
								"down": {"uv": [22, 27.5], "uv_size": [1, -0.5]}
							}
						},
						{
							"origin": [-0.875, -2.69802, 5.14712],
							"size": [1.75, 0.375, 0.375],
							"pivot": [-0.20687, -2.4584, 5.58346],
							"rotation": [163.25, 0, 0],
							"uv": {
								"north": {"uv": [23, 6], "uv_size": [2, 0.5]},
								"east": {"uv": [31, 20], "uv_size": [0.5, 0.5]},
								"south": {"uv": [23, 9], "uv_size": [2, 0.5]},
								"west": {"uv": [21, 31], "uv_size": [0.5, 0.5]},
								"up": {"uv": [23, 16], "uv_size": [2, 0.5]},
								"down": {"uv": [23, 17.5], "uv_size": [2, -0.5]}
							}
						},
						{
							"origin": [-0.46875, -1.91771, 1.77426],
							"size": [0.9375, 0.375, 0.375],
							"pivot": [0.40625, -1.73021, 1.96176],
							"rotation": [45, 0, 0],
							"uv": {
								"north": {"uv": [27, 22], "uv_size": [1, 0.5]},
								"east": {"uv": [31, 21], "uv_size": [0.5, 0.5]},
								"south": {"uv": [23, 27], "uv_size": [1, 0.5]},
								"west": {"uv": [22, 31], "uv_size": [0.5, 0.5]},
								"up": {"uv": [27, 23], "uv_size": [1, 0.5]},
								"down": {"uv": [24, 27.5], "uv_size": [1, -0.5]}
							}
						},
						{
							"origin": [-0.70688, -3.67236, 6.56791],
							"size": [1.41375, 0.17794, 0.12384],
							"pivot": [-0.375, -3.55774, 6.62925],
							"rotation": [163.25, 0, 0],
							"uv": {
								"north": {"uv": [25, 17], "uv_size": [1.5, 0.5]},
								"east": {"uv": [31, 22], "uv_size": [0.5, 0.5]},
								"south": {"uv": [25, 18], "uv_size": [1.5, 0.5]},
								"west": {"uv": [23, 31], "uv_size": [0.5, 0.5]},
								"up": {"uv": [19, 25], "uv_size": [1.5, 0.5]},
								"down": {"uv": [25, 19.5], "uv_size": [1.5, -0.5]}
							}
						},
						{
							"origin": [-0.70688, -3.81173, 6.22103],
							"size": [1.41375, 0.17794, 0.12384],
							"pivot": [-0.375, -3.72276, 6.28295],
							"rotation": [-106.75, 0, 0],
							"uv": {
								"north": {"uv": [25, 21], "uv_size": [1.5, 0.5]},
								"east": {"uv": [31, 23], "uv_size": [0.5, 0.5]},
								"south": {"uv": [25, 22], "uv_size": [1.5, 0.5]},
								"west": {"uv": [24, 31], "uv_size": [0.5, 0.5]},
								"up": {"uv": [25, 23], "uv_size": [1.5, 0.5]},
								"down": {"uv": [24, 25.5], "uv_size": [1.5, -0.5]}
							}
						},
						{
							"origin": [-0.70687, 1.33765, 5.5581],
							"size": [1.41375, 0.31414, 0.6875],
							"pivot": [-1, -1.22402, 5.5581],
							"rotation": [-151.75, 0, 0],
							"uv": {
								"north": {"uv": [0, 26], "uv_size": [1.5, 0.5]},
								"east": {"uv": [31, 24], "uv_size": [0.5, 0.5]},
								"south": {"uv": [26, 0], "uv_size": [1.5, 0.5]},
								"west": {"uv": [25, 31], "uv_size": [0.5, 0.5]},
								"up": {"uv": [26, 1], "uv_size": [1.5, 0.5]},
								"down": {"uv": [2, 26.5], "uv_size": [1.5, -0.5]}
							}
						},
						{
							"origin": [-0.85787, -2.21902, 5.27751],
							"size": [0.22625, 0.87664, 0.6875],
							"pivot": [-0.77599, -1.7807, 5.71501],
							"rotation": [0, 0, -22.5],
							"uv": {
								"north": {"uv": [27, 24], "uv_size": [0.5, 1]},
								"east": {"uv": [25, 27], "uv_size": [0.5, 1]},
								"south": {"uv": [27, 25], "uv_size": [0.5, 1]},
								"west": {"uv": [26, 27], "uv_size": [0.5, 1]},
								"up": {"uv": [31, 25], "uv_size": [0.5, 0.5]},
								"down": {"uv": [26, 31.5], "uv_size": [0.5, -0.5]}
							}
						},
						{
							"origin": [0.63162, -2.21902, 5.27751],
							"size": [0.22625, 0.87664, 0.6875],
							"pivot": [0.77599, -1.7807, 5.71501],
							"rotation": [0, 0, 22.5],
							"uv": {
								"north": {"uv": [27, 26], "uv_size": [0.5, 1]},
								"east": {"uv": [27, 27], "uv_size": [0.5, 1]},
								"south": {"uv": [0, 28], "uv_size": [0.5, 1]},
								"west": {"uv": [28, 0], "uv_size": [0.5, 1]},
								"up": {"uv": [31, 26], "uv_size": [0.5, 0.5]},
								"down": {"uv": [27, 31.5], "uv_size": [0.5, -0.5]}
							}
						},
						{
							"origin": [-1.01937, -1.54289, 5.79243],
							"size": [0.22625, 2.31414, 0.375],
							"pivot": [-0.9375, -0.91707, 6.29243],
							"rotation": [-60, 0, 0],
							"uv": {
								"north": {"uv": [1, 22], "uv_size": [0.5, 2.5]},
								"east": {"uv": [2, 22], "uv_size": [0.5, 2.5]},
								"south": {"uv": [3, 22], "uv_size": [0.5, 2.5]},
								"west": {"uv": [22, 4], "uv_size": [0.5, 2.5]},
								"up": {"uv": [31, 27], "uv_size": [0.5, 0.5]},
								"down": {"uv": [28, 31.5], "uv_size": [0.5, -0.5]}
							}
						},
						{
							"origin": [-1.01937, -0.42186, 5.90876],
							"size": [0.22625, 0.31414, 0.1875],
							"pivot": [-0.9375, 0.48521, 6.09626],
							"rotation": [-45, 0, 0],
							"uv": {
								"north": {"uv": [31, 28], "uv_size": [0.5, 0.5]},
								"east": {"uv": [29, 31], "uv_size": [0.5, 0.5]},
								"south": {"uv": [31, 29], "uv_size": [0.5, 0.5]},
								"west": {"uv": [30, 31], "uv_size": [0.5, 0.5]},
								"up": {"uv": [31, 30], "uv_size": [0.5, 0.5]},
								"down": {"uv": [31, 31.5], "uv_size": [0.5, -0.5]}
							}
						},
						{
							"origin": [-1.01937, -1.4087, 6.25976],
							"size": [0.22625, 0.40789, 0.3125],
							"pivot": [-0.9375, -0.37663, 6.66601],
							"rotation": [-37.5, 0, 0],
							"uv": {
								"north": {"uv": [0, 32], "uv_size": [0.5, 0.5]},
								"east": {"uv": [32, 0], "uv_size": [0.5, 0.5]},
								"south": {"uv": [1, 32], "uv_size": [0.5, 0.5]},
								"west": {"uv": [32, 1], "uv_size": [0.5, 0.5]},
								"up": {"uv": [2, 32], "uv_size": [0.5, 0.5]},
								"down": {"uv": [32, 2.5], "uv_size": [0.5, -0.5]}
							}
						},
						{
							"origin": [-1.01937, -0.1814, 6.45298],
							"size": [0.22625, 0.28289, 0.5],
							"pivot": [-0.9375, -0.03996, 6.60923],
							"rotation": [20, 0, 0],
							"uv": {
								"north": {"uv": [3, 32], "uv_size": [0.5, 0.5]},
								"east": {"uv": [32, 3], "uv_size": [0.5, 0.5]},
								"south": {"uv": [4, 32], "uv_size": [0.5, 0.5]},
								"west": {"uv": [32, 4], "uv_size": [0.5, 0.5]},
								"up": {"uv": [5, 32], "uv_size": [0.5, 0.5]},
								"down": {"uv": [32, 5.5], "uv_size": [0.5, -0.5]}
							}
						},
						{
							"origin": [0.79312, -1.40707, 5.46501],
							"size": [0.22625, 0.75164, 0.5],
							"uv": {
								"north": {"uv": [1, 28], "uv_size": [0.5, 1]},
								"east": {"uv": [28, 1], "uv_size": [0.5, 1]},
								"south": {"uv": [2, 28], "uv_size": [0.5, 1]},
								"west": {"uv": [28, 2], "uv_size": [0.5, 1]},
								"up": {"uv": [6, 32], "uv_size": [0.5, 0.5]},
								"down": {"uv": [32, 6.5], "uv_size": [0.5, -0.5]}
							}
						},
						{
							"origin": [0.79312, -1.54289, 5.79243],
							"size": [0.22625, 2.31414, 0.375],
							"pivot": [0.9375, -0.91707, 6.29243],
							"rotation": [-60, 0, 0],
							"uv": {
								"north": {"uv": [15, 22], "uv_size": [0.5, 2.5]},
								"east": {"uv": [16, 22], "uv_size": [0.5, 2.5]},
								"south": {"uv": [22, 16], "uv_size": [0.5, 2.5]},
								"west": {"uv": [19, 22], "uv_size": [0.5, 2.5]},
								"up": {"uv": [7, 32], "uv_size": [0.5, 0.5]},
								"down": {"uv": [32, 7.5], "uv_size": [0.5, -0.5]}
							}
						},
						{
							"origin": [0.79312, -1.4087, 6.25976],
							"size": [0.22625, 0.40789, 0.3125],
							"pivot": [0.9375, -0.37663, 6.66601],
							"rotation": [-37.5, 0, 0],
							"uv": {
								"north": {"uv": [8, 32], "uv_size": [0.5, 0.5]},
								"east": {"uv": [32, 8], "uv_size": [0.5, 0.5]},
								"south": {"uv": [9, 32], "uv_size": [0.5, 0.5]},
								"west": {"uv": [32, 9], "uv_size": [0.5, 0.5]},
								"up": {"uv": [10, 32], "uv_size": [0.5, 0.5]},
								"down": {"uv": [32, 10.5], "uv_size": [0.5, -0.5]}
							}
						},
						{
							"origin": [0.79312, -1.40707, 5.27751],
							"size": [0.22625, 1.44241, 0.1875],
							"uv": {
								"north": {"uv": [16, 25], "uv_size": [0.5, 1.5]},
								"east": {"uv": [21, 25], "uv_size": [0.5, 1.5]},
								"south": {"uv": [26, 2], "uv_size": [0.5, 1.5]},
								"west": {"uv": [4, 26], "uv_size": [0.5, 1.5]},
								"up": {"uv": [11, 32], "uv_size": [0.5, 0.5]},
								"down": {"uv": [32, 11.5], "uv_size": [0.5, -0.5]}
							}
						},
						{
							"origin": [0.79312, 0.03534, 5.27751],
							"size": [0.22625, 0.37173, 2.41455],
							"uv": {
								"north": {"uv": [12, 32], "uv_size": [0.5, 0.5]},
								"east": {"uv": [22, 7], "uv_size": [2.5, 0.5]},
								"south": {"uv": [32, 12], "uv_size": [0.5, 0.5]},
								"west": {"uv": [22, 8], "uv_size": [2.5, 0.5]},
								"up": {"uv": [20, 22], "uv_size": [0.5, 2.5]},
								"down": {"uv": [21, 24.5], "uv_size": [0.5, -2.5]}
							}
						},
						{
							"origin": [0.79312, -0.42186, 5.90876],
							"size": [0.22625, 0.31414, 0.1875],
							"pivot": [0.9375, 0.48521, 6.09626],
							"rotation": [-45, 0, 0],
							"uv": {
								"north": {"uv": [13, 32], "uv_size": [0.5, 0.5]},
								"east": {"uv": [32, 13], "uv_size": [0.5, 0.5]},
								"south": {"uv": [14, 32], "uv_size": [0.5, 0.5]},
								"west": {"uv": [32, 14], "uv_size": [0.5, 0.5]},
								"up": {"uv": [15, 32], "uv_size": [0.5, 0.5]},
								"down": {"uv": [32, 15.5], "uv_size": [0.5, -0.5]}
							}
						},
						{
							"origin": [0.79312, -0.1814, 6.45298],
							"size": [0.22625, 0.28289, 0.5],
							"pivot": [0.9375, -0.03996, 6.60923],
							"rotation": [20, 0, 0],
							"uv": {
								"north": {"uv": [16, 32], "uv_size": [0.5, 0.5]},
								"east": {"uv": [32, 16], "uv_size": [0.5, 0.5]},
								"south": {"uv": [17, 32], "uv_size": [0.5, 0.5]},
								"west": {"uv": [32, 17], "uv_size": [0.5, 0.5]},
								"up": {"uv": [18, 32], "uv_size": [0.5, 0.5]},
								"down": {"uv": [32, 18.5], "uv_size": [0.5, -0.5]}
							}
						}
					]
				},
				{
					"name": "bone3",
					"parent": "haenel_stock",
					"pivot": [0, 5.97039, 16.784],
					"cubes": [
						{
							"origin": [-0.15707, -3.24836, 4.30775],
							"size": [0.31414, 0.0625, 0.75],
							"pivot": [-0.1875, -3.52961, 5.214],
							"rotation": [-61.75, 0, 0],
							"uv": {
								"north": {"uv": [19, 32], "uv_size": [0.5, 0.5]},
								"east": {"uv": [32, 19], "uv_size": [0.5, 0.5]},
								"south": {"uv": [20, 32], "uv_size": [0.5, 0.5]},
								"west": {"uv": [32, 20], "uv_size": [0.5, 0.5]},
								"up": {"uv": [21, 32], "uv_size": [0.5, 0.5]},
								"down": {"uv": [32, 21.5], "uv_size": [0.5, -0.5]}
							}
						},
						{
							"origin": [-0.15707, -3.49836, 6.68275],
							"size": [0.31414, 0.3125, 0.4375],
							"pivot": [-0.1875, -3.52961, 5.214],
							"rotation": [-61.75, 0, 0],
							"uv": {
								"north": {"uv": [22, 32], "uv_size": [0.5, 0.5]},
								"east": {"uv": [32, 22], "uv_size": [0.5, 0.5]},
								"south": {"uv": [23, 32], "uv_size": [0.5, 0.5]},
								"west": {"uv": [32, 23], "uv_size": [0.5, 0.5]},
								"up": {"uv": [24, 32], "uv_size": [0.5, 0.5]},
								"down": {"uv": [32, 24.5], "uv_size": [0.5, -0.5]}
							}
						},
						{
							"origin": [-0.15707, -3.18586, 2.87025],
							"size": [0.31414, 0.15625, 4.3125],
							"inflate": 0.0001,
							"pivot": [-0.1875, -3.52961, 5.214],
							"rotation": [-61.75, 0, 0],
							"uv": {
								"north": {"uv": [25, 32], "uv_size": [0.5, 0.5]},
								"east": {"uv": [12, 11], "uv_size": [4.5, 0.5]},
								"south": {"uv": [32, 25], "uv_size": [0.5, 0.5]},
								"west": {"uv": [14, 0], "uv_size": [4.5, 0.5]},
								"up": {"uv": [7, 15], "uv_size": [0.5, 4.5]},
								"down": {"uv": [8, 19.5], "uv_size": [0.5, -4.5]}
							}
						},
						{
							"origin": [-0.15707, -3.02961, 5.12025],
							"size": [0.31414, 1.5625, 0.6875],
							"pivot": [-0.1875, -3.52961, 5.214],
							"rotation": [-61.75, 0, 0],
							"uv": {
								"north": {"uv": [26, 4], "uv_size": [0.5, 1.5]},
								"east": {"uv": [7, 26], "uv_size": [0.5, 1.5]},
								"south": {"uv": [8, 26], "uv_size": [0.5, 1.5]},
								"west": {"uv": [26, 8], "uv_size": [0.5, 1.5]},
								"up": {"uv": [26, 32], "uv_size": [0.5, 0.5]},
								"down": {"uv": [32, 26.5], "uv_size": [0.5, -0.5]}
							}
						},
						{
							"origin": [-0.15707, -3.02961, 2.99525],
							"size": [0.31414, 1.5625, 1.75],
							"pivot": [-0.1875, -3.52961, 5.214],
							"rotation": [-61.75, 0, 0],
							"uv": {
								"north": {"uv": [10, 26], "uv_size": [0.5, 1.5]},
								"east": {"uv": [14, 1], "uv_size": [1.5, 1.5]},
								"south": {"uv": [26, 10], "uv_size": [0.5, 1.5]},
								"west": {"uv": [9, 15], "uv_size": [1.5, 1.5]},
								"up": {"uv": [11, 26], "uv_size": [0.5, 1.5]},
								"down": {"uv": [12, 27.5], "uv_size": [0.5, -1.5]}
							}
						},
						{
							"origin": [-0.15707, -3.02961, 4.74525],
							"size": [0.31414, 0.3125, 0.375],
							"pivot": [-0.1875, -3.52961, 5.214],
							"rotation": [-61.75, 0, 0],
							"uv": {
								"north": {"uv": [27, 32], "uv_size": [0.5, 0.5]},
								"east": {"uv": [32, 27], "uv_size": [0.5, 0.5]},
								"south": {"uv": [28, 32], "uv_size": [0.5, 0.5]},
								"west": {"uv": [32, 28], "uv_size": [0.5, 0.5]},
								"up": {"uv": [29, 32], "uv_size": [0.5, 0.5]},
								"down": {"uv": [32, 29.5], "uv_size": [0.5, -0.5]}
							}
						},
						{
							"origin": [-0.53207, -2.90461, 2.05775],
							"size": [1.06414, 0.1875, 3.75],
							"pivot": [-0.5625, -3.52961, 5.214],
							"rotation": [-61.75, 0, 0],
							"uv": {
								"north": {"uv": [3, 28], "uv_size": [1, 0.5]},
								"east": {"uv": [17, 12], "uv_size": [3.5, 0.5]},
								"south": {"uv": [28, 3], "uv_size": [1, 0.5]},
								"west": {"uv": [17, 13], "uv_size": [3.5, 0.5]},
								"up": {"uv": [13, 0], "uv_size": [1, 3.5]},
								"down": {"uv": [4, 16.5], "uv_size": [1, -3.5]}
							}
						},
						{
							"origin": [-0.53207, -2.21711, 2.05775],
							"size": [1.06414, 0.1875, 3.75],
							"pivot": [-0.5625, -3.52961, 5.214],
							"rotation": [-61.75, 0, 0],
							"uv": {
								"north": {"uv": [4, 28], "uv_size": [1, 0.5]},
								"east": {"uv": [17, 14], "uv_size": [3.5, 0.5]},
								"south": {"uv": [28, 4], "uv_size": [1, 0.5]},
								"west": {"uv": [17, 15], "uv_size": [3.5, 0.5]},
								"up": {"uv": [5, 13], "uv_size": [1, 3.5]},
								"down": {"uv": [6, 16.5], "uv_size": [1, -3.5]}
							}
						},
						{
							"origin": [-0.15707, -3.34307, 6.19915],
							"size": [0.31414, 1.14063, 1.375],
							"inflate": -0.0001,
							"uv": {
								"north": {"uv": [5, 28], "uv_size": [0.5, 1]},
								"east": {"uv": [21, 3], "uv_size": [1.5, 1]},
								"south": {"uv": [28, 5], "uv_size": [0.5, 1]},
								"west": {"uv": [21, 9], "uv_size": [1.5, 1]},
								"up": {"uv": [26, 13], "uv_size": [0.5, 1.5]},
								"down": {"uv": [14, 27.5], "uv_size": [0.5, -1.5]}
							}
						},
						{
							"origin": [-0.15707, -2.56279, 2.01436],
							"size": [0.31414, 0.20313, 2.6875],
							"pivot": [0, -3.17216, 5.48311],
							"rotation": [-20, 0, 0],
							"uv": {
								"north": {"uv": [30, 32], "uv_size": [0.5, 0.5]},
								"east": {"uv": [22, 21], "uv_size": [2.5, 0.5]},
								"south": {"uv": [32, 30], "uv_size": [0.5, 0.5]},
								"west": {"uv": [22, 22], "uv_size": [2.5, 0.5]},
								"up": {"uv": [23, 0], "uv_size": [0.5, 2.5]},
								"down": {"uv": [23, 5.5], "uv_size": [0.5, -2.5]}
							}
						},
						{
							"origin": [-0.15707, -2.88997, 4.82152],
							"size": [0.31414, 0.32813, 0.1875],
							"inflate": -0.0001,
							"pivot": [0, -3.18684, 5.47777],
							"rotation": [-20, 0, 0],
							"uv": {
								"north": {"uv": [31, 32], "uv_size": [0.5, 0.5]},
								"east": {"uv": [32, 31], "uv_size": [0.5, 0.5]},
								"south": {"uv": [32, 32], "uv_size": [0.5, 0.5]},
								"west": {"uv": [0, 33], "uv_size": [0.5, 0.5]},
								"up": {"uv": [33, 0], "uv_size": [0.5, 0.5]},
								"down": {"uv": [1, 33.5], "uv_size": [0.5, -0.5]}
							}
						},
						{
							"origin": [-0.15707, -2.74992, 2.03188],
							"size": [0.31414, 0.18226, 1.38004],
							"pivot": [0, -3.12492, 5.50567],
							"rotation": [-20, 0, 0],
							"uv": {
								"north": {"uv": [33, 1], "uv_size": [0.5, 0.5]},
								"east": {"uv": [26, 15], "uv_size": [1.5, 0.5]},
								"south": {"uv": [2, 33], "uv_size": [0.5, 0.5]},
								"west": {"uv": [26, 16], "uv_size": [1.5, 0.5]},
								"up": {"uv": [17, 26], "uv_size": [0.5, 1.5]},
								"down": {"uv": [18, 27.5], "uv_size": [0.5, -1.5]}
							}
						},
						{
							"origin": [-0.15707, -2.48291, 4.4188],
							"size": [0.31414, 0.25, 0.25],
							"pivot": [0, -1.95166, 4.2313],
							"rotation": [47.5, 0, 0],
							"uv": {
								"north": {"uv": [33, 2], "uv_size": [0.5, 0.5]},
								"east": {"uv": [3, 33], "uv_size": [0.5, 0.5]},
								"south": {"uv": [33, 3], "uv_size": [0.5, 0.5]},
								"west": {"uv": [4, 33], "uv_size": [0.5, 0.5]},
								"up": {"uv": [33, 4], "uv_size": [0.5, 0.5]},
								"down": {"uv": [5, 33.5], "uv_size": [0.5, -0.5]}
							}
						}
					]
				},
				{
					"name": "group3",
					"parent": "haenel_stock",
					"pivot": [0.41919, 4.7343, 22.9375],
					"cubes": [
						{
							"origin": [-0.36244, 0.36244, 8.2425],
							"size": [0.72488, 0.57506, 0.625],
							"uv": {
								"north": {"uv": [33, 5], "uv_size": [0.5, 0.5]},
								"south": {"uv": [6, 33], "uv_size": [0.5, 0.5]},
								"up": {"uv": [33, 6], "uv_size": [0.5, 0.5]}
							}
						},
						{
							"origin": [-2.72676, -1.15535, 8.2425],
							"size": [0.54419, 0.81326, 0.625],
							"pivot": [0, -2.55629, 4.39875],
							"rotation": [0, 0, 45],
							"uv": {
								"north": {"uv": [6, 28], "uv_size": [0.5, 1]},
								"east": {"uv": [28, 6], "uv_size": [0.5, 1]},
								"south": {"uv": [7, 28], "uv_size": [0.5, 1]}
							}
						},
						{
							"origin": [-0.9375, -0.82506, 8.2425],
							"size": [1.875, 1.1875, 0.625],
							"uv": {
								"north": {"uv": [13, 15], "uv_size": [2, 1]},
								"east": {"uv": [28, 7], "uv_size": [0.5, 1]},
								"south": {"uv": [15, 13], "uv_size": [2, 1]},
								"west": {"uv": [8, 28], "uv_size": [0.5, 1]}
							}
						},
						{
							"origin": [-0.6875, -4.57427, 8.14414],
							"size": [1.375, 3.8125, 0.625],
							"pivot": [-0.25, -1.35552, 8.45664],
							"rotation": [-10, 0, 0],
							"uv": {
								"north": {"uv": [8, 8], "uv_size": [1.5, 4]},
								"east": {"uv": [15, 14], "uv_size": [0.5, 4]},
								"south": {"uv": [9, 0], "uv_size": [1.5, 4]},
								"west": {"uv": [11, 16], "uv_size": [0.5, 4]}
							}
						},
						{
							"origin": [-0.6875, -4.57964, 7.58047],
							"size": [0.3125, 3.82069, 0.625],
							"pivot": [-0.6875, -4.57964, 8.20547],
							"rotation": [-9.979, -0.65103, -3.69489],
							"uv": {
								"north": {"uv": [12, 16], "uv_size": [0.5, 4]},
								"east": {"uv": [13, 16], "uv_size": [0.5, 4]},
								"south": {"uv": [14, 16], "uv_size": [0.5, 4]},
								"west": {"uv": [16, 14], "uv_size": [0.5, 4]}
							}
						},
						{
							"origin": [0.375, -4.57964, 7.58047],
							"size": [0.3125, 3.82069, 0.625],
							"pivot": [0.6875, -4.57964, 8.20547],
							"rotation": [-9.979, 0.65103, 3.69489],
							"uv": {
								"north": {"uv": [17, 1], "uv_size": [0.5, 4]},
								"east": {"uv": [4, 17], "uv_size": [0.5, 4]},
								"south": {"uv": [5, 17], "uv_size": [0.5, 4]},
								"west": {"uv": [6, 17], "uv_size": [0.5, 4]}
							}
						},
						{
							"origin": [-0.6875, -5.5499, 7.58047],
							"size": [0.25, 0.97026, 0.625],
							"pivot": [-0.6875, -4.57964, 8.20547],
							"rotation": [-9.66883, -2.56442, -14.71449],
							"uv": {
								"north": {"uv": [28, 8], "uv_size": [0.5, 1]},
								"east": {"uv": [9, 28], "uv_size": [0.5, 1]},
								"south": {"uv": [28, 9], "uv_size": [0.5, 1]},
								"west": {"uv": [10, 28], "uv_size": [0.5, 1]}
							}
						},
						{
							"origin": [0.4375, -5.5499, 7.58047],
							"size": [0.25, 0.97026, 0.625],
							"pivot": [0.6875, -4.57964, 8.20547],
							"rotation": [-9.66883, 2.56442, 14.71449],
							"uv": {
								"north": {"uv": [28, 10], "uv_size": [0.5, 1]},
								"east": {"uv": [11, 28], "uv_size": [0.5, 1]},
								"south": {"uv": [28, 11], "uv_size": [0.5, 1]},
								"west": {"uv": [12, 28], "uv_size": [0.5, 1]}
							}
						},
						{
							"origin": [-0.4375, -5.50575, 7.45023],
							"size": [0.875, 0.9375, 0.625],
							"pivot": [-0.4375, -5.31825, 8.07523],
							"rotation": [-10, 0, 0],
							"uv": {
								"north": {"uv": [17, 23], "uv_size": [1, 1]},
								"east": {"uv": [28, 12], "uv_size": [0.5, 1]},
								"south": {"uv": [23, 18], "uv_size": [1, 1]},
								"west": {"uv": [13, 28], "uv_size": [0.5, 1]},
								"down": {"uv": [28, 13.5], "uv_size": [1, -0.5]}
							}
						},
						{
							"origin": [2.18257, -1.15535, 8.2425],
							"size": [0.54419, 0.81326, 0.625],
							"pivot": [0, -2.55629, 4.39875],
							"rotation": [0, 0, -45],
							"uv": {
								"north": {"uv": [14, 28], "uv_size": [0.5, 1]},
								"south": {"uv": [28, 14], "uv_size": [0.5, 1]},
								"west": {"uv": [15, 28], "uv_size": [0.5, 1]}
							}
						}
					]
				},
				{
					"name": "group4",
					"parent": "haenel_stock",
					"pivot": [0, 7.72524, 18.61695],
					"cubes": [
						{
							"origin": [-0.89115, -0.84361, 7.74589],
							"size": [1.78238, 1.12884, 0.59412],
							"uv": {
								"north": {"uv": [17, 5], "uv_size": [2, 1]},
								"east": {"uv": [28, 15], "uv_size": [0.5, 1]},
								"south": {"uv": [17, 6], "uv_size": [2, 1]},
								"west": {"uv": [16, 28], "uv_size": [0.5, 1]}
							}
						},
						{
							"origin": [-0.6535, -4.40762, 7.65239],
							"size": [1.30708, 3.62416, 0.59412],
							"pivot": [-0.23761, -1.34787, 7.94945],
							"rotation": [-10, 0, 0],
							"uv": {
								"north": {"uv": [10, 8], "uv_size": [1.5, 3.5]},
								"east": {"uv": [17, 16], "uv_size": [0.5, 3.5]},
								"south": {"uv": [11, 0], "uv_size": [1.5, 3.5]},
								"west": {"uv": [18, 1], "uv_size": [0.5, 3.5]}
							}
						},
						{
							"origin": [-0.6535, -4.41272, 7.11656],
							"size": [0.29706, 3.63195, 0.59412],
							"pivot": [-0.6535, -4.41272, 7.71068],
							"rotation": [-9.979, -0.65103, -3.69489],
							"uv": {
								"north": {"uv": [15, 18], "uv_size": [0.5, 3.5]},
								"east": {"uv": [16, 18], "uv_size": [0.5, 3.5]},
								"south": {"uv": [18, 16], "uv_size": [0.5, 3.5]},
								"west": {"uv": [19, 0], "uv_size": [0.5, 3.5]}
							}
						},
						{
							"origin": [0.35651, -4.41272, 7.11656],
							"size": [0.29706, 3.63195, 0.59412],
							"pivot": [0.65357, -4.41272, 7.71068],
							"rotation": [-9.979, 0.65103, 3.69489],
							"uv": {
								"north": {"uv": [19, 16], "uv_size": [0.5, 3.5]},
								"east": {"uv": [20, 0], "uv_size": [0.5, 3.5]},
								"south": {"uv": [7, 20], "uv_size": [0.5, 3.5]},
								"west": {"uv": [8, 20], "uv_size": [0.5, 3.5]}
							}
						},
						{
							"origin": [0.41592, -5.2924, 7.12558],
							"size": [0.23765, 0.98285, 0.59413],
							"pivot": [0.65357, -4.30955, 7.12558],
							"rotation": [-9.709, 2.40641, 13.78818],
							"uv": {
								"north": {"uv": [28, 16], "uv_size": [0.5, 1]},
								"east": {"uv": [17, 28], "uv_size": [0.5, 1]},
								"south": {"uv": [28, 17], "uv_size": [0.5, 1]},
								"west": {"uv": [18, 28], "uv_size": [0.5, 1]}
							}
						},
						{
							"origin": [-0.65357, -5.2924, 7.12558],
							"size": [0.23765, 0.98285, 0.59413],
							"pivot": [-0.65357, -4.30955, 7.12558],
							"rotation": [-9.709, -2.40641, -13.78818],
							"uv": {
								"north": {"uv": [28, 18], "uv_size": [0.5, 1]},
								"east": {"uv": [19, 28], "uv_size": [0.5, 1]},
								"south": {"uv": [28, 19], "uv_size": [0.5, 1]},
								"west": {"uv": [20, 28], "uv_size": [0.5, 1]}
							}
						},
						{
							"origin": [-0.41585, -5.35557, 6.99275],
							"size": [0.83178, 0.95369, 0.59413],
							"pivot": [-0.41585, -5.11484, 7.58688],
							"rotation": [-10, 0, 0],
							"uv": {
								"north": {"uv": [23, 19], "uv_size": [1, 1]},
								"east": {"uv": [28, 20], "uv_size": [0.5, 1]},
								"south": {"uv": [22, 23], "uv_size": [1, 1]},
								"west": {"uv": [21, 28], "uv_size": [0.5, 1]},
								"down": {"uv": [28, 21.5], "uv_size": [1, -0.5]}
							}
						},
						{
							"origin": [2.07479, -1.15759, 7.74589],
							"size": [0.51731, 0.08558, 0.59412],
							"pivot": [0.00004, -2.48932, 4.09202],
							"rotation": [0, 0, -45],
							"uv": {
								"north": {"uv": [7, 33], "uv_size": [0.5, 0.5]},
								"south": {"uv": [33, 7], "uv_size": [0.5, 0.5]},
								"west": {"uv": [8, 33], "uv_size": [0.5, 0.5]}
							}
						},
						{
							"origin": [-2.59209, -1.15759, 7.74589],
							"size": [0.51731, 0.08558, 0.59412],
							"pivot": [-0.00004, -2.48932, 4.09202],
							"rotation": [0, 0, 45],
							"uv": {
								"north": {"uv": [33, 8], "uv_size": [0.5, 0.5]},
								"east": {"uv": [9, 33], "uv_size": [0.5, 0.5]},
								"south": {"uv": [33, 9], "uv_size": [0.5, 0.5]}
							}
						}
					]
				},
				{
					"name": "bone4",
					"parent": "haenel_stock",
					"pivot": [0.02392, 7.875, 14.62024],
					"rotation": [0, 22.5, 0],
					"cubes": [
						{
							"origin": [4.32993, -2.04209, 3.63729],
							"size": [0.24328, 0.83418, 0.58732],
							"uv": {
								"north": {"uv": [22, 28], "uv_size": [0.5, 1]},
								"east": {"uv": [28, 22], "uv_size": [0.5, 1]},
								"south": {"uv": [23, 28], "uv_size": [0.5, 1]},
								"west": {"uv": [28, 23], "uv_size": [0.5, 1]},
								"up": {"uv": [10, 33], "uv_size": [0.5, 0.5]},
								"down": {"uv": [33, 10.5], "uv_size": [0.5, -0.5]}
							}
						},
						{
							"origin": [4.32993, -2.04209, 3.63729],
							"size": [0.24328, 0.83418, 0.58732],
							"pivot": [4.45157, -1.71169, 3.93095],
							"rotation": [0, -45, 0],
							"uv": {
								"north": {"uv": [24, 28], "uv_size": [0.5, 1]},
								"east": {"uv": [28, 24], "uv_size": [0.5, 1]},
								"south": {"uv": [25, 28], "uv_size": [0.5, 1]},
								"west": {"uv": [28, 25], "uv_size": [0.5, 1]},
								"up": {"uv": [11, 33], "uv_size": [0.5, 0.5]},
								"down": {"uv": [33, 11.5], "uv_size": [0.5, -0.5]}
							}
						},
						{
							"origin": [4.32993, -2.04209, 3.63729],
							"size": [0.24328, 0.83418, 0.58732],
							"pivot": [4.45157, -1.71169, 3.93095],
							"rotation": [0, -90, 0],
							"uv": {
								"north": {"uv": [26, 28], "uv_size": [0.5, 1]},
								"east": {"uv": [28, 26], "uv_size": [0.5, 1]},
								"south": {"uv": [27, 28], "uv_size": [0.5, 1]},
								"west": {"uv": [28, 27], "uv_size": [0.5, 1]},
								"up": {"uv": [12, 33], "uv_size": [0.5, 0.5]},
								"down": {"uv": [33, 12.5], "uv_size": [0.5, -0.5]}
							}
						},
						{
							"origin": [4.32993, -2.04209, 3.63729],
							"size": [0.24328, 0.83418, 0.58732],
							"pivot": [4.45157, -1.71169, 3.93095],
							"rotation": [-180, -45, 180],
							"uv": {
								"north": {"uv": [28, 28], "uv_size": [0.5, 1]},
								"east": {"uv": [0, 29], "uv_size": [0.5, 1]},
								"south": {"uv": [29, 0], "uv_size": [0.5, 1]},
								"west": {"uv": [1, 29], "uv_size": [0.5, 1]},
								"up": {"uv": [13, 33], "uv_size": [0.5, 0.5]},
								"down": {"uv": [33, 13.5], "uv_size": [0.5, -0.5]}
							}
						}
					]
				},
				{
					"name": "bone5",
					"parent": "haenel_stock",
					"pivot": [-0.25, 7.625, 18.5625],
					"rotation": [0, 0, 90],
					"cubes": [
						{
							"origin": [9.03, 7.405, 7.23605],
							"size": [0.44, 0.94, 0.1375],
							"uv": {
								"north": {"uv": [29, 1], "uv_size": [0.5, 1]},
								"east": {"uv": [2, 29], "uv_size": [0.5, 1]},
								"south": {"uv": [29, 2], "uv_size": [0.5, 1]},
								"west": {"uv": [3, 29], "uv_size": [0.5, 1]},
								"up": {"uv": [14, 33], "uv_size": [0.5, 0.5]},
								"down": {"uv": [33, 14.5], "uv_size": [0.5, -0.5]}
							}
						},
						{
							"origin": [9.03, 7.405, 7.23605],
							"size": [0.44, 0.94, 0.1375],
							"pivot": [9.25, 7.875, 6.9925],
							"rotation": [0, -60, 0],
							"uv": {
								"north": {"uv": [29, 3], "uv_size": [0.5, 1]},
								"east": {"uv": [4, 29], "uv_size": [0.5, 1]},
								"south": {"uv": [29, 4], "uv_size": [0.5, 1]},
								"west": {"uv": [5, 29], "uv_size": [0.5, 1]},
								"up": {"uv": [15, 33], "uv_size": [0.5, 0.5]},
								"down": {"uv": [33, 15.5], "uv_size": [0.5, -0.5]}
							}
						},
						{
							"origin": [9.03, 7.405, 7.23605],
							"size": [0.44, 0.94, 0.1375],
							"pivot": [9.25, 7.875, 6.9925],
							"rotation": [-180, -60, 180],
							"uv": {
								"north": {"uv": [29, 5], "uv_size": [0.5, 1]},
								"east": {"uv": [6, 29], "uv_size": [0.5, 1]},
								"south": {"uv": [29, 6], "uv_size": [0.5, 1]},
								"west": {"uv": [7, 29], "uv_size": [0.5, 1]},
								"up": {"uv": [16, 33], "uv_size": [0.5, 0.5]},
								"down": {"uv": [33, 16.5], "uv_size": [0.5, -0.5]}
							}
						},
						{
							"origin": [9.03, 7.405, 7.23605],
							"size": [0.44, 0.94, 0.1375],
							"pivot": [9.25, 7.875, 6.9925],
							"rotation": [-180, 0, 180],
							"uv": {
								"north": {"uv": [29, 7], "uv_size": [0.5, 1]},
								"east": {"uv": [8, 29], "uv_size": [0.5, 1]},
								"south": {"uv": [29, 8], "uv_size": [0.5, 1]},
								"west": {"uv": [9, 29], "uv_size": [0.5, 1]},
								"up": {"uv": [17, 33], "uv_size": [0.5, 0.5]},
								"down": {"uv": [33, 17.5], "uv_size": [0.5, -0.5]}
							}
						},
						{
							"origin": [9.03, 7.405, 7.23605],
							"size": [0.44, 0.94, 0.1375],
							"pivot": [9.25, 7.875, 6.9925],
							"rotation": [180, 60, 180],
							"uv": {
								"north": {"uv": [29, 9], "uv_size": [0.5, 1]},
								"east": {"uv": [10, 29], "uv_size": [0.5, 1]},
								"south": {"uv": [29, 10], "uv_size": [0.5, 1]},
								"west": {"uv": [11, 29], "uv_size": [0.5, 1]},
								"up": {"uv": [18, 33], "uv_size": [0.5, 0.5]},
								"down": {"uv": [33, 18.5], "uv_size": [0.5, -0.5]}
							}
						},
						{
							"origin": [9.03, 7.405, 7.23605],
							"size": [0.44, 0.94, 0.1375],
							"pivot": [9.25, 7.875, 6.9925],
							"rotation": [0, 60, 0],
							"uv": {
								"north": {"uv": [29, 11], "uv_size": [0.5, 1]},
								"east": {"uv": [12, 29], "uv_size": [0.5, 1]},
								"south": {"uv": [29, 12], "uv_size": [0.5, 1]},
								"west": {"uv": [13, 29], "uv_size": [0.5, 1]},
								"up": {"uv": [19, 33], "uv_size": [0.5, 0.5]},
								"down": {"uv": [33, 19.5], "uv_size": [0.5, -0.5]}
							}
						}
					]
				}
			]
		}
	]
}