{
	"format_version": "1.12.0",
	"minecraft:geometry": [
		{
			"description": {
				"identifier": "geometry.unknown",
				"texture_width": 32,
				"texture_height": 32,
				"visible_bounds_width": 4,
				"visible_bounds_height": 2.5,
				"visible_bounds_offset": [0, 0.75, 0]
			},
			"bones": [
				{
					"name": "stock",
					"pivot": [0, 0, 0],
					"cubes": [
						{
							"origin": [-0.27623, -0.66696, -0.002],
							"size": [0.55245, 1.33375, 0],
							"pivot": [0, -0.00008, -0.002],
							"rotation": [0, 0, 45],
							"uv": {
								"south": {"uv": [13, 18], "uv_size": [0.5, 1.5]}
							}
						},
						{
							"origin": [-0.27623, -1.04196, -0.002],
							"size": [0.55245, 1.70875, 0],
							"uv": {
								"south": {"uv": [18, 13], "uv_size": [0.5, 1.5]}
							}
						},
						{
							"origin": [-0.66687, -0.27631, -0.002],
							"size": [1.33375, 0.55245, 0],
							"pivot": [0, -0.00008, -0.002],
							"rotation": [0, 0, 45],
							"uv": {
								"south": {"uv": [18, 11], "uv_size": [1.5, 0.5]}
							}
						},
						{
							"origin": [-0.66687, -0.27631, -0.002],
							"size": [1.33375, 0.55245, 0],
							"uv": {
								"south": {"uv": [14, 18], "uv_size": [1.5, 0.5]}
							}
						},
						{
							"origin": [-1.125, -0.36244, 6],
							"size": [2.25, 0.47487, 2],
							"uv": {
								"north": {"uv": [10, 15], "uv_size": [2.5, 0.5]},
								"east": {"uv": [11, 16], "uv_size": [2, 0.5]},
								"south": {"uv": [15, 10], "uv_size": [2.5, 0.5]},
								"west": {"uv": [17, 4], "uv_size": [2, 0.5]},
								"down": {"uv": [4, 4], "uv_size": [2.5, -2]}
							}
						},
						{
							"origin": [-1.125, -0.36244, 5],
							"size": [2.25, 0.47487, 1],
							"uv": {
								"north": {"uv": [5, 16], "uv_size": [2.5, 0.5]},
								"east": {"uv": [21, 10], "uv_size": [1, 0.5]},
								"south": {"uv": [8, 16], "uv_size": [2.5, 0.5]},
								"west": {"uv": [11, 21], "uv_size": [1, 0.5]},
								"down": {"uv": [11, 7], "uv_size": [2.5, -1]}
							}
						},
						{
							"origin": [-1.125, -0.36244, 0],
							"size": [2.25, 0.47487, 1],
							"uv": {
								"north": {"uv": [16, 8], "uv_size": [2.5, 0.5]},
								"east": {"uv": [21, 12], "uv_size": [1, 0.5]},
								"south": {"uv": [16, 12], "uv_size": [2.5, 0.5]},
								"west": {"uv": [13, 21], "uv_size": [1, 0.5]},
								"down": {"uv": [11, 8], "uv_size": [2.5, -1]}
							}
						},
						{
							"origin": [-1.125, -0.36244, 2],
							"size": [2.25, 0.25, 2],
							"uv": {
								"north": {"uv": [14, 16], "uv_size": [2.5, 0.5]},
								"east": {"uv": [18, 3], "uv_size": [2, 0.5]},
								"south": {"uv": [1, 17], "uv_size": [2.5, 0.5]},
								"west": {"uv": [5, 18], "uv_size": [2, 0.5]},
								"down": {"uv": [4, 6], "uv_size": [2.5, -2]}
							}
						},
						{
							"origin": [-1.0625, -0.29994, 1],
							"size": [2.125, 0.1875, 4],
							"uv": {
								"east": {"uv": [12, 0], "uv_size": [4, 0.5]},
								"west": {"uv": [12, 1], "uv_size": [4, 0.5]},
								"down": {"uv": [1, 8], "uv_size": [2, -4]}
							}
						},
						{
							"origin": [-1.125, -0.11244, 1],
							"size": [2.25, 0.22487, 4],
							"uv": {
								"north": {"uv": [17, 2], "uv_size": [2.5, 0.5]},
								"east": {"uv": [11, 9], "uv_size": [4, 0.5]},
								"south": {"uv": [4, 17], "uv_size": [2.5, 0.5]},
								"west": {"uv": [11, 10], "uv_size": [4, 0.5]},
								"down": {"uv": [0, 4], "uv_size": [2.5, -4]}
							}
						},
						{
							"origin": [-1.0625, -0.54994, 5.25],
							"size": [2.125, 0.5, 0.75],
							"pivot": [0, -0.73744, 5.625],
							"rotation": [-45, 0, 0],
							"uv": {
								"east": {"uv": [21, 11], "uv_size": [1, 0.5]},
								"south": {"uv": [3, 18], "uv_size": [2, 0.5]},
								"west": {"uv": [12, 21], "uv_size": [1, 0.5]},
								"down": {"uv": [11, 9], "uv_size": [2, -1]}
							}
						},
						{
							"origin": [0.98406, -3.72746, 6.5],
							"size": [0.25, 3.47487, 1],
							"pivot": [-0.01594, -0.49003, 7],
							"rotation": [0, 0, 5],
							"uv": {
								"north": {"uv": [0, 12], "uv_size": [0.5, 3.5]},
								"south": {"uv": [7, 12], "uv_size": [0.5, 3.5]},
								"west": {"uv": [6, 9], "uv_size": [1, 3.5]}
							}
						},
						{
							"origin": [-0.4948, -4.07669, 6.5],
							"size": [0.25, 0.84987, 1],
							"pivot": [-0.3698, -4.96425, 7],
							"rotation": [0, 0, 45],
							"uv": {
								"north": {"uv": [21, 3], "uv_size": [0.5, 1]},
								"south": {"uv": [4, 21], "uv_size": [0.5, 1]},
								"west": {"uv": [1, 18], "uv_size": [1, 1]}
							}
						},
						{
							"origin": [-1.51624, -3.25499, 6.5],
							"size": [0.25, 0.69239, 1],
							"pivot": [-1.39124, -4.30004, 7],
							"rotation": [0, 0, 90],
							"uv": {
								"north": {"uv": [11, 23], "uv_size": [0.5, 0.5]},
								"south": {"uv": [23, 11], "uv_size": [0.5, 0.5]},
								"west": {"uv": [21, 7], "uv_size": [1, 0.5]}
							}
						},
						{
							"origin": [0.2448, -4.07669, 6.5],
							"size": [0.25, 0.84987, 1],
							"pivot": [0.3698, -4.96425, 7],
							"rotation": [0, 0, -45],
							"uv": {
								"north": {"uv": [21, 6], "uv_size": [0.5, 1]},
								"east": {"uv": [2, 18], "uv_size": [1, 1]},
								"south": {"uv": [7, 21], "uv_size": [0.5, 1]}
							}
						},
						{
							"origin": [-1.23406, -3.72746, 6.5],
							"size": [0.25, 0.375, 1],
							"pivot": [0.01594, -0.49003, 7],
							"rotation": [0, 0, -5],
							"uv": {
								"north": {"uv": [10, 23], "uv_size": [0.5, 0.5]},
								"east": {"uv": [21, 5], "uv_size": [1, 0.5]},
								"south": {"uv": [23, 10], "uv_size": [0.5, 0.5]},
								"up": {"uv": [6, 21], "uv_size": [0.5, 1]}
							}
						},
						{
							"origin": [-0.91654, -3.60429, 6.5],
							"size": [0.125, 0.125, 1],
							"pivot": [-0.91654, -3.66679, 7],
							"rotation": [0, 0, -50],
							"uv": {
								"north": {"uv": [21, 23], "uv_size": [0.5, 0.5]},
								"east": {"uv": [21, 9], "uv_size": [1, 0.5]},
								"south": {"uv": [23, 21], "uv_size": [0.5, 0.5]},
								"up": {"uv": [10, 21], "uv_size": [0.5, 1]}
							}
						},
						{
							"origin": [-1.23406, -2.91496, 6.5],
							"size": [0.25, 2.66237, 1],
							"pivot": [0.01594, -0.49003, 7],
							"rotation": [0, 0, -5],
							"uv": {
								"north": {"uv": [13, 15], "uv_size": [0.5, 2.5]},
								"east": {"uv": [2, 11], "uv_size": [1, 2.5]},
								"south": {"uv": [0, 16], "uv_size": [0.5, 2.5]},
								"down": {"uv": [8, 22], "uv_size": [0.5, -1]}
							}
						},
						{
							"origin": [-0.25804, -3.24577, 6.5],
							"size": [0.125, 0.125, 1],
							"pivot": [-0.25804, -1.91458, 7],
							"rotation": [0, 0, 40],
							"uv": {
								"north": {"uv": [16, 23], "uv_size": [0.5, 0.5]},
								"east": {"uv": [21, 8], "uv_size": [1, 0.5]},
								"south": {"uv": [23, 16], "uv_size": [0.5, 0.5]},
								"down": {"uv": [9, 22], "uv_size": [0.5, -1]}
							}
						},
						{
							"origin": [-1.23406, -3.37759, 6.25],
							"size": [0.125, 0.5, 0.125],
							"pivot": [0.01594, -0.49003, 7],
							"rotation": [0, 0, -5],
							"uv": {
								"north": {"uv": [12, 23], "uv_size": [0.5, 0.5]},
								"east": {"uv": [23, 12], "uv_size": [0.5, 0.5]},
								"south": {"uv": [13, 23], "uv_size": [0.5, 0.5]},
								"down": {"uv": [23, 13.5], "uv_size": [0.5, -0.5]}
							}
						},
						{
							"origin": [-1.23406, -3.37759, 7.625],
							"size": [0.125, 0.5, 0.125],
							"pivot": [0.01594, -0.49003, 7],
							"rotation": [0, 0, -5],
							"uv": {
								"north": {"uv": [14, 23], "uv_size": [0.5, 0.5]},
								"east": {"uv": [23, 14], "uv_size": [0.5, 0.5]},
								"south": {"uv": [15, 23], "uv_size": [0.5, 0.5]},
								"west": {"uv": [23, 15], "uv_size": [0.5, 0.5]}
							}
						},
						{
							"origin": [-1.23406, -2.87759, 6.375],
							"size": [0.125, 0.125, 1.25],
							"pivot": [0.01594, -0.49003, 7],
							"rotation": [0, 0, -5],
							"uv": {
								"east": {"uv": [19, 5], "uv_size": [1.5, 0.5]},
								"up": {"uv": [19, 6], "uv_size": [0.5, 1.5]},
								"down": {"uv": [7, 20.5], "uv_size": [0.5, -1.5]}
							}
						},
						{
							"origin": [-1.05612, -2.63827, 7.71209],
							"size": [0.125, 0.125, 0.17678],
							"pivot": [-0.99362, -2.57577, 7.26386],
							"rotation": [-45, 0, -5],
							"uv": {
								"east": {"uv": [17, 23], "uv_size": [0.5, 0.5]},
								"west": {"uv": [23, 17], "uv_size": [0.5, 0.5]},
								"up": {"uv": [18, 23], "uv_size": [0.5, 0.5]},
								"down": {"uv": [23, 18.5], "uv_size": [0.5, -0.5]}
							}
						},
						{
							"origin": [-1.05612, -2.63827, 6.11114],
							"size": [0.125, 0.125, 0.17678],
							"pivot": [-0.99362, -2.57577, 6.73614],
							"rotation": [45, 0, -5],
							"uv": {
								"east": {"uv": [19, 23], "uv_size": [0.5, 0.5]},
								"west": {"uv": [23, 19], "uv_size": [0.5, 0.5]},
								"up": {"uv": [20, 23], "uv_size": [0.5, 0.5]},
								"down": {"uv": [23, 20.5], "uv_size": [0.5, -0.5]}
							}
						},
						{
							"origin": [-1.23406, -3.50259, 6.375],
							"size": [0.125, 0.125, 1.25],
							"pivot": [0.01594, -0.49003, 7],
							"rotation": [0, 0, -5],
							"uv": {
								"east": {"uv": [8, 19], "uv_size": [1.5, 0.5]},
								"up": {"uv": [10, 19], "uv_size": [0.5, 1.5]},
								"down": {"uv": [11, 20.5], "uv_size": [0.5, -1.5]}
							}
						},
						{
							"origin": [-0.94321, -3.92883, 7.71209],
							"size": [0.125, 0.125, 0.17678],
							"pivot": [-0.88071, -3.86633, 7.26386],
							"rotation": [45, 0, -5],
							"uv": {
								"east": {"uv": [22, 23], "uv_size": [0.5, 0.5]},
								"west": {"uv": [23, 22], "uv_size": [0.5, 0.5]},
								"up": {"uv": [23, 23], "uv_size": [0.5, 0.5]},
								"down": {"uv": [0, 24.5], "uv_size": [0.5, -0.5]}
							}
						},
						{
							"origin": [-0.94321, -3.92883, 6.11114],
							"size": [0.125, 0.125, 0.17678],
							"pivot": [-0.88071, -3.86633, 6.73614],
							"rotation": [-45, 0, -5],
							"uv": {
								"east": {"uv": [24, 0], "uv_size": [0.5, 0.5]},
								"west": {"uv": [1, 24], "uv_size": [0.5, 0.5]},
								"up": {"uv": [24, 1], "uv_size": [0.5, 0.5]},
								"down": {"uv": [2, 24.5], "uv_size": [0.5, -0.5]}
							}
						},
						{
							"origin": [-1.25, -0.36244, 6.5],
							"size": [2.5, 0.47487, 1],
							"uv": {
								"north": {"uv": [16, 0], "uv_size": [2.5, 0.5]},
								"east": {"uv": [21, 4], "uv_size": [1, 0.5]},
								"south": {"uv": [16, 1], "uv_size": [2.5, 0.5]},
								"west": {"uv": [5, 21], "uv_size": [1, 0.5]}
							}
						},
						{
							"origin": [-1.02797, -0.84729, 6],
							"size": [0.75, 0.5, 2],
							"pivot": [-0.90297, -1.466, 6.99682],
							"rotation": [0, 0, -5],
							"uv": {
								"north": {"uv": [14, 19], "uv_size": [1, 0.5]},
								"east": {"uv": [17, 5], "uv_size": [2, 0.5]},
								"south": {"uv": [19, 14], "uv_size": [1, 0.5]},
								"west": {"uv": [17, 6], "uv_size": [2, 0.5]}
							}
						},
						{
							"origin": [-1.027, -2.38308, 4.73719],
							"size": [0.25, 0.5, 3],
							"pivot": [-0.90297, -1.466, 6.99682],
							"rotation": [82.75, 0, -5],
							"uv": {
								"east": {"uv": [8, 13], "uv_size": [3, 0.5]},
								"west": {"uv": [13, 8], "uv_size": [3, 0.5]},
								"down": {"uv": [6, 16], "uv_size": [0.5, -3]}
							}
						},
						{
							"origin": [-1.027, -2.37999, 6.26123],
							"size": [0.25, 0.5, 3],
							"pivot": [-0.90297, -1.466, 6.99682],
							"rotation": [-83, 0, -5],
							"uv": {
								"east": {"uv": [11, 13], "uv_size": [3, 0.5]},
								"west": {"uv": [13, 12], "uv_size": [3, 0.5]},
								"down": {"uv": [1, 17], "uv_size": [0.5, -3]}
							}
						},
						{
							"origin": [-1.02797, -3.82216, 6.375],
							"size": [0.25, 2.97487, 1.25],
							"pivot": [-0.90297, -1.466, 6.99682],
							"rotation": [0, 0, -5],
							"uv": {
								"east": {"uv": [4, 6], "uv_size": [1.5, 3]},
								"west": {"uv": [6, 6], "uv_size": [1.5, 3]}
							}
						},
						{
							"origin": [0.777, -2.37999, 6.26123],
							"size": [0.25, 0.5, 3],
							"pivot": [0.90297, -1.466, 6.99682],
							"rotation": [-83, 0, 5],
							"uv": {
								"east": {"uv": [8, 14], "uv_size": [3, 0.5]},
								"west": {"uv": [11, 14], "uv_size": [3, 0.5]},
								"down": {"uv": [14, 16], "uv_size": [0.5, -3]}
							}
						},
						{
							"origin": [0.77797, -3.82216, 6.375],
							"size": [0.25, 2.97487, 1.25],
							"pivot": [0.90297, -1.466, 6.99682],
							"rotation": [0, 0, 5],
							"uv": {
								"east": {"uv": [7, 2], "uv_size": [1.5, 3]},
								"west": {"uv": [1, 8], "uv_size": [1.5, 3]}
							}
						},
						{
							"origin": [-0.32214, -4.32409, 6.375],
							"size": [0.64429, 0.25, 1.25],
							"uv": {
								"north": {"uv": [18, 21], "uv_size": [0.5, 0.5]},
								"south": {"uv": [21, 18], "uv_size": [0.5, 0.5]},
								"up": {"uv": [18, 15], "uv_size": [0.5, 1.5]},
								"down": {"uv": [16, 19.5], "uv_size": [0.5, -1.5]}
							}
						},
						{
							"origin": [0.1062, -4.05275, 6.375],
							"size": [0.70711, 0.25, 1.25],
							"pivot": [0.54171, -3.92775, 7],
							"rotation": [0, 0, -45],
							"uv": {
								"north": {"uv": [19, 21], "uv_size": [0.5, 0.5]},
								"south": {"uv": [21, 19], "uv_size": [0.5, 0.5]},
								"up": {"uv": [17, 18], "uv_size": [0.5, 1.5]},
								"down": {"uv": [18, 18.5], "uv_size": [0.5, -1.5]}
							}
						},
						{
							"origin": [-0.8133, -4.05275, 6.375],
							"size": [0.70711, 0.25, 1.25],
							"pivot": [-0.54171, -3.92775, 7],
							"rotation": [0, 0, 45],
							"uv": {
								"north": {"uv": [20, 21], "uv_size": [0.5, 0.5]},
								"south": {"uv": [21, 20], "uv_size": [0.5, 0.5]},
								"up": {"uv": [0, 19], "uv_size": [0.5, 1.5]},
								"down": {"uv": [19, 1.5], "uv_size": [0.5, -1.5]}
							}
						},
						{
							"origin": [0.777, -2.38308, 4.73719],
							"size": [0.25, 0.5, 3],
							"pivot": [0.90297, -1.466, 6.99682],
							"rotation": [82.75, 0, 5],
							"uv": {
								"east": {"uv": [14, 6], "uv_size": [3, 0.5]},
								"west": {"uv": [14, 7], "uv_size": [3, 0.5]},
								"down": {"uv": [2, 17], "uv_size": [0.5, -3]}
							}
						},
						{
							"origin": [0.277, -2.38308, 6.98719],
							"size": [0.5, 0.5, 0.75],
							"pivot": [0.90297, -1.466, 6.99682],
							"rotation": [82.75, 0, 5],
							"uv": {
								"north": {"uv": [21, 21], "uv_size": [0.5, 0.5]},
								"east": {"uv": [19, 16], "uv_size": [1, 0.5]},
								"west": {"uv": [19, 17], "uv_size": [1, 0.5]},
								"up": {"uv": [18, 19], "uv_size": [0.5, 1]},
								"down": {"uv": [19, 19], "uv_size": [0.5, -1]}
							}
						},
						{
							"origin": [0.72798, -2.24894, 7.34425],
							"size": [0.25, 0.5, 0.5],
							"pivot": [0.22798, -1.99894, 7.59425],
							"rotation": [84.85977, -5.11966, -39.77004],
							"uv": {
								"east": {"uv": [22, 2], "uv_size": [0.5, 0.5]},
								"up": {"uv": [3, 22], "uv_size": [0.5, 0.5]},
								"down": {"uv": [22, 3.5], "uv_size": [0.5, -0.5]}
							}
						},
						{
							"origin": [-0.97798, -2.24894, 7.34425],
							"size": [0.25, 0.5, 0.5],
							"pivot": [-0.22798, -1.99894, 7.59425],
							"rotation": [84.85977, 5.11966, 39.77004],
							"uv": {
								"west": {"uv": [4, 22], "uv_size": [0.5, 0.5]},
								"up": {"uv": [22, 4], "uv_size": [0.5, 0.5]},
								"down": {"uv": [5, 22.5], "uv_size": [0.5, -0.5]}
							}
						},
						{
							"origin": [-0.5, -2.38308, 7.03407],
							"size": [1, 0.5, 0.70313],
							"pivot": [0.37597, -1.466, 6.99682],
							"rotation": [82.75, 0, 0],
							"uv": {
								"north": {"uv": [2, 20], "uv_size": [1, 0.5]},
								"east": {"uv": [22, 1], "uv_size": [0.5, 0.5]},
								"west": {"uv": [2, 22], "uv_size": [0.5, 0.5]},
								"up": {"uv": [20, 2], "uv_size": [1, 0.5]},
								"down": {"uv": [3, 20.5], "uv_size": [1, -0.5]}
							}
						},
						{
							"origin": [-0.777, -2.38308, 6.98719],
							"size": [0.5, 0.5, 0.75],
							"pivot": [-0.90297, -1.466, 6.99682],
							"rotation": [82.75, 0, -5],
							"uv": {
								"north": {"uv": [0, 22], "uv_size": [0.5, 0.5]},
								"east": {"uv": [19, 19], "uv_size": [1, 0.5]},
								"west": {"uv": [20, 0], "uv_size": [1, 0.5]},
								"up": {"uv": [1, 20], "uv_size": [0.5, 1]},
								"down": {"uv": [20, 2], "uv_size": [0.5, -1]}
							}
						},
						{
							"origin": [-0.97798, -2.24894, 6.15575],
							"size": [0.25, 0.5, 0.5],
							"pivot": [-0.22798, -1.99894, 6.40575],
							"rotation": [-84.85977, -5.11966, 39.77004],
							"uv": {
								"west": {"uv": [9, 22], "uv_size": [0.5, 0.5]},
								"up": {"uv": [22, 9], "uv_size": [0.5, 0.5]},
								"down": {"uv": [10, 22.5], "uv_size": [0.5, -0.5]}
							}
						},
						{
							"origin": [-0.5, -2.38308, 6.26281],
							"size": [1, 0.5, 0.70313],
							"pivot": [0.37597, -1.466, 7.00318],
							"rotation": [-82.75, 0, 0],
							"uv": {
								"east": {"uv": [8, 22], "uv_size": [0.5, 0.5]},
								"south": {"uv": [9, 20], "uv_size": [1, 0.5]},
								"west": {"uv": [22, 8], "uv_size": [0.5, 0.5]},
								"up": {"uv": [20, 9], "uv_size": [1, 0.5]},
								"down": {"uv": [20, 10.5], "uv_size": [1, -0.5]}
							}
						},
						{
							"origin": [-0.5, -1.49246, 6.38781],
							"size": [1, 0.5, 1.20313],
							"uv": {
								"down": {"uv": [7, 6], "uv_size": [1, -1]}
							}
						},
						{
							"origin": [-1, -1.10183, 6.38781],
							"size": [1, 0.5, 1.20313],
							"pivot": [0, -1.24246, 6.98937],
							"rotation": [0, 0, -45],
							"uv": {
								"down": {"uv": [9, 12], "uv_size": [1, -1]}
							}
						},
						{
							"origin": [0, -1.10183, 6.38781],
							"size": [1, 0.5, 1.20313],
							"pivot": [0, -1.24246, 6.98937],
							"rotation": [0, 0, 45],
							"uv": {
								"down": {"uv": [3, 17], "uv_size": [1, -1]}
							}
						},
						{
							"origin": [0.277, -2.38308, 6.26281],
							"size": [0.5, 0.5, 0.75],
							"pivot": [0.90297, -1.466, 7.00318],
							"rotation": [-82.75, 0, 5],
							"uv": {
								"east": {"uv": [20, 6], "uv_size": [1, 0.5]},
								"south": {"uv": [22, 7], "uv_size": [0.5, 0.5]},
								"west": {"uv": [20, 7], "uv_size": [1, 0.5]},
								"up": {"uv": [8, 20], "uv_size": [0.5, 1]},
								"down": {"uv": [20, 9], "uv_size": [0.5, -1]}
							}
						},
						{
							"origin": [0.72798, -2.24894, 6.15575],
							"size": [0.25, 0.5, 0.5],
							"pivot": [0.22798, -1.99894, 6.40575],
							"rotation": [-84.85977, 5.11966, -39.77004],
							"uv": {
								"east": {"uv": [6, 22], "uv_size": [0.5, 0.5]},
								"up": {"uv": [22, 6], "uv_size": [0.5, 0.5]},
								"down": {"uv": [7, 22.5], "uv_size": [0.5, -0.5]}
							}
						},
						{
							"origin": [-0.777, -2.38308, 6.26281],
							"size": [0.5, 0.5, 0.75],
							"pivot": [-0.90297, -1.466, 7.00318],
							"rotation": [-82.75, 0, -5],
							"uv": {
								"east": {"uv": [20, 3], "uv_size": [1, 0.5]},
								"south": {"uv": [22, 5], "uv_size": [0.5, 0.5]},
								"west": {"uv": [4, 20], "uv_size": [1, 0.5]},
								"up": {"uv": [5, 20], "uv_size": [0.5, 1]},
								"down": {"uv": [6, 21], "uv_size": [0.5, -1]}
							}
						},
						{
							"origin": [0.27797, -0.84729, 6],
							"size": [0.75, 0.5, 2],
							"pivot": [0.90297, -1.466, 6.99682],
							"rotation": [0, 0, 5],
							"uv": {
								"north": {"uv": [15, 19], "uv_size": [1, 0.5]},
								"east": {"uv": [7, 17], "uv_size": [2, 0.5]},
								"south": {"uv": [19, 15], "uv_size": [1, 0.5]},
								"west": {"uv": [17, 7], "uv_size": [2, 0.5]}
							}
						},
						{
							"origin": [-0.875, -0.71599, 0],
							"size": [0.5625, 1.07843, 8],
							"pivot": [0, 0, 0.5],
							"rotation": [0, 0, 45],
							"uv": {
								"north": {"uv": [19, 12], "uv_size": [0.5, 1]},
								"east": {"uv": [4, 0], "uv_size": [8, 1]},
								"south": {"uv": [19, 13], "uv_size": [0.5, 1]},
								"west": {"uv": [4, 1], "uv_size": [8, 1]}
							}
						},
						{
							"origin": [0.375, 0.11244, 0],
							"size": [0.5, 0.25, 1],
							"pivot": [0, 0, 0.5],
							"rotation": [0, 0, 45],
							"uv": {
								"north": {"uv": [24, 2], "uv_size": [0.5, 0.5]},
								"east": {"uv": [21, 13], "uv_size": [1, 0.5]},
								"south": {"uv": [3, 24], "uv_size": [0.5, 0.5]},
								"west": {"uv": [14, 21], "uv_size": [1, 0.5]}
							}
						},
						{
							"origin": [0.375, 0.11244, 2],
							"size": [0.5, 0.25, 2],
							"pivot": [0, 0, 0.5],
							"rotation": [0, 0, 45],
							"uv": {
								"north": {"uv": [24, 3], "uv_size": [0.5, 0.5]},
								"east": {"uv": [7, 18], "uv_size": [2, 0.5]},
								"south": {"uv": [4, 24], "uv_size": [0.5, 0.5]},
								"west": {"uv": [18, 9], "uv_size": [2, 0.5]}
							}
						},
						{
							"origin": [0.3125, 0.11244, 1],
							"size": [0.5, 0.3125, 4],
							"pivot": [0, 0, 0.5],
							"rotation": [0, 0, 45],
							"uv": {
								"west": {"uv": [11, 11], "uv_size": [4, 0.5]}
							}
						},
						{
							"origin": [0.375, 0.11244, 5],
							"size": [0.5, 0.25, 1],
							"pivot": [0, 0, 0.5],
							"rotation": [0, 0, 45],
							"uv": {
								"north": {"uv": [24, 4], "uv_size": [0.5, 0.5]},
								"east": {"uv": [21, 14], "uv_size": [1, 0.5]},
								"south": {"uv": [5, 24], "uv_size": [0.5, 0.5]},
								"west": {"uv": [15, 21], "uv_size": [1, 0.5]}
							}
						},
						{
							"origin": [-0.875, 0.11244, 0],
							"size": [0.5, 0.25, 1],
							"pivot": [0, 0, 0.5],
							"rotation": [0, 0, -45],
							"uv": {
								"north": {"uv": [24, 8], "uv_size": [0.5, 0.5]},
								"east": {"uv": [21, 16], "uv_size": [1, 0.5]},
								"south": {"uv": [9, 24], "uv_size": [0.5, 0.5]},
								"west": {"uv": [17, 21], "uv_size": [1, 0.5]}
							}
						},
						{
							"origin": [-0.875, 0.11244, 2],
							"size": [0.5, 0.25, 2],
							"pivot": [0, 0, 0.5],
							"rotation": [0, 0, -45],
							"uv": {
								"north": {"uv": [24, 7], "uv_size": [0.5, 0.5]},
								"east": {"uv": [18, 10], "uv_size": [2, 0.5]},
								"south": {"uv": [8, 24], "uv_size": [0.5, 0.5]},
								"west": {"uv": [11, 18], "uv_size": [2, 0.5]}
							}
						},
						{
							"origin": [-0.875, 0.11244, 5],
							"size": [0.5, 0.25, 1],
							"pivot": [0, 0, 0.5],
							"rotation": [0, 0, -45],
							"uv": {
								"north": {"uv": [24, 6], "uv_size": [0.5, 0.5]},
								"east": {"uv": [21, 15], "uv_size": [1, 0.5]},
								"south": {"uv": [7, 24], "uv_size": [0.5, 0.5]},
								"west": {"uv": [16, 21], "uv_size": [1, 0.5]}
							}
						},
						{
							"origin": [-0.875, -0.36244, 0],
							"size": [0.5, 0.47487, 8],
							"pivot": [0, 0, 0.5],
							"rotation": [0, 0, -45],
							"uv": {
								"north": {"uv": [24, 5], "uv_size": [0.5, 0.5]},
								"east": {"uv": [9, 2], "uv_size": [8, 0.5]},
								"south": {"uv": [6, 24], "uv_size": [0.5, 0.5]},
								"up": {"uv": [9, 3], "uv_size": [0.5, 8]}
							}
						},
						{
							"origin": [0.375, -0.36244, 0],
							"size": [0.5, 0.47487, 8],
							"pivot": [0, 0, 0.5],
							"rotation": [0, 0, 45],
							"uv": {
								"north": {"uv": [24, 9], "uv_size": [0.5, 0.5]},
								"south": {"uv": [10, 24], "uv_size": [0.5, 0.5]},
								"west": {"uv": [10, 3], "uv_size": [8, 0.5]},
								"up": {"uv": [4, 9], "uv_size": [0.5, 8]}
							}
						},
						{
							"origin": [-0.8125, 0.11244, 1],
							"size": [0.5, 0.3125, 4],
							"pivot": [0, 0, 0.5],
							"rotation": [0, 0, -45],
							"uv": {
								"east": {"uv": [9, 12], "uv_size": [4, 0.5]}
							}
						},
						{
							"origin": [-0.36244, -0.875, 0],
							"size": [0.72487, 1.75, 8],
							"uv": {
								"north": {"uv": [9, 17], "uv_size": [0.5, 2]},
								"south": {"uv": [10, 17], "uv_size": [0.5, 2]},
								"up": {"uv": [3, 8], "uv_size": [0.5, 8]},
								"down": {"uv": [8, 13], "uv_size": [0.5, -8]}
							}
						},
						{
							"origin": [-0.36244, 0.75, 6.5],
							"size": [0.72487, 0.25, 1],
							"uv": {
								"north": {"uv": [9, 23], "uv_size": [0.5, 0.5]},
								"south": {"uv": [23, 9], "uv_size": [0.5, 0.5]},
								"up": {"uv": [3, 21], "uv_size": [0.5, 1]}
							}
						},
						{
							"origin": [0.16789, 0.53033, 6.5],
							"size": [1.2552, 0.25, 1],
							"pivot": [0.53033, 0.65533, 7],
							"rotation": [0, 0, 45],
							"uv": {
								"north": {"uv": [1, 19], "uv_size": [1.5, 0.5]},
								"south": {"uv": [3, 19], "uv_size": [1.5, 0.5]},
								"up": {"uv": [8, 15], "uv_size": [1.5, 1]}
							}
						},
						{
							"origin": [-1.4231, 0.53033, 6.5],
							"size": [1.2552, 0.25, 1],
							"pivot": [-0.53033, 0.65533, 7],
							"rotation": [0, 0, -45],
							"uv": {
								"north": {"uv": [19, 4], "uv_size": [1.5, 0.5]},
								"south": {"uv": [5, 19], "uv_size": [1.5, 0.5]},
								"up": {"uv": [15, 9], "uv_size": [1.5, 1]}
							}
						},
						{
							"origin": [-0.125, 1, 6.5],
							"size": [0.25, 0.125, 1],
							"uv": {
								"east": {"uv": [1, 21], "uv_size": [1, 0.5]},
								"west": {"uv": [21, 1], "uv_size": [1, 0.5]},
								"up": {"uv": [2, 21], "uv_size": [0.5, 1]},
								"down": {"uv": [21, 3], "uv_size": [0.5, -1]}
							}
						},
						{
							"origin": [-0.125, 1.24686, 6.27275],
							"size": [0.25, 0.125, 0.17678],
							"pivot": [-0.23744, 1.30936, 6.77275],
							"rotation": [45, 0, 0],
							"uv": {
								"east": {"uv": [5, 23], "uv_size": [0.5, 0.5]},
								"west": {"uv": [23, 5], "uv_size": [0.5, 0.5]},
								"up": {"uv": [6, 23], "uv_size": [0.5, 0.5]},
								"down": {"uv": [23, 6.5], "uv_size": [0.5, -0.5]}
							}
						},
						{
							"origin": [-0.125, 0.95581, 7.42992],
							"size": [0.25, 0.125, 0.17678],
							"pivot": [-0.23744, 1.01831, 7.51831],
							"rotation": [-45, 0, 0],
							"uv": {
								"east": {"uv": [7, 23], "uv_size": [0.5, 0.5]},
								"west": {"uv": [23, 7], "uv_size": [0.5, 0.5]},
								"up": {"uv": [8, 23], "uv_size": [0.5, 0.5]},
								"down": {"uv": [23, 8.5], "uv_size": [0.5, -0.5]}
							}
						},
						{
							"origin": [-0.125, 0.875, 6.375],
							"size": [0.25, 0.125, 0.125],
							"uv": {
								"north": {"uv": [0, 23], "uv_size": [0.5, 0.5]},
								"east": {"uv": [23, 0], "uv_size": [0.5, 0.5]},
								"south": {"uv": [1, 23], "uv_size": [0.5, 0.5]},
								"west": {"uv": [23, 1], "uv_size": [0.5, 0.5]}
							}
						},
						{
							"origin": [-0.125, 0.875, 7.5],
							"size": [0.25, 0.125, 0.125],
							"uv": {
								"north": {"uv": [2, 23], "uv_size": [0.5, 0.5]},
								"east": {"uv": [23, 2], "uv_size": [0.5, 0.5]},
								"south": {"uv": [3, 23], "uv_size": [0.5, 0.5]},
								"west": {"uv": [23, 3], "uv_size": [0.5, 0.5]},
								"up": {"uv": [4, 23], "uv_size": [0.5, 0.5]},
								"down": {"uv": [23, 4.5], "uv_size": [0.5, -0.5]}
							}
						},
						{
							"origin": [-0.36244, -1.375, 0],
							"size": [0.72487, 0.5, 7],
							"uv": {
								"north": {"uv": [22, 0], "uv_size": [0.5, 0.5]},
								"east": {"uv": [10, 4], "uv_size": [7, 0.5]},
								"south": {"uv": [1, 22], "uv_size": [0.5, 0.5]},
								"west": {"uv": [10, 5], "uv_size": [7, 0.5]},
								"down": {"uv": [5, 16], "uv_size": [0.5, -7]}
							}
						},
						{
							"origin": [-0.125, -2.125, 4.75],
							"size": [0.25, 0.75, 0.75],
							"uv": {
								"north": {"uv": [20, 11], "uv_size": [0.5, 1]},
								"east": {"uv": [17, 9], "uv_size": [1, 1]},
								"south": {"uv": [12, 20], "uv_size": [0.5, 1]},
								"west": {"uv": [11, 17], "uv_size": [1, 1]},
								"up": {"uv": [20, 12], "uv_size": [0.5, 1]},
								"down": {"uv": [13, 21], "uv_size": [0.5, -1]}
							}
						},
						{
							"origin": [-0.36244, -2.125, 4.25],
							"size": [0.72487, 0.75, 0.5],
							"uv": {
								"north": {"uv": [20, 13], "uv_size": [0.5, 1]},
								"east": {"uv": [14, 20], "uv_size": [0.5, 1]},
								"south": {"uv": [20, 14], "uv_size": [0.5, 1]},
								"west": {"uv": [15, 20], "uv_size": [0.5, 1]},
								"up": {"uv": [22, 16], "uv_size": [0.5, 0.5]},
								"down": {"uv": [17, 22.5], "uv_size": [0.5, -0.5]}
							}
						},
						{
							"origin": [-0.42494, -2, 4.375],
							"size": [0.84987, 0.125, 0.125],
							"pivot": [0, -1.9375, 4.4375],
							"rotation": [-45, 0, 0],
							"uv": {
								"north": {"uv": [20, 19], "uv_size": [1, 0.5]},
								"east": {"uv": [22, 21], "uv_size": [0.5, 0.5]},
								"south": {"uv": [20, 20], "uv_size": [1, 0.5]},
								"west": {"uv": [22, 22], "uv_size": [0.5, 0.5]},
								"up": {"uv": [0, 21], "uv_size": [1, 0.5]},
								"down": {"uv": [21, 0.5], "uv_size": [1, -0.5]}
							}
						},
						{
							"origin": [-0.48744, -1.625, 4.25],
							"size": [0.97487, 0.75, 0.75],
							"uv": {
								"north": {"uv": [12, 17], "uv_size": [1, 1]},
								"east": {"uv": [14, 17], "uv_size": [1, 1]},
								"south": {"uv": [15, 17], "uv_size": [1, 1]},
								"west": {"uv": [16, 17], "uv_size": [1, 1]},
								"up": {"uv": [17, 16], "uv_size": [1, 1]},
								"down": {"uv": [17, 18], "uv_size": [1, -1]}
							}
						},
						{
							"origin": [-0.54994, -1.375, 4.5],
							"size": [1.09987, 0.25, 0.25],
							"pivot": [0, -1.25, 4.625],
							"rotation": [-45, 0, 0],
							"uv": {
								"north": {"uv": [20, 17], "uv_size": [1, 0.5]},
								"east": {"uv": [22, 20], "uv_size": [0.5, 0.5]},
								"south": {"uv": [18, 20], "uv_size": [1, 0.5]},
								"west": {"uv": [21, 22], "uv_size": [0.5, 0.5]},
								"up": {"uv": [20, 18], "uv_size": [1, 0.5]},
								"down": {"uv": [19, 20.5], "uv_size": [1, -0.5]}
							}
						},
						{
							"origin": [-0.48744, -1.625, 2],
							"size": [0.97487, 0.5, 2.25],
							"uv": {
								"north": {"uv": [20, 15], "uv_size": [1, 0.5]},
								"east": {"uv": [15, 11], "uv_size": [2.5, 0.5]},
								"south": {"uv": [16, 20], "uv_size": [1, 0.5]},
								"west": {"uv": [15, 13], "uv_size": [2.5, 0.5]},
								"up": {"uv": [7, 9], "uv_size": [1, 2.5]},
								"down": {"uv": [10, 8.5], "uv_size": [1, -2.5]}
							}
						},
						{
							"origin": [-0.48744, -1.375, 2],
							"size": [0.97487, 0.25, 2.26563],
							"pivot": [0, -1.125, 2],
							"rotation": [6.25, 0, 0],
							"uv": {
								"north": {"uv": [20, 16], "uv_size": [1, 0.5]},
								"east": {"uv": [15, 14], "uv_size": [2.5, 0.5]},
								"south": {"uv": [17, 20], "uv_size": [1, 0.5]},
								"west": {"uv": [15, 15], "uv_size": [2.5, 0.5]},
								"up": {"uv": [10, 9], "uv_size": [1, 2.5]},
								"down": {"uv": [1, 13.5], "uv_size": [1, -2.5]}
							}
						},
						{
							"origin": [-0.125, -1.625, 5.5],
							"size": [0.25, 0.25, 0.5],
							"uv": {
								"north": {"uv": [22, 13], "uv_size": [0.5, 0.5]},
								"east": {"uv": [14, 22], "uv_size": [0.5, 0.5]},
								"south": {"uv": [22, 14], "uv_size": [0.5, 0.5]},
								"west": {"uv": [15, 22], "uv_size": [0.5, 0.5]},
								"up": {"uv": [22, 15], "uv_size": [0.5, 0.5]},
								"down": {"uv": [16, 22.5], "uv_size": [0.5, -0.5]}
							}
						},
						{
							"origin": [-0.1875, -1.54289, 5.05178],
							"size": [0.375, 0.25, 0.25],
							"pivot": [0.23744, -1.41789, 5.67678],
							"rotation": [45, 0, 0],
							"uv": {
								"north": {"uv": [22, 17], "uv_size": [0.5, 0.5]},
								"east": {"uv": [18, 22], "uv_size": [0.5, 0.5]},
								"south": {"uv": [22, 18], "uv_size": [0.5, 0.5]},
								"west": {"uv": [19, 22], "uv_size": [0.5, 0.5]},
								"up": {"uv": [22, 19], "uv_size": [0.5, 0.5]},
								"down": {"uv": [20, 22.5], "uv_size": [0.5, -0.5]}
							}
						},
						{
							"origin": [-0.125, -1.79289, 5.05178],
							"size": [0.25, 0.5625, 0.70711],
							"pivot": [0.23744, -1.41789, 5.67678],
							"rotation": [45, 0, 0],
							"uv": {
								"north": {"uv": [22, 10], "uv_size": [0.5, 0.5]},
								"east": {"uv": [11, 22], "uv_size": [0.5, 0.5]},
								"south": {"uv": [22, 11], "uv_size": [0.5, 0.5]},
								"west": {"uv": [12, 22], "uv_size": [0.5, 0.5]},
								"up": {"uv": [22, 12], "uv_size": [0.5, 0.5]},
								"down": {"uv": [13, 22.5], "uv_size": [0.5, -0.5]}
							}
						},
						{
							"origin": [-0.36244, 0.3125, 0],
							"size": [1.07843, 0.5625, 8],
							"pivot": [0, 0, 0.5],
							"rotation": [0, 0, 45],
							"uv": {
								"north": {"uv": [19, 8], "uv_size": [1, 0.5]},
								"south": {"uv": [12, 19], "uv_size": [1, 0.5]},
								"up": {"uv": [3, 0], "uv_size": [1, 8]},
								"down": {"uv": [0, 12], "uv_size": [1, -8]}
							}
						}
					]
				}
			]
		}
	]
}